game_id,season,date,start_time,home_team,away_team,y,home_advantage,elo_diff,off_diff,def_diff,pace_diff,efg_diff,tov_diff,orb_diff,ftr_diff,win_diff,net5_diff,rest_diff,b2b_diff,history_diff,elo_probability,history_cutoff,selected_probability,home_frequency_probability
401809243,2026,2025-10-21,2025-10-21T23:30:00+00:00,OKC,HOU,1,1.0,128.12809728433808,0.0,0.0,0.0,0.0,0.0,0.0,0.0,0.0,0.0,0,0.0,0,0.7524523706728875,2025-10-21,0.6993503371579469,0.5654642618570475
401809244,2026,2025-10-21,2025-10-22T02:00:00+00:00,LAL,GS,0,1.0,4.087999341902787,0.0,0.0,0.0,0.0,0.0,0.0,0.0,0.0,0.0,0,0.0,0,0.5981355345374535,2025-10-21,0.5751246487943418,0.5654642618570475
401809234,2026,2025-10-22,2025-10-22T23:00:00+00:00,NY,CLE,1,1.0,-66.50695940314995,0.0,0.0,0.0,0.0,0.0,0.0,0.0,0.0,0.0,0,0.0,0,0.4978313246887346,2025-10-22,0.49866381990294195,0.5654642618570475
401809235,2026,2025-10-22,2025-10-23T01:47:00+00:00,DAL,SA,0,1.0,29.031251721247145,0.0,0.0,0.0,0.0,0.0,0.0,0.0,0.0,0.0,0,0.0,0,0.6321118480555418,2025-10-22,0.6014868718036448,0.5654642618570475
401809933,2026,2025-10-22,2025-10-22T23:00:00+00:00,CHA,BKN,1,1.0,-52.63743909637583,0.0,0.0,0.0,0.0,0.0,0.0,0.0,0.0,0.0,0,0.0,0,0.5177836506151317,2025-10-22,0.5137948740156387,0.5654642618570475
401809934,2026,2025-10-22,2025-10-22T23:00:00+00:00,ORL,MIA,1,1.0,45.12449521761141,0.0,0.0,0.0,0.0,0.0,0.0,0.0,0.0,0.0,0,0.0,0,0.6533794886424623,2025-10-22,0.6181984850364882,0.5654642618570475
401809935,2026,2025-10-22,2025-10-22T23:30:00+00:00,ATL,TOR,0,1.0,62.07687088282091,0.0,0.0,0.0,0.0,0.0,0.0,0.0,0.0,0.0,0,0.0,0,0.6751372616905124,2025-10-22,0.63550406926402,0.5654642618570475
401809936,2026,2025-10-22,2025-10-22T23:30:00+00:00,BOS,PHI,0,1.0,287.15449062640187,0.0,0.0,0.0,0.0,0.0,0.0,0.0,0.0,0.0,0,0.0,0,0.8836197732091077,2025-10-22,0.8232219552067728,0.5654642618570475
401809937,2026,2025-10-22,2025-10-23T00:00:00+00:00,CHI,DET,1,1.0,5.205273012873249,0.0,0.0,0.0,0.0,0.0,0.0,0.0,0.0,0.0,0,0.0,0,0.5996805006270094,2025-10-22,0.5763158673936697,0.5654642618570475
401809938,2026,2025-10-22,2025-10-23T00:00:00+00:00,MEM,NO,1,1.0,135.94557535331182,0.0,0.0,0.0,0.0,0.0,0.0,0.0,0.0,0.0,0,0.0,0,0.7607390714972412,2025-10-22,0.706475658930128,0.5654642618570475
401809939,2026,2025-10-22,2025-10-23T00:00:00+00:00,MIL,WSH,1,1.0,227.68893438755913,0.0,0.0,0.0,0.0,0.0,0.0,0.0,0.0,0.0,0,0.0,0,0.8435460719136175,2025-10-22,0.7822408853836724,0.5654642618570475
401809940,2026,2025-10-22,2025-10-23T01:00:00+00:00,UTAH,LAC,1,1.0,-266.36550222483265,0.0,0.0,0.0,0.0,0.0,0.0,0.0,0.0,0.0,0,0.0,0,0.2388212218705193,2025-10-22,0.29365559993307505,0.5654642618570475
401809941,2026,2025-10-22,2025-10-23T02:00:00+00:00,PHX,SAC,1,1.0,-31.49309895302713,0.0,0.0,0.0,0.0,0.0,0.0,0.0,0.0,0.0,0,0.0,0,0.5480713651945108,2025-10-22,0.5368046010467501,0.5654642618570475
401809942,2026,2025-10-22,2025-10-23T02:00:00+00:00,POR,MIN,0,1.0,-99.42451427671926,0.0,0.0,0.0,0.0,0.0,0.0,0.0,0.0,0.0,0,0.0,0,0.4506206248095437,2025-10-22,0.46281264901790886,0.5654642618570475
401809236,2026,2025-10-23,2025-10-23T23:30:00+00:00,IND,OKC,0,1.0,-117.52265790893512,0.012317964657810876,0.15621942094054475,-2.636666666666656,-0.0008012820512820484,0.005837506475565538,0.0026595744680850963,0.0016025641025640969,-0.08333333333333337,-0.14390145628273862,6,0.0,-1,0.4249843964888227,2025-10-23,0.46938645971905807,0.5654642618570475
401809237,2026,2025-10-23,2025-10-24T02:17:00+00:00,GS,DEN,1,1.0,8.607757761575385,1.7268085670711457,0.06909356143491152,0.0899999999999892,0.01602564102564108,0.008172203434785502,-0.005081300813008144,0.020299145299145283,0.08333333333333337,1.6577150056362318,-6,0.0,1,0.6043731447921984,2025-10-23,0.5832528098649145,0.5654642618570475
401809943,2026,2025-10-24,2025-10-24T23:00:00+00:00,ORL,ATL,0,1.0,33.53170297373822,1.5814025683949922,-1.9446159839099977,-0.5633333333333326,0.009259259259259245,0.0006698283197515975,0.005942028985507247,-0.003703703703703709,0.16666666666666669,3.5260185523049925,0,0.0,0,0.638115471096477,2025-10-24,0.6188840660474048,0.5654642618570475
401809944,2026,2025-10-24,2025-10-24T23:30:00+00:00,BKN,CLE,0,1.0,-243.41269071324245,0.6280002341749764,2.3156162878277655,0.3100000000000023,-0.00880902043692744,0.002696823137035287,0.026162790697674437,0.029510218463706828,0.0,-1.6876160536527842,0,0.0,0,0.2636610812168244,2025-10-24,0.28029138746887994,0.5654642618570475
401809945,2026,2025-10-24,2025-10-24T23:30:00+00:00,NY,BOS,1,1.0,-59.833898287578904,0.017689306061981824,-1.409668491083238,0.4266666666666765,0.00010648266462220946,0.002729998295550762,-0.0011261261261261424,0.022148394241417513,0.16666666666666669,1.4273577971452387,0,0.0,0,0.5074340701264767,2025-10-24,0.4781419209324627,0.5654642618570475
401809946,2026,2025-10-24,2025-10-24T22:30:00+00:00,TOR,MIL,0,1.0,-130.46642057374947,-0.4751445458928458,-1.380476124625119,1.1099999999999852,-0.0003401360544217358,0.015353630623888073,0.032223415682062356,0.018564267812388152,0.0,0.9053315787322758,0,0.0,0,0.4068856537315932,2025-10-24,0.4377588299340914,0.5654642618570475
401809947,2026,2025-10-24,2025-10-25T00:00:00+00:00,HOU,DET,0,1.0,63.6818246171465,0.35134487557986915,-0.13511171150602763,1.6766666666666623,0.0034364261168384758,0.015899369297986424,0.01953184374525002,0.008591065292096245,0.0,0.48645658708589434,1,0.0,0,0.6771603039708954,2025-10-24,0.638860193950679,0.5654642618570475
401809948,2026,2025-10-24,2025-10-25T00:00:00+00:00,MEM,MIA,0,1.0,76.05651561438549,1.2944342283610268,-0.22320113121509166,-0.22666666666665947,0.005299908424908462,0.0003187012199662165,-0.007683215130023624,0.04013278388278385,0.16666666666666669,1.5176353595761398,0,0.0,0,0.6925326698220448,2025-10-24,0.6292188057928788,0.5654642618570475
401809949,2026,2025-10-24,2025-10-25T00:00:00+00:00,NO,SA,0,1.0,-78.00137478676902,-1.8422567397159924,4.4713318360551,1.2333333333333343,-0.01841426225662679,-0.0015508824533135568,0.00965811965811969,-0.000918758307920875,-0.16666666666666669,-6.313588575771112,0,0.0,0,0.4812982463608826,2025-10-24,0.41395666102319145,0.5654642618570475
401809950,2026,2025-10-24,2025-10-25T00:30:00+00:00,DAL,WSH,0,1.0,125.38309436104873,-3.5785259964139584,-0.19815008881218432,-0.9133333333333411,-0.021401934267682943,0.0059932630676418075,-0.009630503144654079,0.01989591017129741,0.0,-3.3803759076017674,0,0.0,0,0.7494973321730187,2025-10-24,0.6331518865635328,0.5654642618570475
401809951,2026,2025-10-24,2025-10-25T02:00:00+00:00,LAL,MIN,1,1.0,-31.125381926589398,0.10538633941565934,2.3720405729169585,-1.490000000000009,0.003636867008960043,0.002571971783498078,-0.008980785296574784,0.014094432699083892,-0.16666666666666669,-2.266654233501292,1,0.0,0,0.548595607490895,2025-10-24,0.5557969599764486,0.5654642618570475
401809952,2026,2025-10-24,2025-10-25T02:00:00+00:00,POR,GS,1,1.0,-114.07391648626253,-4.889223711517445,-2.062636644385833,0.4200000000000017,-0.03207440707440695,0.002111913641697827,-0.004875103098857053,0.005388130388130352,-0.22619047619047622,-2.8265870671316176,1,-1.0,-1,0.4298428932369759,2025-10-24,0.5187135152222198,0.5654642618570475
401809953,2026,2025-10-24,2025-10-25T02:00:00+00:00,SAC,UTAH,1,1.0,140.73401063727215,-4.189950907866603,0.08275122812037239,1.700000000000017,-0.016925491155131644,-0.00043107768519271006,-0.024470899470899504,0.0024659655987609164,-0.16666666666666669,-4.2727021359869894,0,0.0,0,0.7657201037951767,2025-10-24,0.6892417632856987,0.5654642618570475
401809954,2026,2025-10-24,2025-10-25T02:30:00+00:00,LAC,PHX,1,1.0,108.60029402318878,-0.08275122812037239,4.189950907866603,-1.700000000000017,-0.0005980861244019309,0.0025001852097984723,-0.013134057971014468,-0.00935007974481658,-0.16666666666666669,-4.2727021359869894,0,0.0,0,0.730925574038136,2025-10-24,0.657384506023926,0.5654642618570475
401809955,2026,2025-10-25,2025-10-25T23:00:00+00:00,ORL,CHI,0,1.0,-24.182763724302276,-0.18454837925776246,0.4772042481787082,1.1742857142857304,0.007424950528398755,0.007234285094631587,-0.006388929012791478,0.03225653656688138,-0.08333333333333337,-0.6617526274364466,-2,1.0,1,0.5584719641696728,2025-10-25,0.4976828943191143,0.5654642618570475
401809956,2026,2025-10-25,2025-10-25T23:30:00+00:00,ATL,OKC,0,1.0,-221.18330987073364,-1.6718627246158633,1.1005700381563912,-3.0742857142857076,-0.0004116153883956253,0.011014218719458888,-0.004224022808641703,-0.005243406404397133,-0.1428571428571429,-2.772432762772267,-1,1.0,0,0.28924300642740464,2025-10-25,0.2683606204855971,0.5654642618570475
401809957,2026,2025-10-25,2025-10-25T23:30:00+00:00,PHI,CHA,1,1.0,38.36546203306534,-2.171210022340773,0.6195726853592873,-0.7366666666666788,-0.012472766884531583,-0.002172963387344462,-0.01865079365079364,-0.002287581699346397,0.0,-2.7907827077000507,0,0.0,0,0.6445160054301127,2025-10-25,0.5590280361400147,0.5654642618570475
401809958,2026,2025-10-25,2025-10-26T00:00:00+00:00,MEM,IND,1,1.0,-62.67533600440538,-0.04314565988867969,2.3586920777523233,-0.6061904761904771,0.007095864661654128,0.012886236721622785,-0.002555240458466279,0.025637009189640736,0.08333333333333331,-2.401837737641001,-1,1.0,1,0.5033454104912809,2025-10-25,0.37052117700901593,0.5654642618570475
401809959,2026,2025-10-25,2025-10-26T01:00:00+00:00,DEN,PHX,1,1.0,92.852722110792,1.9941118503704587,-0.5139965406807931,0.8004761904761892,0.016416040100250662,-0.011061630193980015,-0.03982919254658382,-0.011591478696741847,-0.08333333333333331,2.5081083910512496,1,-1.0,-1,0.7127286046644549,2025-10-25,0.7860869379527565,0.5654642618570475
401809960,2026,2025-10-26,2025-10-26T18:00:00+00:00,SA,BKN,1,1.0,100.39370236899867,1.3524239929325859,-7.276309808891298,-0.7142857142857224,0.002013940932396263,-0.0044345381422302155,0.02427775386959058,0.018266414268349573,0.28571428571428575,8.628733801823891,0,0.0,0,0.7215338296282798,2025-10-26,0.730624605830474,0.5654642618570475
401809961,2026,2025-10-26,2025-10-26T19:30:00+00:00,DET,BOS,1,1.0,-107.2874970370292,0.5771832759325264,-1.117707436012921,1.5371428571428538,0.0008079007055262766,-0.0007262837556435142,0.021962738583805624,0.007850811098054161,0.14285714285714285,1.6948907119454375,0,0.0,0,0.4394421416857673,2025-10-26,0.4385763707280988,0.5654642618570475
401809962,2026,2025-10-26,2025-10-26T22:00:00+00:00,CLE,MIL,1,1.0,42.74290849651129,-1.7096129411386727,0.9838848433835068,-0.04000000000000625,0.00284029177670575,0.007961223840514786,-0.013899084520821586,0.02349660929655606,-0.1428571428571429,-2.693497784522198,0,0.0,0,0.6502681361633401,2025-10-26,0.6187306648560388,0.5654642618570475
401809963,2026,2025-10-26,2025-10-26T22:00:00+00:00,MIA,NY,1,1.0,-116.04050561386066,1.6299675095639827,0.7695986105990045,3.779999999999987,0.026802492016484603,0.005065082248287112,-0.011558866915018673,-0.028130393481184957,-0.1428571428571429,0.8603688989649658,0,0.0,0,0.4270706955238162,2025-10-26,0.5184567306407194,0.5654642618570475
401809964,2026,2025-10-26,2025-10-26T22:00:00+00:00,WSH,CHA,0,1.0,19.306610911260123,-3.4393140085672513,-1.0250549135670326,0.7485714285714238,-0.015114306824923651,-0.006334366197753183,-0.030022736857546223,-0.023596233571009984,0.0,-2.4142590950002227,1,-1.0,0,0.61900046371948,2025-10-26,0.6207243798716857,0.5654642618570475
401809965,2026,2025-10-26,2025-10-26T23:00:00+00:00,MIN,IND,1,1.0,18.568208802887284,2.353129624861367,0.4214985333592267,-3.4257142857142924,0.018886865029404898,0.008956355122350601,0.02382326282546679,-0.017381888023755954,0.14285714285714285,1.9316310915021488,1,-1.0,0,0.6179975048490292,2025-10-26,0.6548328666565819,0.5654642618570475
401809966,2026,2025-10-26,2025-10-26T23:30:00+00:00,DAL,TOR,1,1.0,15.050189854955079,-6.247291452222555,1.3706414684858998,-1.0514285714285592,-0.03463947462884387,0.004187021410996444,-0.021366581346984465,-0.008808936037665194,-0.14285714285714285,-7.617932920708455,0,0.0,0,0.6132053488122013,2025-10-26,0.479956493640504,0.5654642618570475
401809967,2026,2025-10-26,2025-10-27T01:00:00+00:00,LAC,POR,1,1.0,104.74849133198632,2.3107424893860014,3.509676226297003,-3.931428571428569,0.01774536536845528,0.004626051359425037,0.028846153846153855,-0.010994923770815068,0.0,-1.1989337369109938,0,0.0,0,0.7265425198732604,2025-10-26,0.664483252295173,0.5654642618570475
401809968,2026,2025-10-26,2025-10-27T01:00:00+00:00,SAC,LAL,0,1.0,-75.08064278296911,-4.340936427471007,-2.621892487689493,1.6514285714285677,-0.02204540404500699,-0.0061086306498727705,-0.010719778341958752,-0.05132646465503085,0.0,-1.7190439397815203,0,0.0,0,0.4854968584056451,2025-10-26,0.450789183463786,0.5654642618570475
401809245,2026,2025-10-27,2025-10-27T23:00:00+00:00,DET,CLE,0,1.0,-104.78183147240475,-1.2346168701770353,-1.496664250566056,-0.48750000000001137,-0.02956066296692761,-0.00511237363526254,0.05331712481435283,-0.015967109698285575,0.0,0.26204738038902775,0,0.0,0,0.44299823316023335,2025-10-27,0.4398870905374355,0.5654642618570475
401809246,2026,2025-10-27,2025-10-28T01:30:00+00:00,MIN,DEN,0,1.0,20.674788898852057,-2.8363798318422226,0.7853843369505853,-1.2989285714285757,-0.00925151877541941,0.004435127754125606,0.016056390241172863,0.004970158615354436,0.0625,-3.621764168792821,-1,1.0,1,0.6208561503163275,2025-10-27,0.44267402655700283,0.5654642618570475
401809969,2026,2025-10-27,2025-10-27T23:00:00+00:00,PHI,ORL,1,1.0,-99.88384807281977,4.412309067602024,2.2802059969195625,-1.4982142857142833,0.021557435971736205,-0.015453133345077946,-0.0025180504651109714,-0.03003302337734387,0.2053571428571429,2.132103070682454,0,0.0,-1,0.4499661234380568,2025-10-27,0.43814445615327036,0.5654642618570475
401809970,2026,2025-10-27,2025-10-28T00:00:00+00:00,CHI,ATL,1,1.0,49.14414726612313,0.8994758490534736,-5.172052324404859,-0.26142857142858134,0.004310975186363142,0.002630519112100632,0.0034865754812563043,0.0013328136267662938,0.2053571428571429,6.071528173458324,0,0.0,-1,0.6586011175484252,2025-10-27,0.653360662587449,0.5654642618570475
401809971,2026,2025-10-27,2025-10-28T00:00:00+00:00,HOU,BKN,1,1.0,187.12551846570432,-1.4431920868882315,-5.2184700853649275,1.1474999999999937,-0.022102878458527375,0.0007497438178524496,0.028459663982919825,0.05870018662595497,0.04464285714285715,3.775277998476682,2,-1.0,-1,0.8102062903355053,2025-10-27,0.824357743569735,0.5654642618570475
401809972,2026,2025-10-27,2025-10-28T00:00:00+00:00,NO,BOS,0,1.0,-237.8967247429091,0.8073785584002309,-0.048983588879281115,2.1750000000000114,-0.005076510484089913,-0.0004788799683988765,0.024951298701298724,0.019725767406898354,0.04464285714285715,0.8563621472795053,2,-1.0,-1,0.2698717115655258,2025-10-27,0.3761284345250667,0.5654642618570475
401809973,2026,2025-10-27,2025-10-28T00:00:00+00:00,SA,TOR,1,1.0,49.22454005779832,1.1304511743858825,-4.4686698783688,-3.030000000000001,0.0011624258456698344,-0.0019492491965832082,0.026334840508690338,0.015868739789647535,0.25,5.599121052754684,0,0.0,0,0.6587051635711012,2025-10-27,0.6446717374226981,0.5654642618570475
401809974,2026,2025-10-27,2025-10-28T00:30:00+00:00,DAL,OKC,0,1.0,-260.1534900323327,-3.599911383185187,3.362454278816216,-1.8225000000000051,0.001962596466836164,0.02470845827713998,-0.007283567742068703,0.012170865920193563,-0.25,-6.962365662001401,-1,1.0,0,0.24538231265990063,2025-10-27,0.2079089534887808,0.5654642618570475
401809975,2026,2025-10-27,2025-10-28T01:00:00+00:00,UTAH,PHX,1,1.0,-120.87673857461323,3.41808307607063,-5.163074850572372,-1.7992857142857304,0.01699755392664426,-0.006503043213184678,-0.006302182117399524,-0.005524084871360413,0.0625,8.581157926643007,1,0.0,-1,0.4202731071397597,2025-10-27,0.5771978694522042,0.5654642618570475
401809976,2026,2025-10-27,2025-10-28T02:00:00+00:00,GS,MEM,1,1.0,55.62688415902744,1.4991253357502643,2.0332120938489027,-0.9599999999999937,0.01862681930378951,0.013678254990400734,0.013363682812374544,-0.006289203125204146,0.0,-0.5340867580986526,1,0.0,0,0.6669414950024866,2025-10-27,0.6250778731213201,0.5654642618570475
401809977,2026,2025-10-27,2025-10-28T02:30:00+00:00,LAL,POR,0,1.0,99.1279898280809,3.5802371687583587,2.5657679509010194,-2.5700000000000074,0.03509115833673393,-0.00029722159257974945,-0.008204450021884219,0.04155221057925529,0.125,1.014469217857334,0,0.0,0,0.7200675406900846,2025-10-27,0.6773277369085754,0.5654642618570475
401809978,2026,2025-10-28,2025-10-28T23:00:00+00:00,WSH,PHI,0,1.0,-56.658897710228985,-5.738678311178617,-0.29371702849282144,2.210000000000008,-0.011769785758014129,0.00706240666853683,-0.02711162811388862,-0.032478640959150096,-0.25,-5.444961282685803,1,-1.0,0,0.5120015054553871,2025-10-28,0.5663803639167032,0.5654642618570475
401809979,2026,2025-10-28,2025-10-28T23:30:00+00:00,MIA,CHA,1,1.0,130.3403331336658,-2.942773948147689,-2.2162879445954076,1.1524999999999892,-0.009406840131312433,0.008631404503768536,-0.015899079335712052,-0.023336776118633995,0.0,-0.7264860035522815,0,0.0,0,0.7548167931994794,2025-10-28,0.6834426434577853,0.5654642618570475
401809980,2026,2025-10-28,2025-10-29T00:00:00+00:00,MIL,NY,1,1.0,3.563155733844269,2.675116292319018,2.3850604825503723,1.5799999999999983,0.041522081308237146,-0.0021890969306728736,-0.03763532266810812,-0.012187791415261051,0.0,0.29005580976864387,0,0.0,0,0.5974091053712914,2025-10-28,0.609430910313187,0.5654642618570475
401809981,2026,2025-10-28,2025-10-29T00:00:00+00:00,OKC,SAC,1,1.0,234.4392093148283,1.2786928819777756,-3.2374778428261664,2.1272222222222297,-0.013298273940008709,-0.00640993946254019,0.015894191508315364,0.03229422004413643,0.2847222222222222,4.516170724803933,-1,1.0,1,0.8486061742043709,2025-10-28,0.723703920249388,0.5654642618570475
401809982,2026,2025-10-28,2025-10-29T03:00:00+00:00,GS,LAC,1,1.0,-12.288838618829004,0.9897334090463374,1.491750796674694,3.2333333333333485,-0.0015601000151043154,-0.007112591298819609,-0.02189073101195102,0.05030489747879047,0.04861111111111116,-0.5020173876283449,-1,1.0,1,0.5752807539032007,2025-10-28,0.4703509251238758,0.5654642618570475
401809983,2026,2025-10-29,2025-10-29T23:00:00+00:00,BOS,CLE,1,1.0,-23.379179199838973,-0.24530095627341097,0.6269426999044896,-2.760000000000005,-0.01657171539616209,-0.015276145141571329,0.02531648149763205,-0.06314890550781,-0.22222222222222227,-0.872243656177915,0,0.0,0,0.5596122893040499,2025-10-29,0.591625280678069,0.5654642618570475
401809984,2026,2025-10-29,2025-10-29T23:00:00+00:00,DET,ORL,1,1.0,41.02922613363944,-1.241517632577498,-2.3348012957557387,-0.1955555555555577,-0.013975988670587358,-0.0019610880554011556,0.02537388411409247,-0.053881605308119807,0.1111111111111111,1.0932836631782237,0,0.0,0,0.6480213878176478,2025-10-29,0.5861134248580308,0.5654642618570475
401809985,2026,2025-10-29,2025-10-29T23:30:00+00:00,BKN,ATL,0,1.0,-117.19814147729744,2.376077832893145,5.656557125080482,-1.6977777777777732,0.012180004153843682,0.00789292660156013,0.02817217420054302,-0.027468737158027834,-0.1111111111111111,-3.280479292187331,0,0.0,0,0.4254409647749065,2025-10-29,0.4154673563355022,0.5654642618570475
401809986,2026,2025-10-29,2025-10-29T22:30:00+00:00,TOR,HOU,0,1.0,-135.43948026150292,-2.67401753782012,2.1626807270650232,1.8836111111111222,0.01413439311976128,0.005438609519538784,-0.05050961442914728,-0.03307035028169386,-0.048611111111111105,-4.83669826488515,0,0.0,1,0.3999958876279751,2025-10-29,0.3791985250805608,0.5654642618570475
401809987,2026,2025-10-29,2025-10-30T00:00:00+00:00,CHI,SAC,1,1.0,55.77853436486748,2.389856195399176,-1.7782537168604904,0.07638888888888573,0.004217264239731677,0.005302510102912578,0.02355012537904666,0.041025386991565216,0.2986111111111111,4.168109912259678,1,-1.0,-1,0.6671353797537145,2025-10-29,0.665585398723718,0.5654642618570475
401809988,2026,2025-10-29,2025-10-30T00:30:00+00:00,DAL,IND,1,1.0,-107.18110069530076,-1.681715959181048,-1.419300721325257,-1.2877777777777908,0.0027179164538021494,0.009301027195922601,-0.018803449638680608,0.013602812450582369,0.0763888888888889,-0.26241523785578913,-1,0.0,1,0.4395930178503798,2025-10-29,0.4375150035603976,0.5654642618570475
401809989,2026,2025-10-29,2025-10-30T01:00:00+00:00,DEN,NO,1,1.0,217.38159528312167,7.287039626125761,-1.4451096846144935,0.3375000000000057,0.05018435064180066,0.0006786746832434243,-0.013165476469047921,-0.002146200745873239,0.25,8.732149310740244,0,0.0,0,0.8355548794520226,2025-10-29,0.8367771167858582,0.5654642618570475
401809990,2026,2025-10-29,2025-10-30T01:00:00+00:00,UTAH,POR,0,1.0,-138.57460956506316,2.911089485347617,2.1420452071982368,-2.308055555555569,0.013043822335324085,-0.0007526597861648998,0.03292107130906713,-0.0178497742174476,0.0625,0.7690442781493783,0,0.0,-1,0.39567248149949047,2025-10-29,0.40679509157331306,0.5654642618570475
401809991,2026,2025-10-29,2025-10-30T01:30:00+00:00,MIN,LAL,0,1.0,12.98354676860663,-1.4793419707657165,1.5285491651299168,-0.4111111111111114,-0.015910419036993972,-0.009849023183428701,0.005626278404802648,-0.0402950871631122,0.0,-3.0078911358956426,0,0.0,0,0.6103798981765491,2025-10-29,0.5231804586239726,0.5654642618570475
401809992,2026,2025-10-29,2025-10-30T02:00:00+00:00,PHX,MEM,0,1.0,-60.934323450356715,-1.432054079396437,2.766607865888446,-0.9533333333333189,-0.003303706166591258,0.015101879450514721,0.05420930415874803,-0.0529399142825519,-0.1111111111111111,-4.198661945284866,0,0.0,0,0.5058507118301958,2025-10-29,0.45089631485863646,0.5654642618570475
401809993,2026,2025-10-30,2025-10-30T23:00:00+00:00,CHA,ORL,0,1.0,-126.9520749754156,4.857237661167474,-0.7408538906264965,0.6751111111111214,0.02740515438833313,-0.012384084517740646,-0.001180888493680865,-0.05733079845970057,0.15000000000000002,5.59809155179397,1,-1.0,-1,0.41177684891178856,2025-10-30,0.5627767821506076,0.5654642618570475
401809994,2026,2025-10-30,2025-10-31T00:00:00+00:00,MIL,GS,1,1.0,-12.873846641836053,-0.14118505582864316,0.37826279561954834,0.1362222222222158,0.00441046673140888,-0.010017805510492167,-0.015159405480263594,-0.012546289436024038,-0.03888888888888886,-0.5194478514481755,0,0.0,-1,0.5744577365185854,2025-10-30,0.560532008166148,0.5654642618570475
401809995,2026,2025-10-30,2025-10-31T00:00:00+00:00,OKC,WSH,1,1.0,393.8481462828245,0.23691205071718002,-6.852310742347285,-0.8295555555555723,-0.00936645007856085,-0.0045951868228553405,0.008436714662363037,-9.84029921602958e-05,0.3611111111111111,7.089222793064464,0,0.0,1,0.933475365709999,2025-10-30,0.8881637169882628,0.5654642618570475
401809996,2026,2025-10-30,2025-10-31T00:30:00+00:00,SA,MIA,1,1.0,0.35015934898774503,-0.030064845362304027,-1.0068486308496745,-3.7577777777777754,0.004271779057273051,0.006414990860135278,0.033404839279418536,0.05232743149996116,0.11111111111111105,0.9767837854873624,1,0.0,0,0.5929528254724613,2025-10-30,0.5642562890921472,0.5654642618570475
401809502,2026,2025-10-31,2025-10-31T23:00:00+00:00,IND,ATL,0,1.0,61.98401324814108,-3.0891943183633828,-2.322506535146985,2.4357777777777727,-0.022440739553615308,0.00453849229420257,0.015347790124558613,0.004425929193118627,-0.17222222222222222,-0.7666877832163839,0,0.0,-1,0.6750200135560077,2025-10-31,0.6506011767080884,0.5654642618570475
401809503,2026,2025-10-31,2025-10-31T23:00:00+00:00,PHI,BOS,0,1.0,-216.602024847768,2.8787594674717525,4.115968265270453,2.8971111111111156,0.008900257580967907,-0.00022759886815701402,-0.006249834206644822,0.05829069487818955,0.2722222222222222,-1.2372087977986923,1,0.0,-1,0.2946945851260881,2025-10-31,0.24426508948162945,0.5654642618570475
401809504,2026,2025-10-31,2025-10-31T23:30:00+00:00,CLE,TOR,0,1.0,219.09331045043677,-1.7330493004014755,-5.3716431680699515,-0.637999999999991,-0.01248454417474787,0.007727764958160799,0.018190107677764827,0.028965482089559513,0.20000000000000007,3.638593867668489,0,0.0,0,0.83690429620638,2025-10-31,0.771714206546103,0.5654642618570475
401809505,2026,2025-10-31,2025-11-01T00:00:00+00:00,CHI,NY,1,1.0,-15.316275716567361,2.37658633142496,-1.2242370928958621,1.5155555555555367,0.03473978046346177,0.006242585681646096,-0.022592536545504138,-0.0033679211315806312,0.2222222222222222,3.600823424320816,-1,0.0,0,0.5710172000829266,2025-10-31,0.5653911317490915,0.5654642618570475
401809506,2026,2025-10-31,2025-11-01T01:30:00+00:00,MEM,LAL,0,1.0,-52.36849518190775,-1.6955687796069014,-0.36105770076490273,2.6759999999999877,-0.026311331613906308,-0.01910371921322951,-0.023550722627598886,-0.030697430383437974,0.0,-1.3345110788419887,0,0.0,0,0.5181701916807365,2025-10-31,0.47816149910530636,0.5654642618570475
401809507,2026,2025-10-31,2025-11-01T02:00:00+00:00,PHX,UTAH,1,1.0,95.48409825358954,-4.804973719450558,2.622309088866828,0.7360000000000042,-0.008099537308884464,0.0007197772570222971,-0.032615161977005425,-0.04309427343709418,-0.15000000000000002,-7.427282808317404,0,0.0,1,0.7158199658772307,2025-10-31,0.6018764305257569,0.5654642618570475
401809508,2026,2025-10-31,2025-11-01T02:00:00+00:00,POR,DEN,1,1.0,-82.84374486385514,-4.218020452528535,0.5179578445465154,2.7024444444444384,-0.02999947955600879,0.01017195260460707,0.00712631101102279,0.010746917221010455,-0.061111111111111116,-4.735978297075054,0,0.0,1,0.474343341041678,2025-10-31,0.40341988936251905,0.5654642618570475
401809509,2026,2025-10-31,2025-11-01T02:30:00+00:00,LAC,NO,1,1.0,225.99326041251402,4.567218300250602,-3.049155958056545,-2.7866666666666475,0.04980474814833086,0.01919867446845125,0.00579484405905295,-0.03627131429833244,0.2222222222222222,7.616374258307148,1,0.0,0,0.8422535179797037,2025-10-31,0.8346654928143503,0.5654642618570475
401809997,2026,2025-11-01,2025-11-01T21:00:00+00:00,MIL,SAC,0,1.0,112.58703167990757,4.776762810098262,-1.2838377247073538,0.4340000000000117,0.030346782574709463,-0.0002936914225127596,0.0009099551242408577,0.00975462848927261,0.30000000000000004,6.060600534805612,-1,0.0,0,0.7354151410017477,2025-11-01,0.7053896710370966,0.5654642618570475
401809998,2026,2025-11-01,2025-11-01T22:00:00+00:00,CHA,MIN,0,1.0,-234.701938930172,2.533069526966642,0.3624133797461866,1.833999999999989,0.014989756529060538,0.002095261995348846,0.02332755549135726,-0.005879527188187128,0.0,2.170656147220458,-1,0.0,0,0.2735107246566402,2025-11-01,0.35854497389341544,0.5654642618570475
401809999,2026,2025-11-01,2025-11-01T23:00:00+00:00,IND,GS,1,1.0,-51.81103130436054,-6.093441771262405,1.2703588179744258,2.3169090909090784,-0.05695331828270994,-0.018621468380209255,0.017493034125327517,-0.001248752323245339,-0.34090909090909094,-6.565193821498604,-1,1.0,-1,0.5189713398116415,2025-11-01,0.3857991617096941,0.5654642618570475
401810000,2026,2025-11-01,2025-11-01T23:00:00+00:00,WSH,ORL,0,1.0,-147.3078782500677,-1.4610066156731705,1.2285232302861289,2.224181818181819,0.0018963445350984598,-0.006459398862650706,-0.03554254162002754,-0.09262308348237139,-0.05909090909090914,-2.098375294523706,0,0.0,-1,0.38371670160327054,2025-11-01,0.3740500396833494,0.5654642618570475
401810001,2026,2025-11-01,2025-11-02T00:00:00+00:00,BOS,HOU,0,1.0,67.78421561433584,-4.603740057264247,-3.151093403993329,-1.4276767676767435,-0.013975663025825535,-0.014425022437109233,-0.02625733888438625,-0.08849272737027092,0.0,-1.0214174465107355,-2,1.0,2,0.6823011892027201,2025-11-01,0.5678540984992647,0.5654642618570475
401810002,2026,2025-11-01,2025-11-02T02:00:00+00:00,DET,DAL,1,0.0,60.7905923357896,4.317537841444562,0.09254788346862597,-0.6559999999999917,0.001070013424270544,-0.0012291153092340856,0.07049301294184912,-0.021349292457810143,0.10000000000000003,4.224989957975938,0,0.0,0,0.5866027329702554,2025-11-01,0.6394221654804685,0.5654642618570475
401810003,2026,2025-11-02,2025-11-02T20:30:00+00:00,OKC,NO,1,1.0,365.3808356632269,3.644178200726614,-9.238481097509208,2.5163636363636357,0.02111885687950721,-0.011786362113804308,-0.019251966747575594,-0.0370673744106359,0.5227272727272727,13.295029844575089,1,0.0,1,0.9225473014586727,2025-11-02,0.9039707032694472,0.5654642618570475
401810004,2026,2025-11-02,2025-11-02T23:00:00+00:00,BKN,PHI,0,1.0,-50.620411261865684,-3.142093221154852,5.923325648563036,-2.0060000000000002,-0.00914966007849316,0.009890242143620415,0.00479291622684741,-0.05411861680405805,-0.4,-9.065418869717881,2,0.0,0,0.520682083902601,2025-11-02,0.47608793186139126,0.5654642618570475
401810005,2026,2025-11-02,2025-11-02T23:00:00+00:00,CHA,UTAH,1,1.0,-16.899256540243186,0.5012366286278507,2.449862805620171,0.2652727272727162,0.01943223272346173,-0.009760404874328804,-0.03280085750246836,-0.020076278677921777,-0.040909090909090895,-3.9065904080112643,-1,1.0,1,0.5687836353075165,2025-11-02,0.48556062762128555,0.5654642618570475
401810006,2026,2025-11-02,2025-11-02T23:00:00+00:00,CLE,ATL,1,1.0,114.42573232061523,-1.2292487286038352,-1.5609877778946526,-0.18727272727272748,0.002956513606603206,0.02017262947197286,-0.001650560667769252,0.03096584960190868,0.0,-0.6300079423114554,0,0.0,0,0.7374695146530762,2025-11-02,0.6877103238195791,0.5654642618570475
401810007,2026,2025-11-02,2025-11-02T23:00:00+00:00,TOR,MEM,1,1.0,-88.80649668358137,1.2848589563837152,1.9749082373755442,-0.980000000000004,0.025581238980821097,0.008753273605093731,-0.009106859101518483,-0.008665114888965264,-0.09090909090909088,-1.9640841247283558,0,0.0,0,0.4657932149686374,2025-11-02,0.5038781170392641,0.5654642618570475
401810008,2026,2025-11-02,2025-11-03T00:00:00+00:00,NY,CHI,1,1.0,-1.8430362801154843,-3.131385022617522,2.0942707079413054,-1.36399999999999,-0.03561561926693246,-0.0006560404918062313,0.027683379602752578,-0.013360812373518827,-0.3,-5.225655730558844,0,0.0,0,0.5899021069442355,2025-11-02,0.5467769025423841,0.5654642618570475
401810009,2026,2025-11-02,2025-11-03T01:00:00+00:00,PHX,SA,1,1.0,-38.59395955785021,-3.2003117164731947,6.4644386144048696,2.3141818181818223,-0.02352156707374531,0.0023472327977451524,-0.007008096862117563,-0.06949544528686416,-0.3409090909090909,-10.291839810774075,-1,0.0,1,0.5379283451532478,2025-11-02,0.44730200099270406,0.5654642618570475
401810010,2026,2025-11-02,2025-11-03T02:30:00+00:00,LAL,MIA,1,1.0,116.25473702887075,0.3471716152630364,4.635664827382854,-2.9532727272727186,0.009126750191062794,0.011474191753998497,0.007363197187580772,0.07957142402583092,0.040909090909090895,-3.2134970145701285,-1,0.0,1,0.7395028352301863,2025-11-02,0.6225134547737666,0.5654642618570475
401810011,2026,2025-11-03,2025-11-04T00:00:00+00:00,BKN,MIN,0,1.0,-232.51537676968042,-1.8222951302264647,5.87813815932509,0.11818181818181017,-0.02137064153513024,0.004941429971982797,0.033094190698895104,-0.01741762274451647,-0.2727272727272727,-6.333386114238245,-1,1.0,0,0.27601888440232514,2025-11-03,0.2113762841505381,0.5654642618570475
401810012,2026,2025-11-03,2025-11-04T00:00:00+00:00,IND,MIL,0,1.0,-31.629999177979016,-8.31094984819913,-1.05743691780863,2.3054545454545234,-0.07880739689012684,-0.002556120134195955,0.03528873382240205,0.01862045801786205,-0.27272727272727276,-6.284192002156684,0,0.0,0,0.5478761636447176,2025-11-03,0.4487676201037335,0.5654642618570475
401810013,2026,2025-11-03,2025-11-04T00:30:00+00:00,BOS,UTAH,0,1.0,280.6298993090386,-0.23013345893758697,-3.0240705400836845,-2.3998484848484907,0.0014579263851640656,-0.028282947800400776,-0.017512676570152486,-0.08788941880350537,0.0492424242424242,6.5111234414288415,1,-1.0,1,0.8797014093377639,2025-11-03,0.8885227753950201,0.5654642618570475
401810014,2026,2025-11-03,2025-11-04T00:30:00+00:00,NY,WSH,1,1.0,239.7324150031709,5.57778911482778,-1.7525937696458413,-4.492727272727279,-0.00451738917023814,-0.009904455604024615,0.04599735669234739,0.028671393900103592,0.18181818181818182,6.093384552913447,-1,1.0,0,0.852479346269548,2025-11-03,0.7811400373737881,0.5654642618570475
401810015,2026,2025-11-03,2025-11-04T01:00:00+00:00,HOU,DAL,1,1.0,121.70500111787214,11.932474567480824,0.4143251226255842,-1.7534545454545452,0.04127881287752444,-0.004490524435661281,0.09210193352531112,0.017402172626919288,0.14090909090909093,8.730193132411372,0,0.0,-1,0.7455011540654172,2025-11-03,0.8072044343543041,0.5654642618570475
401810016,2026,2025-11-03,2025-11-04T01:00:00+00:00,MEM,DET,0,1.0,-25.846374542701824,-0.06272128445635872,3.7787864090587817,0.6642424242424312,0.009554900403854982,-0.008338899975550373,-0.05777925240211698,-0.016484249089486425,-0.13257575757575762,-2.591841839260654,-1,1.0,1,0.5561092726187186,2025-11-03,0.46511391502071103,0.5654642618570475
401810017,2026,2025-11-03,2025-11-04T02:00:00+00:00,DEN,SAC,1,1.0,84.99480552039745,4.176390256396388,-4.259492250346355,-0.1778181818181821,0.016510034621170067,0.0072377580857664325,0.0397382989402017,0.011348933661212535,0.14090909090909093,8.2961260216439,1,0.0,-1,0.7033787648796964,2025-11-03,0.7402428201044169,0.5654642618570475
401810018,2026,2025-11-03,2025-11-04T03:00:00+00:00,POR,LAL,0,1.0,-79.67965048386327,-2.3155884266734574,-3.0086856042649828,2.346515151515149,-0.03970709679645046,-0.0043671371889503485,0.03489736331408963,-0.04431481853870384,-0.03409090909090906,1.9034202919016876,2,-1.0,-1,0.4788868468876184,2025-11-03,0.5430291333024142,0.5654642618570475
401810019,2026,2025-11-03,2025-11-04T03:30:00+00:00,LAC,MIA,0,1.0,124.51437476836782,-0.9211825778877198,3.4970801766615978,-5.6498181818181905,-0.005672737670283534,0.009385228778441473,0.030609482247146352,-0.020144851542193892,0.050000000000000044,-5.1577421080562145,2,-1.0,-1,0.7485572646464711,2025-11-03,0.6631385893090335,0.5654642618570475
401810020,2026,2025-11-04,2025-11-05T00:30:00+00:00,TOR,MIL,1,1.0,-147.69857894148095,-1.7045716215846767,1.7316232109889143,-0.23333333333332007,-0.02163252434720908,0.0066070930493803415,0.010287962098238762,0.005037983525000511,-0.16666666666666669,-3.5242108118265363,1,-1.0,0,0.383184988662795,2025-11-04,0.4568996674810217,0.5654642618570475
401810021,2026,2025-11-04,2025-11-05T01:00:00+00:00,ATL,ORL,1,1.0,9.438506000198913,-0.7410974178494598,1.118768880569064,-0.2516666666666936,-0.0027491737796631055,-0.016551685796606014,-0.02905416241729067,-0.04965541001358764,0.0,-0.88324664340186,-1,0.0,0,0.6055160191955138,2025-11-04,0.5526677324246372,0.5654642618570475
401810022,2026,2025-11-04,2025-11-05T01:00:00+00:00,CHI,PHI,1,1.0,134.5080009392159,-0.6266129418377204,0.4204315009491921,-1.1854545454545473,0.00832307372873864,0.003854884880298892,-0.01207684174593826,-0.026482672229753368,0.0,-1.4327063701573706,0,0.0,0,0.7592295853002394,2025-11-04,0.6936849811929051,0.5654642618570475
401810023,2026,2025-11-04,2025-11-05T01:00:00+00:00,NO,CHA,1,1.0,22.54039990147362,-6.187432476207064,4.035504841203732,-1.5813636363636618,-0.04593705827574868,-0.007337319471757003,-0.002493363654839431,0.022117646648225575,-0.23106060606060605,-9.324207952761503,0,0.0,-1,0.6233808185483457,2025-11-04,0.4602805135978285,0.5654642618570475
401810024,2026,2025-11-04,2025-11-05T03:00:00+00:00,GS,PHX,1,1.0,115.43849471503881,0.6260854513349869,-2.113220340461126,-0.9266666666666623,0.001224281540547878,0.0008972681589658194,-0.019566257649502622,0.032690863726630576,0.08333333333333331,-0.6715409758560753,1,0.0,0,0.7385966732166378,2025-11-04,0.707506767854752,0.5654642618570475
401810025,2026,2025-11-04,2025-11-05T04:00:00+00:00,LAC,OKC,0,1.0,-149.59791523365675,-1.4919869362189502,6.376367035027016,-4.044393939393927,0.01635239974251934,0.030849989676015127,0.018787508745398446,-0.014365402759635132,-0.29166666666666663,-6.618071258659118,-1,1.0,-1,0.3806041411730696,2025-11-04,0.28887083785325984,0.5654642618570475
401810026,2026,2025-11-05,2025-11-06T00:00:00+00:00,CLE,PHI,1,1.0,211.17387772104507,-4.530500606066482,-1.0891486820307819,-0.7216666666666498,-0.009535164875179691,0.010297796964212791,-0.021339389977534318,-0.004805978711998893,-0.08333333333333337,-3.5469628335957113,2,-1.0,0,0.8305858005322001,2025-11-05,0.7984087400556535,0.5654642618570475
401810027,2026,2025-11-05,2025-11-06T00:00:00+00:00,DET,UTAH,1,1.0,189.28737042753824,0.2628981287240606,-3.433534070835705,0.09166666666666856,0.0011007356674567204,-0.01572238282381902,-0.012824588326297848,-0.005144740718424079,0.16666666666666669,6.5049460852183,0,0.0,0,0.8121125417023206,2025-11-05,0.772815985902939,0.5654642618570475
401810028,2026,2025-11-05,2025-11-06T00:00:00+00:00,IND,BKN,0,1.0,197.29646234228608,-3.3632293971377436,-8.225249841451657,3.683333333333337,-0.02776644248570037,-0.015896234655269417,-0.013703462123232313,0.02553770226900942,0.08333333333333334,6.315521626039469,0,0.0,0,0.8190463582703964,2025-11-05,0.8007683248776147,0.5654642618570475
401810029,2026,2025-11-05,2025-11-06T00:30:00+00:00,BOS,WSH,1,1.0,280.35006230039903,4.140148852144506,-4.3493940260487705,-4.974102564102566,-0.008876482772056216,-0.02759118018865453,0.04289629093784769,-0.01878750552526076,0.1314102564102564,11.68631625582567,0,0.0,1,0.8795308316206463,2025-11-05,0.8813562176601314,0.5654642618570475
401810030,2026,2025-11-05,2025-11-06T00:30:00+00:00,NY,MIN,1,1.0,-14.568766383817092,-0.38353221470435983,-1.3037996122567534,-0.024999999999991473,-0.03330044710309599,-0.009462060273094597,0.027607118424111038,-0.025550730548976774,0.0,-2.2831292539486086,0,0.0,0,0.5720709268726665,2025-11-05,0.5402577379460077,0.5654642618570475
401810031,2026,2025-11-05,2025-11-06T01:00:00+00:00,MEM,HOU,0,1.0,-86.4370550146607,-6.224326615089964,3.6274488397885847,1.2916083916084062,-0.028024095270041904,-0.008699455369433312,-0.06921623194642179,-0.05428449337240099,-0.16783216783216787,-11.65829296571976,0,0.0,2,0.46918868745368175,2025-11-05,0.36755672676749535,0.5654642618570475
401810032,2026,2025-11-05,2025-11-06T01:30:00+00:00,DAL,NO,0,1.0,82.92057164828475,-3.2573793861182736,-7.345736873450065,2.288333333333327,0.002054000993300553,0.010495546060700772,-0.049296735415982756,0.013502309152379488,0.08333333333333331,8.133183721979787,1,-1.0,0,0.7008815514651509,2025-11-05,0.7662302240406301,0.5654642618570475
401810033,2026,2025-11-05,2025-11-06T02:00:00+00:00,DEN,MIA,1,1.0,99.77373105079869,2.7422117537533097,0.26198507204527743,-2.3398484848484884,-0.0021041646837977046,-0.009982476376943189,0.028522251487098943,0.0035386829614973414,0.04924242424242431,5.364772308378012,0,0.0,-1,0.7208162014689163,2025-11-05,0.6891584182433502,0.5654642618570475
401810034,2026,2025-11-05,2025-11-06T03:00:00+00:00,LAL,SA,1,1.0,123.65180402886494,1.2116081593081844,4.672765996487442,0.5048951048951125,0.017643918540996673,0.007296748199241421,-0.0379473164511539,0.007427678698846973,-0.027972027972027913,-1.7355875167645523,-1,0.0,2,0.7476215358940934,2025-11-05,0.6721529769614603,0.5654642618570475
401810035,2026,2025-11-05,2025-11-06T03:00:00+00:00,POR,OKC,1,1.0,-229.33599133450912,-2.8906917996670103,3.862741991348969,0.7578205128205298,-0.0185146902492751,0.024960487040510154,0.03967423973546949,0.02655223300387005,-0.2660256410256411,-8.024813612126842,1,-1.0,-1,0.2796911721571458,2025-11-05,0.3306131342532361,0.5654642618570475
401810036,2026,2025-11-05,2025-11-06T03:00:00+00:00,SAC,GS,1,1.0,-95.270802996758,-1.1774000232659887,3.6037433037241584,0.14615384615382254,-0.01238742878678234,-0.018694182293624323,-0.014818729086700788,-0.010986534550546045,-0.20192307692307687,-5.923829784167802,1,-1.0,-1,0.4565467084509441,2025-11-05,0.5131976523949245,0.5654642618570475
401810037,2026,2025-11-06,2025-11-07T02:00:00+00:00,PHX,LAC,1,1.0,-114.6697500230739,-0.6645360774801645,-0.7763044427564267,3.6075641025640977,-0.007085861094422885,-0.006037334158946112,0.0031957235743387824,-0.011485914744461145,-0.03525641025641024,5.000754467002794,0,0.0,1,0.4290025049006989,2025-11-06,0.47235057544045,0.5654642618570475
401809510,2026,2025-11-07,2025-11-08T00:00:00+00:00,ORL,BOS,1,1.0,-125.04216589526823,-1.6906753246782387,1.8706562219764606,3.06395604395604,0.005134053267961014,0.03385115159360459,0.0012579651634860856,0.11666102099736217,-0.04120879120879123,-2.1934875407750085,1,0.0,-1,0.4144424152856279,2025-11-07,0.3763397788826658,0.5654642618570475
401809511,2026,2025-11-07,2025-11-08T00:00:00+00:00,WSH,CLE,0,1.0,-305.77008448044194,-4.28726787255566,6.012561070943207,1.6553846153846195,-0.010708294030109422,0.007305113926012213,-0.011763493127527391,-0.033643506580071925,-0.30769230769230765,-10.3243471161408,0,0.0,0,0.200049659456786,2025-11-07,0.19422041883471214,0.5654642618570475
401809512,2026,2025-11-07,2025-11-08T00:30:00+00:00,ATL,TOR,0,1.0,50.81004026334654,-2.7988600521016593,-0.9825407313131649,0.5415384615384511,-0.015362570218947713,-0.0028460162087555196,0.0021787428688603006,0.03126011323652006,0.0,1.0422942105123598,0,0.0,0,0.6607540182826322,2025-11-07,0.5962833988002666,0.5654642618570475
401809773,2026,2025-11-07,2025-11-08T00:30:00+00:00,BKN,DET,0,1.0,-194.92653640252183,-1.1789443881050943,9.304210365518514,-1.0138461538461598,-0.003083618647531372,0.004315343043841791,-0.01882190775909076,-0.013883984354898071,-0.38461538461538464,-9.469426931062358,0,0.0,0,0.32127528766181396,2025-11-07,0.3007067250758568,0.5654642618570475
401809774,2026,2025-11-07,2025-11-08T00:30:00+00:00,SA,HOU,1,1.0,-114.83089783943001,-3.50889293145498,-0.704367106464133,-0.6383333333333212,0.002513489313639261,0.002355658699942559,-0.03685483353323632,0.005353634608860847,0.0,-7.459929039646565,0,0.0,0,0.42877528544223775,2025-11-07,0.4057391599390462,0.5654642618570475
401809775,2026,2025-11-07,2025-11-08T01:00:00+00:00,MIA,CHA,1,1.0,148.79805174859894,-1.5193303295414182,-4.224168105813931,2.4123076923076923,0.0043833954912162465,-0.00849445039226343,-0.05698910457349238,-0.01296730313016814,0.07692307692307693,4.0974779119960685,-1,0.0,0,0.7739446567453249,2025-11-07,0.7469381554765047,0.5654642618570475
401809776,2026,2025-11-07,2025-11-08T01:00:00+00:00,MEM,DAL,1,1.0,50.0817572208241,5.152123718182835,4.171569424889597,0.22164835164836916,0.008243745946381331,-0.010941733418195071,0.0285467777554555,-0.014368872137449973,0.046703296703296704,-1.2773003660692512,0,0.0,1,0.6598136400480882,2025-11-07,0.6280325914553382,0.5654642618570475
401809777,2026,2025-11-07,2025-11-08T01:00:00+00:00,MIL,CHI,1,1.0,22.2137263000825,-0.1769094936213662,2.2044652968445604,0.13525641025641733,0.01610955611524678,-0.00581688320861512,-0.03732797390337761,-0.00216558390363103,-0.1314102564102565,-2.608782243499242,0,0.0,1,0.6229392214057076,2025-11-07,0.6229034494335121,0.5654642618570475
401809778,2026,2025-11-07,2025-11-08T01:00:00+00:00,MIN,UTAH,1,1.0,220.49295587474217,3.302755134130237,2.1287402415051275,-1.4400000000000261,0.04522900838348576,-0.008361549425909942,-0.045389672488583804,-0.02511474662360913,0.07692307692307693,5.126047763387082,0,0.0,0,0.8380010583007946,2025-11-07,0.8023086323656748,0.5654642618570475
401809779,2026,2025-11-07,2025-11-08T03:00:00+00:00,DEN,GS,1,1.0,18.041593730054274,3.2685145148350756,-1.376459819613828,0.14857142857141525,-0.0021930810873403983,-0.01862798051391326,0.031903938392848497,-0.0016485531134554643,0.0892857142857143,4.707805207624528,0,0.0,-2,0.6172815972912381,2025-11-07,0.6225139271355021,0.5654642618570475
401809780,2026,2025-11-07,2025-11-08T03:00:00+00:00,SAC,OKC,0,1.0,-223.5927637261998,-2.928924764513596,6.547385803233908,-0.7178021978022002,0.0013694475096919234,0.0109495625348211,-0.022939377220741797,0.010700850081224789,-0.3269230769230769,-9.109778734740072,0,0.0,-1,0.28639996160766445,2025-11-07,0.27332509130902394,0.5654642618570475
401810038,2026,2025-11-08,2025-11-09T00:00:00+00:00,WSH,DAL,0,1.0,-116.24596273274483,2.193329096299152,8.051307490606135,1.7114285714285842,0.01697742380712275,0.005515613711821354,0.02666257192288643,-0.04684024069199355,-0.07142857142857145,-9.029202030937489,0,0.0,0,0.4267813343942385,2025-11-08,0.3589173586667673,0.5654642618570475
401810039,2026,2025-11-08,2025-11-09T00:30:00+00:00,PHI,TOR,1,1.0,-59.92992969430475,0.6110402750444308,0.5044729087151438,1.3276923076922884,-0.00805736669545265,0.001174322599614308,0.037162650147033044,0.02170793860250886,0.04120879120879117,-3.283468010632754,2,-1.0,-1,0.5072958998094638,2025-11-08,0.5483595560015052,0.5654642618570475
401810040,2026,2025-11-08,2025-11-09T01:00:00+00:00,ATL,LAL,1,1.0,-121.12165322292026,-4.201436369964256,-1.0306720213590808,0.8071428571428498,-0.032888254606715406,-0.01055663354243186,-0.00044096287078398966,-0.0288068451893011,-0.2142857142857143,-0.5527637939259464,-2,1.0,0,0.4199296467791683,2025-11-08,0.3661689009721218,0.5654642618570475
401810041,2026,2025-11-08,2025-11-09T01:00:00+00:00,CLE,CHI,1,1.0,81.96555294421637,-0.1204545145288165,-1.6656469746764913,0.6004395604395683,-0.011491821197251006,0.0014344705225161347,0.01014155254125701,0.0212036778668776,-0.04670329670329676,1.9648940210394386,0,0.0,1,0.699727741761599,2025-11-08,0.6940192300711265,0.5654642618570475
401810042,2026,2025-11-08,2025-11-09T01:00:00+00:00,MIA,POR,1,1.0,-37.91483656750347,0.7668700862883071,-1.3946083941365117,0.8996703296703146,0.033240774889711444,-0.009802814917657388,-0.06519098513877142,-0.02954389912316885,-0.04120879120879117,-1.7623298653113124,-2,1.0,1,0.5388999125762939,2025-11-08,0.5444577671430094,0.5654642618570475
401810043,2026,2025-11-08,2025-11-09T01:00:00+00:00,SA,NO,1,1.0,106.76526577503637,5.770347581183799,-7.571522823529904,0.6015384615384818,0.04541060678054748,0.013328176139445008,0.015270630952906983,0.037683954898715066,0.3076923076923077,8.382463467107822,-2,1.0,0,0.7288429989702077,2025-11-08,0.7437529379278358,0.5654642618570475
401810044,2026,2025-11-08,2025-11-09T02:00:00+00:00,DEN,IND,1,1.0,79.96329782404405,10.72051340388957,-1.7112172971217063,-2.5030769230769465,0.06522067624072625,-0.000259667974933403,-0.003314981239456949,-0.007135431910029855,0.38461538461538464,10.080987094371185,-2,1.0,0,0.6973004861641763,2025-11-08,0.6947882297171067,0.5654642618570475
401810045,2026,2025-11-08,2025-11-09T03:30:00+00:00,LAC,PHX,0,1.0,91.8298502191019,-0.3674055954521265,1.6865767543720125,-3.3545054945054886,0.0033574786782760713,0.00560106061360241,-0.007057932778518905,0.02375035916975607,-0.04120879120879123,-8.672640542013733,0,0.0,-1,0.7115215231898718,2025-11-08,0.631004593701045,0.5654642618570475
401810046,2026,2025-11-09,2025-11-09T20:30:00+00:00,MIL,HOU,0,1.0,2.191119984091074,-2.0724656201893197,2.7488594315831136,0.6046153846153999,0.0189088085616248,-0.0174875977450884,-0.09540539512563284,-0.05797277362270742,0.030219780219780223,-5.937075363694907,0,0.0,1,0.5955080756714373,2025-11-09,0.5174289788734671,0.5654642618570475
401810047,2026,2025-11-09,2025-11-09T23:00:00+00:00,NY,BKN,1,1.0,227.59052581233118,5.121744750520776,-6.60844268524896,-0.5637362637362457,0.010028584374175642,-0.011245758656115906,0.03111154043292297,-0.035011789763384316,0.32692307692307687,8.467811978857831,2,0.0,-1,0.8434712948449116,2025-11-09,0.8402305701986078,0.5654642618570475
401810048,2026,2025-11-09,2025-11-09T23:00:00+00:00,ORL,BOS,0,1.0,-101.61986250669315,-0.6767899960876207,0.8800083640177832,2.855904761904739,0.010687549086003001,0.03225226918223589,0.00036854000345015736,0.12306966042200287,0.030952380952380953,3.578053923373331,0,0.0,-1,0.4474940715692556,2025-11-09,0.4188029040906231,0.5654642618570475
401810049,2026,2025-11-09,2025-11-09T23:00:00+00:00,MEM,OKC,0,1.0,-234.09204043575983,-4.9048920991292135,6.409644749350434,-0.35599999999999454,-0.02382918341033724,0.015187977873725264,-0.0025803435549135445,0.024946507622296776,-0.33333333333333337,-12.394724037531976,0,0.0,0,0.2742088957376186,2025-11-09,0.2326100860219562,0.5654642618570475
401810050,2026,2025-11-09,2025-11-10T00:30:00+00:00,PHI,DET,0,1.0,-139.11450729469038,2.883936632271272,3.8521012388711853,1.3771428571428572,0.014411301083752326,0.0006798406222879305,-0.012007378405965385,-0.0038929746292387657,-0.07142857142857151,-4.821080503110911,-1,1.0,0,0.39492957480177765,2025-11-09,0.35044720628886367,0.5654642618570475
401810051,2026,2025-11-09,2025-11-10T01:30:00+00:00,GS,IND,1,1.0,52.66695826235582,6.395591364738181,1.1626532759935628,-2.55085714285714,0.06051752444979325,0.021877723275436134,-0.023744880361259296,-0.021790703458627714,0.25,0.7277451692748231,1,-1.0,1,0.6631459743188747,2025-11-09,0.7256530098983055,0.5654642618570475
401810052,2026,2025-11-09,2025-11-10T02:00:00+00:00,SAC,MIN,0,1.0,-82.31532886746709,-4.181904821037747,1.4308944394747982,1.6871428571428595,-0.029501161319508085,-0.014742966948673636,-0.041019070228000026,-0.015927937988826912,-0.14285714285714285,-8.779038135160507,0,0.0,0,0.47510184908789915,2025-11-09,0.41586226328959425,0.5654642618570475
401810053,2026,2025-11-10,2025-11-11T00:00:00+00:00,CHA,LAL,0,1.0,-273.6302120665018,-0.8858402298943275,0.9709947008912252,1.0896190476190526,-0.019245819295826472,0.0004372783995317264,0.034545100191305744,-0.03962802458047676,-0.24047619047619045,-3.5589484725107963,1,0.0,-1,0.2313023410136472,2025-11-10,0.29796539223098534,0.5654642618570475
401810054,2026,2025-11-10,2025-11-11T00:00:00+00:00,DET,WSH,1,1.0,257.2234394522418,5.630794403443019,-8.831360891585021,-2.4693333333333385,0.005591685639581345,-0.018527058857463807,0.045217053340339985,0.0546697041195581,0.4666666666666666,16.248719535929325,-1,1.0,0,0.8646975583127066,2025-11-10,0.8307589416033787,0.5654642618570475
401810055,2026,2025-11-10,2025-11-11T00:00:00+00:00,ORL,POR,1,1.0,-31.664648993640412,-0.4489537841403717,0.755030263876364,-2.410666666666671,0.011724236576145408,0.003678985476999741,-0.01084217546172439,0.05807687848336368,-0.10238095238095235,4.510307126976559,-1,1.0,1,0.54782675526844,2025-11-10,0.5083665379062557,0.5654642618570475
401810056,2026,2025-11-10,2025-11-11T00:30:00+00:00,MIA,CLE,1,1.0,-140.694773508053,-0.6603240833962616,-1.1826942676439387,2.534666666666652,0.012806783668209754,-0.0025214818903455394,-0.0414164845061967,-0.009884267562691784,-0.06666666666666665,-4.0088239582831235,0,0.0,0,0.3927579057420083,2025-11-10,0.4582252518048204,0.5654642618570475
401810057,2026,2025-11-10,2025-11-11T01:00:00+00:00,CHI,SA,0,1.0,45.448286611992444,-1.1177439549311998,3.4619427393983386,1.2199999999999989,-0.006237313193950267,-0.008820729818770912,-0.030731508151430248,-0.04333845742599751,-0.07142857142857151,-3.138602928511996,0,0.0,0,0.6538014925665517,2025-11-10,0.5599821035116054,0.5654642618570475
401810058,2026,2025-11-10,2025-11-11T01:30:00+00:00,DAL,MIL,0,1.0,-132.41092442429294,-9.726672411276297,-4.413198434680396,0.8493333333333197,-0.0621611856854527,0.01495863592380911,-0.00027169810743449263,0.035306577029285746,-0.2,-0.9481725391019395,1,-1.0,0,0.40418717894757494,2025-11-10,0.44238233820038136,0.5654642618570475
401810059,2026,2025-11-10,2025-11-11T02:00:00+00:00,PHX,NO,1,1.0,106.12270125273085,3.706281137100433,-4.119607667983772,1.1188571428571379,0.03334577630389235,0.015235165077820773,0.010043004396494193,-0.037954443718839465,0.17857142857142855,8.17194877767576,0,0.0,1,0.728111363882405,2025-11-10,0.759183358909457,0.5654642618570475
401810060,2026,2025-11-10,2025-11-11T02:00:00+00:00,UTAH,MIN,0,1.0,-236.47495052446857,-7.021187497262218,0.9721274206983423,0.8543809523809642,-0.0641866927728939,0.008623707312397672,0.03985915414244845,0.022664159350616497,-0.1738095238095238,-16.286538601341864,2,-1.0,-1,0.27148740585293957,2025-11-10,0.26037062739631056,0.5654642618570475
401810061,2026,2025-11-10,2025-11-11T03:30:00+00:00,LAC,ATL,0,1.0,44.501082605163674,0.10132747231736516,4.060398404272249,-3.620857142857119,0.014864425191792985,0.019391107216813225,0.015842999467546637,-0.027479094142965677,-0.10714285714285715,-7.832707839760456,0,0.0,-1,0.6525663030353666,2025-11-10,0.566422492315574,0.5654642618570475
401810062,2026,2025-11-11,2025-11-12T00:30:00+00:00,BKN,TOR,0,1.0,-112.015380404089,-4.599422691669858,7.176753725806051,-1.2693333333333214,-0.030804346184933662,0.013997658382685185,0.03299680020540163,0.00868539982587968,-0.26666666666666666,-13.939570840211932,-1,0.0,0,0.4327494217666669,2025-11-11,0.3038124601008608,0.5654642618570475
401810063,2026,2025-11-11,2025-11-12T00:30:00+00:00,NY,MEM,1,1.0,89.2817768378668,7.034320645149592,-1.7534571290610614,-2.637678571428566,0.02071435549746914,-0.0019323655094675984,0.06469032762341473,-0.03193218679011056,0.2008928571428571,11.417400289330871,0,0.0,-2,0.7085014963591486,2025-11-11,0.7235127717011213,0.5654642618570475
401810064,2026,2025-11-11,2025-11-12T01:00:00+00:00,PHI,BOS,1,1.0,-192.6324294842109,2.046856013472862,1.3830493167173898,3.59966666666665,0.013519642535443577,0.021398333552078735,0.005873978152779236,0.07666803450778409,0.09791666666666665,2.4890560337582555,0,0.0,-1,0.32416171250812004,2025-11-11,0.3348886720131654,0.5654642618570475
401810065,2026,2025-11-11,2025-11-12T01:00:00+00:00,OKC,GS,1,1.0,162.1895570788622,3.038165216995509,-4.465710661644096,1.292500000000004,-0.003287511085365291,-0.029519142667810194,-0.0026742359704362006,-0.011502792535774242,0.25,8.676620376704134,0,0.0,0,0.787146160407047,2025-11-11,0.7759880152955445,0.5654642618570475
401810066,2026,2025-11-11,2025-11-12T02:00:00+00:00,UTAH,IND,1,1.0,-162.28959652909793,4.892514474344722,2.8076408389647156,-1.9226666666666574,0.02611477861176248,0.020614120524211105,0.030296239026397276,0.022857818850505196,0.1333333333333333,-2.3625213220286083,-1,1.0,0,0.36353729367982396,2025-11-11,0.31344071124055584,0.5654642618570475
401810067,2026,2025-11-11,2025-11-12T04:00:00+00:00,SAC,DEN,0,1.0,-120.51265960965293,-6.457994547052095,7.410926214973188,0.9574285714285793,-0.019093170355009348,0.003680948373637083,-0.04956135322612315,-0.0011837482669440624,-0.31190476190476196,-10.886093307535841,-1,0.0,1,0.42078382229739575,2025-11-11,0.30983135321031346,0.5654642618570475
401810068,2026,2025-11-12,2025-11-13T00:00:00+00:00,CHA,MIL,1,1.0,-257.881828955979,-1.082232956831362,1.7583638213367294,-0.1526666666666756,-0.021605349548273867,0.023723188077513807,0.06320809370577707,0.02469793332257364,-0.22708333333333336,-0.9371664978899132,0,0.0,-1,0.24781178347151825,2025-11-12,0.28581438570229123,0.5654642618570475
401810069,2026,2025-11-12,2025-11-13T00:00:00+00:00,DET,CHI,1,1.0,38.66881869970484,-0.9737009116136051,-4.057275456017351,0.3294999999999817,-0.0221664298539751,-0.0009083257352023311,0.0468130475519965,0.03471499537702305,0.15208333333333335,7.616950597067564,0,0.0,1,0.6449159992701025,2025-11-12,0.6202740935755959,0.5654642618570475
401810070,2026,2025-11-12,2025-11-13T00:00:00+00:00,NY,ORL,0,1.0,93.63035186060324,5.054396498727712,-1.0086454817778758,-1.215583333333342,0.010463646371377977,-0.016296367924318933,0.019078328543177425,-0.09787238757036473,0.1645833333333333,7.510401631889024,-1,1.0,-1,0.7136442579318117,2025-11-12,0.6364787831565161,0.5654642618570475
401810071,2026,2025-11-12,2025-11-13T00:30:00+00:00,BOS,MEM,1,1.0,104.27075984789258,2.5996993216771216,-2.596736947241638,-4.018823529411776,0.0013822907246876515,-0.021499928732594265,0.04373787417982217,-0.06407446681925477,0.05882352941176472,5.0496259564056665,0,0.0,0,0.7259958051357653,2025-11-12,0.7425802302713447,0.5654642618570475
401810072,2026,2025-11-12,2025-11-13T00:30:00+00:00,MIA,CLE,0,1.0,-116.4050897377333,-0.5107912264171546,-1.2170384776830332,2.3762499999999847,0.014180041661735698,0.0014253017896406206,-0.04573789211275822,0.002818958343649869,0.0,-3.8461977056353986,0,0.0,0,0.42655725796774874,2025-11-12,0.46558448157850413,0.5654642618570475
401810073,2026,2025-11-12,2025-11-13T01:00:00+00:00,HOU,WSH,1,1.0,290.0633924093195,9.881941519872797,-6.583076919841787,-3.772500000000008,0.020462661116188885,-0.005268179370899878,0.09126590810070012,0.059932041732103425,0.3883928571428571,12.955803139043226,1,0.0,-2,0.885330727624232,2025-11-12,0.8954272952820201,0.5654642618570475
401810074,2026,2025-11-12,2025-11-13T01:00:00+00:00,NO,POR,0,1.0,-132.20664309219546,-3.8904489909900803,5.814139680156231,-3.9546666666666823,-0.013287438102718818,-0.004913264160687492,-0.011107655595499866,-0.006069664175737843,-0.2,-4.432426428042135,0,0.0,0,0.4044704000708496,2025-11-12,0.33395500369930836,0.5654642618570475
401810075,2026,2025-11-12,2025-11-13T01:00:00+00:00,SA,GS,0,1.0,-59.63594284236888,3.51391015423215,-1.6035691548290458,-0.665960784313711,0.015103952104702612,-0.002041798993438537,0.04086747423144271,0.03024968326725791,0.19999999999999996,2.1512012869415384,1,-1.0,-2,0.5077188854924622,2025-11-12,0.5925037803670321,0.5654642618570475
401810076,2026,2025-11-12,2025-11-13T01:30:00+00:00,DAL,PHX,0,1.0,-57.60386845491303,-8.107207123128106,-2.4566569546686594,1.4537499999999994,-0.04210832027842859,-0.005167744488341203,-0.05101457145201954,0.055984650287941945,-0.1875,-6.8338847897688,0,0.0,0,0.5106422813638106,2025-11-12,0.46181791119572463,0.5654642618570475
401810077,2026,2025-11-12,2025-11-13T02:47:00+00:00,OKC,LAL,1,1.0,133.49173531907422,0.8586104711603042,-8.003114375535048,2.1680147058823565,-0.017571122316890952,-0.02668079802060122,-0.011551652627305953,-0.045214328827847705,0.13786764705882348,7.4223572198806975,-1,1.0,1,0.7581585666097534,2025-11-12,0.7390123421788777,0.5654642618570475
401810078,2026,2025-11-12,2025-11-13T03:00:00+00:00,SAC,ATL,0,1.0,-39.72243515209698,-0.6429618623657092,5.803191958131592,0.7950000000000017,0.002251628949710205,-0.0005700128529224913,-0.017799349231306216,-0.012116086724508757,-0.1875,-8.89251664243437,-1,1.0,0,0.5363132909055778,2025-11-12,0.39665491331128727,0.5654642618570475
401810079,2026,2025-11-12,2025-11-13T03:30:00+00:00,LAC,DEN,0,1.0,-79.2231468657028,-6.491717666364423,6.027154057353883,-3.279999999999987,-0.010479156235810305,0.020755012761264124,-0.019972825072407274,-0.01327299161280382,-0.3333333333333333,-12.07183117177824,1,-1.0,0,0.4795426730107142,2025-11-12,0.4397858816709572,0.5654642618570475
401810080,2026,2025-11-13,2025-11-14T00:00:00+00:00,CLE,TOR,0,1.0,165.61235120202855,-0.12215003612649866,-1.5127203967652747,2.4277205882353172,-0.010323200655848241,0.0005220988735963328,0.027423857952647568,0.0015567867639051935,0.08639705882352944,0.41262749475274063,-1,1.0,1,0.79042869410822,2025-11-13,0.6653684281272543,0.5654642618570475
401810081,2026,2025-11-13,2025-11-14T02:00:00+00:00,PHX,IND,1,1.0,6.063097716576067,8.316585279502618,-1.4668771151157358,-2.7160294117647084,0.06677995341485166,0.02085382260243357,0.00793348715288933,-0.027627184145440964,0.3400735294117647,12.518101420114899,-1,1.0,1,0.6008653586624451,2025-11-13,0.6022059570108106,0.5654642618570475
401810082,2026,2025-11-13,2025-11-14T02:00:00+00:00,UTAH,ATL,0,1.0,-169.88906620840157,-0.9169759746005184,4.556370358112957,0.5911764705882376,-0.027220948217096752,0.015500805846506177,0.06740438781766153,0.022210373675249917,-0.15257352941176472,-8.734344235506203,1,-1.0,-1,0.35347708078892054,2025-11-13,0.36630207997687636,0.5654642618570475
401809781,2026,2025-11-14,2025-11-15T00:00:00+00:00,NY,MIA,1,1.0,72.59341894770796,3.0839319685181863,1.0089033215568293,-5.40419117647059,-0.015399862343243198,-0.0032965555224298004,0.07180872656455783,-0.02084564468640318,0.03492647058823528,7.066283426069974,0,0.0,-1,0.6882716336431738,2025-11-14,0.6446596708316441,0.5654642618570475
401809782,2026,2025-11-14,2025-11-15T00:00:00+00:00,ORL,BKN,1,1.0,168.97916582471794,2.9596217736838923,-8.345905512684638,1.5871323529411825,0.01719041867149307,0.0034756823903982215,0.017243145060396203,0.057561821992212436,0.28125,8.576262036290546,-1,0.0,1,0.79362110075811,2025-11-14,0.8236586965398209,0.5654642618570475
401809783,2026,2025-11-14,2025-11-15T00:30:00+00:00,DET,PHI,1,1.0,151.20265338526792,-1.3229547424050025,-2.914443814333069,0.26191176470588573,-0.005469338674942925,0.0007520563898611721,0.020529120275067314,0.0033142001369976803,0.14154411764705888,4.729654495297777,-1,0.0,1,0.7763571877639415,2025-11-14,0.7158093601006248,0.5654642618570475
401809784,2026,2025-11-14,2025-11-15T01:00:00+00:00,HOU,POR,1,1.0,83.5155836424351,5.086825820876442,-1.1495729509740897,-2.700249999999997,0.025303689199311807,0.0054690965511469125,0.056534774231201845,0.023162020905840464,0.1020833333333333,4.656233362646947,0,0.0,-1,0.7015991311036311,2025-11-14,0.7215272684131654,0.5654642618570475
401809785,2026,2025-11-14,2025-11-15T01:00:00+00:00,MIL,CHA,1,1.0,227.79430029483956,0.3131322766221558,-0.9379993782643226,0.17198529411764696,0.021091779403260014,-0.024767489102659968,-0.06942251799604746,-0.03313509197608666,0.15257352941176472,-3.2771331522917437,0,0.0,1,0.8436261033457219,2025-11-14,0.7911018506477887,0.5654642618570475
401809786,2026,2025-11-14,2025-11-15T01:00:00+00:00,MIN,SAC,1,1.0,125.8910932121014,6.341165941341856,-4.474765367132534,-1.2320588235294139,0.03560931284132274,0.0067067014943352765,0.03277306359541282,0.015037967087379922,0.2702205882352941,15.723273711412709,2,0.0,-1,0.7500459675642462,2025-11-14,0.7885369883218679,0.5654642618570475
401809787,2026,2025-11-14,2025-11-15T01:00:00+00:00,NO,LAL,0,1.0,-236.22584590939823,-4.104526375985401,4.231272163602753,-0.957132352941187,-0.04554561399025059,-0.014331040104759052,0.02550484615882037,-0.042849631420069534,-0.33639705882352944,-0.4077348500144793,0,0.0,-1,0.27177111052019315,2025-11-14,0.2651900864533839,0.5654642618570475
401809788,2026,2025-11-14,2025-11-15T01:30:00+00:00,DAL,LAC,0,1.0,-103.10575113042296,-6.401945124830576,-6.1646437088565165,4.870955882352945,-0.036465177018330075,-0.0024725792688357617,-0.03001416704369264,0.03808944118133151,-0.0202205882352941,4.164353390562291,0,0.0,1,0.4453802489742767,2025-11-14,0.4674646843608195,0.5654642618570475
401809789,2026,2025-11-14,2025-11-15T02:30:00+00:00,SA,GS,0,1.0,-79.9446982620675,3.0411527065106867,-1.2082077983261001,-0.5827777777777641,0.015290701930177786,0.0009275106683914736,0.044635587408034416,0.013511372533169419,0.1284722222222222,3.4807169924215344,0,0.0,-2,0.4785061049327837,2025-11-14,0.5038843593677838,0.5654642618570475
401810083,2026,2025-11-15,2025-11-15T22:00:00+00:00,CLE,MEM,1,1.0,137.2143029487204,5.449054124750518,-2.453122808128896,0.8455555555555634,0.022140602410085974,-0.006905523952876386,0.0358574629932957,-0.0056859069381601235,0.22222222222222227,9.633713515753367,-1,0.0,0,0.7620658652926708,2025-11-15,0.7676354360998555,0.5654642618570475
401810084,2026,2025-11-15,2025-11-16T00:00:00+00:00,CHA,OKC,0,1.0,-409.2945832964426,-1.8720832256781534,10.865774606205505,-0.9158169934640625,0.002014148553459494,0.032082233450462044,0.04983388950500883,0.016651006921094003,-0.423202614379085,-12.41545225608851,-2,1.0,-1,0.12111442662163077,2025-11-15,0.09228725490233276,0.5654642618570475
401810085,2026,2025-11-15,2025-11-16T00:00:00+00:00,IND,TOR,0,1.0,4.108727402727936,-10.29514143511517,1.9985768017211427,2.372941176470576,-0.07577230624531128,-0.0023537289867604783,0.028329824876397874,0.010621600819234522,-0.35294117647058826,-16.663662441398372,0,0.0,0,0.5981642151548339,2025-11-15,0.42551055920413017,0.5654642618570475
401810086,2026,2025-11-15,2025-11-16T01:00:00+00:00,MIL,LAL,0,1.0,-37.51535669115174,1.4461765631215826,0.8364819389314988,1.1088888888888846,0.01985224092831217,-0.017922060033647075,-0.033430759107729774,-0.06481538118806524,-0.05555555555555547,3.247283221454916,0,0.0,0,0.5394712792201989,2025-11-15,0.581850904537055,0.5654642618570475
401810087,2026,2025-11-15,2025-11-16T01:00:00+00:00,MIN,DEN,0,1.0,-26.77095791905799,-2.6985713223559458,2.5684658147612964,0.6018382352941387,0.007690070143477223,0.01311065820545912,-0.024312979193659545,0.008566865650060929,-0.10110294117647056,-2.2100961585424823,-2,1.0,1,0.5547950568439889,2025-11-15,0.4238873896076849,0.5654642618570475
401810088,2026,2025-11-16,2025-11-16T20:30:00+00:00,BOS,LAC,1,1.0,59.87351378494304,1.9166681445596367,-5.372163413875896,-0.503725490196075,-0.02087484710460008,-0.03433167893335867,0.032573193576047405,-0.05348506957252935,0.08986928104575165,9.315183509772337,2,0.0,1,0.6723492632418643,2025-11-16,0.7319407380275743,0.5654642618570475
401810089,2026,2025-11-16,2025-11-16T21:00:00+00:00,SA,SAC,1,1.0,28.36892347819594,5.036132039892962,-7.09169999453286,-1.4320261437908215,0.026615677295730444,0.017543754165873726,0.0612722112406176,0.030846503974390982,0.31209150326797386,12.87912858307415,0,0.0,-1,0.6312247799054791,2025-11-16,0.7011710528646591,0.5654642618570475
401810090,2026,2025-11-16,2025-11-16T23:00:00+00:00,WSH,BKN,0,1.0,-30.633593805200462,-1.415933991123893,-0.6404799902675933,4.30470588235292,0.016616395393920014,0.013938693487371395,-0.011666274095081974,-0.03867430356125984,0.0,-2.7951946698018313,2,0.0,0,0.5492965651830737,2025-11-16,0.5319337444367755,0.5654642618570475
401810091,2026,2025-11-16,2025-11-17T00:00:00+00:00,HOU,ORL,1,1.0,92.75026508268365,7.3574630787665285,0.22710138823593695,-0.6727777777777959,0.022821519367400178,-0.009680646209246802,0.07083438471835807,-0.0476433664044536,0.1284722222222222,2.190262032628239,0,0.0,-2,0.7126078320398178,2025-11-16,0.7169610683413192,0.5654642618570475
401810092,2026,2025-11-16,2025-11-17T00:00:00+00:00,NO,GS,0,1.0,-229.0106212526057,-2.810363498998015,6.876463551935217,-1.8484210526315934,-0.031242042717517293,-0.008754276725976118,0.03674203531019757,-0.014128794847011072,-0.2879256965944273,-3.604680592314641,0,0.0,-2,0.280068666045805,2025-11-16,0.23797941664847846,0.5654642618570475
401810093,2026,2025-11-16,2025-11-17T00:30:00+00:00,DAL,POR,1,1.0,-94.0541060799253,-8.244913985494364,-3.893383829579321,0.5588888888888874,-0.01944521839156843,0.004180555383955842,-0.06253807264076139,0.02154667534567739,-0.19444444444444442,-0.2815992760285213,0,0.0,1,0.45828497335749324,2025-11-16,0.47855813287128884,0.5654642618570475
401810094,2026,2025-11-16,2025-11-17T01:00:00+00:00,PHX,ATL,0,1.0,-26.081729004561794,2.189466732827782,1.1350738982674784,-0.9511111111111177,0.006301932332281379,0.010881289871091132,0.044422307489179635,-0.026453013018247373,0.0,4.169198421332601,0,0.0,0,0.5557748102264449,2025-11-16,0.5534891363768828,0.5654642618570475
401810095,2026,2025-11-16,2025-11-17T01:00:00+00:00,UTAH,CHI,1,1.0,-171.07253056857803,-1.9431390528128816,1.513097271845794,0.3522794117646981,-0.02896482105811571,0.014649919147952717,0.050907483751584964,0.02840815151929499,-0.14889705882352944,-0.8250583612578635,-1,0.0,1,0.35192175600449477,2025-11-16,0.3551678350226426,0.5654642618570475
401810096,2026,2025-11-17,2025-11-18T00:00:00+00:00,CLE,MIL,1,1.0,62.543382667672404,-0.35079482604299983,-3.633185707857905,2.0978947368421217,-0.036848615685913244,-0.0020944776818346833,0.04973929630994797,0.024799980114270703,0.05263157894736836,4.148959938883391,0,0.0,0,0.6757259776691317,2025-11-17,0.6462803898621069,0.5654642618570475
401810097,2026,2025-11-17,2025-11-18T00:00:00+00:00,DET,IND,1,1.0,104.46291277997875,8.202609008078795,-6.152758481663511,-1.5022222222222155,0.05380045206951817,0.008821866230341452,0.027388897672055545,0.0075243671600668804,0.5555555555555556,16.31621354920553,1,0.0,0,0.7262157862720955,2025-11-17,0.7623307929124582,0.5654642618570475
401810098,2026,2025-11-17,2025-11-18T00:00:00+00:00,PHI,LAC,1,1.0,-109.12530960643608,1.6983543904628675,-3.80919610202632,2.8437254901960785,-0.012536522868204947,-0.012388080904260745,0.02445762923869263,0.011849987316549737,0.19771241830065361,1.7101361124800063,2,-1.0,-1,0.43683780655798515,2025-11-17,0.5415369197462174,0.5654642618570475
401810099,2026,2025-11-17,2025-11-18T00:30:00+00:00,MIA,NY,1,1.0,-85.06255360198111,-3.3915120236053724,-0.5784495639771166,5.08986928104575,0.014482194535777593,0.004876334722699244,-0.07182801415445525,0.023978029561951247,-0.08986928104575165,-5.9944591602106785,0,0.0,1,0.4711597128144161,2025-11-17,0.4860114930452887,0.5654642618570475
401810100,2026,2025-11-17,2025-11-18T00:30:00+00:00,TOR,CHA,1,1.0,161.43489994796232,2.3484544424789675,-3.412494694442316,0.11333333333332973,0.012757782858428657,-0.021078575010631873,-0.041745123125132094,0.00687314141640788,0.22222222222222227,8.264571588195093,0,0.0,0,0.7864174018888661,2025-11-17,0.7709714084925573,0.5654642618570475
401810101,2026,2025-11-17,2025-11-18T01:00:00+00:00,MIN,DAL,1,1.0,161.71705030725184,9.707081417570564,2.476652391892358,-2.952573099415204,0.04939835941021653,-0.006827586037851718,0.0192839916094725,-0.01795151626722913,0.24122807017543862,7.653432980217527,1,-1.0,-1,0.7866900818383075,2025-11-17,0.8231776467264611,0.5654642618570475
401810102,2026,2025-11-17,2025-11-18T01:00:00+00:00,NO,OKC,0,1.0,-392.85032262783466,-7.2463505017552166,13.572206883882416,-2.2723976608187257,-0.03573244415715804,0.021116692423292976,0.03718615419922361,0.014041422590846342,-0.5657894736842105,-17.78214669762329,-1,1.0,-1,0.13155740802213126,2025-11-17,0.06701736295303312,0.5654642618570475
401810103,2026,2025-11-17,2025-11-18T02:00:00+00:00,DEN,CHI,0,1.0,126.42970826394617,5.4438417970816175,-4.1273658376806,-2.7023529411764855,0.01098188101990405,-0.01172736682647596,0.025101134553336985,0.021542993878551575,0.23529411764705888,11.993263746297478,1,-1.0,0,0.7506267925596909,2025-11-17,0.8260014569909515,0.5654642618570475
401810104,2026,2025-11-18,2025-11-19T00:00:00+00:00,ORL,GS,1,1.0,-89.80562068961308,0.002418762807138819,0.2811163364025333,-0.10831578947367859,-0.012217954360821959,-0.0027379174976902843,0.026840925066548726,0.0647508454152933,-0.07499999999999996,-1.0682942692893478,0,0.0,-1,0.4643623751468505,2025-11-18,0.4779615101258716,0.5654642618570475
401810105,2026,2025-11-18,2025-11-19T00:30:00+00:00,BKN,BOS,0,1.0,-256.84042070470014,-3.8918542498721678,7.910667100660149,1.248596491228085,-0.006839735949052961,0.026327364222181973,-0.035675651903412736,0.08177264744980042,-0.25,-7.790106821781643,0,0.0,-1,0.24893091456479935,2025-11-18,0.19507160249853908,0.5654642618570475
401810106,2026,2025-11-18,2025-11-19T00:30:00+00:00,ATL,DET,0,1.0,-38.74960417227089,-0.6267757566858734,1.638197411262027,-0.2536842105263162,0.014800616533611533,-0.0007824700982046462,-0.06524867856621272,-0.012265404822025427,-0.1578947368421053,2.652717266662619,1,-1.0,0,0.5377056358894853,2025-11-18,0.6327283334688397,0.5654642618570475
401810107,2026,2025-11-18,2025-11-19T01:00:00+00:00,SA,MEM,1,1.0,22.697560809807783,6.58773071780216,-3.8138850082263076,-1.6465497076023325,0.05204508709073219,0.014171678704903684,0.04441779200058746,0.0019662982414432872,0.2967836257309941,7.3574074497732,-1,0.0,-1,0.6235931956032876,2025-11-18,0.6835300361516055,0.5654642618570475
401810108,2026,2025-11-18,2025-11-19T03:30:00+00:00,LAL,UTAH,1,1.0,254.1523561068136,2.332448699477027,-2.4343292349844887,-3.3985964912280764,0.038858928342621946,0.0007650118895184688,-0.0447642459786147,0.020225796126294104,0.24122807017543862,2.871548889827743,1,0.0,1,0.8626158739032631,2025-11-18,0.8334176012493741,0.5654642618570475
401810109,2026,2025-11-18,2025-11-19T04:00:00+00:00,POR,PHX,0,1.0,-0.5845557640982406,-1.3376851676852226,2.486588969400856,2.7187719298245554,-0.025781020291464896,-0.005131277307194371,0.010098697492786302,0.030818492254029883,-0.08040935672514626,-10.448507945386591,0,0.0,-1,0.5916535056429452,2025-11-18,0.4924497058657801,0.5654642618570475
401810110,2026,2025-11-19,2025-11-20T00:00:00+00:00,CLE,HOU,0,1.0,18.768445483940468,-5.334632480535703,-0.32098858808708997,2.5037647058823893,-0.008983704067527132,-0.007241877120597706,-0.08749796975165808,-0.015667928078903548,-0.05147058823529416,-3.034631531915758,-1,0.0,3,0.6182695826721574,2025-11-19,0.5603621602716633,0.5654642618570475
401810111,2026,2025-11-19,2025-11-20T00:00:00+00:00,IND,CHA,1,1.0,140.41302643216136,-7.7065369740845995,0.24386222201238184,2.2768421052631567,-0.06060365317289895,-0.018154323449663168,-0.009838032075038639,0.016987192938224704,-0.15789473684210528,-9.364401689737079,0,0.0,0,0.7653884709088254,2025-11-19,0.6089171617467758,0.5654642618570475
401810112,2026,2025-11-19,2025-11-20T00:30:00+00:00,MIA,GS,1,1.0,-80.6392018059862,1.3916468837129514,0.2868910283707322,4.376140350877193,0.007264533463830936,-0.01839960261379084,-0.017230675682436497,-0.01740762977519772,0.005012531328320802,-0.3995967916391209,1,-1.0,-2,0.47750856801025854,2025-11-19,0.5650455277710281,0.5654642618570475
401810113,2026,2025-11-19,2025-11-20T00:00:00+00:00,PHI,TOR,0,1.0,-68.51170239157955,-1.4079410069312956,0.15233199769228634,0.23035087719296143,-0.01907339109079398,0.004123137229595508,0.030923472352162334,0.012122818492922072,-0.021929824561403466,-3.0588198910511264,0,0.0,-1,0.4949464261060358,2025-11-19,0.4474706424714424,0.5654642618570475
401810114,2026,2025-11-19,2025-11-20T01:00:00+00:00,MIN,WSH,1,1.0,298.9159367110599,7.896725159167914,-7.8053883984371595,-2.1773099415204626,0.033724430040051434,-0.009483590498104683,0.017466380883288862,0.04325516346443303,0.4108187134502924,14.048230445996039,-1,0.0,1,0.8904034254801688,2025-11-19,0.9087306706635091,0.5654642618570475
401810115,2026,2025-11-19,2025-11-20T01:00:00+00:00,NO,DEN,0,1.0,-268.53285451066495,-10.615500642672245,8.034633634978817,-0.9864327485380073,-0.045929030414964545,0.019546650936608567,0.006090113328021396,-0.021956374597342454,-0.45760233918128657,-13.2536479741411,0,0.0,1,0.2365606083924556,2025-11-19,0.15739409416398406,0.5654642618570475
401810116,2026,2025-11-19,2025-11-20T01:00:00+00:00,OKC,SAC,1,1.0,295.6988465542206,6.852476883897566,-12.612176829319111,-0.2595789473684107,0.017294443819811378,-0.010894470086276975,0.03159781242477783,-0.0026896362693138998,0.5355263157894736,19.16672660232537,-1,0.0,1,0.8885831314584969,2025-11-19,0.9117246963518957,0.5654642618570475
401810117,2026,2025-11-19,2025-11-20T02:30:00+00:00,DAL,NY,0,1.0,-146.80212236783314,-11.32152232441409,-1.8705374960291294,3.2836666666666616,-0.026307807186163434,0.0196023042244258,-0.06692294018753953,0.06114496110138501,-0.25833333333333336,-7.052125661743984,0,0.0,2,0.38440540858605915,2025-11-19,0.35697153553879585,0.5654642618570475
401810118,2026,2025-11-19,2025-11-20T03:00:00+00:00,POR,CHI,0,1.0,-38.71020318595106,-1.0050588854987268,0.15971579784029188,0.43397660818712325,-0.02385145636243091,0.007399208929691814,0.04743599335976051,0.00929510862590438,-0.08040935672514621,-1.8525600553622144,-1,1.0,1,0.5377620155248127,2025-11-19,0.44347183051626304,0.5654642618570475
401810119,2026,2025-11-20,2025-11-21T00:00:00+00:00,ORL,LAC,1,1.0,-1.3843339519999063,0.4082856580368599,-4.642780966652197,2.5173684210526517,-0.012355724426558079,-0.00022366683627611517,0.022057958714728293,0.070241522998572,0.18289473684210528,4.86867016121671,-1,0.0,1,0.5905407391138181,2025-11-20,0.6013897274626794,0.5654642618570475
401810120,2026,2025-11-20,2025-11-21T01:00:00+00:00,MEM,SAC,1,1.0,15.122572755064766,-0.7606983979614057,-3.2667991886805794,0.06200000000001182,-0.02261254543744684,0.0016340099774372896,0.024397182457239736,0.01429552227809372,0.04999999999999999,0.5264513806238265,1,-1.0,0,0.6133041717089742,2025-11-20,0.6647046082734122,0.5654642618570475
401810121,2026,2025-11-20,2025-11-21T01:00:00+00:00,MIL,PHI,0,1.0,131.90071766593724,-0.07586307753558685,2.248660938897501,-0.15047368421051033,0.032701084601463926,-0.0038621918005898315,-0.06330367100600737,-0.03325570451792276,-0.02763157894736845,-1.8093777927936427,2,-1.0,1,0.75647532499163,2025-11-20,0.7708413541364396,0.5654642618570475
401810122,2026,2025-11-20,2025-11-21T01:00:00+00:00,SA,ATL,1,1.0,-30.332408571532596,1.6423144388395912,-1.4303566666688,-0.8891578947368259,0.00932988405072599,0.00905915068844182,0.033448809917872496,0.011648954716561744,0.08289473684210535,-1.5735437735154658,0,0.0,-1,0.5497257554836046,2025-11-20,0.5501403342949187,0.5654642618570475
401809790,2026,2025-11-21,2025-11-22T00:00:00+00:00,CLE,IND,1,1.0,141.511985518124,7.480836545830002,-4.374070556514269,-0.45023809523807756,0.054438966222264296,0.0007354576057557183,-0.015259875028336534,-0.008936492519110384,0.37023809523809526,8.900451527620993,0,0.0,1,0.766522537418359,2025-11-21,0.805058727397006,0.5654642618570475
401809791,2026,2025-11-21,2025-11-22T00:30:00+00:00,BOS,BKN,0,1.0,266.79765728729217,4.446878240783505,-8.25351642305884,-1.1723684210526386,0.013177276893039047,-0.021853850308065442,0.03567811944363783,-0.07691210093310225,0.28815789473684217,10.232482230229397,0,0.0,1,0.8710169963121507,2025-11-21,0.8869524104905265,0.5654642618570475
401809792,2026,2025-11-21,2025-11-22T00:30:00+00:00,TOR,WSH,1,1.0,219.20683052845675,7.642135960617793,-7.537746262085875,-2.1818947368420964,0.026423630603770065,-0.02075634430492254,0.0032243237098200928,0.03662889058526625,0.4407894736842105,11.570420256727914,0,0.0,1,0.8369934728409116,2025-11-21,0.8674230618334418,0.5654642618570475
401809793,2026,2025-11-21,2025-11-22T01:00:00+00:00,CHI,MIA,0,1.0,20.941067867976926,0.972565380967751,3.5770866818923963,-2.147052631578944,0.0023425868285497087,0.004124310275690685,0.021912241989285847,-0.0052273098852888555,-0.022368421052631482,-0.9633473074193035,0,0.0,-1,0.62121690089486,2025-11-21,0.5413338339487173,0.5654642618570475
401809794,2026,2025-11-21,2025-11-22T01:30:00+00:00,DAL,NO,1,1.0,65.64248549468357,-3.3166687721718944,-8.32063597902723,4.1703809523809525,0.0006776073045841047,0.007153487228154398,-0.05543099998667453,0.04100014968661014,0.08452380952380953,2.9750629338123384,0,0.0,1,0.6796227373490125,2025-11-21,0.7111188066444614,0.5654642618570475
401809795,2026,2025-11-21,2025-11-22T02:00:00+00:00,PHX,MIN,1,1.0,-83.37204926970026,-0.6714322443731078,-0.1957662280695729,-0.16800000000000637,-0.007464990234019364,0.00822526139586327,0.031555377424643316,-0.04266440342517733,-0.050000000000000044,3.9533310795299377,1,0.0,0,0.4735851115215023,2025-11-21,0.48053221948364166,0.5654642618570475
401809796,2026,2025-11-21,2025-11-22T02:30:00+00:00,HOU,DEN,0,1.0,-3.613827858712739,0.004142747981887851,0.23264360968315145,-0.4593567251461934,-0.013332733610225134,0.012261701988088625,0.07664531011744241,0.001605841266714314,-0.016081871345029253,2.4517339184096683,0,0.0,-1,0.5874338802559302,2025-11-21,0.5396994350351196,0.5654642618570475
401809797,2026,2025-11-21,2025-11-22T03:00:00+00:00,UTAH,OKC,0,1.0,-391.12235755232973,-3.8863755297569327,11.42865757939471,1.7922305764410993,-0.023529728167622443,0.02678699122630898,0.047646728660829446,0.03340565527935413,-0.4385964912280702,-9.933356549824381,1,0.0,-2,0.13269802032248212,2025-11-21,0.10638012831593992,0.5654642618570475
401809798,2026,2025-11-21,2025-11-22T03:00:00+00:00,GS,POR,0,1.0,99.01916046536326,-1.8678551392928142,-3.3671897132142163,-2.4230909090909023,0.017729636481316757,0.009883413480540698,-0.06162905583025802,0.002268720143213887,0.09772727272727272,3.7988220289338983,0,0.0,2,0.7199412451130126,2025-11-21,0.7052572510376083,0.5654642618570475
401810123,2026,2025-11-22,2025-11-22T18:00:00+00:00,CHA,LAC,0,1.0,-184.56836871368318,1.6685155770187805,-0.4867373196624243,2.126000000000019,-0.006450611908048742,-0.001364046910002581,0.0452403356678211,0.003262566504376674,0.0,1.7305292875181761,1,0.0,0,0.33441338807642496,2025-11-22,0.4002376247283086,0.5654642618570475
401810124,2026,2025-11-22,2025-11-22T22:00:00+00:00,ORL,NY,1,1.0,-51.1487789580558,-3.234140614357301,-1.5028284479055998,0.39689223057645506,-0.0022653663552923975,0.016828084985386793,-0.025037421494675638,0.08337136763172281,-0.057644110275689164,5.1534472674908995,-1,0.0,2,0.5199229555064211,2025-11-22,0.5351868845915803,0.5654642618570475
401810125,2026,2025-11-22,2025-11-23T00:00:00+00:00,NO,ATL,0,1.0,-185.52752186648377,-4.87457188097865,6.174291721256381,-1.3028571428571212,-0.04723178340190348,0.002534429706537056,0.04834972304033802,0.007227404476887189,-0.33333333333333337,-8.1943614691254,-1,1.0,0,0.3331855703153036,2025-11-22,0.21309245887295722,0.5654642618570475
401810126,2026,2025-11-22,2025-11-23T01:00:00+00:00,CHI,WSH,1,1.0,235.97829045406866,5.254676710660078,-5.5452487619936335,0.7410000000000281,0.016890862106725635,-0.014250540518780053,0.00833775579064494,0.02191923124213535,0.35000000000000003,4.721504933490027,0,0.0,0,0.8497408961828643,2025-11-22,0.8403214791226525,0.5654642618570475
401810127,2026,2025-11-22,2025-11-23T01:00:00+00:00,MIL,DET,0,1.0,-58.24263635423381,-0.8953279925226099,5.55858000385777,-0.2041428571428554,0.030186881898509155,-0.002404478965973622,-0.08735949888144112,-0.046396081115391924,-0.275,-8.87274969480071,-2,0.0,1,0.5097234019948007,2025-11-22,0.5110713535981061,0.5654642618570475
401810128,2026,2025-11-22,2025-11-23T01:30:00+00:00,DAL,MEM,0,1.0,-55.723105764699994,-3.606480086596065,-2.7116196164774067,2.06082251082249,0.004471379344617277,0.018143208235519348,-0.013985586068748113,0.03381078438826779,-0.016233766233766267,0.41953693172296935,-1,1.0,1,0.5133473521551537,2025-11-22,0.4439605097344212,0.5654642618570475
401810129,2026,2025-11-22,2025-11-23T03:00:00+00:00,DEN,SAC,0,1.0,192.56122582578428,11.063421255529335,-6.9896065715409605,-1.5628571428571405,0.034863060805788604,-0.00693490316720119,0.06443711534222771,0.033566680151669526,0.46309523809523806,14.19587987365824,-1,1.0,-1,0.8149712469334477,2025-11-22,0.816916925724565,0.5654642618570475
401810130,2026,2025-11-23,2025-11-23T18:00:00+00:00,PHI,MIA,0,1.0,-90.59899048623629,-0.034266544162036894,2.3607137465205454,-4.323571428571441,-0.012064937454438929,0.007279120769415975,0.047084654366961964,0.008324300800600093,-0.020238095238095277,-3.2561603873516773,1,0.0,-1,0.46322661133654364,2025-11-23,0.41359166829242466,0.5654642618570475
401810131,2026,2025-11-23,2025-11-23T23:00:00+00:00,ATL,CHA,1,1.0,215.36231573052578,0.5560780308178153,-4.975864047372866,0.35229437229435234,0.022391214428617245,-0.00973862248448723,-0.05849844905127638,-0.010181008569088434,0.2586580086580087,6.327705125504158,0,0.0,1,0.8339514846656404,2025-11-23,0.8092798982031425,0.5654642618570475
401810132,2026,2025-11-23,2025-11-23T23:00:00+00:00,BOS,ORL,1,1.0,55.39467333356629,0.2480122023329301,-0.18494638405324793,-3.3316450216450164,-0.007186743585437583,-0.025294382388122247,0.016860058266520928,-0.12649646146695376,-0.06818181818181823,-0.6090081915461152,1,-1.0,-1,0.6666445040037364,2025-11-23,0.711084098917304,0.5654642618570475
401810133,2026,2025-11-23,2025-11-23T23:00:00+00:00,CLE,LAC,1,1.0,104.72238589035328,1.327113143739524,-5.4111594843546555,3.8834199134199565,-0.003831849000606735,-0.01301359833497423,0.014143857554429262,0.014767427357505525,0.2564935064935065,1.8002941830504908,1,-1.0,1,0.7265126624468999,2025-11-23,0.7728335200164731,0.5654642618570475
401810134,2026,2025-11-23,2025-11-23T23:00:00+00:00,TOR,BKN,1,1.0,155.22785153377117,6.086218465811228,-6.542883152035486,2.1156666666666553,0.03956398033783648,-0.00805187679492353,-0.0015799691464969678,-0.00654934924369055,0.3678571428571429,7.060286737453538,0,0.0,1,0.7803544999087467,2025-11-23,0.8189568861300337,0.5654642618570475
401810135,2026,2025-11-23,2025-11-24T00:00:00+00:00,OKC,POR,1,1.0,265.93331737107997,3.314713153864858,-10.094840386778984,-1.8088744588744703,0.031677396754635545,-0.022290708245699675,-0.07548074719340553,-0.01627748735873119,0.38852813852813856,14.337343883401992,0,0.0,1,0.870456979663544,2025-11-23,0.8918503128580869,0.5654642618570475
401810136,2026,2025-11-23,2025-11-24T01:00:00+00:00,PHX,SA,1,1.0,6.1296828678036945,-0.6361039240606488,0.8063135051919517,0.5192380952380944,-0.010620811287258447,0.006876005852469974,0.028343669756521472,-0.0341606445359533,-0.07976190476190481,3.353216898338823,-1,0.0,1,0.6009572792689909,2025-11-23,0.5731723853369787,0.5654642618570475
401810137,2026,2025-11-23,2025-11-24T01:00:00+00:00,UTAH,LAL,0,1.0,-262.30168155713295,-3.0352618054452734,4.151067158080721,3.2279999999999944,-0.03689163310977517,0.005250302247256644,0.04018124779538784,-0.033205031334273494,-0.30000000000000004,-6.127911428951909,-3,0.0,0,0.24309972143019837,2025-11-23,0.23788726850828812,0.5654642618570475
401810138,2026,2025-11-24,2025-11-25T00:00:00+00:00,IND,DET,0,1.0,-136.34018075658992,-8.653023305971274,6.1325605838860895,1.5523809523809433,-0.06236624558695164,-0.0051548261691264086,-0.011249711666875273,0.0013600205940152987,-0.5714285714285714,-12.417929038207829,1,0.0,0,0.3987521758309974,2025-11-24,0.3232890412357345,0.5654642618570475
401810139,2026,2025-11-24,2025-11-25T00:00:00+00:00,TOR,CLE,1,1.0,-109.22636559526836,2.400848009134833,0.7902412892613597,-1.431541501976298,0.017353242476099373,-0.003680058955409904,-0.01689310527093435,0.0050951616496270336,0.028656126482213384,3.1323568279638905,0,0.0,-1,0.43669470133205024,2025-11-24,0.475683860149041,0.5654642618570475
401810140,2026,2025-11-24,2025-11-25T00:30:00+00:00,BKN,NY,0,1.0,-212.9009112813776,-6.0939785097243515,5.331237421362445,-1.894619047619031,-0.01698428635924354,0.012142395544214174,-0.04326754826900564,0.03629381764881623,-0.31309523809523804,1.9841482200716953,-1,1.0,1,0.2991421756543328,2025-11-24,0.22020164456457622,0.5654642618570475
401810141,2026,2025-11-24,2025-11-25T00:30:00+00:00,MIA,DAL,1,1.0,126.5793890995028,8.511713562780002,-0.27242706584155485,2.2242687747035603,0.03654909455862576,-0.01937714096880566,0.00548156710709144,-0.03205981836396149,0.2875494071146245,7.1726420226486995,-1,1.0,-1,0.7507880433855195,2025-11-24,0.6919021882770334,0.5654642618570475
401810142,2026,2025-11-24,2025-11-25T01:00:00+00:00,MEM,DEN,0,1.0,-135.4044479573065,-10.053959704131955,0.7220366024941427,1.2387878787879032,-0.05657339505369807,0.004054579560260563,-0.02395170375837602,-0.015035116458514464,-0.3041125541125541,-2.0358272804382738,0,0.0,1,0.40004428735487474,2025-11-24,0.3288781063976085,0.5654642618570475
401810143,2026,2025-11-24,2025-11-25T01:00:00+00:00,MIL,POR,0,1.0,40.74423560147238,0.46898968741678004,0.2600021710945981,-2.078181818181804,0.05174233331203171,-0.011777841615484008,-0.10737260824397082,-0.038954278955175725,0.04545454545454547,-0.2017977318983526,1,-1.0,0,0.6476471073863348,2025-11-24,0.7197127466082652,0.5654642618570475
401810144,2026,2025-11-24,2025-11-25T01:00:00+00:00,NO,CHI,1,1.0,-191.26677114522317,-4.738137395611432,3.6497190028878634,-4.03705627705628,-0.03578513231235769,0.0060953366363700745,0.03544419699504575,0.010579833160744345,-0.3430735930735931,-3.19114046299928,0,0.0,1,0.32588636174740687,2025-11-24,0.3260788641397364,0.5654642618570475
401810145,2026,2025-11-24,2025-11-25T02:30:00+00:00,PHX,HOU,0,1.0,-81.72369827752118,-4.069588179045169,-0.478851889585556,0.9638277511961775,0.005310805188596723,0.006949117160523127,-0.05975664331291436,-0.04116926671151147,-0.04425837320574166,0.250465681204215,-2,1.0,3,0.47595123389751837,2025-11-24,0.40053648599401065,0.5654642618570475
401810146,2026,2025-11-24,2025-11-25T03:00:00+00:00,GS,UTAH,1,1.0,205.58046608359587,0.3305750098159592,-4.70315987613138,-2.290931677018662,0.016943737470707987,-0.002570233373643399,-0.04749137461180977,-0.008977454369823945,0.14285714285714285,4.56134936726261,2,-1.0,2,0.826006739811266,2025-11-24,0.8620502125065187,0.5654642618570475
401810147,2026,2025-11-24,2025-11-25T03:00:00+00:00,SAC,MIN,1,1.0,-121.76151885658419,-6.580400568113959,6.766120588375017,0.6238528138527926,-0.027094435778169723,-0.007766684867112711,-0.048550123484588315,-0.033067745778403046,-0.29978354978354976,-10.89093867628862,-1,0.0,1,0.41903268666473265,2025-11-24,0.31098917020970157,0.5654642618570475
401809799,2026,2025-11-25,2025-11-26T00:00:00+00:00,WSH,ATL,1,1.0,-252.8977984473138,-5.877086485654246,8.311375630693249,2.269523809523804,-0.026942038042082728,0.018260476118046126,0.005390273988052585,-0.02162674639492329,-0.42028985507246386,-9.3216552180949,1,0.0,-2,0.25319830710573166,2025-11-25,0.18971789904661088,0.5654642618570475
401809800,2026,2025-11-25,2025-11-26T01:00:00+00:00,PHI,ORL,0,1.0,-100.37205835344434,-1.2227883365752916,0.23363308854050047,0.7598343685299938,-0.003656628714431953,-0.0028162497910253215,0.0005832504924546122,-0.057599142059216124,0.0041407867494824835,-5.074292120406947,0,0.0,-2,0.44927066604941435,2025-11-25,0.4062345075025236,0.5654642618570475
401809801,2026,2025-11-25,2025-11-26T04:00:00+00:00,LAL,LAC,1,1.0,115.56299673943431,1.9659448238063675,-4.455934328391365,1.9250649350649383,0.016326613800586642,0.003054464002436197,0.000627722639813505,0.056853062499057805,0.3495670995670996,5.643429883693248,0,0.0,-1,0.7387350223016919,2025-11-25,0.6916356310302182,0.5654642618570475
401809802,2026,2025-11-26,2025-11-26T22:00:00+00:00,BOS,DET,1,1.0,-18.217433276891597,0.42286087699945085,2.065770457378221,-3.739090909090905,-0.010123486768726542,-0.022015471478450094,-0.002858393693398409,-0.08335306795692962,-0.2727272727272727,0.5704918659782123,1,0.0,0,0.5669215639764704,2025-11-26,0.610831321336838,0.5654642618570475
401809803,2026,2025-11-26,2025-11-27T00:00:00+00:00,CHA,NY,0,1.0,-257.10172484661734,-3.3455112361988313,3.8983140320827516,0.14307359307360912,-0.0072564508873912414,0.018967158440192616,-0.002025825925327296,0.017133129886289344,-0.29978354978354976,-5.209554594971444,1,0.0,1,0.24864979139055698,2025-11-26,0.28010335951339593,0.5654642618570475
401809804,2026,2025-11-26,2025-11-27T00:30:00+00:00,MIA,MIL,1,1.0,26.35346736660722,0.43522031552380724,-6.179033854796231,4.658260869565197,-0.02475849834624244,-0.0048882588595004495,0.031654262310864684,0.03589306214740745,0.17391304347826092,13.03129539757544,0,0.0,0,0.6285200018596997,2025-11-26,0.6458724380439669,0.5654642618570475
401809805,2026,2025-11-26,2025-11-27T00:30:00+00:00,TOR,IND,1,1.0,66.33561466716219,9.783464248094731,-4.723230500692523,-2.098695652173916,0.07216240271314911,-0.0013947594390594231,-0.023272086366578487,-0.014832436046182895,0.4693675889328063,9.881860127272063,0,0.0,1,0.6804908733032244,2025-11-26,0.7670396618028106,0.5654642618570475
401809806,2026,2025-11-26,2025-11-27T00:30:00+00:00,OKC,MIN,1,1.0,186.69266114633228,2.3030268020054905,-6.940825091090218,0.08687747035573068,0.003909032684634384,-0.01620774428748288,-0.021567669874698686,-0.02663723680965846,0.2796442687747035,8.473025063764522,1,0.0,1,0.8098228361516406,2025-11-26,0.8144375895393174,0.5654642618570475
401809807,2026,2025-11-26,2025-11-27T01:00:00+00:00,NO,MEM,0,1.0,-129.62818170268292,-0.17536820945856846,5.3155875720377,-1.1965217391304321,0.002358551315108648,0.007519655239639184,0.033085768582693964,0.004276471744525334,-0.13043478260869562,-5.069896090226512,0,0.0,0,0.4080506609892328,2025-11-26,0.3738665946876175,0.5654642618570475
401809808,2026,2025-11-26,2025-11-27T03:00:00+00:00,GS,HOU,0,1.0,-56.65761067309609,-6.655322328475691,1.0461538468282896,1.7418333333333322,-0.003974955250034218,0.008781621137041812,-0.1036110393775978,-0.006976829497782999,-0.15416666666666667,-4.8484978648332655,0,0.0,4,0.5120033565834131,2025-11-26,0.47609482269213094,0.5654642618570475
401809809,2026,2025-11-26,2025-11-27T03:00:00+00:00,POR,SA,0,1.0,-6.662790144200471,-1.8897265063946946,4.270161135697506,2.6516770186335066,-0.03740877074455018,-0.000659861161347447,0.04344826810572172,-0.00975394431725446,-0.18633540372670815,-4.901012165531146,-1,0.0,2,0.5831738164492067,2025-11-26,0.4984995607669457,0.5654642618570475
401809810,2026,2025-11-26,2025-11-27T03:00:00+00:00,SAC,PHX,0,1.0,-46.28854859598823,-5.151594759883736,6.3133597057687325,1.4530434782608523,-0.02080140922037277,-0.019107309441242865,-0.08019764925984832,0.014495081223437706,-0.26086956521739135,-5.811942059431466,0,0.0,0,0.5269019388962242,2025-11-26,0.4153109941189363,0.5654642618570475
401809811,2026,2025-11-28,2025-11-29T00:30:00+00:00,ATL,CLE,1,1.0,-93.12367872546906,0.21874854231553797,1.628864584686383,-1.2675000000000267,0.014423242293745253,0.002865243973420556,-0.018253507668698238,-0.019770377940337147,-0.04166666666666663,-3.112838639307479,-1,0.0,0,0.45961493976619405,2025-11-28,0.4629297001756828,0.5654642618570475
401809812,2026,2025-11-28,2025-11-29T00:30:00+00:00,BKN,PHI,0,1.0,-70.91347602179371,-2.568400016916385,4.858850569009832,-3.273636363636342,-0.013162166808198261,-0.00030492250221691997,-0.02119917031661203,0.020760158812061724,-0.2727272727272727,3.9068262842112387,1,0.0,0,0.4914906455978051,2025-11-28,0.462930417139224,0.5654642618570475
401809813,2026,2025-11-28,2025-11-29T00:30:00+00:00,CHA,CHI,1,1.0,-202.58583556609983,-0.7334191314061798,1.5850539877536534,-3.4893675889327795,-0.015206089740681938,0.010416782905563804,0.046450470682075945,0.0031982037355647863,-0.24011857707509882,-1.761329802281658,-2,0.0,1,0.3117377324478071,2025-11-28,0.3767664332612496,0.5654642618570475
401809814,2026,2025-11-28,2025-11-29T00:30:00+00:00,DET,ORL,0,1.0,69.29934440884949,-0.5584506887542489,-1.5712507792773778,0.19601449275360494,0.0030740276910502518,-0.0018998068923715972,0.014093310701444317,-0.030853251478285437,0.19836956521739135,-3.818532256388234,-1,0.0,-1,0.6841887643124778,2025-11-28,0.5852835773671445,0.5654642618570475
401809815,2026,2025-11-28,2025-11-29T00:30:00+00:00,IND,WSH,1,1.0,156.72945860736377,-3.057080126538196,-4.687024398344164,-0.22213438735175828,-0.04751572552862199,-0.01676766042863606,0.02459346201571333,0.05582595145645167,-0.008893280632411071,2.21017140667671,-1,0.0,1,0.7818324928910714,2025-11-28,0.7435870397093197,0.5654642618570475
401809816,2026,2025-11-28,2025-11-29T00:30:00+00:00,NY,MIL,1,1.0,69.61147805000587,4.471180055548729,-3.029202058901589,-0.5323484848484838,-0.01928793041448973,-0.0068934004395014015,0.08132019183513894,0.018926106291470207,0.17613636363636365,7.716987046263032,0,0.0,-2,0.6845768753278588,2025-11-28,0.670573607646524,0.5654642618570475
401809817,2026,2025-11-28,2025-11-29T02:30:00+00:00,OKC,PHX,1,1.0,232.19244337256032,3.1355981311600942,-6.402548166474233,0.9125000000000085,0.008116597664478142,-0.028136236942883946,-0.05899514266107833,0.02660225596348134,0.25,8.084411706050302,0,0.0,0,0.8469370666680652,2025-11-28,0.850643006364962,0.5654642618570475
401809818,2026,2025-11-28,2025-11-29T02:30:00+00:00,DEN,SA,0,1.0,110.96425752295954,4.763863472062667,1.9920080266617504,-0.2554545454545405,0.010891267117426717,-0.01483173202847099,0.005419036198334948,-0.005088479181006189,0.045454545454545525,-2.2778406242054046,2,0.0,0,0.7335934937382328,2025-11-28,0.7153608236008402,0.5654642618570475
401809819,2026,2025-11-28,2025-11-29T02:30:00+00:00,UTAH,SAC,1,1.0,-111.6094721569068,2.664209876411391,-0.5599523874295329,1.7323484848485151,-0.003938226469924033,0.019494816864333187,0.07703392952530083,0.03003502744063652,0.028409090909090884,-0.29010044113847133,2,0.0,-2,0.43332309299349825,2025-11-28,0.4534899772276581,0.5654642618570475
401809820,2026,2025-11-28,2025-11-29T03:00:00+00:00,LAL,DAL,1,1.0,226.88598149601194,10.187424025556922,2.8799731213177893,-3.2299242424242323,0.0549134960297456,-0.0017333564140649405,0.022644636278220803,0.0265977740217187,0.3920454545454546,10.200597859233673,-1,0.0,-2,0.8429350870594021,2025-11-28,0.7873458117500707,0.5654642618570475
401809821,2026,2025-11-28,2025-11-29T03:00:00+00:00,LAC,MEM,0,1.0,19.47101919276247,2.5587627199479215,4.3615489273510235,-3.168478260869577,0.03230068012069642,0.013620790160482732,-0.006066876311472236,0.005433849831845583,-0.06974637681159418,-7.653764084430032,1,0.0,-1,0.6192236388859357,2025-11-28,0.5817249048204255,0.5654642618570475
401810148,2026,2025-11-29,2025-11-29T22:00:00+00:00,MIN,BOS,1,1.0,-37.176153234458525,-0.9566814026923396,-0.5666827291685195,3.5973913043478376,0.014126695984622573,0.025296783341066664,-0.02013743636777504,0.08155259310063523,0.0,-0.22353513131672975,0,0.0,0,0.5399563525605463,2025-11-29,0.5292085213757498,0.5654642618570475
401810149,2026,2025-11-29,2025-11-29T23:00:00+00:00,CHA,TOR,1,1.0,-211.0956805736364,-2.6373833668850466,6.378480573827147,-0.05916666666665549,-0.02160419895017307,0.01584634885922684,0.04011060771467295,-0.011988143726286704,-0.375,-10.880467416216167,-2,1.0,0,0.3013254057110325,2025-11-29,0.22618284902460054,0.5654642618570475
401810150,2026,2025-11-29,2025-11-30T00:30:00+00:00,IND,CHI,1,1.0,-38.71229388323036,-6.625716359386615,-1.6812917339817801,-1.4961231884058037,-0.052644902035778096,-0.0024492135240377355,0.019920766878669588,0.024308327155643794,-0.27083333333333337,7.271196833360118,0,0.0,1,0.5377590239297866,2025-11-29,0.5293089172949718,0.5654642618570475
401810151,2026,2025-11-29,2025-11-30T01:00:00+00:00,MIA,DET,0,1.0,-43.43114676223922,-1.2927287698194334,-0.7563636344527964,3.853333333333339,0.0007091961936063207,-0.010078248539876211,-0.05733613516507294,-0.03225017915739642,-0.08333333333333326,4.10616239891865,2,-1.0,0,0.5310002607562643,2025-11-29,0.628344887943195,0.5654642618570475
401810152,2026,2025-11-29,2025-11-30T01:00:00+00:00,MIL,BKN,1,1.0,163.7494665038696,2.834236702064075,-2.7825137113989626,2.07533913043477,0.0509361490374578,-0.006100260131591706,-0.0497360761430794,-0.05919243730441526,0.18086956521739128,-0.37530569698995464,0,0.0,2,0.7886467802158581,2025-11-29,0.7994563649494543,0.5654642618570475
401810153,2026,2025-11-29,2025-11-30T01:30:00+00:00,GS,NO,1,1.0,213.00411736977662,2.2572882929022455,-7.046244593917379,0.6040666666666681,0.027096539631117356,0.011229737748178897,-0.03236208785170666,0.007114364173432586,0.27083333333333337,0.6680550329420569,0,0.0,1,0.8320631524612865,2025-11-29,0.8304438952359683,0.5654642618570475
401810154,2026,2025-11-29,2025-11-30T02:00:00+00:00,PHX,DEN,0,1.0,-87.90671684679955,-6.135191997694804,-1.8902812710166188,0.35926956521738873,-0.020095832144517045,0.020410454133009792,0.012278953880229537,-0.04131176742369222,-0.0939130434782609,-1.6273190014420507,0,0.0,2,0.46708226713814127,2025-11-29,0.436835948619362,0.5654642618570475
401810155,2026,2025-11-29,2025-11-30T03:00:00+00:00,LAC,DAL,0,1.0,91.62921112973868,6.503834303684471,6.645761075449087,-4.6865999999999985,0.03271074462656598,-0.0025501750914740107,0.008588540558390562,-0.026136225891357,0.012500000000000011,-2.904189258991309,0,0.0,-1,0.7112843974129177,2025-11-29,0.6549069153142859,0.5654642618570475
401810156,2026,2025-11-30,2025-11-30T20:00:00+00:00,UTAH,HOU,0,1.0,-268.10433615577927,-6.781669950800747,6.307820925048958,4.274616977225691,-0.016265436058951477,0.012661778771995702,-0.06312590885580044,0.011133101116229394,-0.32091097308488614,-9.05927806263154,-2,0.0,2,0.23700639212107202,2025-11-30,0.20517520403038997,0.5654642618570475
401810157,2026,2025-11-30,2025-11-30T23:00:00+00:00,CLE,BOS,0,1.0,8.688536826417021,-1.9651529807451311,-1.0822848409415968,4.611766666666682,0.003182431746803882,0.018451374847940558,-0.0286482413221974,0.059108005541008896,0.05916666666666659,-1.582287178775617,1,-1.0,1,0.604484324199759,2025-11-30,0.6278460046391753,0.5654642618570475
401810158,2026,2025-11-30,2025-11-30T23:00:00+00:00,NY,TOR,1,1.0,62.46874495678185,2.354695315388298,1.8033230893407364,-0.8274086956521671,-0.005735276787696586,-0.0027073504852505315,0.040734932601144386,-0.02018947053031961,-0.029565217391304355,-0.45761000932657403,1,-1.0,-2,0.6756318256654933,2025-11-30,0.6882030076609322,0.5654642618570475
401810159,2026,2025-11-30,2025-11-30T23:00:00+00:00,PHI,ATL,0,1.0,-104.8975082178747,-1.185904799995697,0.6626942143200552,0.5487652173913062,-0.024308819319831976,0.00480865306677708,0.0399762767064398,0.01704687444469727,-0.03652173913043477,-3.6890712061182995,0,0.0,-2,0.4428339307912033,2025-11-30,0.39146142727602895,0.5654642618570475
401810160,2026,2025-11-30,2025-11-30T23:00:00+00:00,POR,OKC,0,1.0,-276.6903743094017,-4.568763249891489,9.932896744594174,1.3839333333333315,-0.0369605374342189,0.026622489655450943,0.07923589915549528,0.011500952199064773,-0.4225,-10.764077791227027,2,0.0,-1,0.22818507573195057,2025-11-30,0.16868582937954588,0.5654642618570475
401810161,2026,2025-11-30,2025-12-01T00:00:00+00:00,MIN,SA,1,1.0,43.8686282143517,-0.8165334931347559,0.7320649601276585,0.6098550724637732,-0.0005711053382834175,-0.0008361108251162264,-0.015641335231053488,0.002298839648555373,-0.11141304347826086,-2.342302730535633,-1,1.0,1,0.6517404128479569,2025-11-30,0.5634824866619954,0.5654642618570475
401810162,2026,2025-11-30,2025-12-01T02:00:00+00:00,SAC,MEM,0,1.0,-47.35475889289455,-1.4112190822807946,4.471193898757406,0.43600000000000705,0.01285767791879866,-0.0013117470568702327,-0.04049828751067322,-0.007460281729237239,-0.12,-9.693830871157246,0,0.0,0,0.5253717329514898,2025-11-30,0.46434612413964343,0.5654642618570475
401810163,2026,2025-11-30,2025-12-01T02:30:00+00:00,LAL,NO,1,1.0,297.93485839196774,6.8704565538042885,-4.963712789264278,-0.24859130434779786,0.05994409141814494,0.008831870695898553,-0.03272978763432774,0.05326500186992783,0.4973913043478261,8.920130730788031,1,-1.0,-2,0.8898510929536971,2025-11-30,0.8951023765492423,0.5654642618570475
401810164,2026,2025-12-01,2025-12-02T00:00:00+00:00,DET,ATL,1,1.0,60.99445958749129,0.4574684825088582,-1.5356000179715323,0.19999999999998863,-0.013880175501512548,0.006915662167778752,0.05634679173758969,0.045111786945223276,0.12,-0.051457628653736265,1,-1.0,0,0.6737691776703448,2025-12-01,0.6838139527235703,0.5654642618570475
401810165,2026,2025-12-01,2025-12-02T00:00:00+00:00,IND,CLE,0,1.0,-122.91439349739426,-7.7097383248604245,1.7445696082776152,0.4871999999999872,-0.04587998882409655,-0.0010344608319102777,-0.011429804584831393,0.0136660599922091,-0.31999999999999995,1.0849497234086158,1,-1.0,0,0.4174179470857931,2025-12-01,0.44126593277123877,0.5654642618570475
401810166,2026,2025-12-01,2025-12-02T00:00:00+00:00,WSH,MIL,1,1.0,-210.7027029143694,-4.673394437926305,4.336913381325857,2.7555130434782455,-0.03714145981398642,0.013264841058258453,0.020827601899828546,0.002607466078031001,-0.2243478260869565,-3.6352599119388147,1,0.0,-2,0.3018018688477577,2025-12-01,0.23577644772741735,0.5654642618570475
401810167,2026,2025-12-01,2025-12-02T00:30:00+00:00,BKN,CHA,1,1.0,-4.587492177584636,-3.079916539449954,2.255983282399285,-2.54549999999999,-0.010718359183645165,0.0004954546643718694,-0.03169335186430128,0.02135656407727221,-0.11083333333333337,-1.3067365769660424,0,0.0,-1,0.5860748496211186,2025-12-01,0.5028770727112744,0.5654642618570475
401810168,2026,2025-12-01,2025-12-02T00:30:00+00:00,MIA,LAC,1,1.0,59.09523718909418,1.3496502825801429,-7.393593127559598,6.863199999999992,0.00277425793367736,-0.015531468395859949,-0.0032154036808708097,0.0029705180212620808,0.32,7.132855658942823,0,0.0,0,0.6713615508755565,2025-12-01,0.6862194290524132,0.5654642618570475
401810169,2026,2025-12-01,2025-12-02T00:30:00+00:00,ORL,CHI,1,1.0,60.57248797669013,2.3429678609685,-3.756315584076731,-2.528999999999968,-0.009345597239327041,0.003343258603825089,0.04284512052981168,0.06898131799152118,0.10083333333333327,12.161671020587395,1,0.0,1,0.6732350338590462,2025-12-01,0.7108202759686802,0.5654642618570475
401810170,2026,2025-12-01,2025-12-02T02:00:00+00:00,DEN,DAL,0,1.0,208.23195846615135,14.301486629856115,3.18379970792067,-3.363100000000003,0.060892527517822814,-0.012651051908431299,0.05303648287795645,-0.009447747651842975,0.3475,3.8871622080771773,0,0.0,-1,0.8281894599536375,2025-12-01,0.8245643200367112,0.5654642618570475
401810171,2026,2025-12-01,2025-12-02T02:00:00+00:00,UTAH,HOU,1,1.0,-277.58459184062235,-7.683183405205469,7.231665884900806,4.092272727272714,-0.019860296342464112,0.01336730957324328,-0.06812296602336598,0.0016058267774232693,-0.3503787878787879,-12.909940756585485,0,0.0,2,0.22727977869547106,2025-12-01,0.18449995811860131,0.5654642618570475
401810172,2026,2025-12-01,2025-12-02T03:00:00+00:00,LAL,PHX,0,1.0,119.50391727247734,2.688163879241131,1.3409705967544596,-0.14819999999998856,0.022263496566607532,-0.0033345864834730954,-0.038459971759996575,0.0856837278575098,0.1891666666666666,7.8815181283290086,-1,1.0,-1,0.7430897298380685,2025-12-01,0.6080045034168914,0.5654642618570475
401810173,2026,2025-12-02,2025-12-03T00:00:00+00:00,PHI,WSH,1,1.0,110.47863262165424,3.7710585131958254,-6.684483749666953,-0.0549999999999784,-0.002762904711702596,-0.00976207411049343,0.03157792408275231,0.04054766782486166,0.29166666666666674,0.8274412912951217,1,-1.0,0,0.7330468047200429,2025-12-02,0.8005315901139541,0.5654642618570475
401810174,2026,2025-12-02,2025-12-03T00:30:00+00:00,TOR,POR,1,1.0,30.59976128681319,1.749959552538229,-3.572951468720589,-2.8096000000000174,0.028770784237933555,-0.01591816045205849,-0.060080669069261544,-0.01707268530291345,0.2,2.4535164162604657,0,0.0,0,0.6342090097474641,2025-12-02,0.6617355596562726,0.5654642618570475
401810175,2026,2025-12-02,2025-12-03T01:00:00+00:00,BOS,NY,1,1.0,17.91480300982448,-1.664522767274633,0.985677653678863,-2.3325999999999993,-0.005466057628357612,-0.013184654118172615,-0.010630180504955955,-0.034954146371197176,-0.10583333333333333,-5.899374402526795,0,0.0,1,0.617109155311865,2025-12-02,0.5908622353536377,0.5654642618570475
401810176,2026,2025-12-02,2025-12-03T01:00:00+00:00,NO,MIN,0,1.0,-249.29856177486727,-5.84387323569787,6.899895737674996,-0.944800000000015,-0.047223312010547525,-0.0030301748574956267,0.019147515256063175,-0.019395257008166633,-0.36,-3.475156467224508,0,0.0,0,0.25713601068291475,2025-12-02,0.21010453510680493,0.5654642618570475
401810177,2026,2025-12-02,2025-12-03T01:00:00+00:00,SA,MEM,1,1.0,17.0957194037328,5.824032923927831,-0.9870070094409442,-1.0037000000000091,0.04282630101207596,0.0038912830263680143,0.0076562870153030205,0.03548508679245799,0.22583333333333339,-1.2249102155040106,0,0.0,-1,0.6159944502601412,2025-12-02,0.6401308226797501,0.5654642618570475
401810178,2026,2025-12-02,2025-12-03T04:00:00+00:00,GS,OKC,0,1.0,-213.1326355523306,-5.833161208455934,6.453020658009592,-0.2728000000000037,-0.022512094000298966,0.025283696901889613,0.02458150367548101,-0.009221042928029277,-0.36,-7.445094807908017,1,0.0,0,0.29886258774405805,2025-12-02,0.2454725863798253,0.5654642618570475
401810179,2026,2025-12-03,2025-12-04T00:00:00+00:00,CLE,POR,0,1.0,124.13137883199306,1.9874323542876056,-3.288196573880157,-1.187999999999974,0.016054232925987733,-0.01747436901980365,-0.03493984620906432,-0.02616009776051642,0.15999999999999998,4.971053282473115,1,-1.0,0,0.7481420698845961,2025-12-03,0.7995539413429572,0.5654642618570475
401810180,2026,2025-12-03,2025-12-04T00:00:00+00:00,IND,DEN,0,1.0,-146.41924046257623,-13.975019637951277,0.29537333354616635,1.478400000000022,-0.07568906877337273,0.0031261703433814736,-0.023731839440015612,0.0029194951027718408,-0.4,0.08770996147428312,0,0.0,0,0.38492710194794666,2025-12-03,0.28620470585194474,0.5654642618570475
401810181,2026,2025-12-03,2025-12-04T00:00:00+00:00,ORL,SA,0,1.0,22.943015284434523,-0.7875727884000554,-0.55416595573206,0.8184000000000111,-0.01885958377150665,0.0021581544837312727,0.011987555870938915,0.038999052304537485,-0.08000000000000007,4.925533824350879,1,-1.0,0,0.6239247918281277,2025-12-03,0.6773213730428289,0.5654642618570475
401810182,2026,2025-12-03,2025-12-04T00:30:00+00:00,ATL,LAC,0,1.0,62.82008732998838,1.8109315181349217,-5.233531588483672,2.3471999999999866,0.018978965039166074,-0.010142175086811422,-0.0035302592882471284,-0.032286425693248744,0.27999999999999997,5.382534930298048,0,0.0,0,0.6760749036538742,2025-12-03,0.6825646473911917,0.5654642618570475
401810183,2026,2025-12-03,2025-12-04T00:30:00+00:00,NY,CHA,1,1.0,252.7254913593647,6.122210768855098,-3.985110793907708,-1.0400000000000063,0.022205731185482303,-0.014383887905916548,0.02139927908093814,-0.014250117533993523,0.32,9.63715270430283,-1,1.0,0,0.8616395689387353,2025-12-03,0.8091177271521378,0.5654642618570475
401810184,2026,2025-12-03,2025-12-04T01:00:00+00:00,CHI,BKN,0,1.0,141.61072330401635,2.7966789767383915,-2.8318357162533943,5.555999999999983,0.02654361065339894,-0.005984984906459434,-0.015821481053122616,-0.02714896015004087,0.2,1.7116493192837128,0,0.0,0,0.7666242426231731,2025-12-03,0.7491513981239941,0.5654642618570475
401810185,2026,2025-12-03,2025-12-04T01:00:00+00:00,HOU,SAC,1,1.0,178.9550983544932,10.333430581389436,-6.899210940940208,-2.1791652173913008,0.01728965944447669,0.008108164030141224,0.13855413780552459,0.03474724883215913,0.3739130434782609,6.273973524915417,-1,0.0,-2,0.8028682643630954,2025-12-03,0.8332988563349489,0.5654642618570475
401810186,2026,2025-12-03,2025-12-04T01:00:00+00:00,MIL,DET,1,1.0,-117.83379643698163,-1.6016705240500073,6.0214718090443,-1.6791999999999945,0.02635930818031562,-0.010238919402907914,-0.09098773900799154,-0.06451889937634628,-0.4,-1.2415845539228456,0,0.0,0,0.4245467699587702,2025-12-03,0.47409801834585186,0.5654642618570475
401810187,2026,2025-12-03,2025-12-04T01:30:00+00:00,DAL,MIA,1,1.0,-112.28205220573227,-6.454694163393469,0.7697148728786232,-2.448000000000036,-0.02893127817314367,0.011375863200039693,-0.007398568053903043,0.01917746168823914,-0.28,-3.6466630630068977,0,0.0,0,0.432372631809813,2025-12-03,0.403736658358832,0.5654642618570475
401810188,2026,2025-12-04,2025-12-05T00:00:00+00:00,PHI,GS,1,1.0,-126.0744027064627,1.8803271003594233,1.3486641586393802,2.0712000000000046,-0.0013781394111386236,-0.012650930403014765,0.014411047944506428,0.009036099938450837,0.08000000000000002,-2.7752079290572835,0,0.0,0,0.4130011403421978,2025-12-04,0.4147129728669948,0.5654642618570475
401810189,2026,2025-12-04,2025-12-05T00:00:00+00:00,WSH,BOS,0,1.0,-312.13912622840985,-8.291687887366379,6.522634339307189,5.624799999999993,-0.014042216282065256,0.031662159379981056,-0.05032369415358187,0.027502964051893453,-0.36,-4.82740571889072,0,0.0,0,0.1942469262723201,2025-12-04,0.15761944856910454,0.5654642618570475
401810190,2026,2025-12-04,2025-12-05T00:30:00+00:00,BKN,UTAH,0,1.0,-16.112166546014805,-1.8301101310316312,-0.29882943878477874,-5.338399999999993,-0.001816947447011108,-0.007575033556591837,-0.040795197484236545,-0.008160365220343191,-0.08000000000000002,0.7998251938990975,-2,1.0,0,0.5698945644169091,2025-12-04,0.4892387919267892,0.5654642618570475
401810191,2026,2025-12-04,2025-12-05T00:30:00+00:00,TOR,LAL,0,1.0,-100.32401135929217,-2.187973467168348,-2.965788499580526,0.1863999999999919,-0.022278147357426725,-0.015631128338612826,0.0006862093576894823,-0.058054117975313624,-0.039999999999999925,-3.865893469001493,-1,0.0,0,0.44933910042105446,2025-12-04,0.47237822862017176,0.5654642618570475
401810192,2026,2025-12-04,2025-12-05T01:00:00+00:00,NO,MIN,0,1.0,-259.5840022021839,-6.110424924161947,6.828689134416578,-0.8496000000000095,-0.04281226872633237,0.00010835030478995034,0.014825795456082536,-0.01596045996632084,-0.36,-3.016175938536364,0,0.0,0,0.24598984954049502,2025-12-04,0.20322264686553296,0.5654642618570475
401810193,2026,2025-12-05,2025-12-06T00:00:00+00:00,BOS,LAL,1,1.0,-11.725582813568508,1.1946624823482352,-1.441340064222402,-2.4495999999999896,-0.019104757698707564,-0.030365271737264624,0.042870359575927275,-0.107988985648728,-0.12,2.5699059859649043,0,0.0,0,0.5760727750675989,2025-12-05,0.6316258446534085,0.5654642618570475
401810194,2026,2025-12-05,2025-12-06T00:00:00+00:00,ORL,MIA,1,1.0,10.955940008585458,1.8816672361373037,0.9594437912124505,-3.665600000000012,-0.004794329656404139,0.007814315923917958,0.0443143564276286,0.05011782118417524,-0.040000000000000036,2.448758904265597,0,0.0,0,0.607600594848997,2025-12-05,0.6032853478812678,0.5654642618570475
401810195,2026,2025-12-05,2025-12-06T00:30:00+00:00,ATL,DEN,0,1.0,-93.46305579839373,-7.846215006889921,-2.1131076066266132,1.9568000000000012,-0.017391557839368743,0.005232507726169955,-0.054531411734579316,-0.04488946557892792,-0.12,-6.196489577053988,0,0.0,0,0.45912976158000124,2025-12-05,0.4067248523616369,0.5654642618570475
401810196,2026,2025-12-05,2025-12-06T00:30:00+00:00,CLE,SA,1,1.0,39.43398834935897,-0.9092364832975903,-0.332966000345678,1.0040000000000049,-0.015950407006783518,-0.011990664234099363,0.0032624583352105496,-0.03082033662623318,-0.12,-2.565956025661322,0,0.0,0,0.6459240209247674,2025-12-05,0.6296234981613451,0.5654642618570475
401810197,2026,2025-12-05,2025-12-06T00:30:00+00:00,DET,POR,1,1.0,106.26827870954753,1.7819057077369393,-5.132251430734229,-0.7584000000000088,0.02445140293312742,0.0009236757255475236,-0.012515077077439929,0.003104974795613724,0.32,-0.7330036946244874,0,0.0,0,0.7282772292264201,2025-12-05,0.7063494731711076,0.5654642618570475
401810198,2026,2025-12-05,2025-12-06T00:30:00+00:00,NY,UTAH,1,1.0,200.68064345620292,6.917161160071387,-4.479131383302914,-4.434400000000011,0.026181858590951346,-0.02320982828833032,0.01459736045570681,-0.04932260583584319,0.24,8.259253972147317,1,-1.0,0,0.8219156885000507,2025-12-05,0.8839739482451717,0.5654642618570475
401810199,2026,2025-12-05,2025-12-06T00:30:00+00:00,TOR,CHA,0,1.0,186.03608274082012,3.0841095849558116,-5.690337050842956,-0.6024000000000171,0.026677818370673734,-0.009900178979222796,-0.021799577090117317,0.004980659789908581,0.36000000000000004,1.4545284850464526,-1,1.0,0,0.8092400636975391,2025-12-05,0.7369851578166107,0.5654642618570475
401810200,2026,2025-12-05,2025-12-06T01:00:00+00:00,CHI,IND,0,1.0,14.401771645814051,4.650831775510866,0.6220176264732231,2.5343999999999767,0.043978240178698946,0.003375116129949951,-0.024721862989886628,-0.031409784774293736,0.15999999999999998,-3.7077486276819416,0,0.0,0,0.612319661671234,2025-12-05,0.6162850838589155,0.5654642618570475
401810201,2026,2025-12-05,2025-12-06T01:00:00+00:00,HOU,PHX,1,1.0,91.23324352887448,4.05737666548886,-1.1729142118154385,-0.7056333333333384,-0.010900751358528527,-0.005922176455019107,0.07587062685717533,0.048274704149638054,0.10750000000000004,8.974681062387345,-2,0.0,-1,0.7108160825913189,2025-12-05,0.6934674403017095,0.5654642618570475
401810202,2026,2025-12-05,2025-12-06T01:00:00+00:00,MEM,LAC,1,1.0,15.402208884577249,-0.9889048862019365,-3.945015767880207,1.592800000000011,-0.01776559533274813,-0.007475911720780243,0.027242296706853436,-0.021916217540381422,0.12,1.8931311270832225,1,0.0,0,0.6136858654944023,2025-12-05,0.592215107480127,0.5654642618570475
401810203,2026,2025-12-05,2025-12-06T01:00:00+00:00,MIL,PHI,0,1.0,66.72616854869489,0.8047088012154973,3.598473974647007,-2.6303999999999945,0.0408562312584595,-0.0032155432168800846,-0.06154169859479511,-0.03215632837786517,-0.12000000000000005,1.9732618112332247,1,-1.0,0,0.6809794872433216,2025-12-05,0.7322047252839523,0.5654642618570475
401810204,2026,2025-12-05,2025-12-06T02:30:00+00:00,OKC,DAL,1,1.0,331.92317368907015,10.29343219960731,-5.2935956550504955,-2.4055999999999784,0.04764162612151046,-0.015217190115848378,-0.003636882749111864,-0.0079837601232145,0.48,4.9288015093215805,1,0.0,0,0.9076164929331237,2025-12-05,0.9083160168432088,0.5654642618570475
401810205,2026,2025-12-06,2025-12-06T22:00:00+00:00,BKN,NO,1,1.0,20.86597719591441,-1.077587519512548,-2.129961023800334,-2.8031999999999755,-0.001495716699626115,0.00804937023006122,-0.020932769106934868,0.029472947508333014,0.07999999999999999,1.8289910659825748,0,0.0,0,0.6211151827821026,2025-12-06,0.5886791363959359,0.5654642618570475
401810206,2026,2025-12-06,2025-12-07T00:00:00+00:00,WSH,ATL,0,1.0,-213.0847907509517,-6.0848329392836575,8.730837382790895,0.9551999999999765,-0.032596638453626925,0.014240117214519205,0.010149794296642284,0.0028423340160379784,-0.36,-6.218736892373866,1,-1.0,0,0.29892030281099674,2025-12-06,0.2683218976651507,0.5654642618570475
401810207,2026,2025-12-06,2025-12-07T00:30:00+00:00,CLE,GS,0,1.0,53.96632437244307,4.513908847296989,2.840099650848657,1.3375999999999806,0.009732501270114602,-0.021619846123806644,0.01884894300844092,0.004267871854422234,0.08000000000000002,0.07079766569696633,-1,1.0,0,0.6648147826034695,2025-12-06,0.5649430607633419,0.5654642618570475
401810208,2026,2025-12-06,2025-12-07T00:30:00+00:00,DET,MIL,1,1.0,113.8697123956706,2.2902285169767964,-5.705210684003291,1.6936000000000035,-0.022506186454023802,0.007397371668810798,0.08159248432387514,0.07420738865985502,0.36,0.8889205316985169,0,0.0,0,0.7368493604167018,2025-12-06,0.6789151985817656,0.5654642618570475
401810209,2026,2025-12-06,2025-12-07T01:00:00+00:00,MIA,SAC,0,1.0,88.7486846584884,4.992542061613307,-7.704539690193982,3.0504000000000104,0.020768952449053635,-0.003832680627512186,0.010564960330503331,0.013138443330321548,0.31999999999999995,5.497007019710473,-2,1.0,0,0.707867316077622,2025-12-06,0.7022319272780837,0.5654642618570475
401810210,2026,2025-12-06,2025-12-07T01:00:00+00:00,MIN,LAC,1,1.0,115.76585087812055,5.099929333137311,-5.289768141556877,2.726399999999998,0.029550279705815807,-0.0023915586200464467,0.023086844510526117,0.015997240132055,0.36,3.4233596919583444,1,-1.0,0,0.7389603363922984,2025-12-06,0.8027690745740194,0.5654642618570475
401810211,2026,2025-12-06,2025-12-07T01:30:00+00:00,DAL,HOU,1,1.0,-187.4520009860969,-10.51025528978684,2.1275325445724604,2.8160000000000025,-0.025300082543599944,-0.002263709659773405,-0.12058973471025072,-0.013442108719970314,-0.31999999999999995,-7.745557658801161,0,0.0,0,0.330728860818203,2025-12-06,0.27472728108830147,0.5654642618570475
401810212,2026,2025-12-07,2025-12-07T17:00:00+00:00,NY,ORL,1,1.0,36.461570180216086,3.69629832485181,1.5944535351701177,-1.525599999999983,0.01887414188923664,-0.004351841348409907,0.02005735920880075,-0.06754573305115819,0.0,2.8570110596684923,0,0.0,0,0.6420010182262937,2025-12-07,0.6477584030018472,0.5654642618570475
401810213,2026,2025-12-07,2025-12-07T20:30:00+00:00,TOR,BOS,0,1.0,-131.2353383351649,-5.764513777460309,-2.2857618823739188,2.915999999999997,-0.01372506692698272,0.018656653937282205,-0.03641081330490381,0.051005427183829555,0.0,-12.42189686149586,0,0.0,0,0.40581791073498746,2025-12-07,0.35612938200079686,0.5654642618570475
401810214,2026,2025-12-07,2025-12-07T23:00:00+00:00,CHA,DEN,0,1.0,-281.4273077626783,-11.052527460604352,1.1713194788318475,0.6456000000000301,-0.05527038959093045,0.020210487720275006,-0.007759200852285875,-0.017736202650123434,-0.39999999999999997,-1.395782825720707,0,0.0,0,0.22341835590449882,2025-12-07,0.19939574664770363,0.5654642618570475
401810215,2026,2025-12-07,2025-12-07T23:00:00+00:00,MEM,POR,1,1.0,22.99800856294428,-2.9538236596038416,-2.9019841017269954,-1.7824000000000382,-0.0013494382639486213,-0.00608066149302533,-0.05440342194341974,-0.0505419695879738,0.0,3.6696192565103942,0,0.0,0,0.6239990689753688,2025-12-07,0.6081116610701474,0.5654642618570475
401810216,2026,2025-12-07,2025-12-08T00:00:00+00:00,CHI,GS,0,1.0,-96.60292447083452,3.0045421462532573,7.035594424370956,3.5424000000000007,0.02151450207888994,-0.008590446054018486,-0.014026319926667696,0.011628754145576126,-0.08000000000000002,-3.434622410602961,1,-1.0,0,0.45464475383283,2025-12-07,0.5090516021348852,0.5654642618570475
401810217,2026,2025-12-07,2025-12-08T00:30:00+00:00,PHI,LAL,0,1.0,-172.75477569790155,-3.9120173322844494,-3.1618745852384365,2.269600000000011,-0.033752600193715177,-0.007276961138742599,0.014367518483199282,-0.06083915078298113,-0.15999999999999992,5.404029258025498,0,0.0,0,0.3497163282653901,2025-12-07,0.4080531688915543,0.5654642618570475
401810218,2026,2025-12-07,2025-12-08T01:00:00+00:00,UTAH,OKC,0,1.0,-396.7324039766622,-6.91638754035597,13.172630906064668,3.6543999999999954,-0.045752829945413076,0.0274708918281394,0.059674479047936685,0.030765861516462822,-0.48,-8.411421621607381,0,0.0,0,0.12902521004679735,2025-12-07,0.0834492051002804,0.5654642618570475
401810219,2026,2025-12-08,2025-12-09T00:00:00+00:00,IND,SAC,1,1.0,14.742812397922762,-0.269610089064372,-3.237551779216261,-0.5183999999999713,-0.016118966352732467,0.0035710791750745152,0.03477750150327216,0.028636746372211752,0.0,5.829840645996731,1,0.0,0,0.6127855888692136,2025-12-08,0.6305112105682964,0.5654642618570475
401810220,2026,2025-12-08,2025-12-09T00:30:00+00:00,MIN,PHX,0,1.0,72.66685860155917,1.9480566386328064,1.0210750539917655,1.145600000000016,0.013350932159424955,-0.004988272146018241,-0.03208868560038938,0.05401812001743639,0.040000000000000036,4.7904255287521265,-1,0.0,0,0.6883623296030533,2025-12-08,0.664171257845629,0.5654642618570475
401810221,2026,2025-12-08,2025-12-09T01:00:00+00:00,NO,SA,0,1.0,-222.21685087311516,-3.9521509037409714,5.850725037704635,0.20319999999999538,-0.028171966471258525,-0.000642019389149262,0.011683259761298859,-0.02205179140649499,-0.4,-3.8448983112866117,-1,0.0,0,0.2880214264287395,2025-12-08,0.2833459615111085,0.5654642618570475
401809833,2026,2025-12-09,2025-12-09T23:00:00+00:00,ORL,MIA,1,1.0,33.64928290070384,2.781801221266875,-0.8249736249449597,-3.612800000000007,-0.003898480793132375,0.002788972245466037,0.040372492994723674,0.032603972764760125,0.07999999999999996,1.352556587916216,-1,0.0,0,0.6382717561913601,2025-12-09,0.6289012412227319,0.5654642618570475
401809834,2026,2025-12-09,2025-12-10T01:30:00+00:00,TOR,NY,0,1.0,-107.24665121511907,-6.198263096615193,-2.8410287904054456,0.45760000000002776,-0.018251673181498673,0.010075505655503886,-0.026486143013342456,0.015041737464147609,0.0,-12.469693261188997,0,0.0,0,0.439500062100984,2025-12-09,0.3838521421407969,0.5654642618570475
401809835,2026,2025-12-10,2025-12-11T00:30:00+00:00,OKC,PHX,1,1.0,239.78037081974526,5.029081399859066,-4.835236910099056,0.9400000000000261,0.027421015602667742,-0.02155496282895321,-0.06187403444253095,0.03868992205961114,0.24,9.63009716188268,1,0.0,0,0.8525140592115368,2025-12-10,0.8652946073629637,0.5654642618570475
401809836,2026,2025-12-10,2025-12-11T03:00:00+00:00,LAL,SA,0,1.0,84.64451829927543,0.4892694402293216,1.0667847321184354,-1.3175999999999988,0.010924127291945251,0.007016139306691732,-0.007545160145447399,0.029497105940079926,0.07999999999999996,-0.5237346898982693,1,0.0,0,0.7029578934212488,2025-12-10,0.6342417582326887,0.5654642618570475
401836746,2026,2025-12-11,2025-12-12T01:00:00+00:00,HOU,LAC,1,1.0,142.95575626245522,6.879604654499673,-6.841835673132664,-0.22239999999999327,0.014553423624481754,0.0029565586334710237,0.12393157162440935,0.002522369911788669,0.43999999999999995,5.933487726608641,0,0.0,0,0.7680066279829859,2025-12-11,0.7789011454532496,0.5654642618570475
401836747,2026,2025-12-11,2025-12-12T01:00:00+00:00,MIL,BOS,1,1.0,-151.87866382903303,-7.096775445296913,3.229672696305414,2.5263999999999953,0.00761724418255616,0.022577063832440708,-0.08056668195384387,0.03430379117643195,-0.32,-9.190431075200408,1,0.0,0,0.37751392796210287,2025-12-11,0.3491292006786617,0.5654642618570475
401836748,2026,2025-12-11,2025-12-12T01:00:00+00:00,NO,POR,1,1.0,-167.33261725997977,-0.6416297659692418,3.076499001779169,-1.3912000000000262,0.006609735225221902,-0.014531673719980043,-0.04246216593243213,-0.03699560022243409,-0.16,-2.205313108835195,-1,0.0,0,0.3568473734066636,2025-12-11,0.38984722630257035,0.5654642618570475
401836749,2026,2025-12-11,2025-12-12T03:00:00+00:00,SAC,DEN,0,1.0,-185.70799427729798,-12.595386774026878,3.607915633029606,2.299999999999997,-0.053478244196594193,0.001966623229347847,-0.05037371922459463,-0.024767536984675653,-0.39999999999999997,-7.207538933619269,-1,0.0,0,0.33295479869729067,2025-12-11,0.23037433969978713,0.5654642618570475
401836750,2026,2025-12-12,2025-12-13T00:00:00+00:00,CHA,CHI,0,1.0,-107.95923844440676,-0.811407869615536,-1.719273678989424,-3.446399999999997,-0.016157099417402288,0.009359694880422209,0.03430529474969138,0.006050915934390222,-0.040000000000000036,5.7915743536912885,0,0.0,0,0.4384898330166155,2025-12-12,0.47183754648348736,0.5654642618570475
401836751,2026,2025-12-12,2025-12-13T00:00:00+00:00,DET,ATL,1,1.0,89.95778333544831,1.6768718225583115,-1.3564722660208304,-0.526400000000038,-0.012066028869344936,0.0037992485443203994,0.059430638147920156,0.07207281490889456,0.20000000000000007,2.2339685655184764,0,0.0,0,0.7093045247382219,2025-12-12,0.6421295567132108,0.5654642618570475
401836752,2026,2025-12-12,2025-12-13T00:00:00+00:00,PHI,IND,1,1.0,-30.497859365478007,2.074555724070663,-3.6177670705614275,1.4103999999999814,0.012414878031799637,0.006239013238807822,0.020271835233064417,-0.029911998254277206,0.15999999999999998,2.758740108137876,1,0.0,0,0.5494899964842717,2025-12-12,0.584916780799456,0.5654642618570475
401836753,2026,2025-12-12,2025-12-13T00:00:00+00:00,WSH,CLE,0,1.0,-286.02455924819947,-6.390561739957079,9.781324411340194,0.6880000000000024,-0.005405867466269587,0.029474879115625727,-0.03868711904584585,-0.00666048395973956,-0.36000000000000004,-11.703585749119407,0,0.0,0,0.21886042686609117,2025-12-12,0.15738383410340553,0.5654642618570475
401836754,2026,2025-12-12,2025-12-13T01:00:00+00:00,MEM,UTAH,0,1.0,138.40080230330636,-0.7811546421378495,-7.86369332646116,-2.60720000000002,-0.0063023888266063866,-0.005903188452343999,-0.0019256374276391819,-0.0429968242770466,0.12,10.553467781645333,0,0.0,0,0.7633020806129527,2025-12-12,0.7795512703761961,0.5654642618570475
401836795,2026,2025-12-12,2025-12-13T01:30:00+00:00,DAL,BKN,1,1.0,102.26787933688684,-0.7271002904282682,-3.911321396003572,4.027200000000008,0.003310766928837028,-0.007729005550061757,-0.017922122640765148,-0.028449670696344187,0.03999999999999998,0.5219996054904925,0,0.0,0,0.7236963215121787,2025-12-12,0.7163592332955304,0.5654642618570475
401836796,2026,2025-12-12,2025-12-13T03:00:00+00:00,GS,MIN,0,1.0,-24.218094466488083,-6.267926061197485,-1.6182662681501654,-0.7647999999999939,-0.03576436388362392,0.007461333244846713,0.0004058425494927742,-0.03771669080260648,-0.15999999999999998,0.5421098816085772,1,0.0,0,0.5584218138988647,2025-12-12,0.49955817515986184,0.5654642618570475
401809837,2026,2025-12-13,2025-12-13T22:30:00+00:00,ORL,NY,0,0.0,-52.33696581701133,-5.0782494782373675,-2.6530144750070406,1.7527999999999935,-0.028637301139021853,0.0048311954344847086,-0.029576496520917206,0.0430813468283166,-0.039999999999999925,-5.799723972364804,0,0.0,0,0.4252456345822523,2025-12-13,0.4460234741805178,0.5654642618570475
401809838,2026,2025-12-13,2025-12-14T02:00:00+00:00,OKC,SA,0,0.0,224.01612615621707,4.9207497591026055,-9.07509871749835,-0.7127999999999872,0.03356776569703357,-0.012534470389900756,-0.03748478044815226,0.001083829107692058,0.24,10.668729670726377,0,0.0,0,0.7840694007812105,2025-12-13,0.8773128501449887,0.5654642618570475
401836797,2026,2025-12-14,2025-12-14T20:00:00+00:00,IND,WSH,0,1.0,175.25021321971894,0.3170664599674211,-7.1246979013247795,-1.4687999999999732,-0.021229465259231972,-0.023007013790812686,0.0031003517783717016,0.035877528743792436,0.16000000000000003,6.30606802368416,0,0.0,0,0.7994710023433044,2025-12-14,0.798906746447351,0.5654642618570475
401836798,2026,2025-12-14,2025-12-14T23:00:00+00:00,ATL,PHI,1,1.0,60.83214790060765,2.8590614622539903,2.3037659971418805,0.20879999999999654,0.0368637538804375,0.002997273937683481,-0.028385421138941186,-0.019372987004153575,0.040000000000000036,-7.719450403397886,0,0.0,0,0.6735637721527565,2025-12-14,0.6425597989509952,0.5654642618570475
401836799,2026,2025-12-14,2025-12-14T20:30:00+00:00,CLE,CHA,0,1.0,254.1757962578563,4.298389900788223,-2.9795469951634743,1.8799999999999812,0.014431524444350363,-0.020348125012199167,0.010538454053911128,-0.007880690904180698,0.27999999999999997,3.1841710643185834,0,0.0,0,0.8626318639176672,2025-12-14,0.8306107139576656,0.5654642618570475
401836800,2026,2025-12-14,2025-12-14T23:00:00+00:00,BKN,MIL,1,1.0,-149.05109683093588,-2.016816418131242,-0.7322028153036229,-0.9992000000000019,-0.040498473869295615,0.007024623952811254,0.04080936139219005,0.059194190295705607,-0.03999999999999998,3.160477031545656,-1,0.0,0,0.3813464822928322,2025-12-14,0.37205835637961654,0.5654642618570475
401836801,2026,2025-12-14,2025-12-15T00:00:00+00:00,MIN,SAC,1,1.0,160.13753206540537,8.500251744032667,-7.000894445492904,-0.6192000000000064,0.04103215751120437,0.003689769366078205,0.033429657910259564,0.038817496492663583,0.36000000000000004,7.977073887482088,-1,0.0,0,0.7851603136480467,2025-12-14,0.838890314652618,0.5654642618570475
401836802,2026,2025-12-14,2025-12-15T02:00:00+00:00,POR,GS,1,1.0,-84.35917226425067,0.567947666388747,5.976624290029733,2.3400000000000176,-0.011949492534555906,0.004104651676230531,0.04555015744005142,0.04885739926153937,-0.12,-5.7112572750984025,1,0.0,0,0.4721687085793331,2025-12-14,0.4087610663065012,0.5654642618570475
401836804,2026,2025-12-14,2025-12-15T00:00:00+00:00,CHI,NO,0,1.0,131.11520277465888,-0.7292225344352659,-0.33804123325003843,1.7415999999999912,0.010128337680504806,0.005900895888470342,-0.033041611641003915,0.0029476159773090815,0.08000000000000002,-4.493741163013297,-1,0.0,0,0.7556413537528719,2025-12-14,0.6737777197212137,0.5654642618570475
401839699,2026,2025-12-14,2025-12-15T01:00:00+00:00,PHX,LAL,0,1.0,-78.18988485749219,-2.9364193090282527,-3.883645422232405,-0.14479999999998938,-0.023231261041955276,0.002735425877041925,0.035521066771807136,-0.0721824334940572,-0.07999999999999996,-2.1160176885695297,0,0.0,0,0.48102734362372085,2025-12-14,0.5046913675081323,0.5654642618570475
401836803,2026,2025-12-15,2025-12-16T00:00:00+00:00,BOS,DET,0,1.0,9.219294904037042,2.2407698605525184,3.7592030193155495,-4.293599999999998,0.0005829707379967353,-0.02425247571205269,-0.0041197829266066965,-0.09755978644010546,-0.16000000000000003,2.512164546546682,1,0.0,0,0.6052145582810553,2025-12-15,0.612607867330389,0.5654642618570475
401836805,2026,2025-12-15,2025-12-16T02:00:00+00:00,UTAH,DAL,1,1.0,-67.3398489469862,0.8567913211324765,6.959581866038334,1.2080000000000126,-0.00408064934043062,0.008516798949553234,0.02488681327444145,0.022468162961971183,-0.03999999999999998,-5.710115678432137,0,0.0,0,0.4966327375917188,2025-12-15,0.3887435856817174,0.5654642618570475
401836806,2026,2025-12-15,2025-12-16T02:30:00+00:00,DEN,HOU,1,1.0,14.901657565333153,2.2448826633700065,4.676720830526264,0.7967999999999904,0.0264363653336831,-0.01817907087349349,-0.09387454191515604,0.020303958332526684,-0.040000000000000036,2.0580376710845383,0,0.0,0,0.6130025315203099,2025-12-15,0.5917501615175879,0.5654642618570475
401836807,2026,2025-12-15,2025-12-16T03:30:00+00:00,LAC,MEM,0,1.0,-32.96941198552918,1.6746718541974417,5.269535137801526,-1.915200000000027,0.015699226914876907,0.0004461502408278917,-0.03391762637927756,0.027042015722232915,-0.19999999999999998,-3.465631222751976,1,0.0,0,0.5459655707998302,2025-12-15,0.5492165972576487,0.5654642618570475
401839023,2026,2025-12-15,2025-12-16T00:30:00+00:00,MIA,TOR,0,1.0,24.37127522909759,-0.85004697643528,0.8170878728604976,5.039999999999978,-0.0017196688810919847,-0.009337227694431127,-0.03506271474416495,0.018346894389097868,-0.07999999999999996,2.9711942984638324,0,0.0,0,0.6258519847445165,2025-12-15,0.6039063213340443,0.5654642618570475
401810222,2026,2025-12-17,2025-12-18T01:00:00+00:00,CHI,CLE,1,1.0,-126.53715428948885,-4.943562840727097,4.383702419622196,1.379199999999983,-0.004108944613229415,0.01801849582167546,-0.03608172236597387,-0.008955210459133223,-0.24000000000000005,-5.706177699534874,0,0.0,0,0.4123554991562292,2025-12-17,0.348745672166112,0.5654642618570475
401810223,2026,2025-12-17,2025-12-18T01:00:00+00:00,MIN,MEM,0,1.0,88.65656487419824,5.902752026806283,0.0910482211247654,0.39759999999999707,0.03512754525071671,-0.004762676676605904,0.004351759972890834,0.04217273654674081,0.2,-1.0348929581195225,1,0.0,0,0.7077576459161211,2025-12-17,0.7106006903711224,0.5654642618570475
401810224,2026,2025-12-18,2025-12-19T01:00:00+00:00,OKC,LAC,1,1.0,309.91570588915783,8.244879564583385,-12.33565393845528,1.8496000000000237,0.04834845620514394,-0.017172751135575356,-0.015084987778130804,-0.008106001218481707,0.6,11.919622230930187,2,0.0,0,0.8964314662463526,2025-12-18,0.9212690707152452,0.5654642618570475
401810225,2026,2025-12-18,2025-12-19T01:00:00+00:00,SA,WSH,1,1.0,269.6125902909803,6.828622501221972,-6.430373046465718,0.10000000000000853,0.015867826049929534,-0.01787315527321154,0.01334860731966242,0.03037119277730055,0.4,6.736187299336054,1,0.0,0,0.8728265450203704,2025-12-18,0.8719135473744917,0.5654642618570475
401810226,2026,2025-12-18,2025-12-19T00:00:00+00:00,CHA,ATL,1,1.0,-172.27780910908223,-3.0445097492082596,1.262871211195801,-1.3856000000000108,-0.03361417237676034,0.0020153993245676516,0.025131128660138113,0.021998500207970784,-0.23999999999999994,3.5871687462894926,0,0.0,0,0.350340984932216,2025-12-18,0.3738460646479408,0.5654642618570475
401810227,2026,2025-12-18,2025-12-19T00:00:00+00:00,IND,NY,0,1.0,-164.67223779755864,-11.464030192143937,3.874345650134856,0.6799999999999926,-0.05622805771374395,0.004730484134854468,-0.04928647032055075,0.023562426531524183,-0.44,-10.190689356290866,-1,0.0,0,0.3603697880299688,2025-12-18,0.2629525965775462,0.5654642618570475
401810228,2026,2025-12-18,2025-12-19T00:30:00+00:00,BKN,MIA,0,1.0,-131.70314839269054,-1.313333415335208,2.67479873234457,-6.039200000000008,-0.0030559706434230005,0.0193752192889185,0.00982618486822709,0.021713491312314537,-0.16000000000000003,9.787531194310313,1,0.0,0,0.40516873000139303,2025-12-18,0.41961770896516604,0.5654642618570475
401810229,2026,2025-12-18,2025-12-19T01:00:00+00:00,MIL,TOR,0,1.0,-8.0609964307248,-1.9401087829501193,6.207461560699471,-0.6440000000000197,0.02122920249952398,0.0056140827212639854,-0.05754353854838376,-0.01886165280879412,-0.27999999999999997,-1.1581573821437727,1,0.0,0,0.5812160159131197,2025-12-18,0.5374979533922873,0.5654642618570475
401810230,2026,2025-12-18,2025-12-19T01:00:00+00:00,NO,HOU,1,1.0,-273.6548716327393,-6.410517532146699,6.670332739167577,2.45920000000001,-0.024323617057057767,-0.015819082842783577,-0.09005036999024768,-0.009435254127643955,-0.43999999999999995,-2.87190736719441,1,0.0,0,0.2312771027105387,2025-12-18,0.23037899848071935,0.5654642618570475
401810231,2026,2025-12-18,2025-12-19T01:30:00+00:00,DAL,DET,1,1.0,-175.66263281180318,-5.704342030638898,1.961212593231437,1.5191999999999837,-0.02349154710840229,-0.006546216711711905,-0.05360744165036843,-0.03695157692455714,-0.36000000000000004,-4.367099800910783,0,0.0,0,0.3459192786910914,2025-12-18,0.36124698506192726,0.5654642618570475
401810232,2026,2025-12-18,2025-12-19T02:00:00+00:00,DEN,ORL,1,1.0,99.54982429760707,7.744661195777894,5.505305342646238,-1.5712000000000046,0.05024414431797197,-0.006536234263967891,0.001005425343403088,-0.0054122721860796474,0.12,6.801912237282088,-2,0.0,0,0.7205567469708711,2025-12-18,0.6965677664975566,0.5654642618570475
401810233,2026,2025-12-18,2025-12-19T02:00:00+00:00,PHX,GS,1,1.0,-11.75947453280196,2.0164842193376415,1.3269293571702434,-0.9599999999999795,0.010422935930271104,0.002038427258051617,0.02571009540998387,-0.01028113456028329,0.11999999999999994,-7.384985341759638,0,0.0,0,0.5760251292920046,2025-12-18,0.5236177758076502,0.5654642618570475
401810234,2026,2025-12-18,2025-12-19T02:00:00+00:00,UTAH,LAL,0,1.0,-221.64036761256193,-4.995744592038562,3.359425605780473,4.492800000000003,-0.03207376750176438,0.001227031198864803,0.007213430675850702,-0.03758178190885786,-0.27999999999999997,-1.368439498342779,-1,0.0,0,0.28870241423168225,2025-12-18,0.27040433369378614,0.5654642618570475
401810235,2026,2025-12-18,2025-12-19T03:00:00+00:00,POR,SAC,1,1.0,44.07681233416474,5.028868082581795,-0.9398203521301696,0.9391999999999712,0.002236214200601161,0.015692495945889673,0.08397065189943204,0.0504894749789182,0.08000000000000002,3.3451392743288846,0,0.0,0,0.6520123709543687,2025-12-18,0.6691019552160691,0.5654642618570475
401810236,2026,2025-12-19,2025-12-20T00:00:00+00:00,BOS,MIA,1,1.0,111.74643326597015,7.126709472922016,4.359883576166567,-7.4295999999999935,0.027276281013700054,-0.0072312548097454715,0.04804818587481258,-0.04771602685003026,0.039999999999999925,7.663505608258498,3,-1.0,0,0.7344725224647451,2025-12-19,0.7841565565983839,0.5654642618570475
401810237,2026,2025-12-19,2025-12-20T00:00:00+00:00,NY,PHI,0,1.0,174.89639729308556,8.466430808834886,0.06364161082974817,-2.336800000000011,0.047113179549457485,-0.00884975301733637,0.023965492184057302,-0.006239158478145268,0.24,4.812033300760791,-4,1.0,0,0.7991442807793169,2025-12-19,0.7487372294658738,0.5654642618570475
401810238,2026,2025-12-19,2025-12-20T00:30:00+00:00,ATL,SA,0,1.0,-71.00503328637228,-1.9617535603972414,0.6478811952380994,0.8768000000000171,0.005272387324006811,0.002410020914627664,-0.014595876689323523,-0.0581909761210922,-0.12,-4.593555445404458,0,0.0,0,0.49135892285918015,2025-12-19,0.4871475184749754,0.5654642618570475
401810239,2026,2025-12-19,2025-12-20T00:30:00+00:00,CLE,CHI,0,1.0,103.031374255738,3.9109284018658315,-3.3174887684289587,-1.5423999999999864,-0.0016467060137947964,-0.01592286153813864,0.0370173948805938,0.006481063335522119,0.15999999999999998,2.9154435887868955,0,0.0,0,0.7245742869390575,2025-12-19,0.7358243513254205,0.5654642618570475
401810240,2026,2025-12-19,2025-12-20T02:30:00+00:00,MIN,OKC,1,1.0,-182.67762979083273,-3.422535991781544,6.476948277948111,0.9151999999999845,-0.024824218860694858,0.013615314216016527,0.046984135125606424,0.01972402834491993,-0.19999999999999996,-10.20755410780507,1,-1.0,0,0.33684030331976267,2025-12-19,0.3190765980227817,0.5654642618570475
401810241,2026,2025-12-20,2025-12-20T22:00:00+00:00,DEN,HOU,0,1.0,51.344879310892566,4.983518406062672,4.796023833004554,-0.10960000000001457,0.04170197926682129,-0.021016174567844187,-0.09824843023777474,0.02364966655011702,0.07999999999999996,5.454865732401028,0,0.0,0,0.6614438101913087,2025-12-20,0.6458473846558774,0.5654642618570475
401810242,2026,2025-12-20,2025-12-21T00:00:00+00:00,PHI,DAL,1,1.0,-2.4868619678818504,0.6687250678639458,-0.7695512226314065,-1.8327999999999918,-0.013167730899956154,-0.0018846953707114533,0.025222296052298337,-0.012200687309114944,0.03999999999999998,3.2949932579735646,-1,1.0,0,0.589005224107374,2025-12-20,0.4939255105175922,0.5654642618570475
401810243,2026,2025-12-20,2025-12-21T00:00:00+00:00,TOR,BOS,0,1.0,-112.8732329377574,-7.275369402773464,-3.2239829682364416,2.6440000000000197,-0.026128814178196902,0.018573424816898623,-0.014266963697449397,0.02182061329941981,0.0,-5.298407995108018,1,-1.0,0,0.43153761131703916,2025-12-20,0.4372509848269779,0.5654642618570475
401810244,2026,2025-12-20,2025-12-21T00:00:00+00:00,NO,IND,1,1.0,-86.57930333600757,3.932418734006191,2.8285628174948414,2.1279999999999717,0.01607951941825536,-0.0012675434469112123,0.02524954371220564,-0.00777534282178971,-0.03999999999999998,1.9201100124116421,0,0.0,0,0.46898475818190544,2025-12-20,0.5106838982139225,0.5654642618570475
401810245,2026,2025-12-20,2025-12-21T00:30:00+00:00,DET,CHA,1,1.0,253.36418333614415,4.056543689344807,-5.007107270219095,1.2295999999999907,0.018956365938735398,-5.92293686104417e-05,0.03336306149501961,0.04321713030824226,0.39999999999999997,2.3614781193574235,0,0.0,0,0.862077299786614,2025-12-20,0.822953298463149,0.5654642618570475
401810246,2026,2025-12-20,2025-12-21T01:00:00+00:00,MEM,WSH,0,1.0,223.85689136222868,2.119170216590561,-10.187237028711152,0.31920000000002346,-0.005792365784047959,-0.007568726328450431,0.019465701245825834,0.010035371608175636,0.28,11.845167179421882,1,0.0,0,0.8406126985048308,2025-12-20,0.8557514983307706,0.5654642618570475
401810247,2026,2025-12-20,2025-12-21T01:30:00+00:00,GS,PHX,1,1.0,-5.1995202955176865,-1.8704014422356607,-1.114647997977741,1.199200000000019,-0.006868416849305503,0.0014967096957087256,-0.025337784542317054,0.009871708490194364,-0.15999999999999998,8.946538156468996,0,0.0,0,0.5852199143323025,2025-12-20,0.6122896636960923,0.5654642618570475
401810248,2026,2025-12-20,2025-12-21T02:30:00+00:00,UTAH,ORL,0,1.0,-140.34441884960074,-1.9230070000735395,7.538348860911853,3.147199999999984,0.0065968301353305225,0.014804655259920224,-0.0061642494162004735,-0.005519319706634718,-0.15999999999999998,-4.150357680691156,0,0.0,0,0.3932390155312166,2025-12-20,0.31280421794114577,0.5654642618570475
401810249,2026,2025-12-20,2025-12-21T03:00:00+00:00,SAC,POR,0,1.0,-57.99631749599007,-5.13720597254347,0.9921708342439217,-1.185600000000008,-0.003482370061554496,-0.014504815556670186,-0.07992422485621425,-0.04583038790540539,-0.12,0.24366117426172007,0,0.0,0,0.5100777443249351,2025-12-20,0.4647340421975982,0.5654642618570475
401810250,2026,2025-12-20,2025-12-21T03:30:00+00:00,LAC,LAL,1,1.0,-175.5731361431715,-6.1015280003166055,1.1176554435833026,-0.8472000000000008,-0.02822207831036161,0.005162125117596811,-0.024337690704898135,-0.03349662729671504,-0.48,-3.1828197615733442,0,0.0,0,0.34603585308026635,2025-12-20,0.3974308130076423,0.5654642618570475
401810251,2026,2025-12-21,2025-12-21T20:30:00+00:00,ATL,CHI,0,1.0,30.079707183225537,2.924487311609255,-2.1373350952221415,-1.623999999999981,0.022544243369321038,0.00248020557047382,0.002892250687695941,-0.030732388089577956,0.2,-2.6474634809438116,0,0.0,0,0.6335142353006602,2025-12-21,0.6275347453980372,0.5654642618570475
401810252,2026,2025-12-21,2025-12-21T23:00:00+00:00,BKN,TOR,1,1.0,-143.46289524532312,-1.6187048305714313,1.4423161397233173,-1.2328000000000259,-0.010662503894228514,0.004903469015669765,-0.020513613564227845,0.04063973782367944,-0.19999999999999996,5.815393024132295,2,-1.0,0,0.3889640833103835,2025-12-21,0.5085111950394923,0.5654642618570475
401810253,2026,2025-12-21,2025-12-21T23:00:00+00:00,NY,MIA,1,1.0,109.90901595228638,7.820771164540005,1.4650290126824075,-5.02239999999999,0.03724632138087769,0.004270964603384678,0.05808618887526576,-0.007876989109949883,0.15999999999999992,6.191133216386053,0,0.0,0,0.7324046542248444,2025-12-21,0.7407946885199047,0.5654642618570475
401810254,2026,2025-12-21,2025-12-22T00:00:00+00:00,WSH,SA,0,1.0,-267.71445297725245,-6.281602378535453,8.415588287806315,-0.30560000000001253,-0.019232274183374698,0.014647191015141947,-0.005915681809032625,-0.012814405342093715,-0.43999999999999995,-8.470463576927761,-1,1.0,0,0.23741248688456504,2025-12-21,0.1556220223280994,0.5654642618570475
401810255,2026,2025-12-21,2025-12-22T00:00:00+00:00,MIN,MIL,1,1.0,127.47910775514879,4.179641480275848,-6.229146101183559,2.8304000000000116,-0.016051835687636684,-0.00942106933454509,0.059259909290684865,0.0724211976788639,0.32,8.011198537681652,-1,0.0,0,0.7517558396588282,2025-12-21,0.7484117714787134,0.5654642618570475
401810256,2026,2025-12-21,2025-12-22T03:00:00+00:00,SAC,HOU,1,1.0,-195.6970987427501,-10.810647205567136,6.41293110523651,2.3544000000000267,-0.02947413227223805,-0.013281825507686446,-0.1287724570373934,-0.005045290665422308,-0.44000000000000006,-5.540616072033499,0,0.0,0,0.32030881496617347,2025-12-21,0.24395861147617295,0.5654642618570475
401810257,2026,2025-12-22,2025-12-23T00:00:00+00:00,CLE,CHA,1,1.0,183.19141964840492,3.3813286589143843,-1.1101714025757445,1.1231999999999687,0.00975706335398241,-0.017950504555207566,0.004254050817995625,0.0052276939542469925,0.12,-1.1395073982191914,1,0.0,0,0.8066994061984034,2025-12-22,0.7827634183496396,0.5654642618570475
401810258,2026,2025-12-22,2025-12-23T00:30:00+00:00,BOS,IND,1,1.0,194.8137171809674,11.101840578628043,-1.9430434642202243,-3.2768000000000086,0.05448641864798065,-0.0104151194965839,0.04570300698364471,-0.052284071558288486,0.36000000000000004,5.328107919666547,0,0.0,0,0.816918508158642,2025-12-22,0.8395385171538909,0.5654642618570475
401810259,2026,2025-12-22,2025-12-23T01:00:00+00:00,NO,DAL,1,1.0,-90.3994825909333,1.8213642921921007,4.5206991040085995,-0.7431999999999732,-0.002212103112391839,-0.005369807787677705,0.024536823293850846,-0.0076541400917748414,-0.16000000000000003,3.9386410922703594,0,0.0,0,0.4635121852651693,2025-12-22,0.47705494876677795,0.5654642618570475
401810260,2026,2025-12-22,2025-12-23T02:00:00+00:00,DEN,UTAH,1,1.0,245.70787737517117,8.98623646415058,-3.677679877466801,-5.406399999999991,0.04742563231225616,-0.015480481191692291,-0.001242766519988725,-0.005447950349725672,0.31999999999999995,6.762400165810552,0,0.0,0,0.856752885546131,2025-12-22,0.8756883182104206,0.5654642618570475
401810261,2026,2025-12-22,2025-12-23T02:30:00+00:00,OKC,MEM,1,1.0,246.57294886487784,6.940961191608494,-6.169393749401351,-0.5888000000000062,0.04274565866362423,-0.017458832964611426,-0.04676047075916859,0.019804307043450042,0.28,5.625707577296315,1,0.0,0,0.8573629523605454,2025-12-22,0.8868668618591395,0.5654642618570475
401810262,2026,2025-12-22,2025-12-23T03:00:00+00:00,GS,ORL,1,1.0,-6.650183033474605,-3.942559009408285,-0.7006216290939022,-1.1007999999999925,-0.004196631793895733,0.02088071913276701,0.005699363381459488,-0.04326497998871637,-0.15999999999999998,4.226151163301528,0,0.0,0,0.5831914573863101,2025-12-22,0.5571968428282744,0.5654642618570475
401810263,2026,2025-12-22,2025-12-23T03:00:00+00:00,POR,DET,0,1.0,-122.66038043763751,-3.6141401584762036,6.4430957180328505,1.1480000000000103,-0.022953540766948,0.007343874741983697,-4.780672315241041e-05,-0.006309298866721491,-0.36,-9.808630116602597,0,0.0,0,0.417773572124284,2025-12-22,0.35777319535462065,0.5654642618570475
401810264,2026,2025-12-23,2025-12-24T00:00:00+00:00,CHA,WSH,1,1.0,38.714576584717406,0.5494498968485146,-5.672059332505668,-0.03360000000000696,-0.0028465658269426486,0.00013467720145982076,0.006753891155319491,-0.0032123585682977684,0.08000000000000002,-0.8199623549040453,-1,1.0,0,0.6449763162121834,2025-12-23,0.6107007430402603,0.5654642618570475
401810265,2026,2025-12-23,2025-12-24T00:00:00+00:00,PHI,BKN,0,1.0,105.57691511647499,1.9011979838096238,0.5696816818254149,3.0784000000000304,-0.014352908000011544,-0.016063370105262764,0.0347344445599016,-0.012733560224488127,0.12000000000000005,-4.142522633880894,1,0.0,0,0.7274889517254136,2025-12-23,0.6500940669262955,0.5654642618570475
401810266,2026,2025-12-23,2025-12-24T00:30:00+00:00,ATL,CHI,0,1.0,4.739137771199012,2.0865872683716304,-1.4168616413706303,-1.357600000000005,0.01835489937552892,0.0029815522279408313,-0.001271364109546258,-0.032247757023500245,0.12,-7.766089484407875,0,0.0,0,0.5990361678495517,2025-12-23,0.5931192949187037,0.5654642618570475
401810267,2026,2025-12-23,2025-12-24T00:30:00+00:00,CLE,NO,1,1.0,168.32381995756077,0.5948106204004233,-2.479106883347157,-0.7087999999999823,0.006179875161352322,-0.0023271067759473157,-0.0034493260490053856,-0.016755676592710766,0.12,-7.970835055944272,0,0.0,0,0.7930025354348788,2025-12-23,0.7418004387575057,0.5654642618570475
401810268,2026,2025-12-23,2025-12-24T00:30:00+00:00,IND,MIL,0,1.0,-40.696841579623424,-1.4064144120940796,-0.6377163954550156,1.116800000000012,-0.044174838928839444,-0.01443401141468345,0.032343282451295,0.03679622287067458,0.0,-0.6110896342015328,-1,1.0,0,0.5349181233291659,2025-12-23,0.41287487377097826,0.5654642618570475
401810269,2026,2025-12-23,2025-12-24T00:30:00+00:00,MIA,TOR,0,1.0,6.005264215007173,1.1776302496640625,1.1448573544281828,4.896000000000015,-0.008030866401776748,-0.014380629707166692,-0.013047944448748322,0.03978084311147198,-0.07999999999999996,0.6053922315463085,0,0.0,0,0.6007855139145848,2025-12-23,0.6020656398036343,0.5654642618570475
401810270,2026,2025-12-23,2025-12-24T01:00:00+00:00,DAL,DEN,1,1.0,-193.5968700047065,-10.868431826773616,-2.9344714304459814,3.739200000000025,-0.051543517950626394,0.012674375993189366,-0.012555947210656893,-0.00902430954025596,-0.27999999999999997,-6.0624841431281755,0,0.0,0,0.322946615967731,2025-12-23,0.2977052386343292,0.5654642618570475
401810271,2026,2025-12-23,2025-12-24T01:00:00+00:00,MIN,NY,1,1.0,-4.632269543443954,-4.809250816909824,-2.1482327426867442,2.2568000000000126,-0.02730949227976609,0.0008337251234001031,-0.02476418901821098,0.039173868682682855,-0.039999999999999925,-0.38278048619981053,0,0.0,0,0.5860123181318416,2025-12-23,0.526033151991443,0.5654642618570475
401810272,2026,2025-12-23,2025-12-24T01:30:00+00:00,SA,OKC,1,1.0,-167.19537052475857,-1.7175794416288426,8.282960035229692,0.3415999999999997,-0.021197765025720128,0.007743193940862397,0.04281478108700318,-0.0014660526585179023,-0.12,0.08719799637762549,1,-1.0,0,0.35702871748146237,2025-12-23,0.31942853244322067,0.5654642618570475
401810273,2026,2025-12-23,2025-12-24T02:00:00+00:00,PHX,LAL,1,1.0,-89.9418482478743,-3.5454673944094424,-4.338087124671645,0.14559999999998752,-0.01895184449054832,0.004394143223733826,0.01972123318260699,-0.07428166841601647,-0.08000000000000007,-3.2976972773239117,0,0.0,0,0.46416732934361343,2025-12-23,0.4928261685285227,0.5654642618570475
401810274,2026,2025-12-23,2025-12-24T02:00:00+00:00,UTAH,MEM,0,1.0,-119.71461412639155,2.222822849005567,9.430705385407407,3.343199999999996,0.011054710488681896,-0.0025086771208437664,-0.0074349064036317025,0.03379861517323329,-0.12,-1.8319547253052961,0,0.0,0,0.42190387992765427,2025-12-23,0.362497299540043,0.5654642618570475
401810275,2026,2025-12-23,2025-12-24T03:00:00+00:00,POR,ORL,0,1.0,-52.57020106289292,-2.8161472824863125,3.792272679221341,1.2759999999999962,-0.006001145200064006,0.023868156989551526,0.031122413263759863,0.020122697155547986,-0.19999999999999996,1.7442991487312156,0,0.0,0,0.5178802908484463,2025-12-23,0.4565524059871749,0.5654642618570475
401810276,2026,2025-12-23,2025-12-24T03:00:00+00:00,SAC,DET,0,1.0,-195.82145544843434,-7.454760651954743,7.636886523845661,-0.028000000000005798,-0.024683277132499515,-0.009079621651855302,-0.07035068086201157,-0.03834179996344955,-0.48,-11.134017053100663,1,-1.0,0,0.32015298551006005,2025-12-23,0.32978081690334393,0.5654642618570475
401810277,2026,2025-12-23,2025-12-24T03:30:00+00:00,LAC,HOU,1,1.0,-128.66753548357747,-6.055146728280704,4.566077150452259,-0.9304000000000059,-0.009840041645727604,-0.002245225119307387,-0.11871650974112116,0.02682111427123368,-0.36,-3.5693168519435288,1,0.0,0,0.40938706440393857,2025-12-23,0.3831982966519425,0.5654642618570475
401809238,2026,2025-12-25,2025-12-25T17:00:00+00:00,NY,CLE,1,1.0,52.941769937396884,3.418840302121808,-0.6541196153366968,-2.2360000000000326,0.017587817484911672,0.0022448446630149443,0.024406654208920242,0.010134076228974831,0.16000000000000003,0.39392293769368647,0,0.0,0,0.6634992628946285,2025-12-25,0.6484660053661723,0.5654642618570475
401809239,2026,2025-12-25,2025-12-25T19:30:00+00:00,OKC,SA,0,1.0,141.47651922401724,0.8359184171892906,-6.538854961918716,-0.5167999999999893,0.019050526643187737,-0.005440079823595678,-0.04088114336389176,-0.00921785167244521,0.08000000000000007,-7.890904349648238,0,0.0,0,0.7664859977137252,2025-12-25,0.7933736170747065,0.5654642618570475
401809240,2026,2025-12-25,2025-12-25T22:17:00+00:00,GS,DAL,1,1.0,89.24294994946126,-0.4723521245795155,-4.74330605972122,-2.673599999999979,-0.005789415127745334,0.01086884345640815,0.025460191305068408,-0.00717918687075525,0.03999999999999998,2.9170031554727855,1,0.0,0,0.7084553342521048,2025-12-25,0.7104110343334266,0.5654642618570475
401809241,2026,2025-12-25,2025-12-26T01:00:00+00:00,LAL,HOU,0,1.0,21.84264008159812,-1.7362786060052287,3.7336797196570473,-0.03439999999999088,0.007151260545866678,-0.007994268835058438,-0.0901672490954552,0.07182614565154627,0.040000000000000036,-2.8053322192494776,0,0.0,0,0.6224373395892516,2025-12-25,0.5112781739750595,0.5654642618570475
401809242,2026,2025-12-25,2025-12-26T03:30:00+00:00,DEN,MIN,1,1.0,11.66299540805835,9.092464715295606,7.461869127611479,-2.0287999999999897,0.05501968411747815,-0.005346358531326728,-0.010456207427476966,-0.025409622812009647,0.0,-0.6060282341043814,0,0.0,0,0.6085705796174061,2025-12-25,0.6302023700271774,0.5654642618570475
401810278,2026,2025-12-26,2025-12-27T00:00:00+00:00,ATL,MIA,0,1.0,-5.218648338464618,3.610325711807505,4.154075762070207,-0.07039999999999225,0.040462996044632105,0.007920044775723223,-0.011801449691146493,-0.04468127880434494,0.0,0.5335575879218153,0,0.0,0,0.5851931862805483,2025-12-26,0.5724787545207473,0.5654642618570475
401810279,2026,2025-12-26,2025-12-27T00:00:00+00:00,ORL,CHA,0,1.0,187.5585845446942,2.167007916832418,-3.392152803947468,0.5679999999999978,0.002342506928096788,-0.009175886005605843,0.0005300752782874674,0.036041353006147525,0.24,-4.1774793408761095,0,0.0,0,0.8105893367009493,2025-12-26,0.763270489730522,0.5654642618570475
401810280,2026,2025-12-26,2025-12-27T00:00:00+00:00,WSH,TOR,1,1.0,-187.4975828069969,0.20243308322781672,10.75287927335441,1.7376000000000147,-0.006829059954513661,-0.0072343886441719185,-0.006540841808134079,0.015290660713687843,-0.31999999999999995,-3.0755748224990427,0,0.0,0,0.33067078407304595,2025-12-26,0.2958634265801964,0.5654642618570475
401810281,2026,2025-12-26,2025-12-27T00:00:00+00:00,IND,BOS,0,1.0,-212.83533932120508,-9.20543170465794,2.149106088248928,2.916799999999995,-0.043785407621741546,0.004891876304488146,-0.05355685812241662,0.058049228532531916,-0.36000000000000004,-7.897784718486567,-1,0.0,0,0.2992213189918199,2025-12-26,0.2616870218985196,0.5654642618570475
401810282,2026,2025-12-26,2025-12-27T00:30:00+00:00,CHI,PHI,1,1.0,35.98753703680586,1.0010246049837406,5.377513653904899,3.0815999999999946,0.03066591089583537,0.004532483591653952,-0.03131848693820766,-0.015145461275781147,-0.12000000000000005,0.42661514226814745,0,0.0,0,0.6413736103601756,2025-12-26,0.5936725913584652,0.5654642618570475
401810283,2026,2025-12-26,2025-12-27T01:00:00+00:00,MEM,MIL,1,1.0,36.909258199898204,1.5058991716138337,-3.105674487042492,2.6407999999999987,-0.02394624896467079,-0.003364863146297581,0.06074899180031529,0.016131735621150167,0.15999999999999998,3.162773678221814,0,0.0,0,0.6425931106946299,2025-12-26,0.6132335961889258,0.5654642618570475
401810284,2026,2025-12-26,2025-12-27T01:00:00+00:00,NO,PHX,0,1.0,-166.8527363526125,-0.9198054338133659,4.360268472115308,4.129599999999996,-0.012711559822579988,-0.012699656031046558,-0.018019621569773547,0.025751252486282322,-0.23999999999999994,4.231361958919781,0,0.0,0,0.3574816186502746,2025-12-26,0.38330587718511794,0.5654642618570475
401810285,2026,2025-12-26,2025-12-27T02:30:00+00:00,UTAH,DET,1,1.0,-252.24501047612307,-1.128875157120092,10.353211149214786,2.74639999999998,0.0021331440648475475,-0.0038038780869373845,-0.058445502186615095,-0.006031331079258462,-0.36,-7.833178447742791,0,0.0,0,0.25390951469157924,2025-12-26,0.24028056281196825,0.5654642618570475
401810286,2026,2025-12-26,2025-12-27T03:00:00+00:00,POR,LAC,0,1.0,-5.56164826088434,-1.6688147084086467,-0.5096155329895709,3.780000000000001,-0.016988835258257673,0.012261939912574071,0.06317101788316001,0.023992956664016296,0.08000000000000002,0.13713873598457554,0,0.0,0,0.5847138196711074,2025-12-26,0.5007947878304492,0.5654642618570475
401810287,2026,2025-12-27,2025-12-27T22:00:00+00:00,SAC,DAL,1,1.0,-30.371708305573748,-4.090532101314864,3.0071419427530657,-1.415199999999956,-0.022907063943194528,-0.0014202044465012609,0.005046982424890073,-0.002100286028057563,-0.2,-0.8329961540011057,2,0.0,0,0.5496697573717877,2025-12-27,0.48018649528734353,0.5654642618570475
401810288,2026,2025-12-27,2025-12-28T00:00:00+00:00,ORL,DEN,1,1.0,-100.97671268972931,-8.393174117368218,-5.411578691451652,0.7887999999999948,-0.062081526574581214,-0.0008040302871800825,0.01852758842029495,0.0013006809662884367,-0.08000000000000007,-6.5609610051738985,-1,1.0,0,0.44840960880312003,2025-12-27,0.330296437070308,0.5654642618570475
401810289,2026,2025-12-27,2025-12-28T00:00:00+00:00,NO,PHX,0,1.0,-181.1520010986235,-0.1928921208000247,4.598623787414084,3.62560000000002,-0.012039013538486354,-0.017055103353274287,-0.01861333990817271,0.03588374487544185,-0.23999999999999994,-2.8510092215552034,0,0.0,0,0.3388048695427846,2025-12-27,0.3709741629298759,0.5654642618570475
401810290,2026,2025-12-27,2025-12-28T01:00:00+00:00,ATL,NY,0,1.0,-148.0013132304041,-4.030294757694037,3.6968897485389647,3.9431999999999903,-0.0013600439945362641,0.007260083324956368,-0.05493306573287984,-0.03400998280247755,-0.24000000000000005,-4.14840026619391,-1,1.0,0,0.3827731830874573,2025-12-27,0.29053028963995553,0.5654642618570475
401810291,2026,2025-12-27,2025-12-28T01:00:00+00:00,MIA,IND,1,1.0,78.49609780230958,1.0982071458820855,-4.191779721331372,3.497599999999977,0.0022187908998707595,-0.002608028008135893,0.015912115221263012,-0.019555307383224918,0.16000000000000003,4.493590837324445,0,0.0,0,0.6955148275652295,2025-12-27,0.6873884249042336,0.5654642618570475
401810292,2026,2025-12-27,2025-12-28T01:00:00+00:00,CHI,MIL,0,1.0,27.03856736729449,2.661454535549993,1.0352093273997411,5.012000000000015,-0.011017184094085697,-0.013990574615684426,0.028824158264512595,0.021514095358294016,0.16000000000000003,9.452056481159351,0,0.0,0,0.6294403318485116,2025-12-27,0.5750398891555726,0.5654642618570475
401810293,2026,2025-12-27,2025-12-28T01:00:00+00:00,HOU,CLE,1,1.0,56.09368068636013,3.9480317379839818,-1.7028856122016265,-2.7312000000000296,0.0008916983906085418,0.01514863011175438,0.10146034825443107,0.005105174078683938,0.15999999999999998,1.032985658008225,0,0.0,0,0.6675381132664864,2025-12-27,0.6514584037830358,0.5654642618570475
401810294,2026,2025-12-27,2025-12-28T01:00:00+00:00,MIN,BKN,0,1.0,226.90866922779742,3.318118229318358,-1.287490320091166,4.0608,0.0019931423688271943,-0.019388296102991476,0.02401361097976981,0.02530860837990384,0.2,-4.055774927574821,-2,0.0,0,0.8429523772840114,2025-12-27,0.7870107360123676,0.5654642618570475
401810295,2026,2025-12-27,2025-12-28T01:00:00+00:00,SA,UTAH,0,1.0,226.50308786911887,2.3186738842093035,-8.292052399506971,-4.316800000000001,0.005716208934029687,-0.010689182406475012,0.006189151816534011,-0.024424850508542817,0.27999999999999997,13.630303525715357,1,-1.0,0,0.8426430517515225,2025-12-27,0.8834321384030587,0.5654642618570475
401810296,2026,2025-12-28,2025-12-28T20:30:00+00:00,TOR,GS,1,1.0,-71.85855616152844,-1.7957256060098814,0.44935494634256656,-1.271199999999979,-0.002347098848330509,-0.003903113978783457,-0.012760576237696941,-0.010860068264726463,0.040000000000000036,-5.41343883324692,-1,0.0,0,0.4901310261706179,2025-12-28,0.43988817966002003,0.5654642618570475
401810297,2026,2025-12-28,2025-12-28T20:30:00+00:00,OKC,PHI,1,1.0,283.00262880836794,7.123893240818859,-4.3371931739516185,-0.6632000000000033,0.06064946900009016,-0.005584640810588196,-0.04151173023881963,-0.008788214745227896,0.24,-0.5003616462782177,1,0.0,0,0.8811393684460507,2025-12-28,0.8958361672933763,0.5654642618570475
401810298,2026,2025-12-28,2025-12-28T23:00:00+00:00,WSH,MEM,1,1.0,-201.42799694881523,-0.7853144751460661,8.462687679184427,-0.9512,-0.0018143217175733417,-0.0071246921365756,-0.014419865720084274,-0.01095531969762234,-0.24000000000000005,-3.7198069008762586,0,0.0,0,0.3131695600707776,2025-12-28,0.28637859067880084,0.5654642618570475
401810299,2026,2025-12-28,2025-12-28T23:00:00+00:00,POR,BOS,1,1.0,-171.9889650789287,-9.893820217125864,2.3405976558744044,5.588000000000008,-0.05028679988643303,0.03376501237484507,0.010010118072635132,0.07582495752568047,-0.35999999999999993,-7.231380411953122,0,0.0,0,0.3507195177110249,2025-12-28,0.26832328224880203,0.5654642618570475
401810300,2026,2025-12-28,2025-12-29T02:00:00+00:00,LAC,DET,1,1.0,-123.95425448930405,-2.0876338126063985,5.864603843756981,-3.133599999999987,-0.0035113117919229886,0.00017350239266228362,-0.0749915206660734,-0.002728317291822435,-0.35999999999999993,-2.0056008120802105,0,0.0,0,0.41596301314259454,2025-12-28,0.419357714521568,0.5654642618570475
401810301,2026,2025-12-28,2025-12-29T02:30:00+00:00,LAL,SAC,1,1.0,163.48754077692593,7.845278167157019,1.6271632415990354,-3.4856000000000193,0.042153254924711,0.009445851356723517,0.016592972680887053,0.0561551747806186,0.27999999999999997,-4.84171090738309,2,-1.0,0,0.7883953518764332,2025-12-28,0.8028030356894816,0.5654642618570475
401810302,2026,2025-12-29,2025-12-30T00:00:00+00:00,CHA,MIL,0,1.0,-107.07054346196264,1.9680336270982508,0.174731698956748,1.9183999999999912,-0.027565927066687146,-0.014153990934856281,0.051752417906492154,0.009164759571868436,0.03999999999999998,1.2902008031266419,1,0.0,0,0.439749806227389,2025-12-29,0.4511856939949289,0.5654642618570475
401810303,2026,2025-12-29,2025-12-30T00:00:00+00:00,WSH,PHX,0,1.0,-217.92999741142967,-1.2971676191659895,7.098141589111904,1.3279999999999887,-0.0035318242374868802,-0.008289525539782322,-0.03477573700671205,0.00822965685247698,-0.23999999999999994,-3.6245517387465895,-1,1.0,0,0.29310819135227867,2025-12-29,0.22751672840121404,0.5654642618570475
401810304,2026,2025-12-29,2025-12-30T00:30:00+00:00,BKN,GS,0,1.0,-147.9029346422435,-1.3124740496912324,0.7272564846183514,-3.09999999999998,0.003890021428650914,0.0019623350863981204,-0.03023045507202532,0.029261424460852253,-0.03999999999999998,5.202439950419074,1,-1.0,0,0.38290698779538745,2025-12-29,0.4818917264117162,0.5654642618570475
401810305,2026,2025-12-29,2025-12-30T00:30:00+00:00,MIA,DEN,1,1.0,-126.9422329729698,-9.93589210519319,-6.844489297611389,2.2903999999999627,-0.06500765108713757,-0.003150140925026884,0.005886526624137384,-0.011939291967226873,-0.12,-1.2918447947907508,0,0.0,0,0.41179057179526934,2025-12-29,0.3919868151532321,0.5654642618570475
401810306,2026,2025-12-29,2025-12-30T00:30:00+00:00,TOR,ORL,1,1.0,-50.98575160579753,-3.831810643086328,-1.7964102706552012,-1.6272000000000162,0.0025717014616497558,0.022849596542691586,0.004542240663117203,-0.05551835272303654,-0.039999999999999925,1.4413992265402098,-1,1.0,0,0.5201571938313165,2025-12-29,0.4169869695604063,0.5654642618570475
401810307,2026,2025-12-29,2025-12-30T01:00:00+00:00,CHI,MIN,0,1.0,-103.00100644202666,-0.8550057994970217,4.994970963277908,1.8423999999999978,0.007828934539113708,0.004781911698322233,-0.021264557882123364,-0.046869448589114016,-0.11999999999999994,1.389465770283934,0,0.0,0,0.4455291947812162,2025-12-29,0.401487217851171,0.5654642618570475
401810308,2026,2025-12-29,2025-12-30T01:00:00+00:00,HOU,IND,1,1.0,200.30185769114132,8.29765857873872,-3.2353309905220016,-1.2520000000000095,0.020494518015226282,0.008537646633734852,0.12365134632691877,-0.0218260971783808,0.32,11.731373410625118,0,0.0,0,0.8215963089855453,2025-12-29,0.8202816899722251,0.5654642618570475
401810309,2026,2025-12-29,2025-12-30T01:00:00+00:00,NO,NY,0,1.0,-257.8566966452802,-5.401018301138819,2.954174669356945,4.028800000000018,-0.0328128821909518,-0.0055331615932028705,-0.0321651177933025,0.020818608866418287,-0.35999999999999993,-0.6086529871739657,0,0.0,0,0.2478387517013715,2025-12-29,0.27181355598370194,0.5654642618570475
401810310,2026,2025-12-29,2025-12-30T01:00:00+00:00,OKC,ATL,1,1.0,280.8014129399878,4.091534214569435,-10.453651309188203,-2.873599999999996,0.015701487755116816,-0.014656927877545259,-0.008906545236457009,0.028196537979430253,0.36,4.564529309079756,-1,1.0,0,0.8798058542648296,2025-12-29,0.8611092898285905,0.5654642618570475
401810311,2026,2025-12-29,2025-12-30T01:00:00+00:00,SA,CLE,0,1.0,68.14852022253899,3.2179018593333666,-1.4449916654786392,-0.9456000000000273,0.004571602491455384,-0.005629640262216601,0.005093022617974119,0.028149371288343827,0.23999999999999994,6.336405731264374,0,0.0,0,0.682755597151077,2025-12-29,0.649988004556432,0.5654642618570475
401810312,2026,2025-12-29,2025-12-30T03:30:00+00:00,POR,DAL,1,1.0,32.421815818405776,-1.8571429889033482,0.4958979894206692,0.06320000000002324,-0.020794778481686316,0.022493834240976673,0.06262985622429901,0.050487418544466034,-0.08000000000000002,0.7596104209836312,-1,1.0,0,0.6366387933308173,2025-12-29,0.4930961948887257,0.5654642618570475
401810313,2026,2025-12-30,2025-12-31T01:00:00+00:00,MEM,PHI,0,1.0,63.14016285971161,1.6218007641458883,-1.5381423027626937,1.0424000000000007,0.02114162678690301,0.00877919344880182,0.002108156369761527,-0.010801506172315345,0.040000000000000036,2.562146591587447,0,0.0,0,0.6764782764343004,2025-12-30,0.6825742663461075,0.5654642618570475
401810314,2026,2025-12-30,2025-12-31T02:00:00+00:00,UTAH,BOS,0,1.0,-211.6474299248723,-5.480200416124305,6.7733498272535115,7.731999999999985,-0.018901790365057347,0.015169913170760121,-0.04237060310823809,0.05700706313937823,-0.24000000000000005,-6.657704635785694,1,0.0,0,0.30065716350046595,2025-12-30,0.22721661991069933,0.5654642618570475
401810315,2026,2025-12-30,2025-12-31T03:30:00+00:00,LAL,DET,0,1.0,-5.298786833558552,0.9138279452514695,5.663487331423184,-2.3479999999999848,0.018226982046050777,-0.0026222014139382355,-0.052888575288095985,0.009244262417095639,-0.040000000000000036,-5.889308999424554,0,0.0,0,0.585081201479405,2025-12-30,0.5083830516536667,0.5654642618570475
401810316,2026,2025-12-30,2025-12-31T04:00:00+00:00,LAC,SAC,1,1.0,76.65773852041934,5.865311904724678,-0.7488335442837126,-3.5799999999999983,0.027050702955727646,0.009407613187309871,-0.01670539240835675,0.04093702209756406,0.08000000000000002,8.034002940303385,0,0.0,0,0.6932691155274735,2025-12-30,0.7350845259879436,0.5654642618570475
401810317,2026,2025-12-31,2025-12-31T18:00:00+00:00,CHA,GS,0,1.0,-183.09800038360527,-0.5886495046884335,4.577902308287463,-0.2751999999999697,-0.008269388548321155,-0.010246410461173638,-0.004752930810491274,0.0006800630304770738,-0.12,-4.365399236015875,0,0.0,0,0.3362999739782759,2025-12-31,0.3257274349408183,0.5654642618570475
401810318,2026,2025-12-31,2025-12-31T20:00:00+00:00,ATL,MIN,1,1.0,-147.4808307383239,-0.3306723764500532,7.591755351770388,1.437599999999975,0.016587574475491862,0.010444743845486715,-0.03144951061385909,-0.07344780940033288,-0.27999999999999997,-5.862745303449692,0,0.0,0,0.38348129247387625,2025-12-31,0.3628488742965382,0.5654642618570475
401810319,2026,2025-12-31,2025-12-31T20:00:00+00:00,IND,ORL,0,1.0,-132.6758583277317,-3.3310244146720294,2.2975505637936777,-1.5711999999999904,0.006697942452193795,0.016530527120314192,-0.03161067447591734,-0.01071865537796135,-0.24000000000000005,-3.933950624410332,0,0.0,0,0.40381996254337404,2025-12-31,0.41134075386142466,0.5654642618570475
401810320,2026,2025-12-31,2025-12-31T20:30:00+00:00,CLE,PHX,1,1.0,-9.761051937110096,1.1224443230717043,1.9529805759716794,1.887200000000007,0.008143659115742219,-0.015175604441223817,-0.03626773821910406,0.0001577729067264999,-0.11999999999999994,-3.2762513429318108,0,0.0,0,0.5788321145403649,2025-12-31,0.5936842303319333,0.5654642618570475
401810321,2026,2025-12-31,2026-01-01T00:00:00+00:00,CHI,NO,1,1.0,123.75600471575058,-2.244901493076526,0.30299797456171973,-0.6847999999999956,0.013505937472078844,0.013910989713156713,-0.022583197447821363,-0.043371496923859304,0.12,0.49220117680228137,0,0.0,0,0.7477346966555869,2025-12-31,0.6292551945188306,0.5654642618570475
401810322,2026,2025-12-31,2026-01-01T00:00:00+00:00,SA,NY,1,1.0,-31.16986757254108,-1.6975582422135176,-0.8498639801694452,1.5640000000000214,-0.015613868160495592,-0.00639192669698517,-0.02894927865104846,0.017289146155759938,0.0,1.7631351095232262,0,0.0,0,0.5485321914526071,2025-12-31,0.520559055221526,0.5654642618570475
401810323,2026,2025-12-31,2026-01-01T00:30:00+00:00,TOR,DEN,0,1.0,-108.53780396018306,-11.470477160784995,-7.772715249132716,-1.347200000000015,-0.06421551577818041,0.013474250465307425,0.026623339718699512,-0.03735406018127624,-0.039999999999999925,-0.008211467583015521,0,0.0,0,0.43766997993549267,2025-12-31,0.37292119302229565,0.5654642618570475
401810324,2026,2025-12-31,2026-01-01T01:00:00+00:00,MIL,WSH,0,1.0,163.73182096668165,-1.325285352635774,-4.647201769247033,-2.000799999999998,0.018788026599358743,0.011314734760904138,-0.04171723719987441,-0.006092435810490737,0.0,3.2770906112657254,0,0.0,0,0.788629848743823,2025-12-31,0.7873294251718128,0.5654642618570475
401810325,2026,2025-12-31,2026-01-01T01:00:00+00:00,OKC,POR,1,1.0,252.35149342445288,7.993218212596489,-6.189553757947806,-1.5664000000000158,0.05041431821884712,-0.03608137711613202,-0.07158046240929045,-0.05060969499400775,0.32,3.357647724140345,0,0.0,0,0.8613827065377894,2025-12-31,0.8934327382732855,0.5654642618570475
401810326,2026,2026-01-01,2026-01-01T23:00:00+00:00,BKN,HOU,0,1.0,-220.2483196762098,-6.553241665522663,-1.7264693251243273,-0.8368000000000109,-0.008081653686798806,0.0010173306698699758,-0.11396480514773083,0.019291739920488382,-0.15999999999999998,-1.0845687737944003,0,0.0,0,0.29035074845146436,2026-01-01,0.3245931683208508,0.5654642618570475
401810327,2026,2026-01-01,2026-01-02T00:00:00+00:00,DET,MIA,0,1.0,109.39057701632214,3.1388869623844045,0.4396005840334709,-1.5127999999999844,0.021079930479317777,0.020411663720995538,0.05402515797926016,0.04810097256281265,0.12,-1.002270373070365,-1,0.0,0,0.731819346898817,2026-01-01,0.6856660527870118,0.5654642618570475
401810328,2026,2026-01-01,2026-01-02T01:30:00+00:00,DAL,PHI,0,1.0,-22.67638605308275,0.8051299401065819,1.6031363085302957,0.3359999999999985,0.027768476236331163,0.0033752471987657517,-0.034876964800628685,-0.014684880121102695,-0.08000000000000002,0.7704215494007101,1,0.0,0,0.5606090716378485,2026-01-01,0.582082652280514,0.5654642618570475
401810329,2026,2026-01-01,2026-01-02T03:00:00+00:00,SAC,BOS,0,1.0,-207.17791412815177,-13.095857496700319,2.8480681847616864,4.169600000000031,-0.05634906191907396,0.012071253338791166,-0.04225157558412662,0.017303467788388704,-0.39999999999999997,-11.549073608597354,0,0.0,0,0.30609450896786305,2026-01-01,0.21210708394982825,0.5654642618570475
401810330,2026,2026-01-01,2026-01-02T03:30:00+00:00,LAC,UTAH,1,1.0,105.42277623605969,0.49219558404946895,-5.638605866700317,-7.319999999999979,-0.00098424163921218,0.001517102306182988,-0.008712198495281709,0.004326215892335117,-0.03999999999999998,13.802000606006525,0,0.0,0,0.7273130111303068,2026-01-01,0.7836110826159621,0.5654642618570475
401810331,2026,2026-01-02,2026-01-03T00:00:00+00:00,IND,SA,0,1.0,-206.07693905706265,-6.61145281321329,1.6230475496767411,-1.0263999999999527,-0.012195937267286405,0.008902023203230344,-0.04118983572615628,-0.021600396558737744,-0.39999999999999997,-8.286815766730273,0,0.0,0,0.30744229711106275,2026-01-02,0.3365360947376678,0.5654642618570475
401810332,2026,2026-01-02,2026-01-03T00:00:00+00:00,WSH,BKN,1,1.0,-37.3704595412637,0.10653703443286133,7.418398337899518,2.9088000000000136,-0.00968848175277326,-0.014986932165484856,0.010264985552480094,-0.027104609286622755,-0.08000000000000002,-0.8478539802336996,1,-1.0,0,0.5396784966418848,2026-01-02,0.5013691436761715,0.5654642618570475
401810333,2026,2026-01-02,2026-01-03T00:30:00+00:00,CLE,DEN,1,1.0,-61.61877751963084,-6.710144345546155,-4.096052433173568,1.1512000000000029,-0.04600497688183147,-0.00118502154323874,0.019258146121824665,-0.040365189389976686,-0.15999999999999998,4.703368288591332,0,0.0,0,0.5048658166856754,2026-01-02,0.49263240268395897,0.5654642618570475
401810334,2026,2026-01-02,2026-01-03T00:30:00+00:00,NY,ATL,0,1.0,149.31316818116284,5.073176961186107,-3.000679156023949,-4.294399999999996,0.01005701082745769,-0.0036285009446225536,0.05321000448732993,0.03466530303660251,0.31999999999999995,0.2831396114750248,0,0.0,0,0.77446301835123,2026-01-02,0.7459551371148326,0.5654642618570475
401810335,2026,2026-01-02,2026-01-03T01:00:00+00:00,CHI,ORL,1,1.0,-59.580142301507294,-2.1685486383648254,3.497666056774108,1.4192000000000178,0.017093466464472074,0.013091373518769156,-0.025805394352781785,-0.027409502963024746,-0.11999999999999994,-0.8379610100350461,0,0.0,0,0.5077991695878976,2026-01-02,0.45931886263157334,0.5654642618570475
401810336,2026,2026-01-02,2026-01-03T01:00:00+00:00,MIL,CHA,1,1.0,115.61393821574734,-2.4642731647050766,-1.2733828152148163,-1.9000000000000057,0.020468893109936603,0.006790789857253593,-0.059950368055729564,-0.012314446956789793,-0.03999999999999998,0.5529075564064769,0,0.0,0,0.7387916158213143,2026-01-02,0.7032206130656068,0.5654642618570475
401810337,2026,2026-01-02,2026-01-03T01:00:00+00:00,NO,POR,0,1.0,-132.6279937532879,4.206137262666076,2.615916621389516,1.279200000000003,0.0052325966946675795,-0.03988422410562176,-0.036944144733350226,-0.019176832399834698,-0.07999999999999996,-1.7044816511273853,0,0.0,0,0.40388629813701166,2026-01-02,0.4924290904684311,0.5654642618570475
401810338,2026,2026-01-02,2026-01-03T02:00:00+00:00,PHX,SAC,1,1.0,135.28088286008528,4.366158720548896,-3.872346418240923,-1.4296000000000362,0.014144469500481427,0.009297033266358196,0.0444477458994669,-0.01938825070049241,0.24000000000000005,12.357326942980237,1,-1.0,0,0.760041936410144,2026-01-02,0.8096986034136106,0.5654642618570475
401810339,2026,2026-01-02,2026-01-03T03:00:00+00:00,GS,OKC,0,1.0,-180.71477805465975,-4.929071793037238,3.1787135128175663,-0.2552000000000021,-0.030076005770220737,0.027193213822240242,0.05383820571186482,-0.016644115768805867,-0.24,1.6361742640582957,0,0.0,0,0.3393689149054028,2026-01-02,0.29508982829188396,0.5654642618570475
401810340,2026,2026-01-02,2026-01-03T03:30:00+00:00,LAL,MEM,1,1.0,92.16931738732524,2.372963592592072,6.924732370154402,-3.475999999999985,0.016451663461966137,0.00019372837776648888,-0.011041040832093063,0.05964723427559676,0.039999999999999925,-7.091462166067106,0,0.0,0,0.7119224594365621,2026-01-02,0.5868246511986368,0.5654642618570475
401810341,2026,2026-01-03,2026-01-03T22:00:00+00:00,MIA,MIN,0,1.0,-63.97445527089599,-1.0375435348678934,-1.5230726211481738,1.3239999999999839,-0.011543434511888107,0.001039529089677499,-0.0005428943481590176,-0.03391940290313544,-0.039999999999999925,4.36661497636004,-1,0.0,0,0.5014758732170407,2026-01-03,0.5122137500338002,0.5654642618570475
401810342,2026,2026-01-03,2026-01-04T00:30:00+00:00,NY,PHI,0,1.0,125.96429321905225,7.314709049571022,2.097448704285057,-2.8552000000000106,0.046922226319704996,0.0019928217779636714,0.020825361069939596,-0.015099143136996895,0.12,1.9131589768936552,-1,1.0,0,0.7501249570134075,2026-01-03,0.693303868576778,0.5654642618570475
401810343,2026,2026-01-03,2026-01-04T00:30:00+00:00,TOR,ATL,1,1.0,14.842632147269796,-3.937503628119515,-4.592601494985715,-4.1384000000000185,-0.031126367488856665,0.007151652785264112,0.03936457292202619,-0.0019273143372429968,0.08000000000000002,0.3399532280387235,2,-1.0,0,0.6129219228360367,2026-01-03,0.6299916248025791,0.5654642618570475
401810344,2026,2026-01-03,2026-01-04T01:00:00+00:00,CHI,CHA,0,1.0,135.65539962250978,-1.5658815714308076,0.2741554679633822,2.005600000000001,0.0035932800204179216,-0.004073097851986812,-0.02803427192393329,0.0040404832819253556,0.08000000000000002,-2.9216317926918194,0,0.0,0,0.7604349035962925,2026-01-03,0.6638670995045324,0.5654642618570475
401810345,2026,2026-01-03,2026-01-04T01:00:00+00:00,SA,POR,0,1.0,116.11816760482338,6.864749269673837,-0.9547776780118085,-0.3848000000000127,0.01748680007374337,-0.03503900309063676,-0.027971012481007085,-0.014428379500267152,0.23999999999999994,2.543971835500237,0,0.0,0,0.7393513627359871,2026-01-03,0.74798431842422,0.5654642618570475
401810346,2026,2026-01-03,2026-01-04T01:30:00+00:00,DAL,HOU,1,1.0,-188.68762776858216,-5.311467068270574,2.4661645648548642,3.543999999999997,-0.011471464301754719,-0.01907095183666735,-0.11976761593447266,-0.01049151752948732,-0.2,-8.477394811845954,0,0.0,0,0.3291563530527667,2026-01-03,0.31448708221420335,0.5654642618570475
401810347,2026,2026-01-03,2026-01-04T03:00:00+00:00,GS,UTAH,1,1.0,151.9854742592188,-1.5685855109587692,-8.721361090897034,-2.7272000000000105,-0.008784174643084675,0.006685938058867719,0.02674152292312465,-0.042899062237835794,0.08000000000000002,0.23566249479156332,-1,1.0,0,0.7771386236921385,2026-01-03,0.7302526632154699,0.5654642618570475
401810348,2026,2026-01-03,2026-01-04T03:30:00+00:00,LAC,BOS,0,1.0,-118.9190906307947,-5.424389794623366,-0.48264706107435984,0.03119999999999834,-0.026108852142531114,0.01301998268460934,-0.04028585634844642,0.055613933868463555,-0.27999999999999997,6.864169786526973,0,0.0,0,0.4230211981172039,2026-01-03,0.44612907023277887,0.5654642618570475
401810349,2026,2026-01-04,2026-01-04T19:00:00+00:00,CLE,DET,0,1.0,-34.30302848819974,-0.09128207931814813,3.087113665634689,0.08160000000000878,-0.0007445396715805019,-0.01718791017112803,-0.03131582594303611,-0.0820677969150462,-0.12,0.34957219478760204,-1,0.0,0,0.5440619000115325,2026-01-04,0.5189487759072925,0.5654642618570475
401810350,2026,2026-01-04,2026-01-04T20:00:00+00:00,ORL,IND,1,1.0,145.13348616344592,3.9457325299332666,-1.5295474933822533,1.264799999999994,-0.004398146413914339,-0.010907151324062198,0.04871806894311481,0.014192097821588257,0.28,3.9328496249368277,0,0.0,0,0.770232693381506,2026-01-04,0.712216454895204,0.5654642618570475
401810351,2026,2026-01-04,2026-01-04T20:30:00+00:00,BKN,DEN,1,1.0,-236.0960982419699,-10.058023520429217,-7.262707546103556,-2.1487999999999943,-0.04355489838489146,0.028772576245232398,0.005709651473899513,0.013480213075885927,-0.11999999999999994,-1.1463380774846983,0,0.0,0,0.27191895341774974,2026-01-04,0.2937070114583694,0.5654642618570475
401810352,2026,2026-01-04,2026-01-04T23:00:00+00:00,MIA,NO,1,1.0,171.36686409289518,-0.8599978368467447,-5.682069004651552,-0.4519999999999982,0.0028966092187654446,0.00650505619345762,-0.005783797561578041,-0.01935905360150436,0.15999999999999998,10.49871227113071,-1,1.0,0,0.7958632146059922,2026-01-04,0.7116491776563392,0.5654642618570475
401810353,2026,2026-01-04,2026-01-04T23:00:00+00:00,WSH,MIN,0,1.0,-241.4294855449184,-2.216248237575414,5.083138735914787,-0.9064000000000192,-0.00695977224153832,0.009368981139971977,0.007015035249014201,-0.05022856232830855,-0.15999999999999998,2.8765580612788413,1,-1.0,0,0.26588344807864756,2026-01-04,0.31273979503250066,0.5654642618570475
401810354,2026,2026-01-04,2026-01-05T01:00:00+00:00,PHX,OKC,1,1.0,-190.36731284343637,-6.216926462093426,5.0615107611578765,-1.1448000000000178,-0.04181401607724644,0.020976041516300337,0.07138213519446418,-0.024700927811032086,-0.16000000000000003,-4.061402045467219,0,0.0,0,0.32702484528906434,2026-01-04,0.21923148754033503,0.5654642618570475
401810355,2026,2026-01-04,2026-01-05T02:00:00+00:00,SAC,MIL,0,1.0,-72.03246845093327,-3.647219786925234,2.7631948105246806,2.896000000000001,-0.04303678014195311,-0.008491230879910272,0.03705863109745672,0.011649126998488663,-0.08000000000000002,-9.968111252032482,0,0.0,0,0.4898808462658172,2026-01-04,0.3761006323131269,0.5654642618570475
401810356,2026,2026-01-04,2026-01-05T02:30:00+00:00,LAL,MEM,1,1.0,103.69241900986276,2.7795409546701535,5.977971683948624,-3.2976000000000028,0.01815268530833669,-0.0001833319878689621,-0.009834176268085526,0.07022699366349563,0.07999999999999996,-5.737071541428311,0,0.0,0,0.7253330435041924,2026-01-04,0.6116856490707313,0.5654642618570475
401810357,2026,2026-01-05,2026-01-06T00:00:00+00:00,DET,NY,1,1.0,31.023259633113184,-3.907473622561781,-3.1936721192195705,2.4031999999999982,-0.01667869777774078,0.017185025584552927,0.016233859077211532,0.05406971099377034,-0.040000000000000036,1.9733361161572502,-1,1.0,0,0.6347743768611782,2026-01-05,0.5230051199896305,0.5654642618570475
401810358,2026,2026-01-05,2026-01-06T00:30:00+00:00,BOS,CHI,1,1.0,166.26438330238534,9.236042088415942,-1.5442739449305236,-4.685600000000008,0.03466428725597548,-0.007268588555391808,0.042380455044123216,-0.010605720136625169,0.23999999999999994,10.41773111372446,0,0.0,0,0.7910497712106211,2026-01-05,0.8196459355468079,0.5654642618570475
401810359,2026,2026-01-05,2026-01-06T00:30:00+00:00,TOR,ATL,1,1.0,30.325755233828204,-3.8774579299952023,-5.355788769251518,-4.474399999999974,-0.033472705860339125,0.0043205053544403405,0.037430506987960355,-0.00932535114125152,0.12,-0.04250165697616948,0,0.0,0,0.633843016459611,2026-01-05,0.5708702743682494,0.5654642618570475
401810360,2026,2026-01-05,2026-01-06T01:00:00+00:00,HOU,PHX,1,1.0,32.09890146911994,5.402978917341585,-0.3855916062120741,-1.288800000000009,0.018349035419577664,0.006594271198317625,0.06581973902367716,0.011107683771490962,0.0,3.2461889252425653,1,-1.0,0,0.6362086780276033,2026-01-05,0.7541656241783394,0.5654642618570475
401810361,2026,2026-01-05,2026-01-06T01:00:00+00:00,OKC,CHA,0,1.0,360.60812221293304,4.83353981647636,-7.5976803191767175,0.533600000000007,0.034991520528718234,-0.018998055914834083,-0.054873122888071724,0.004211691925992023,0.27999999999999997,8.333142300094469,-1,1.0,0,0.9205612529430758,2026-01-05,0.900912242174277,0.5654642618570475
401810362,2026,2026-01-05,2026-01-06T01:30:00+00:00,PHI,DEN,0,1.0,-109.05007733861157,-8.944456607641612,-6.81413043252482,1.9288000000000096,-0.06204100651722688,0.008306737779030987,0.032984072349457966,-0.0027114902810843056,0.0,3.4335198060146115,1,-1.0,0,0.4369443496836096,2026-01-05,0.46055433149632186,0.5654642618570475
401810363,2026,2026-01-05,2026-01-06T03:00:00+00:00,LAC,GS,1,1.0,-48.572869956872864,2.61010286433671,3.9696072546594365,-3.4879999999999853,0.011967901548051718,-0.00892372507432504,-0.03623092666929578,0.04249195255608598,-0.08000000000000002,7.7198381839065675,0,0.0,0,0.5236229400642662,2026-01-05,0.5441798170539006,0.5654642618570475
401810364,2026,2026-01-05,2026-01-06T03:00:00+00:00,POR,UTAH,1,1.0,108.91342619266266,-3.9258527313664615,-6.623987876366741,-1.4887999999999835,-0.022388801493797184,0.01517053727873996,0.04330585915119797,0.012196713569926798,0.08000000000000002,2.1863116174712376,0,0.0,0,0.7312799368251851,2026-01-05,0.6880541872903967,0.5654642618570475
401810365,2026,2026-01-06,2026-01-07T00:00:00+00:00,IND,CLE,0,1.0,-174.39828199945828,-4.027602740723225,1.2954443806960967,-1.5967999999999876,-0.007154021595605298,0.0009615162533195554,-0.05763034770664338,0.02985797354120842,-0.2,-5.975040901925155,0,0.0,0,0.3475678767681146,2026-01-06,0.3624768967191942,0.5654642618570475
401810366,2026,2026-01-06,2026-01-07T00:00:00+00:00,WSH,ORL,1,1.0,-187.6026148519211,-2.5945417909728548,3.047733647658916,-0.11920000000000641,0.005637080446848297,0.017695162393264185,0.008638683829714416,-0.03500013495921822,-0.12000000000000005,-1.8177569051934825,0,0.0,0,0.3305369802099253,2026-01-06,0.31518082302971134,0.5654642618570475
401810367,2026,2026-01-06,2026-01-07T01:00:00+00:00,MEM,SA,1,1.0,-106.09025661453529,-2.262940499577084,-2.143402974695121,1.7087999999999965,0.010133073306618612,0.018461492858920764,-0.004912844959377327,-0.037576229340842704,-0.12,1.9669633456586695,-1,0.0,0,0.44114053702995165,2026-01-06,0.4927890718545733,0.5654642618570475
401810368,2026,2026-01-06,2026-01-07T01:00:00+00:00,MIN,MIA,1,1.0,85.26842345327054,2.270006146719524,0.2869086555639484,-0.9023999999999859,0.015215225744385497,-0.004783622552708297,0.0018524571641657661,0.03892833639616616,0.12,-3.186422666023132,0,0.0,0,0.7037072778787384,2026-01-06,0.6642657813336528,0.5654642618570475
401810369,2026,2026-01-06,2026-01-07T01:00:00+00:00,NO,LAL,0,1.0,-262.78616239191206,-2.9612827888821442,-0.12174473812363829,4.440799999999996,-0.032507969652301516,-0.01585297855802706,0.007276876777988217,-0.05211877539659182,-0.27999999999999997,-4.889880227773102,0,0.0,0,0.2425869260577418,2026-01-06,0.3125247809806204,0.5654642618570475
401810370,2026,2026-01-06,2026-01-07T04:00:00+00:00,SAC,DAL,0,1.0,-38.38134500164165,-4.563694457802129,2.543348613754887,-0.5623999999999967,-0.03244862749583244,0.0022345845875276493,0.026002214008897684,0.020068793847548144,-0.16000000000000003,-9.695300965355,-1,0.0,0,0.538232547272285,2026-01-06,0.4318939093744519,0.5654642618570475
401810371,2026,2026-01-07,2026-01-08T00:00:00+00:00,CHA,TOR,0,1.0,-118.21446519044707,4.832200881543457,3.1367651554225517,0.6880000000000308,0.026082305785022464,0.0020992751621568273,-0.0016302782145307115,0.039355117347334684,-0.03999999999999998,-2.0744144606479042,0,0.0,0,0.4240115078189398,2026-01-07,0.4912134202805343,0.5654642618570475
401810372,2026,2026-01-07,2026-01-08T00:00:00+00:00,DET,CHI,1,1.0,147.31927838781667,2.5466838840000037,-6.511577918416421,0.04800000000000182,-0.007492605657507312,0.015628376339585498,0.08165303060459778,0.05967483090227657,0.2,7.763868048561298,0,0.0,0,0.7724518853374449,2026-01-07,0.7754616354737804,0.5654642618570475
401810373,2026,2026-01-07,2026-01-08T00:00:00+00:00,PHI,WSH,1,1.0,114.63152095075179,0.4842064426198931,-4.111394881519544,1.2023999999999972,-0.014466042674794788,-0.008545047148180995,-0.001486842271249067,0.011342138795561563,0.08000000000000002,1.3222962006426384,1,-1.0,0,0.7376988012573164,2026-01-07,0.7799099769835012,0.5654642618570475
401810374,2026,2026-01-07,2026-01-08T00:30:00+00:00,ATL,NO,1,1.0,131.90978777282567,-0.18266878926718277,-0.040755722442753495,0.7775999999999925,0.018779584640335245,0.009560672335951786,-0.02716027189022971,-0.03575682816956824,0.040000000000000036,5.043218643008721,1,-1.0,0,0.7564849433294348,2026-01-07,0.7608796281514094,0.5654642618570475
401810375,2026,2026-01-07,2026-01-08T00:00:00+00:00,BOS,DEN,0,1.0,43.801216768265704,0.738208664913131,-4.233694958987925,-3.1936000000000035,-0.012109837675375212,-0.0039793238302673895,0.05453305822918339,-0.03996399591145139,0.12,10.302605614161282,0,0.0,0,0.651652329737763,2026-01-07,0.6583103131684157,0.5654642618570475
401810376,2026,2026-01-07,2026-01-08T00:30:00+00:00,BKN,ORL,0,1.0,-135.37646515596248,-1.9497873421315575,-2.365645387018958,-3.6103999999999985,0.013754659624171106,0.030240363315775134,-0.002396517169462764,0.0025075198617025007,-0.03999999999999998,-2.4113018490158895,2,-1.0,0,0.4000829490724896,2026-01-07,0.5210135406219927,0.5654642618570475
401810377,2026,2026-01-07,2026-01-08T00:30:00+00:00,NY,LAC,1,1.0,57.55600330774564,1.7405467239968715,-0.2972588987922222,2.452799999999968,0.002455986005437172,-0.001994487781883214,0.04306679982515271,-0.03761779964015344,0.15999999999999998,-9.328085046676787,0,0.0,0,0.6694036431552166,2026-01-07,0.5970989109756952,0.5654642618570475
401810378,2026,2026-01-07,2026-01-08T02:30:00+00:00,SA,LAL,1,1.0,-24.61776843571579,-0.06466988699568788,-4.863714025773845,2.0512000000000086,-0.027644330435291575,-0.02012314326893888,0.01264170955943808,-0.03877436033448428,0.040000000000000036,-2.858352506016955,0,0.0,0,0.5578544133734269,2026-01-07,0.591070201993619,0.5654642618570475
401810379,2026,2026-01-07,2026-01-08T01:00:00+00:00,MEM,PHX,0,1.0,-66.00412831467406,0.851771178032493,-1.3367807697027558,4.035200000000003,0.013224010854825163,0.00889692632516681,-0.012596304947418369,0.016992612934790485,0.0,-4.254688740239708,-1,1.0,0,0.4985549472178756,2026-01-07,0.45893405701254214,0.5654642618570475
401810380,2026,2026-01-07,2026-01-08T01:00:00+00:00,OKC,UTAH,1,1.0,324.23590954666815,2.7230643444817417,-11.849922407634011,-2.3951999999999884,0.01631972830626305,-0.019489576080190377,-0.028696140932216313,-0.030797657509443743,0.28,8.520997838123725,0,0.0,0,0.9038385332993111,2026-01-07,0.9207362060327502,0.5654642618570475
401810381,2026,2026-01-07,2026-01-08T03:00:00+00:00,GS,MIL,1,1.0,54.056584547433204,1.5224594020367306,-2.330607361258103,2.2303999999999746,-0.016959157213122245,-0.003172272461782061,0.04974195784879784,0.00044858089123600564,0.08000000000000002,-4.413220838652579,-1,0.0,0,0.6649305537126831,2026-01-07,0.6371505564278797,0.5654642618570475
401810382,2026,2026-01-07,2026-01-08T03:00:00+00:00,POR,HOU,1,1.0,-98.91132713944307,-5.50124020918534,1.6420312045933372,3.6040000000000134,-0.018453146957785216,0.004327342832384812,-0.05945065680388539,0.056269365589417725,-0.07999999999999996,-3.40574521275813,0,0.0,0,0.4513520634798976,2026-01-07,0.3683684114342486,0.5654642618570475
401810383,2026,2026-01-08,2026-01-09T00:00:00+00:00,CHA,IND,0,1.0,6.272374098053888,3.2742736173606772,-1.723767676242872,-0.1120000000000374,0.005509238340689837,0.013552298337823565,0.06311275460168522,0.003875863547621483,0.2,6.177735845143864,-1,1.0,0,0.6011542401306189,2026-01-08,0.5145223569477853,0.5654642618570475
401810385,2026,2026-01-08,2026-01-09T01:00:00+00:00,MIN,CLE,1,1.0,43.362601951933584,1.1111212451912706,-3.0413951965303454,-0.29280000000002815,0.004138951781220812,-0.008191217620310276,-0.01177398320100509,0.06123814541206951,0.2,3.8264366615941423,0,0.0,0,0.6510789610772324,2026-01-08,0.6383304322558019,0.5654642618570475
401810386,2026,2026-01-08,2026-01-09T02:00:00+00:00,UTAH,DAL,1,1.0,-62.131727808417054,2.5388503974088366,7.048115038838148,1.6767999999999859,0.006041972104414595,0.0075506539925278005,0.019215498725654923,0.05122627514464276,-0.08000000000000002,-4.421650135031013,-1,1.0,0,0.5041276817219523,2026-01-08,0.3690325979449613,0.5654642618570475
401810387,2026,2026-01-09,2026-01-10T00:00:00+00:00,BOS,TOR,1,1.0,117.54242435638821,12.987315963472682,3.663250457571209,-2.1239999999999952,0.058488577530827146,-0.016158027749870407,0.01806369599556784,0.015110938763128329,0.19999999999999996,3.5619387883915734,0,0.0,0,0.7409282348872617,2026-01-09,0.7836742780672027,0.5654642618570475
401810388,2026,2026-01-09,2026-01-10T00:00:00+00:00,ORL,PHI,0,1.0,48.94820811616228,-1.1367457402278518,0.14523629473760025,-0.44719999999999516,-0.002018028596882271,-0.0005258306805162316,-0.008133930916921606,0.00917263944834179,0.0,-5.0729020468679344,0,0.0,0,0.6583474650602884,2026-01-09,0.5994275987088454,0.5654642618570475
401810389,2026,2026-01-09,2026-01-10T00:00:00+00:00,WSH,NO,0,1.0,30.601211569375664,0.005154756177731201,0.7628318656609849,-2.3840000000000003,0.011854560647737156,0.009900222821678767,0.0094544935624305,-0.02695517950651588,0.16000000000000003,5.127177891834229,0,0.0,0,0.6342109464960507,2026-01-09,0.5491788099050712,0.5654642618570475
401810390,2026,2026-01-09,2026-01-10T00:30:00+00:00,BKN,LAC,0,1.0,-130.41129005261632,-4.03240827179107,-4.195476729514439,1.2455999999999534,-0.008908187713209892,0.015491125856426285,0.01065279748479861,-0.010548271968559064,0.040000000000000036,-6.2252877391061014,0,0.0,0,0.4069622436190969,2026-01-09,0.40659419986337153,0.5654642618570475
401810391,2026,2026-01-09,2026-01-10T01:00:00+00:00,MEM,OKC,0,1.0,-230.2113646286307,-4.074646133326155,2.743738573458188,1.9783999999999793,-0.011111511985539169,0.03311339375041511,0.047560073171093675,-0.019407222333586244,-0.16000000000000003,-6.80283341992386,0,0.0,0,0.27867711203346873,2026-01-09,0.24936458641083017,0.5654642618570475
401810392,2026,2026-01-09,2026-01-10T02:00:00+00:00,DEN,ATL,0,1.0,148.38926437604414,8.316717781077074,3.5236884250767844,-4.175200000000004,0.03484405636198673,-0.01598148046188,0.0007436678515988782,0.04260615524097583,0.19999999999999996,-2.6823189163702397,0,0.0,0,0.7735326942263463,2026-01-09,0.7455149541625492,0.5654642618570475
401810393,2026,2026-01-09,2026-01-10T02:00:00+00:00,PHX,NY,1,1.0,-9.50283180607289,-5.721782563517536,-3.2780398460820948,0.11279999999996448,-0.02005025297962615,0.006458053540228353,-0.008657361732789914,-0.02509079492265437,-0.07999999999999996,7.295253379582058,0,0.0,0,0.5791944432057207,2026-01-09,0.5482564666154371,0.5654642618570475
401810394,2026,2026-01-09,2026-01-10T03:00:00+00:00,GS,SAC,1,1.0,163.1503267201913,6.809598713163965,-4.266088121875413,-1.2392000000000252,0.031529202895768105,0.003996247805069131,0.021498844566858938,-0.015208974494808042,0.28,8.801172815624623,-1,0.0,0,0.7880713304835225,2026-01-09,0.8070769715147865,0.5654642618570475
401810395,2026,2026-01-09,2026-01-10T03:00:00+00:00,POR,HOU,1,1.0,-76.96540967863893,-5.571739902442658,2.1135455455921317,3.4887999999999835,-0.016917488504279654,0.004108632289246822,-0.06560245849057084,0.04849367642147112,-0.07999999999999996,-1.7420008658779325,0,0.0,0,0.48278719587622937,2026-01-09,0.3850311893286908,0.5654642618570475
401810396,2026,2026-01-09,2026-01-10T03:30:00+00:00,LAL,MIL,0,1.0,109.44079209219058,2.800099393490555,3.0436138101166392,1.1663999999999959,-0.0006277792972325669,-0.0027120082390136857,0.026520575304951194,0.06000927557656549,0.15999999999999998,-3.696773524470683,0,0.0,0,0.731876074190174,2026-01-09,0.6235634740475828,0.5654642618570475
401810397,2026,2026-01-10,2026-01-10T18:00:00+00:00,CLE,MIN,1,1.0,-57.31944350884419,-1.0846753319459026,3.6571734930230946,0.1600000000000108,-0.007058313544344608,0.0072273107558882,0.016578618179553084,-0.04712483711375534,-0.23999999999999994,-3.31227716266815,0,0.0,0,0.5110514091086741,2026-01-10,0.4879367038044591,0.5654642618570475
401810398,2026,2026-01-10,2026-01-11T00:00:00+00:00,IND,MIA,1,1.0,-122.5203818813834,-0.14338352922884212,4.08938924143402,-2.5991999999999678,0.013023732270626476,-0.0011157522550528098,-0.03324791718170872,0.004627332311457177,-0.16000000000000003,-3.1402204592846488,-2,0.0,0,0.41796961040677255,2026-01-10,0.42475314034845235,0.5654642618570475
401810399,2026,2026-01-10,2026-01-11T00:30:00+00:00,DET,LAC,0,1.0,106.2119324241769,-1.3726202025242458,-5.599496734456608,4.397599999999983,-0.01777629776554146,0.007474633481752563,0.06992297984383408,0.0018463051740125747,0.15999999999999998,7.906802417532304,2,-1.0,0,0.7282130379654014,2026-01-10,0.7507957500422853,0.5654642618570475
401810400,2026,2026-01-10,2026-01-11T01:00:00+00:00,BOS,SA,0,1.0,51.37112943225361,5.781163072971893,2.3164493295561215,-4.50800000000001,0.03282563290900009,-0.0009532426071141714,0.03566494949224952,-0.054135961274102806,0.039999999999999925,4.55437356438828,-2,1.0,0,0.6614776478365216,2026-01-10,0.6081249090385492,0.5654642618570475
401810401,2026,2026-01-10,2026-01-11T01:00:00+00:00,CHI,DAL,1,1.0,28.25599689337332,-1.1192197395450592,1.7907823543604735,-1.1920000000000073,-0.006215565412403867,0.00011645851602293256,0.013733009052523615,-0.005013890741027871,-0.040000000000000036,-1.047774033355884,1,0.0,0,0.6310734465383113,2026-01-10,0.5646276801907962,0.5654642618570475
401810402,2026,2026-01-10,2026-01-11T02:30:00+00:00,UTAH,CHA,0,1.0,28.04729453908044,0.5558653209140374,7.183444107792781,3.1863999999999635,0.002395649730154825,-0.0076804471239619865,-0.027381259505468603,0.031054288903358984,-0.040000000000000036,-8.413532365353637,0,0.0,0,0.6307936958211001,2026-01-10,0.49762282735769653,0.5654642618570475
401810403,2026,2026-01-11,2026-01-11T20:00:00+00:00,ORL,NO,1,1.0,178.8218203548704,-2.144570820418508,-2.8842131525492363,-2.6488000000000227,-0.015956002264185587,-0.0009557835563055728,-0.0016906730268253511,0.0041533061613165945,0.15999999999999998,1.7153627861896794,0,0.0,0,0.8027468092214193,2026-01-11,0.7103627909561973,0.5654642618570475
401810404,2026,2026-01-11,2026-01-11T20:30:00+00:00,MEM,BKN,1,1.0,108.30769225640415,1.5399702440319345,-0.5988835867115938,5.340000000000003,0.010143272611194187,-0.0034008466438165963,0.003942432740099366,-0.024457164756537725,0.08000000000000002,1.943298538377785,0,0.0,0,0.7305941781811708,2026-01-11,0.6928210168338016,0.5654642618570475
401810405,2026,2026-01-11,2026-01-11T23:00:00+00:00,TOR,PHI,1,1.0,16.15918856476401,-2.4582420423611637,1.4635444215644071,-2.956799999999987,0.0011228082581337118,0.008000025799799235,0.005958438373095565,-0.062440737403738095,-0.11999999999999994,-3.3870751656908893,0,0.0,0,0.6147184149449931,2026-01-11,0.556769439807175,0.5654642618570475
401810406,2026,2026-01-11,2026-01-11T23:00:00+00:00,POR,NY,0,1.0,-42.00137759309473,-5.74616661378289,-2.339083819469323,2.5600000000000023,-0.02251676930018165,0.015703575058946623,-0.004806999924145072,0.049460528614249544,-0.039999999999999925,9.241474296512015,0,0.0,0,0.5330494200308549,2026-01-11,0.4826877759999471,0.5654642618570475
401810407,2026,2026-01-11,2026-01-12T00:00:00+00:00,MIN,SA,1,1.0,2.8334651983668664,1.7609596555448235,1.5050916243071413,0.9024000000000001,0.02389577575735391,0.0030880540440548776,0.008982444749031149,0.0011317722570644562,0.0,3.2564194450660517,0,0.0,0,0.5963984402218826,2026-01-11,0.5963466274514787,0.5654642618570475
401810408,2026,2026-01-11,2026-01-12T00:00:00+00:00,OKC,MIA,1,1.0,223.1321890321949,5.718134031044883,-2.957398339127508,-1.6607999999999947,0.0329047541224361,-0.019452653751040286,-0.033282403536045,0.00837136355813356,0.24000000000000005,4.362733345035648,1,-1.0,0,0.8400529641875115,2026-01-11,0.87796776173909,0.5654642618570475
401810409,2026,2026-01-11,2026-01-12T01:00:00+00:00,DEN,MIL,1,1.0,100.85524230445094,7.036100239951182,4.586365712855951,2.009600000000006,0.020777107429627573,-0.022178929670584588,-0.008386295433361307,0.02084414488449904,0.11999999999999994,-5.014894383613536,0,0.0,0,0.722067334421641,2026-01-11,0.6801331126265248,0.5654642618570475
401810410,2026,2026-01-11,2026-01-12T01:00:00+00:00,PHX,WSH,1,1.0,235.48063979164635,2.569063837944668,-5.163148247570632,-2.2911999999999892,0.006499857254184449,-0.005343248913578541,0.010491342356014621,-0.022193800761464183,0.15999999999999998,8.69187891608778,0,0.0,0,0.8493747600068932,2026-01-11,0.842360393320131,0.5654642618570475
401810411,2026,2026-01-11,2026-01-12T01:30:00+00:00,GS,ATL,0,1.0,73.65312860799145,1.999283218392577,-3.003510311588613,-4.1712000000000415,-0.00436036047327093,0.005309902425203211,0.049311810513497006,0.019765128582867275,0.16000000000000003,-0.24810684690341978,0,0.0,0,0.6895789447264451,2026-01-11,0.6676439319297764,0.5654642618570475
401810412,2026,2026-01-11,2026-01-12T02:00:00+00:00,SAC,HOU,1,1.0,-201.19706285468033,-9.44421399290799,5.282238315430135,2.5616000000000128,-0.03212101885907759,-0.012778802041760878,-0.10231020896022774,-0.0008621348520453931,-0.32000000000000006,-11.110728987297193,0,0.0,0,0.31345556969176325,2026-01-11,0.23199988861217588,0.5654642618570475
401810413,2026,2026-01-12,2026-01-13T00:00:00+00:00,CLE,UTAH,0,1.0,181.42083819145432,2.5782180012526936,-6.161539746644138,-1.222399999999979,0.010284795229174026,-0.007529819716612957,0.02879472263673155,-0.042709439942355626,0.12,9.206657902372164,0,0.0,0,0.8051050972634811,2026-01-12,0.8286351718539275,0.5654642618570475
401810414,2026,2026-01-12,2026-01-13T00:30:00+00:00,IND,BOS,1,1.0,-227.2779137086943,-10.18510542217102,1.9475355997915926,3.8208000000000197,-0.031705218335387086,0.011598826194231984,-0.07377230963916945,0.03389169624207489,-0.36000000000000004,-4.457731562471518,0,0.0,0,0.28208418409773534,2026-01-12,0.25066333502595006,0.5654642618570475
401810415,2026,2026-01-12,2026-01-13T00:30:00+00:00,TOR,PHI,0,1.0,31.570451966964356,-2.8579997950157576,2.256954754549298,-2.8215999999999894,-0.0013360450153063752,0.007633761979279646,0.0014753214899786982,-0.05720986366516842,-0.07999999999999996,-1.4850746338983924,0,0.0,0,0.6355043243849848,2026-01-12,0.5422010023098871,0.5654642618570475
401810416,2026,2026-01-12,2026-01-13T01:30:00+00:00,DAL,BKN,1,1.0,66.23409772100763,1.9550665606507351,3.0708360611750862,4.296799999999976,0.01423790041163342,-0.01729857675296373,-0.03319886560952334,-0.023101819987961347,0.040000000000000036,0.43874660839317725,1,-1.0,0,0.6803638025476021,2026-01-12,0.6910705302490525,0.5654642618570475
401810417,2026,2026-01-12,2026-01-13T03:00:00+00:00,SAC,LAL,1,1.0,-181.0019197138172,-7.397858810932618,-0.3350910490117087,1.8984000000000094,-0.04498791910001598,-0.007795517121050116,0.004081813973218051,-0.04560797772773845,-0.28,-6.614515459669195,-2,1.0,0,0.3389984325113294,2026-01-12,0.2618530714912912,0.5654642618570475
401810418,2026,2026-01-12,2026-01-13T03:30:00+00:00,LAC,CHA,1,1.0,150.7577839027772,-0.5513602036022291,0.5467841915936873,-2.9232000000000085,0.0030273399153567526,-0.002698116749675017,-0.044657485171484546,0.03858042278165991,0.03999999999999998,-11.366813544746304,0,0.0,0,0.7759122368906416,2026-01-12,0.6926294817297826,0.5654642618570475
401810419,2026,2026-01-13,2026-01-14T00:30:00+00:00,MIA,PHX,1,1.0,-87.92116501828127,-1.9619837990954778,1.3259186614700837,4.032799999999995,-0.00505098294431916,0.0012319069868294286,-0.029013427447785317,0.0166846850913398,-0.19999999999999996,-9.349256267928315,0,0.0,0,0.46706156472616134,2026-01-13,0.4732492581313734,0.5654642618570475
401810420,2026,2026-01-13,2026-01-14T01:00:00+00:00,HOU,CHI,1,1.0,97.59987236860684,4.4077944030557035,-2.4126368681987884,-2.6288000000000125,0.0008334197553909739,0.014519889424714105,0.1098967832075187,0.03063653004608291,0.03999999999999998,-0.44365090563274223,-1,0.0,0,0.718290989767606,2026-01-13,0.7370871665181776,0.5654642618570475
401810421,2026,2026-01-13,2026-01-14T01:00:00+00:00,MIL,MIN,0,1.0,-117.56502829996134,-2.969889686691289,2.082828115014067,-4.632799999999989,0.00827358730797545,0.01952456338780524,-0.037365004008211106,-0.028593250518576807,-0.2,-3.6883254547566864,0,0.0,0,0.4249247942139521,2026-01-13,0.4225056240876051,0.5654642618570475
401810422,2026,2026-01-13,2026-01-14T01:00:00+00:00,NO,DEN,0,1.0,-271.3884987283832,-5.746199172326783,-1.9007780849428855,3.842400000000012,-0.03347463660904304,0.013765994348196336,0.03724869432211972,-0.007727307796101479,-0.23999999999999994,-0.5179150054772306,0,0.0,0,0.2336047039587582,2026-01-13,0.27867864015628413,0.5654642618570475
401810423,2026,2026-01-13,2026-01-14T01:00:00+00:00,OKC,SA,1,1.0,131.27643705175979,2.4590871722323016,-0.6377219113106349,-0.027999999999977376,0.027711315667804493,-0.008281711120294993,-0.03165607113661578,-0.02469637580211259,0.0,-2.879147793241151,0,0.0,0,0.7558126916513004,2026-01-13,0.7584822185323943,0.5654642618570475
401810424,2026,2026-01-13,2026-01-14T03:30:00+00:00,LAL,ATL,1,1.0,69.74685318282081,1.5880460529343026,3.390756570643063,-4.366400000000013,0.003073178632264084,0.009134812768939737,0.031264989759826584,0.08676083000394416,0.12,-3.7625824329576987,-1,1.0,0,0.6847451225344136,2026-01-13,0.4998657389349146,0.5654642618570475
401810425,2026,2026-01-13,2026-01-14T04:00:00+00:00,GS,POR,1,1.0,23.57671766594649,2.5502104796792793,-1.69205077312769,-1.290399999999991,0.0095018685847863,-0.013459347806018984,-0.012368482496737832,-0.05055061118261492,0.0,1.494800619622596,0,0.0,0,0.6247803532988773,2026-01-13,0.6694124839065373,0.5654642618570475
401810426,2026,2026-01-14,2026-01-15T00:00:00+00:00,IND,TOR,0,1.0,-93.23940059988195,0.3260999798260258,3.7247470864124352,1.2264000000000124,0.020677602875786905,0.0021939891403312817,-0.057637076018793865,0.03257047439409183,-0.2,1.6655073287036983,0,0.0,0,0.4594494935160857,2026-01-14,0.49794529359436807,0.5654642618570475
401810427,2026,2026-01-14,2026-01-15T00:00:00+00:00,PHI,CLE,0,1.0,-49.88831564344514,-2.5464652995071333,-5.1535897239234885,-0.23120000000000118,-0.028276553174740315,-0.0012805592588051862,0.005196764696839107,0.041164096796328736,0.07999999999999996,5.2050558475025905,0,0.0,0,0.5217337583152218,2026-01-14,0.5285125251190075,0.5654642618570475
401810428,2026,2026-01-14,2026-01-15T01:00:00+00:00,CHI,UTAH,1,1.0,68.81095480640693,-2.0671771955228024,-4.866676537298758,-2.4751999999999583,-0.004912483219134511,-0.003651470712848076,0.004351580849925679,-0.05447599633107025,0.040000000000000036,3.159946292103264,-1,1.0,0,0.6835809788843794,2026-01-14,0.6099911734006941,0.5654642618570475
401810429,2026,2026-01-14,2026-01-15T01:00:00+00:00,NO,BKN,1,1.0,-29.30605917415437,1.4363200453828995,4.086192590151995,5.288000000000011,-0.004491396230183353,-0.018538570381032432,-0.0011072761390360508,0.007688583427654605,-0.07999999999999996,-0.19852743464477385,-1,1.0,0,0.5511877484588104,2026-01-14,0.4449230654551035,0.5654642618570475
401810430,2026,2026-01-14,2026-01-15T02:30:00+00:00,DAL,DEN,0,1.0,-172.40708209347576,-6.104615193209128,-3.691258335638423,2.314399999999992,-0.02060068168407103,0.01434396080589824,0.01283267815078018,-0.04513964930004552,-0.12,0.5357817482241445,1,-1.0,0,0.3501716324744396,2026-01-14,0.44388326419962454,0.5654642618570475
401810431,2026,2026-01-14,2026-01-15T03:00:00+00:00,SAC,NY,1,1.0,-170.6316113787659,-9.062490811242228,0.8210343311609591,0.9231999999999942,-0.037319728084237225,0.000636808831120439,-0.025923744009536842,0.00690379380425496,-0.27999999999999997,-0.047664203920956716,-1,0.0,0,0.3525008529581263,2026-01-14,0.3109507295755698,0.5654642618570475
401810432,2026,2026-01-14,2026-01-15T03:30:00+00:00,LAC,WSH,1,1.0,195.9852685740359,4.91413555661947,-3.714072905187365,-4.740799999999993,0.02598419042698452,-0.004929174607575193,-0.02746490616629879,0.04372534010087592,0.12000000000000005,9.415435900755202,-1,0.0,0,0.8179250025347359,2026-01-14,0.8432199521154735,0.5654642618570475
401810433,2026,2026-01-15,2026-01-15T19:00:00+00:00,ORL,MEM,1,0.0,36.601333812829125,-0.4536692203721202,2.9806083585078085,-1.9568000000000012,-0.017903370322592038,-0.02150362122808616,-0.013912205172660036,0.027193102310086814,0.0,1.9092672666056287,0,0.0,0,0.5524795573964515,2026-01-15,0.5344545004267711,0.5654642618570475
401810434,2026,2026-01-15,2026-01-16T00:00:00+00:00,DET,PHX,1,1.0,37.74004353151554,0.5126635633049972,-3.4620339937483067,2.1455999999999875,0.005668836907738339,0.016691580549565183,0.030451607247608425,0.05872052480057796,0.040000000000000036,0.7248656346648161,3,0.0,0,0.643690717055579,2026-01-15,0.6666735188828674,0.5654642618570475
401810435,2026,2026-01-15,2026-01-16T00:30:00+00:00,MIA,BOS,0,1.0,-106.22060310376764,-9.542831363604733,-0.8007281801231159,6.320000000000022,-0.03760253260022772,0.01385438593863815,-0.04343710811214377,0.01925960998352791,-0.24000000000000005,-4.712353933640425,-1,0.0,0,0.44095556101793076,2026-01-15,0.36511930819650235,0.5654642618570475
401810436,2026,2026-01-15,2026-01-16T00:30:00+00:00,HOU,OKC,0,1.0,-150.65573535987073,-1.067197770667164,4.524329411598032,-2.9143999999999863,-0.015739150012038072,0.032546983611825744,0.12920366999444338,0.0014987452040720606,-0.16000000000000003,-2.214987663825549,0,0.0,0,0.37916966824922665,2026-01-15,0.3344559589586148,0.5654642618570475
401810437,2026,2026-01-15,2026-01-16T01:00:00+00:00,SA,MIL,1,1.0,102.20225042777474,1.4260871314410508,-4.1423419825818115,3.092800000000011,-0.02973317113697649,-0.018538620398143038,0.028601319583822643,0.027602583309830397,0.15999999999999998,1.922401013625165,0,0.0,0,0.7236207721828192,2026-01-15,0.6964209429123647,0.5654642618570475
401810438,2026,2026-01-15,2026-01-16T01:30:00+00:00,DAL,UTAH,1,1.0,37.149747701085516,-1.894322477864847,-6.9146751073995745,-1.178399999999968,0.0004401536190199451,-0.0042332453353567945,-0.010051350804785975,-0.039384919606514496,0.08000000000000002,2.869243726955607,0,0.0,0,0.6429109920180535,2026-01-15,0.6756634843490738,0.5654642618570475
401810439,2026,2026-01-15,2026-01-16T03:00:00+00:00,GS,NY,1,1.0,-19.292260853522293,-1.7886936265735613,-3.8115888604863244,0.8775999999999868,0.00022041651341064838,0.007944570831105252,-0.02016311775715529,-0.00633964462082709,-0.039999999999999925,7.7490399860610575,1,-1.0,0,0.5654018477232136,2026-01-15,0.6748679601346423,0.5654642618570475
401810440,2026,2026-01-15,2026-01-16T03:00:00+00:00,POR,ATL,1,1.0,21.29395776827664,-2.348405596473995,-2.7307153309173344,-1.558400000000006,-0.0174190270783382,0.027163052795801085,0.05659247974126477,0.06505100811875003,0.16000000000000003,-1.2805857051982372,0,0.0,0,0.6216947840313203,2026-01-15,0.5277174192939514,0.5654642618570475
401810441,2026,2026-01-15,2026-01-16T03:30:00+00:00,LAL,CHA,0,1.0,195.7961115643593,-0.9833592010461842,4.599961014382615,-0.8328000000000202,-0.0010931820956500138,-0.004448644526980211,-0.02458469743044228,0.05428238302533006,0.08000000000000002,-7.009126983562095,-1,0.0,0,0.817762787067725,2026-01-15,0.6585009577298042,0.5654642618570475
401810442,2026,2026-01-16,2026-01-17T00:30:00+00:00,BKN,CHI,1,1.0,-125.3103259503846,-1.67237569235499,-4.714635606375396,-2.6400000000000006,-0.003505374774073755,0.018745208043906808,0.005334333110767753,0.023490505484058788,-0.08000000000000002,-1.6651020417029359,0,0.0,0,0.4140678511857048,2026-01-16,0.504262512266517,0.5654642618570475
401810443,2026,2026-01-16,2026-01-17T00:00:00+00:00,IND,NO,1,1.0,64.57476701300334,-2.4463928136544553,-0.23798048713506148,-2.352799999999988,0.002933361117114064,-0.0028803091359135835,-0.05262108987905076,-0.01831075822064837,-0.08000000000000002,1.7283086810971597,0,0.0,0,0.6782829977115975,2026-01-16,0.6416023761950337,0.5654642618570475
401810444,2026,2026-01-16,2026-01-17T00:00:00+00:00,PHI,CLE,0,1.0,-70.75766597605411,-2.3363939694783937,-3.822327756188116,-1.3655999999999864,-0.030826571881217624,-0.004841112764601557,0.01319801034541046,0.04263108690402162,0.07999999999999996,-0.10440090951674685,0,0.0,0,0.49171481102925796,2026-01-16,0.4804756413008764,0.5654642618570475
401810445,2026,2026-01-16,2026-01-17T00:30:00+00:00,TOR,LAC,0,1.0,-25.295802943407125,-5.730619172702092,-1.199055104276539,2.6047999999999973,-0.04076536991320612,-0.007184416377982061,0.03125885319412128,-0.07006196625933139,-0.07999999999999996,-3.872657229805334,0,0.0,0,0.5568914911939735,2026-01-16,0.46537086070480205,0.5654642618570475
401810446,2026,2026-01-16,2026-01-17T02:30:00+00:00,HOU,MIN,1,1.0,-49.55496897989224,-0.7632648599876433,1.9272308271067402,-4.066400000000002,-0.018082620351390966,0.02210535509133417,0.0890258370036226,-0.03319586625902543,-0.16000000000000003,-9.065149334098365,-2,1.0,0,0.522212556208244,2026-01-16,0.4036284687568892,0.5654642618570475
401810447,2026,2026-01-16,2026-01-17T03:00:00+00:00,SAC,WSH,1,1.0,87.7846140378042,-1.2535903013147731,-0.12557237732012538,-1.2503999999999849,-0.005724729194288791,-0.006256725911174155,-0.00572908310842396,0.010229884143131251,-0.03999999999999998,6.555672941157087,0,0.0,0,0.7067183777299456,2026-01-16,0.667375177180832,0.5654642618570475
401810448,2026,2026-01-17,2026-01-17T22:00:00+00:00,DAL,UTAH,1,1.0,51.433308020363484,-1.3014454949264689,-8.047353763460805,-1.2679999999999723,0.003301672401692657,-0.004011029994949927,-0.007283166608030273,-0.03401589004279015,0.12,6.336082279833924,0,0.0,0,0.6615577923822994,2026-01-17,0.7075571094147279,0.5654642618570475
401810449,2026,2026-01-17,2026-01-18T00:30:00+00:00,ATL,BOS,0,1.0,-137.14603429226668,-6.949108111123664,2.746693414320731,6.411999999999978,-0.01442888504933193,0.008614522779170283,-0.06157596815882013,0.009889163411514912,-0.28,0.9393565760913617,0,0.0,0,0.39764053705124436,2026-01-17,0.3540891237678795,0.5654642618570475
401810450,2026,2026-01-17,2026-01-18T00:30:00+00:00,DET,IND,1,1.0,206.56518459112112,3.26811467869598,-6.266670229631231,0.6143999999999892,0.004541577955423537,0.01971361010764816,0.09078047239498493,0.04897312252923394,0.32,2.9899455341326617,1,-1.0,0,0.8268199088456337,2026-01-17,0.8422679386254492,0.5654642618570475
401810451,2026,2026-01-17,2026-01-18T00:30:00+00:00,NY,PHX,0,1.0,-3.537898486951235,3.865994584018594,5.8441941161429725,-0.008799999999993702,0.015948405408221622,-0.002116379113226735,0.011423133741043145,0.015848242969827037,-0.039999999999999925,-4.231806910655176,0,0.0,0,0.5875398059825131,2026-01-17,0.5453130182412078,0.5654642618570475
401810452,2026,2026-01-17,2026-01-18T01:00:00+00:00,MIA,OKC,1,1.0,-240.1575525115345,-6.078793018904037,4.8713976154459715,1.6144000000000034,-0.02832758340994279,0.021502144631713238,0.020871836690399603,-0.005366489140765041,-0.28,-11.49488845214659,0,0.0,0,0.2673150405604102,2026-01-17,0.21508285655931342,0.5654642618570475
401810453,2026,2026-01-17,2026-01-18T01:00:00+00:00,SA,MIN,1,1.0,-17.276436208565883,-1.4056803271687812,-1.1700486206588465,-0.5975999999999857,-0.026614778657928162,-0.00010676268464612781,-0.010600046023102494,-0.001967411752240633,0.0,-0.8638490618776289,1,-1.0,0,0.5682510232524556,2026-01-17,0.5995515172939061,0.5654642618570475
401810454,2026,2026-01-17,2026-01-18T01:30:00+00:00,GS,CHA,1,1.0,165.65523188936413,-1.4483179081669562,-1.7829917428311575,0.7488000000000028,-0.004435609298003018,-0.0029638439934520644,-0.027301981968673505,-0.00887979250236609,0.11999999999999994,0.38595747956085447,0,0.0,0,0.790469580691235,2026-01-17,0.7075748819996441,0.5654642618570475
401810455,2026,2026-01-17,2026-01-18T02:00:00+00:00,DEN,WSH,1,1.0,286.4058251265103,7.1274680172336815,-0.3775893803893098,-1.2936000000000263,0.03620581725099492,-0.023687127465349622,-0.04975650957334338,0.03536995052698677,0.24,8.506733251260089,2,-1.0,0,0.8831758518200339,2026-01-17,0.9012642833408845,0.5654642618570475
401810456,2026,2026-01-17,2026-01-18T03:00:00+00:00,POR,LAL,1,1.0,-37.14173045243956,-3.1766840972786667,-5.196927423814586,2.7711999999999932,-0.017806721982065454,0.016147154289378962,0.026898741456921116,-0.020436379562995488,0.08000000000000002,1.9176985580336334,0,0.0,0,0.5400055741821286,2026-01-17,0.5207129323950677,0.5654642618570475
401810457,2026,2026-01-18,2026-01-18T17:00:00+00:00,MEM,ORL,1,0.0,-54.502151516971026,0.3873432164603088,-2.483844070051319,2.2223999999999933,0.02080104715432085,0.021880301198634322,0.002691856163491213,-0.021756830908691738,-0.03999999999999998,-1.8999561295955547,0,0.0,0,0.42220220737455966,2026-01-18,0.5483308653253615,0.5654642618570475
401810458,2026,2026-01-18,2026-01-19T00:00:00+00:00,CHI,BKN,1,1.0,101.87303999781261,1.7787650541769437,5.398378491889133,2.2656000000000205,0.008227298844835196,-0.02008726878052519,-0.013579730682252295,-0.023940649655133123,0.03999999999999998,2.4216399987943884,0,0.0,0,0.7232416059424501,2026-01-18,0.6197300695802831,0.5654642618570475
401810459,2026,2026-01-18,2026-01-19T00:00:00+00:00,HOU,NO,1,1.0,247.61044297510057,1.1435574173049758,-2.5079345869604737,-5.059200000000018,0.0020154378729767553,0.016872602728733893,0.08113608603637346,-0.019996434378213357,0.12,-2.6559272602613833,0,0.0,0,0.8580917570967591,2026-01-18,0.8018849164989164,0.5654642618570475
401810460,2026,2026-01-18,2026-01-19T01:00:00+00:00,DEN,CHA,0,1.0,230.80655419333948,0.12519659403862704,2.5737850061790226,0.15439999999998122,0.005893320522431522,-0.025790173704540634,-0.08601887756568286,0.03207793331839798,0.15999999999999998,-4.112651161500703,0,0.0,0,0.8458999997725205,2026-01-18,0.7318136239411385,0.5654642618570475
401810461,2026,2026-01-18,2026-01-19T02:00:00+00:00,SAC,POR,0,1.0,-97.75424149990704,-1.2988887308841157,3.6627667527356635,-1.48239999999997,-0.0080162839095963,-0.016064824000807415,-0.022077056086073854,-0.00326345635031583,-0.19999999999999996,0.7968520510495538,1,-1.0,0,0.4530020086971758,2026-01-18,0.5299031905462536,0.5654642618570475
401810462,2026,2026-01-18,2026-01-19T02:30:00+00:00,LAL,TOR,1,1.0,43.31180569747721,3.99809766628114,6.948279989308887,-0.5224000000000188,0.03392283127127649,0.009923568338879502,-0.008959476391204424,0.07564177105789835,-0.03999999999999998,-1.5230217037015963,-1,1.0,0,0.6510125305974426,2026-01-18,0.5228841656945473,0.5654642618570475
401809247,2026,2026-01-19,2026-01-19T18:00:00+00:00,ATL,MIL,0,1.0,-5.040414265531126,1.310871193554263,1.0491318517739643,4.969600000000014,-0.0069351842936231645,-0.016250245649662015,0.003876795045106435,-0.0284751200988404,-0.03999999999999998,2.8932595129056646,-2,0.0,0,0.5854422173731485,2026-01-19,0.5742563321211043,0.5654642618570475
401809248,2026,2026-01-19,2026-01-19T19:30:00+00:00,CLE,OKC,0,1.0,-151.77901143256827,0.15448219401903884,6.244225254882082,1.0719999999999885,0.007111796490661515,0.019449335609231594,0.03740294007454048,-0.0222839336130235,-0.07999999999999996,-3.2489887419515253,1,0.0,0,0.3776487424500527,2026-01-19,0.3232739167825397,0.5654642618570475
401809249,2026,2026-01-19,2026-01-19T22:00:00+00:00,NY,DAL,0,1.0,104.03663076906037,1.6499967196345295,2.329868534546719,-3.2192000000000007,-0.010324443569905584,0.0028117662050104464,0.05633649724831999,-0.011241504989102036,0.03999999999999998,-4.80783907352243,0,0.0,0,0.725727620056576,2026-01-19,0.6333652759280568,0.5654642618570475
401809250,2026,2026-01-19,2026-01-20T01:00:00+00:00,DET,BOS,1,1.0,-8.059066444332075,-6.8803620653417426,-5.816355555600509,3.672800000000038,-0.028171373724084403,0.02554716981204977,0.016542145625024096,0.06875355834795646,0.0,5.322803071793819,0,0.0,0,0.5812187201030418,2026-01-19,0.5355554862039361,0.5654642618570475
401810463,2026,2026-01-19,2026-01-19T20:00:00+00:00,WSH,LAC,0,1.0,-222.60821370552617,-5.367555875942614,3.714497409739849,4.994399999999999,-0.029427884761558776,0.0027025227224501125,0.02114585394394175,-0.04520427554720591,-0.24,-11.973007009305626,-1,0.0,0,0.2875596630773798,2026-01-19,0.2424778876914105,0.5654642618570475
401810464,2026,2026-01-19,2026-01-20T00:00:00+00:00,PHI,IND,1,1.0,73.03840186906837,4.686805862365205,-3.1215420704922536,-0.1167999999999978,-0.001035445088677922,-0.00451779528416596,0.05329287178960504,0.030242638594313587,0.24000000000000005,1.885029544262382,1,0.0,0,0.6888209538865265,2026-01-19,0.6895625640664281,0.5654642618570475
401810465,2026,2026-01-19,2026-01-20T00:30:00+00:00,BKN,PHX,0,1.0,-219.79562871260828,-0.8325695235032384,1.5490220836965278,-1.2567999999999984,0.012338673317488058,0.011543308073338282,-0.02598851621251269,0.016321616256881,-0.15999999999999998,-5.949745347560237,-1,1.0,0,0.29088797975021946,2026-01-19,0.2845076318220235,0.5654642618570475
401810466,2026,2026-01-19,2026-01-19T22:00:00+00:00,SA,UTAH,1,1.0,221.69256238407252,0.35993683612881,-11.708731494773872,-2.8223999999999876,-0.019384351926086896,-0.015035957387883173,0.019876432265128613,0.012357589800760682,0.32,8.613348602945461,0,0.0,0,0.8389363283874298,2026-01-19,0.8430803622494243,0.5654642618570475
401810467,2026,2026-01-19,2026-01-20T03:00:00+00:00,GS,MIA,1,1.0,52.387229116778826,5.749048857323615,-1.1720089802901867,-2.164800000000014,0.03500530110769573,0.005947993097254883,0.016037850961475947,-0.008551140179024752,0.2,10.70555695230954,0,0.0,0,0.6627861766804722,2026-01-19,0.6934115604185138,0.5654642618570475
401810468,2026,2026-01-20,2026-01-21T00:00:00+00:00,PHI,PHX,0,1.0,-96.34294448823266,-0.05808259690665807,0.7252083066550341,2.1503999999999763,-0.014091172618592385,-0.013963789731691018,-0.008346034497521915,0.045610386727259755,-0.07999999999999996,-3.2354612090336774,0,0.0,0,0.455015841640619,2026-01-20,0.47430388723483996,0.5654642618570475
401810469,2026,2026-01-20,2026-01-21T01:00:00+00:00,CHI,LAC,1,1.0,-87.89655341460616,-2.0341415727156686,2.755323440962883,4.040000000000006,-0.008669861515866906,-0.015027268753002282,0.004818157355368752,-0.08639850389151243,-0.07999999999999996,-0.35180411996095007,1,-1.0,0,0.4670968301257134,2026-01-20,0.4930494962596486,0.5654642618570475
401810470,2026,2026-01-20,2026-01-21T01:00:00+00:00,HOU,SA,1,1.0,-22.185123128793293,0.4716695194157552,4.613954250409435,-2.8303999999999974,-0.00015312686705959422,0.020523964735074188,0.0967608223512687,-0.0338871995693521,-0.16000000000000003,-2.5135366561919126,1,-1.0,0,0.5613055476663674,2026-01-20,0.5819834808361133,0.5654642618570475
401810471,2026,2026-01-20,2026-01-21T02:00:00+00:00,UTAH,MIN,1,1.0,-224.92031295498805,-1.0262492308263376,9.746732444048405,1.7136000000000138,-0.00660575895618376,0.01364432630497528,-0.023097798770362082,5.472353190399959e-05,-0.23999999999999994,-5.4897624897845585,-2,1.0,0,0.2848406830429708,2026-01-20,0.17893690626086026,0.5654642618570475
401810472,2026,2026-01-20,2026-01-21T03:00:00+00:00,DEN,LAL,0,1.0,48.83248485836998,2.746329335577613,-0.6558736016069702,0.804799999999986,0.012099267066316144,-0.0217566233549613,-0.04797503831835301,-0.017831902329674465,0.11999999999999994,0.3645919184246281,0,0.0,0,0.6581976132612508,2026-01-20,0.653690834246741,0.5654642618570475
401810473,2026,2026-01-20,2026-01-21T03:00:00+00:00,GS,TOR,0,1.0,72.99596026216568,7.003695476485646,0.41218377602359624,1.804799999999986,0.05150656060108827,0.014016238270293566,-0.004741789196106794,0.010541111708722684,0.12,8.212276857355837,-1,1.0,0,0.6887685836851408,2026-01-20,0.6666879355923461,0.5654642618570475
401810474,2026,2026-01-20,2026-01-21T03:00:00+00:00,SAC,MIA,0,1.0,-82.38485822065218,-1.6471951991705822,2.78539771280397,-2.784800000000004,0.004594146445485614,0.0077783908911471245,0.005627269889895203,0.02847254846838551,-0.07999999999999996,7.421109551148004,1,-1.0,0,0.47500203741916874,2026-01-20,0.525948476198874,0.5654642618570475
401810475,2026,2026-01-21,2026-01-22T00:00:00+00:00,CHA,CLE,0,1.0,-156.24938740186712,3.022357125439356,-0.9409241529447883,-3.2831999999999795,0.006807417847965347,0.0016245844421466649,0.03862301723301376,0.004604290908415937,-0.03999999999999998,7.236937740065272,1,0.0,0,0.3716198959132005,2026-01-21,0.4897531181772478,0.5654642618570475
401810476,2026,2026-01-21,2026-01-22T00:30:00+00:00,BOS,IND,1,1.0,219.39941000595832,10.53340749017471,-2.6533829470956647,-3.6976000000000226,0.03115336357277676,-0.011381293149551316,0.06312125808952018,-0.015372824990974393,0.36,7.304619596341941,0,0.0,0,0.8371446654314608,2026-01-21,0.8474148483385641,0.5654642618570475
401810477,2026,2026-01-21,2026-01-22T00:30:00+00:00,NY,BKN,1,1.0,184.05934518022946,2.2896854706355043,3.240362865355948,1.9351999999999947,0.0008920599234696347,-0.005159719492280057,0.03249079180816988,-0.008857768850106668,0.08000000000000002,0.19427161997752052,0,0.0,0,0.8074772944523466,2026-01-21,0.709943195967788,0.5654642618570475
401810478,2026,2026-01-21,2026-01-22T01:00:00+00:00,MEM,ATL,0,1.0,24.07555042644094,0.42838544799036526,-4.6410345160564646,-0.19200000000000728,0.003533984425465375,0.018559382800907853,0.03519289640608139,0.023118725022858305,0.12,4.87570033163676,1,0.0,0,0.6254532799331227,2026-01-21,0.6413554385216352,0.5654642618570475
401810479,2026,2026-01-21,2026-01-22T01:00:00+00:00,NO,DET,0,1.0,-298.68602397475206,-0.6523401832485547,8.893580399443266,1.6047999999999831,-0.004801668001608195,-0.009655421004530457,-0.025733948872327883,-0.019762737526743124,-0.28,-8.34762912859907,1,0.0,0,0.2066554196260043,2026-01-21,0.2082334982155865,0.5654642618570475
401810480,2026,2026-01-21,2026-01-22T02:30:00+00:00,MIL,OKC,0,1.0,-237.54758904755658,-4.958913460388445,6.052936061121471,-3.256800000000027,-0.005370576968425689,0.02767624791761096,-0.0005320410773280715,0.0034612751076169013,-0.15999999999999998,-12.9142952870515,0,0.0,0,0.2702679049816987,2026-01-21,0.20150347866881793,0.5654642618570475
401810481,2026,2026-01-21,2026-01-22T03:00:00+00:00,SAC,TOR,0,1.0,-98.54009243013274,-1.915467604553342,5.404505188192658,0.8768000000000029,0.00593473271015732,0.014930099147254197,-0.011428153929119667,0.045815073100032466,-0.2,2.0317354487257417,0,0.0,0,0.4518813105238838,2026-01-21,0.41289441968121626,0.5654642618570475
401810482,2026,2026-01-22,2026-01-23T00:00:00+00:00,ORL,CHA,0,1.0,120.02684468108237,-5.619071752492417,0.937851047475732,1.4335999999999984,-0.03278941024032045,-0.008644329659957456,-0.04349904041899727,0.03881870324271147,0.03999999999999998,-1.9430338182262745,3,-1.0,0,0.7436639809178225,2026-01-22,0.648382868570523,0.5654642618570475
401810483,2026,2026-01-22,2026-01-23T00:00:00+00:00,PHI,HOU,1,1.0,-115.08098563986027,-1.5775828384144717,-0.9921340717242089,3.387199999999993,-0.013551107868605361,-0.01824398385227549,-0.06483596809555803,0.031261772011305033,-0.040000000000000036,-1.5553390949776074,0,0.0,0,0.42842271951850325,2026-01-22,0.45298865245040726,0.5654642618570475
401810484,2026,2026-01-22,2026-01-23T00:00:00+00:00,WSH,DEN,0,1.0,-266.74803205458124,-4.745390629398443,-1.9452793517570086,1.825600000000037,-0.02828546566648782,0.023806733669107155,0.06773297976045259,-0.025864532717398053,-0.16000000000000003,-4.241464743179269,1,0.0,0,0.2384211567246622,2026-01-22,0.26988703910794376,0.5654642618570475
401810485,2026,2026-01-22,2026-01-23T00:30:00+00:00,DAL,GS,1,1.0,-96.52405290399088,-4.617806507948046,-1.5843219078198132,1.6096000000000288,-0.015532929401936957,-0.003734216006955393,-0.029795643510347275,0.019497847178092165,-0.07999999999999996,-0.49434442553087443,1,0.0,0,0.45475732749150166,2026-01-22,0.44823563398199484,0.5654642618570475
401810486,2026,2026-01-22,2026-01-23T01:00:00+00:00,MIN,CHI,0,1.0,107.5429249182207,-0.1768518110708044,-3.1757322942057726,1.7375999999999863,-0.0082540348065554,0.001086305708407287,0.027979947450374437,0.06260178598588256,0.0,-2.3223225473193523,0,0.0,0,0.7297267997632411,2026-01-22,0.7190807336454923,0.5654642618570475
401810487,2026,2026-01-22,2026-01-23T02:00:00+00:00,UTAH,SA,0,1.0,-205.05803386276193,1.2644005595185064,12.318765655955318,2.8863999999999805,0.02255520147437573,0.014865874999233072,-0.011202948271826801,0.006553636205153368,-0.27999999999999997,-5.494748412221329,0,0.0,0,0.3086925520530017,2026-01-22,0.2667945772180424,0.5654642618570475
401810488,2026,2026-01-22,2026-01-23T03:00:00+00:00,LAC,LAL,1,1.0,-20.790914895525475,2.4893150648633906,-2.5222504058968838,-2.342399999999998,0.008494103423494659,-0.0008687941321880444,-0.012055882403707002,0.005362064470697203,0.12,-1.3279495665941012,0,0.0,0,0.5632808285386773,2026-01-22,0.594119476329639,0.5654642618570475
401810489,2026,2026-01-22,2026-01-23T03:00:00+00:00,POR,MIA,1,1.0,23.989422878758432,0.7256628854061944,-0.7101872631324966,-1.6472000000000406,0.01423255254337652,0.01902249008517251,0.02855445040500454,0.044887990684677054,0.15999999999999998,1.4635755363362364,2,0.0,0,0.6253371282102438,2026-01-22,0.5803557728636461,0.5654642618570475
401810490,2026,2026-01-23,2026-01-24T00:00:00+00:00,DET,HOU,0,1.0,52.190016238999306,-0.6995636741510651,-6.738942065253582,2.5968000000000018,0.00415137803542176,0.001848915826189207,-0.036228741503693374,0.03049511210161998,0.19999999999999996,5.079199487009069,1,-1.0,0,0.662532401001318,2026-01-23,0.7352635463846162,0.5654642618570475
401810491,2026,2026-01-23,2026-01-24T00:30:00+00:00,ATL,PHX,1,1.0,-115.40522395387188,-1.5431707253592322,4.1826561600308025,4.049599999999984,0.0028804066273948603,-0.015052817841401056,-0.06159789810543623,-0.015049419092671434,-0.24,-7.910390517233074,-1,0.0,0,0.4279657267383665,2026-01-23,0.4286098883355609,0.5654642618570475
401810492,2026,2026-01-23,2026-01-24T00:30:00+00:00,BKN,BOS,0,1.0,-276.10961050905917,-7.618170755757291,1.6544456295005006,-0.25039999999997065,-0.019075931461732365,0.018797088938313777,-0.039836007855098526,0.009445600342227495,-0.24,-13.23667341032651,0,0.0,0,0.22877439422478313,2026-01-23,0.21123443454171856,0.5654642618570475
401810493,2026,2026-01-23,2026-01-24T00:30:00+00:00,CLE,SAC,1,1.0,166.61736741654954,4.7749792044390915,-2.0680105180775996,2.3703999999999894,0.0244134800224578,0.002330792820799371,0.002361881481166339,-0.033517388218063354,0.2,0.1931966856703411,0,0.0,0,0.7913854319949406,2026-01-23,0.7719644357127536,0.5654642618570475
401810494,2026,2026-01-23,2026-01-24T01:00:00+00:00,MEM,NO,0,1.0,149.30855791966428,0.19165727573584945,-4.809578203291068,1.0455999999999932,0.013038719078216965,0.010661302755948454,-0.007448673900841862,-0.02122851959925226,0.12,3.9870368006120014,0,0.0,0,0.7744583827841621,2026-01-23,0.7595622179547359,0.5654642618570475
401810495,2026,2026-01-23,2026-01-24T02:30:00+00:00,MIL,DEN,0,1.0,-108.39362368646039,-4.7525162361203,-1.7695667776439592,-0.9031999999999982,-0.0032602817254249183,0.02809392311739073,0.00865735916529653,-0.020986824425289652,-0.12000000000000005,-6.436645862950637,1,-1.0,0,0.4378742581313967,2026-01-23,0.5021017838812646,0.5654642618570475
401810496,2026,2026-01-23,2026-01-24T01:00:00+00:00,OKC,IND,0,1.0,337.6826922811365,7.350103180967196,-6.3546911758086395,0.2815999999999832,0.02270503541031066,-0.02405870820841531,-0.0012569808862775145,0.011798713301371,0.36,15.907576022798615,0,0.0,0,0.910359137793152,2026-01-23,0.9136638311529091,0.5654642618570475
401810497,2026,2026-01-23,2026-01-24T03:00:00+00:00,POR,TOR,0,1.0,25.289901391362037,0.6345496146686003,0.6166530044460785,1.5463999999999913,0.01758787168935083,0.029583472893764548,0.018552098512052917,0.05191790100894561,0.08000000000000007,0.9942530434333419,-1,1.0,0,0.6270894119053214,2026-01-23,0.49704028902137726,0.5654642618570475
401810498,2026,2026-01-24,2026-01-24T20:00:00+00:00,PHI,NY,0,1.0,-50.4903670999804,-1.0033807682085154,-3.3580543005143966,2.2528000000000077,-0.01258712368635062,-0.009812215344625563,-0.010567641586597953,0.04997817928455553,0.08000000000000002,-2.7681935142412812,-1,0.0,0,0.5208689093840296,2026-01-24,0.5269830758286446,0.5654642618570475
401810500,2026,2026-01-24,2026-01-24T17:00:00+00:00,CHA,WSH,1,1.0,95.15073495195315,7.187888175464664,-2.7128764022636886,-1.8496000000000379,0.03233182555418712,0.0038306828393951664,0.03658884138829899,-0.002819618379902994,0.12,9.42244850421037,0,0.0,0,0.7154294392722393,2026-01-24,0.7825182838997802,0.5654642618570475
401810501,2026,2026-01-24,2026-01-25T00:00:00+00:00,ORL,CLE,0,1.0,-70.13290953577052,-3.4496144655575307,0.7616181462821174,-1.8880000000000337,-0.03374568884495388,-0.009264372921418573,-0.00442571840229905,0.03863889725762737,-0.08000000000000002,-4.8398215429455815,1,-1.0,0,0.4926136867636543,2026-01-24,0.5094783476133232,0.5654642618570475
401810502,2026,2026-01-24,2026-01-25T01:00:00+00:00,CHI,BOS,1,1.0,-132.82090953473244,-2.321855961900283,2.3188646538182383,2.657600000000002,0.008264568596687338,-0.0005221783566328464,-0.046478500760235325,-0.008852598499907022,-0.040000000000000036,0.7541760809030347,1,-1.0,0,0.4036189573135809,2026-01-24,0.4510537765774406,0.5654642618570475
401810503,2026,2026-01-24,2026-01-25T01:30:00+00:00,DAL,LAL,0,1.0,-88.09948417493638,-1.379992575169112,-4.556871783007466,4.4208,0.00030880315172987505,-0.0008765711324476566,-0.02307842235774743,-0.029686486580143223,0.03999999999999998,6.808390838941309,0,0.0,0,0.466806065170288,2026-01-24,0.524995780348226,0.5654642618570475
401810504,2026,2026-01-24,2026-01-25T02:30:00+00:00,UTAH,MIA,0,1.0,-121.00791270109562,2.410001873443946,8.066716838272754,-0.26479999999999393,0.024522689208379633,0.005313683563973631,-0.014027578246020356,0.03195928605317799,-0.16000000000000003,-3.411847739936027,0,0.0,0,0.4200891431748679,2026-01-24,0.405743629637496,0.5654642618570475
401810505,2026,2026-01-25,2026-01-25T20:00:00+00:00,DET,SAC,1,1.0,220.19604962882363,2.275566262857865,-10.841326041499869,0.936799999999991,0.008725016361751825,0.006468192362498931,0.026938305494354053,0.006092475310281453,0.32,6.8038220922653965,0,0.0,0,0.8377689008486062,2026-01-25,0.8515509488889725,0.5654642618570475
401810508,2026,2026-01-25,2026-01-26T00:00:00+00:00,OKC,TOR,0,1.0,184.1109728834324,3.2364455003017554,-1.905264194245035,1.5816000000000088,0.026620784414550958,-0.010766910214985173,-0.059452307059772086,0.023374434699408975,0.040000000000000036,4.457101571559903,0,0.0,0,0.8075234911669061,2026-01-25,0.8179397529360106,0.5654642618570475
401810509,2026,2026-01-25,2026-01-26T00:00:00+00:00,SA,NO,0,1.0,261.5157985512478,1.7901676695759363,-7.094183036598793,-2.112000000000009,0.004096355212689695,-0.013224497593954165,-0.014141683618195094,-0.007916563693627532,0.27999999999999997,6.24983218545789,1,0.0,0,0.8675624203322596,2026-01-25,0.851025801339274,0.5654642618570475
401810510,2026,2026-01-25,2026-01-26T01:00:00+00:00,PHX,MIA,0,1.0,65.2067513525451,1.0153033768799133,-3.860684956722821,-4.307199999999995,0.013096080681224587,0.004925339175085169,0.010119120819702287,-0.0073140083533330125,0.12,0.8598432221831842,1,-1.0,0,0.6790763478297753,2026-01-25,0.7478346732418489,0.5654642618570475
401810511,2026,2026-01-25,2026-01-26T02:00:00+00:00,LAC,BKN,1,1.0,213.1599507969147,6.508984144858516,-0.8469267583256936,-1.0600000000000165,0.03067007676550093,-0.0011025471365049555,0.0015072762421290409,0.05304605569594109,0.32,9.484614384411028,1,0.0,0,0.8321884634710206,2026-01-25,0.8037462090364289,0.5654642618570475
401857824,2026,2026-01-25,2026-01-25T22:30:00+00:00,MIN,GS,0,1.0,27.69656900830728,-2.1028133281313046,-2.044051911557929,1.1328000000000173,-0.015774769328372296,-0.013495734859385211,0.012205521760095706,0.03279190632633938,-0.039999999999999925,-1.493013267802,0,0.0,0,0.6303233751356673,2026-01-25,0.6151981226898449,0.5654642618570475
401810512,2026,2026-01-26,2026-01-26T20:00:00+00:00,CHA,PHI,1,1.0,-58.38124243040238,4.260610701457097,0.22801885228838614,-2.8520000000000323,0.02754604263001037,0.016615377774273465,0.03951218994500644,-0.0315508444979771,0.0,2.8230221388386725,0,0.0,0,0.5095240057157195,2026-01-26,0.577264454905668,0.5654642618570475
401810513,2026,2026-01-26,2026-01-27T00:00:00+00:00,CLE,ORL,1,1.0,89.83745700631653,4.095667137369219,-1.2921962535556446,1.3752000000000066,0.03901763940693814,0.007892082934550848,0.006531538508119217,-0.04557492922090833,0.11999999999999994,3.960692570772676,0,0.0,0,0.7091616845819972,2026-01-26,0.7229039214583177,0.5654642618570475
401810514,2026,2026-01-26,2026-01-26T18:30:00+00:00,ATL,IND,1,1.0,72.0142104815211,2.978351124992372,-0.5151192403875058,1.8391999999999769,0.012924680661828503,-0.010033966969437258,-0.008792983418393158,-0.015415620945517766,0.08000000000000002,1.8310742294678648,0,0.0,0,0.6875558214408143,2026-01-26,0.682920471344648,0.5654642618570475
401810515,2026,2026-01-26,2026-01-27T01:00:00+00:00,BOS,POR,1,1.0,82.99062886247702,6.093330228518255,0.5016130304130826,-2.5256000000000114,0.0166092404854431,-0.03340572070029818,-0.013263074798372854,-0.04991274072988497,0.0,-0.3733625699121004,-1,0.0,0,0.7009660912623851,2026-01-26,0.7451723691890318,0.5654642618570475
401810516,2026,2026-01-26,2026-01-27T01:00:00+00:00,CHI,LAL,0,1.0,-61.45092254034648,2.26360225596288,-1.4296376671799322,1.7504000000000133,0.01857596466375533,-0.017423764897848942,-0.03122295102637071,-0.07740265802022739,0.12,4.761650397022334,0,0.0,0,0.5051073553873194,2026-01-26,0.5473467450980048,0.5654642618570475
401810517,2026,2026-01-26,2026-01-27T01:00:00+00:00,HOU,MEM,1,1.0,134.1934822768385,1.7286167327670796,0.6236911781804793,-5.519999999999996,-0.005860463298868579,-0.006044443844571423,0.06738369862584792,0.007090542533168764,0.12000000000000005,1.3650375810936821,0,0.0,0,0.7588984678098608,2026-01-26,0.6868280269609479,0.5654642618570475
401810518,2026,2026-01-26,2026-01-27T02:30:00+00:00,MIN,GS,1,1.0,2.4836340028807626,-2.8033224936880146,-0.039551353325478544,1.3528000000000162,-0.012608220378939605,-0.0061879092678790715,0.01019031636384235,0.035266997441107784,-0.12,-8.266021464256708,0,0.0,0,0.5959136121745654,2026-01-26,0.5616978576895764,0.5654642618570475
401810519,2026,2026-01-27,2026-01-28T00:00:00+00:00,WSH,POR,1,1.0,-213.848462199589,-1.0826337680499876,4.9473287515154425,1.1392000000000166,-0.009194207192031678,-0.013835692221445123,-0.02182354523245872,-0.03751111591300926,-0.23999999999999994,-5.602252706119215,2,-1.0,0,0.2979998519061465,2026-01-27,0.3858440339351814,0.5654642618570475
401810520,2026,2026-01-27,2026-01-28T00:30:00+00:00,NY,SAC,1,1.0,153.19115425993914,3.380874377160225,-2.4842053295348876,-0.38640000000000896,0.0035902733262030972,-0.0020950599768445877,0.025080728587294154,-0.034120380724255606,0.12,8.329996742080768,1,0.0,0,0.7783383571422503,2026-01-27,0.7693413980215126,0.5654642618570475
401810521,2026,2026-01-27,2026-01-28T01:00:00+00:00,PHI,MIL,1,1.0,-9.719900763254373,2.0770564054979417,-1.40173473534918,3.3712000000000018,-0.01628455898307435,-0.010832935651752196,0.04944670777462712,0.028574925744069224,0.08000000000000002,4.091411472379879,-3,1.0,0,0.5788898626377641,2026-01-27,0.5030505965594338,0.5654642618570475
401810522,2026,2026-01-27,2026-01-28T01:00:00+00:00,OKC,NO,1,1.0,341.95505455800344,3.5878798364719273,-5.739019665170929,-1.2639999999999958,0.02633245816378804,-0.020374925791618648,-0.059893066223064007,-0.005758751368795945,0.23999999999999994,5.415857476264232,0,0.0,0,0.9123459638250078,2026-01-27,0.9038929229624268,0.5654642618570475
401810523,2026,2026-01-27,2026-01-28T02:00:00+00:00,DEN,DET,0,1.0,-19.000287920996925,1.0374521738934845,10.085274214853456,-2.2712000000000216,0.0033869275921835085,-0.03172667567220222,-0.08768657762725787,0.0019105193201487403,-0.12,-7.80911107021077,2,0.0,0,0.5658147958968563,2026-01-27,0.45312956220696043,0.5654642618570475
401810524,2026,2026-01-27,2026-01-28T02:00:00+00:00,PHX,BKN,1,1.0,227.29142503962953,4.63038844869898,-4.92141746912516,1.2720000000000056,0.01042678869085023,-0.006992642716106584,0.04243414869609022,-0.01587666033559043,0.27999999999999997,13.756782369003723,0,0.0,0,0.8432438404503069,2026-01-27,0.8343382031175964,0.5654642618570475
401810525,2026,2026-01-27,2026-01-28T03:00:00+00:00,UTAH,LAC,0,1.0,-182.01769004248445,-3.5377565667349984,9.473677844062735,5.966400000000007,-0.017011200541394933,-0.0009596653320805004,-0.0003668660385975353,-0.04141317220455348,-0.39999999999999997,-9.469973102681953,1,0.0,0,0.33768942691270715,2026-01-27,0.2764682479634774,0.5654642618570475
401810526,2026,2026-01-28,2026-01-29T00:00:00+00:00,CLE,LAL,1,1.0,11.517210132646142,1.8220752887153964,-2.3534834281922485,2.6783999999999963,0.009846700730198887,0.006455516083379714,0.01576142381954465,-0.05076669700376649,0.12,-2.2199567295773788,0,0.0,0,0.608370651754694,2026-01-28,0.603523152064745,0.5654642618570475
401810527,2026,2026-01-28,2026-01-29T00:00:00+00:00,IND,CHI,1,1.0,-87.53537629976609,-7.395218704404044,-0.08976087241366315,1.4168000000000234,-0.033252046653817535,0.015577331923373516,-0.01648383985853563,0.024942121428678826,-0.27999999999999997,-12.12825647477067,0,0.0,0,0.46761439012030126,2026-01-28,0.4132233890886568,0.5654642618570475
401810528,2026,2026-01-28,2026-01-29T00:30:00+00:00,BOS,ATL,0,1.0,128.07189178565181,5.9576549832546135,-2.753233676477791,-5.061599999999984,0.007276952815439608,-0.0067627836072585296,0.0654168982637538,-0.004998713547526956,0.24000000000000005,2.531053386110605,0,0.0,0,0.7523920997613268,2026-01-28,0.752466906041369,0.5654642618570475
401810529,2026,2026-01-28,2026-01-29T00:30:00+00:00,MIA,ORL,0,1.0,39.92490911494701,2.428676368985222,-2.2760459569372387,3.234400000000022,0.007605980384100874,-0.001164525693667734,0.017890963994439846,-0.030185802208263807,0.08000000000000002,7.971596444753032,1,0.0,0,0.6465700702179645,2026-01-28,0.6686838132271711,0.5654642618570475
401810530,2026,2026-01-28,2026-01-29T00:30:00+00:00,TOR,NY,0,1.0,-4.899870861432646,-1.7418255674521532,-3.4842999180786762,0.7015999999999991,-0.013832096209200118,-0.01793488121005124,-0.020777503950257847,0.00014332297555180729,0.11999999999999994,-2.7359571570198984,2,-1.0,0,0.585638555766126,2026-01-28,0.6340917423789172,0.5654642618570475
401810531,2026,2026-01-28,2026-01-29T01:00:00+00:00,MEM,CHA,0,1.0,25.442130252383095,-5.740816475720379,0.9389472663740719,4.828800000000015,-0.021391568858143306,-0.004165052613336662,-0.05195954077477544,-0.01170544601120646,-0.12,-9.448667008210695,0,0.0,0,0.6272943102670874,2026-01-28,0.5112148287782824,0.5654642618570475
401810532,2026,2026-01-28,2026-01-29T01:30:00+00:00,DAL,MIN,0,1.0,-107.22229656915943,-1.7223464565730353,1.640594788873571,0.7912000000000035,-0.005693632413501182,0.005739018108414651,-0.02630615525465832,-0.004907596852135432,-0.08000000000000002,6.881900624037884,2,0.0,0,0.43953459839322273,2026-01-28,0.43139689494201416,0.5654642618570475
401810533,2026,2026-01-28,2026-01-29T02:00:00+00:00,UTAH,GS,0,1.0,-179.87699746215094,-2.9143526506485102,9.809136279545456,0.9760000000000275,-0.012312017942433418,0.008603676562924573,-0.003497970992503985,0.028564508308185854,-0.32,-6.296969214276816,-1,1.0,0,0.34045097848514827,2026-01-28,0.2121994204613433,0.5654642618570475
401810534,2026,2026-01-28,2026-01-29T02:42:00+00:00,HOU,SA,0,1.0,13.181185384336231,0.5062761952487023,1.803186178042779,-2.471199999999996,0.005240630315899275,0.021473940120765492,0.07918705907084295,-0.016778996390136858,0.0,0.568951152076346,-1,0.0,0,0.6106504275937878,2026-01-28,0.5496592631705177,0.5654642618570475
401810535,2026,2026-01-29,2026-01-30T00:00:00+00:00,PHI,SAC,1,1.0,84.91194650331136,2.531465340770268,-4.961331255387307,2.4343999999999966,-0.00011838319481094484,-0.011128125382053239,0.005392824026724752,0.013564992058418712,0.15999999999999998,4.763633700305941,0,0.0,0,0.7032792405893645,2026-01-29,0.7265416451958447,0.5654642618570475
401810536,2026,2026-01-29,2026-01-30T00:00:00+00:00,WSH,MIL,1,1.0,-142.36297497991313,-0.4159905593138262,0.14362717526950064,3.4832000000000107,-0.022887294212803333,-0.00213241686182139,0.050246357775220546,-0.00647037834044048,-0.03999999999999998,3.525375592891735,0,0.0,0,0.39046998674130673,2026-01-29,0.4022322025410013,0.5654642618570475
401810537,2026,2026-01-29,2026-01-30T01:00:00+00:00,ATL,HOU,0,1.0,-77.63334491055548,-0.26321408773596033,1.392047775891001,5.285599999999974,0.023119136829839126,-0.012887133879756749,-0.11679981082099833,-0.033997443102670194,-0.08000000000000002,2.9264991531403877,0,0.0,0,0.48182716371100115,2026-01-29,0.5129647805864531,0.5654642618570475
401810538,2026,2026-01-29,2026-01-30T01:30:00+00:00,DAL,CHA,0,1.0,10.853641728185721,-7.811467834508065,0.38890390249038376,4.888000000000005,-0.022372435350374142,-0.009226399153536152,-0.08923098964381818,0.018654290878318047,-0.08000000000000002,-5.448701666022463,0,0.0,0,0.6074601848396594,2026-01-29,0.47476206042570945,0.5654642618570475
401810539,2026,2026-01-29,2026-01-30T02:00:00+00:00,DEN,BKN,1,1.0,256.4220288918916,6.335093907116544,0.24376009264622667,1.172799999999981,0.02747725258182898,-0.029428259519179573,-0.04075706789710312,0.02440382415028597,0.24000000000000005,8.819476629888815,0,0.0,0,0.8641569146085569,2026-01-29,0.8396923495824501,0.5654642618570475
401810540,2026,2026-01-29,2026-01-30T02:00:00+00:00,PHX,DET,1,1.0,-64.49323722714553,1.9493109065096519,4.005807471757947,-2.012800000000027,0.0027867395975164078,-0.008279012573834732,-0.0037348395305629722,-0.03313245240731377,-0.040000000000000036,-2.2040217139708917,0,0.0,0,0.5007292897368594,2026-01-29,0.4746058037923299,0.5654642618570475
401810541,2026,2026-01-29,2026-01-30T02:30:00+00:00,MIN,OKC,1,1.0,-124.79011353762098,-1.5243960174349667,1.1861215466631307,2.0696000000000225,0.0018312374160522893,0.014722575977407656,0.045480291723944466,-0.0032962580426740273,-0.07999999999999996,-5.322958515703691,-1,1.0,0,0.4147945704874154,2026-01-29,0.3353649991388347,0.5654642618570475
401850920,2026,2026-01-29,2026-01-30T01:00:00+00:00,CHI,MIA,0,1.0,-29.342657173630414,1.7951576611328335,1.4394017048534238,-3.664800000000014,0.03306729217643889,-0.01033885525645814,-0.046717679849741844,-0.028310323167998308,0.040000000000000036,-0.34495542267472956,0,0.0,0,0.5511356311496065,2026-01-29,0.5648310974800435,0.5654642618570475
401810542,2026,2026-01-30,2026-01-31T00:30:00+00:00,ORL,TOR,1,1.0,-35.6757211956035,-0.45221119785757935,4.748622320729638,0.591200000000029,0.00018873183488865575,0.006383427456043367,-0.014385194965015724,0.029345566845126708,-0.11999999999999994,-8.426696956624658,0,0.0,0,0.5421011049827424,2026-01-30,0.47158825462413584,0.5654642618570475
401810543,2026,2026-01-30,2026-01-31T00:00:00+00:00,WSH,LAL,0,1.0,-231.3439808656783,-3.376014495483105,-2.1305332977831455,3.1768000000000427,-0.030418138768842806,0.0011343429667402816,0.018158775439312963,-0.04062001189513911,-0.08000000000000002,0.8732746240758729,-1,1.0,0,0.27736840714245325,2026-01-30,0.24918448148118522,0.5654642618570475
401810544,2026,2026-01-30,2026-01-31T00:30:00+00:00,BOS,SAC,1,1.0,221.0714844348429,6.387986053189451,-7.148398004712362,-0.6384000000000043,0.011736472908198348,-0.020931751655088288,0.018537653562512413,-0.043888750229893025,0.32,7.12252650592529,1,-1.0,0,0.838452652402817,2026-01-30,0.8901394927851967,0.5654642618570475
401810545,2026,2026-01-30,2026-01-31T00:30:00+00:00,NY,POR,1,1.0,52.577468021573395,3.141212465663344,2.1713711182900965,-1.5544000000000011,0.008414897684530631,-0.014783046642784625,-0.01112445148889063,-0.0391344403352859,-0.040000000000000036,8.912904087057418,-1,0.0,0,0.6630308893127215,2026-01-30,0.6633635713844852,0.5654642618570475
401810546,2026,2026-01-30,2026-01-31T00:30:00+00:00,NO,MEM,1,1.0,-85.36413807600775,-0.545038888912714,3.2118574516386076,-1.2023999999999972,-0.018854889562081034,-0.014776338935782618,0.009372944121376237,0.02509470237335812,-0.08000000000000002,0.48372852758573415,1,0.0,0,0.4707271636226157,2026-01-30,0.44037054469529896,0.5654642618570475
401810548,2026,2026-01-30,2026-01-31T02:00:00+00:00,PHX,CLE,1,1.0,-18.214432637385016,-1.9902826662088273,-3.074282445124382,-2.618399999999994,-0.02699521035181207,-0.002175375461017176,0.024875056243397253,0.002305828665855131,0.0,-6.076500640131086,-1,1.0,0,0.5669258048815735,2026-01-30,0.47161173040918825,0.5654642618570475
401810549,2026,2026-01-30,2026-01-31T02:30:00+00:00,UTAH,BKN,0,1.0,30.143899006455285,3.7267878480276835,5.1821346124781655,5.607199999999992,0.025246871852859232,0.0005649664091455509,-0.006004947265793481,0.0066362302806029505,0.0,3.9382020445077686,1,-1.0,0,0.6336000234829471,2026-01-30,0.6606981348665483,0.5654642618570475
401810550,2026,2026-01-30,2026-01-31T02:00:00+00:00,DEN,LAC,1,1.0,29.37756661239837,-2.5103270606925037,5.337090602217543,0.8255999999999659,-0.017430813130231537,-0.024275848138290812,-0.03458459117143042,-0.022976059404190063,-0.19999999999999996,-2.63473857903588,-2,1.0,0,0.6325753185444281,2026-01-30,0.4589968159460655,0.5654642618570475
401810551,2026,2026-01-30,2026-01-31T03:00:00+00:00,GS,DET,0,1.0,-67.14742054331691,4.325418519778154,5.298360266377713,1.0471999999999895,0.030812180951420243,-0.009221807331231124,-0.044946406307682235,-0.03205124290346073,0.0,-1.476572939990716,1,-1.0,0,0.49690965277019283,2026-01-30,0.5706059050176577,0.5654642618570475
401810547,2026,2026-01-31,2026-02-01T01:00:00+00:00,MIA,CHI,0,1.0,51.388082419614875,-1.1940614854823508,-1.4104098094493196,4.096800000000002,-0.026725617440711447,0.00917086805387439,0.04386787747820034,0.027157045997386553,0.040000000000000036,2.405773711121924,0,0.0,0,0.6614995001596996,2026-01-31,0.591143233942518,0.5654642618570475
401810552,2026,2026-01-31,2026-01-31T17:00:00+00:00,CHA,SA,1,1.0,-143.6164070822315,6.206904595179722,1.1352623689369494,-2.255200000000002,0.03742489722057718,0.02382290113989688,0.06831049010427326,-0.03487641143805065,0.0,5.862703016039929,-1,0.0,0,0.3887540775701048,2026-01-31,0.5002763042440611,0.5654642618570475
401810553,2026,2026-01-31,2026-02-01T00:00:00+00:00,IND,ATL,1,1.0,-79.27556414730111,-2.100486136508337,2.753313626251966,-0.9928000000000168,-0.0074860049020673,0.008930169184943645,-0.0052328592621810055,0.03131914854079387,-0.12,-4.7031481147411185,1,0.0,0,0.4794673652222061,2026-01-31,0.4356720474426815,0.5654642618570475
401810554,2026,2026-01-31,2026-02-01T00:30:00+00:00,PHI,NO,1,1.0,115.0012578959072,2.297263498476781,-2.135990230254393,0.039199999999979696,0.018811733347711468,-0.002954386854518043,-0.02004260559574178,0.014187975682035225,0.2,-1.994601056633209,1,-1.0,0,0.7381104322588862,2026-01-31,0.7647081778901682,0.5654642618570475
401810555,2026,2026-01-31,2026-02-01T01:00:00+00:00,MEM,MIN,0,1.0,-157.59652970917364,-4.077198098960935,1.8333653060254846,0.3528000000000162,-0.028786650513860312,0.014889677349643665,0.008906679108581006,-0.019772744482672078,-0.2,-5.851972941706528,-1,1.0,0,0.3698108223330449,2026-01-31,0.2717229903852627,0.5654642618570475
401810556,2026,2026-01-31,2026-02-01T01:30:00+00:00,HOU,DAL,1,1.0,155.45288430243704,0.7707526064788368,-1.9242939076517729,-5.09199999999997,-0.021501042963745,0.0020115716523532723,0.1005819172281476,-0.0044081476364988825,0.15999999999999998,1.432129880235557,0,0.0,0,0.7805764513429785,2026-01-31,0.7024192068927373,0.5654642618570475
401810557,2026,2026-02-01,2026-02-01T20:30:00+00:00,BOS,MIL,1,1.0,152.77117469167138,7.369463237631024,-3.679460138621792,-0.39280000000000825,0.006422473664672079,-0.01734791743719044,0.06798176534167336,-0.02976103470519484,0.24,6.502589230630588,-1,0.0,0,0.7779209739378541,2026-02-01,0.7975902187994021,0.5654642618570475
401810558,2026,2026-02-01,2026-02-02T02:00:00+00:00,SA,ORL,1,1.0,74.88688493056839,0.7805074359871753,-5.197749530170583,-0.7368000000000023,0.008133024211742113,-0.00980649260065683,-0.014436364370113114,-0.0033127091816088083,0.040000000000000036,5.04761343402264,-1,1.0,0,0.691097162554168,2026-02-01,0.6776829157986672,0.5654642618570475
401810559,2026,2026-02-01,2026-02-01T23:00:00+00:00,DET,BKN,1,1.0,288.05254873707395,2.5840979889493525,-10.370227201887161,3.6783999999999963,0.013686701459696193,0.0042762651829224285,0.029232154745601036,0.014366985074904415,0.36000000000000004,4.227967107690778,0,0.0,0,0.8841503440364377,2026-02-01,0.8794006541344389,0.5654642618570475
401810560,2026,2026-02-01,2026-02-01T23:00:00+00:00,MIA,CHI,1,1.0,24.928102413226952,-0.6080698771109212,-1.3322254111789817,4.624799999999993,-0.027152020306138724,0.006602823639791505,0.04979265889796025,0.034579454141232396,0.040000000000000036,3.3219777186376946,0,0.0,0,0.6266022514518987,2026-02-01,0.5722527284524355,0.5654642618570475
401810561,2026,2026-02-01,2026-02-01T23:00:00+00:00,TOR,UTAH,1,1.0,177.15204954697265,0.46585614783407436,-9.222883462108001,-2.0352000000000317,-0.025985979100217604,-0.022051330409792486,0.03170544302542694,0.0002000767585910168,0.27999999999999997,7.29850117389007,0,0.0,0,0.8012203771930992,2026-02-01,0.7948772946336543,0.5654642618570475
401810562,2026,2026-02-01,2026-02-01T23:00:00+00:00,WSH,SAC,1,1.0,-48.76693894535583,-0.34517476571254235,-3.2030609885073176,3.338399999999993,-0.009495039491784985,0.00015037388300662147,0.0058253299403217,-0.016517648485066733,0.08000000000000002,3.599714424535276,0,0.0,0,0.5233442684326343,2026-02-01,0.5330233163921222,0.5654642618570475
401810563,2026,2026-02-01,2026-02-02T00:00:00+00:00,NY,LAL,1,1.0,-3.9966427625472534,-0.5142744046665655,-3.7563933162751795,0.03279999999999461,-0.02615168231987197,-0.0014458647319234574,0.04896641600337168,-0.05875431164129563,0.0,12.702027174383712,0,0.0,0,0.5868997089000195,2026-02-01,0.6065402412678985,0.5654642618570475
401810564,2026,2026-02-01,2026-02-02T01:00:00+00:00,PHX,LAC,0,1.0,29.795739171037894,-3.911021308871952,-2.4523070454906417,2.139199999999974,-0.023624027994297414,0.006044141790144619,0.04413821247306071,-0.061044742713735695,-0.07999999999999996,0.4209594951364153,0,0.0,0,0.6331346290937068,2026-02-01,0.584341065217919,0.5654642618570475
401810565,2026,2026-02-01,2026-02-02T02:00:00+00:00,POR,CLE,0,1.0,-83.02640722885258,-4.934653547321389,-0.6747504594595455,-0.4624000000000166,-0.028318121216614367,0.01133511277799018,0.0201802974107807,0.024594536646535964,-0.07999999999999996,-9.101553388542518,0,0.0,0,0.4740811680220494,2026-02-01,0.40937566652062696,0.5654642618570475
401810566,2026,2026-02-01,2026-02-02T02:30:00+00:00,DEN,OKC,0,1.0,-88.14945653277982,-0.7054154704858888,5.738115565703012,-2.5967999999999876,-0.007509226182994988,-0.003033218954353989,-0.002706226086726049,0.023199129034812804,0.0,1.6338449331270297,-1,0.0,0,0.46673446680950287,2026-02-01,0.3681217004610648,0.5654642618570475
401810567,2026,2026-02-02,2026-02-02T20:00:00+00:00,CHA,NO,1,1.0,104.04023700697394,7.20388178898834,-4.612380002641061,-3.0840000000000316,0.044756700056376775,0.01635740827633092,0.038928796492620044,-0.020213736197265436,0.27999999999999997,5.94731230701305,0,0.0,0,0.7257317520894137,2026-02-02,0.774946290692722,0.5654642618570475
401810568,2026,2026-02-02,2026-02-03T00:00:00+00:00,IND,HOU,0,1.0,-170.15981388388104,-2.510316520469516,6.053759883085888,3.996799999999979,0.020245292687362193,0.0055034330502329865,-0.11939046736869777,-0.007427501100369299,-0.24,-4.58470243812917,0,0.0,0,0.3531209853873114,2026-02-02,0.3382584115916693,0.5654642618570475
401810569,2026,2026-02-02,2026-02-03T00:30:00+00:00,MEM,MIN,1,1.0,-172.38896260249544,-4.559930503018478,2.4818997422512865,0.12959999999999638,-0.030678756147946684,0.012575840692672563,0.005984733994261249,-0.02041678821832507,-0.24000000000000005,-9.472202187246591,0,0.0,0,0.350195367412576,2026-02-02,0.31343431435891156,0.5654642618570475
401810570,2026,2026-02-02,2026-02-03T03:00:00+00:00,LAC,PHI,0,1.0,83.37128361494706,4.25132137437204,-1.7376533406460766,-4.415999999999997,0.02236786714692074,0.005203652162043049,-0.008925831303155551,0.03414721374636487,0.19999999999999996,7.6994808444482645,-1,1.0,0,0.7014251973197108,2026-02-02,0.6381810345742084,0.5654642618570475
401810571,2026,2026-02-03,2026-02-04T00:00:00+00:00,DET,DEN,1,1.0,43.171985725533204,-0.5094323681325648,-9.266565702998093,3.2567999999999984,-0.0014827152894596463,0.024812335966046845,0.0677667649026093,-0.015092837159078332,0.12,5.72580271264693,0,0.0,0,0.6508296461157895,2026-02-03,0.7037175712036138,0.5654642618570475
401810572,2026,2026-02-03,2026-02-04T00:00:00+00:00,IND,UTAH,0,1.0,76.43762892368204,-0.8067072534204982,-4.88903066372167,-0.18480000000002406,0.0017239251789212817,-0.008060555918798978,-0.028400705053159808,-0.023241710019944656,0.12,6.4503653690559855,-1,1.0,0,0.6929996145519701,2026-02-03,0.6237073937050336,0.5654642618570475
401810573,2026,2026-02-03,2026-02-04T00:00:00+00:00,WSH,NY,0,1.0,-237.1709655794814,-5.376510363170951,1.7724664757553938,3.3472000000000293,-0.01296520823959646,0.014720459393036428,-0.02382620248760403,0.006024249514948288,-0.12000000000000005,-10.587564295227253,0,0.0,0,0.27069570144361654,2026-02-03,0.23984241796096648,0.5654642618570475
401810574,2026,2026-02-03,2026-02-04T00:30:00+00:00,BKN,LAL,0,1.0,-224.22635088009747,-5.688604315483673,3.1269349696612636,-1.9871999999999872,-0.04315015873059913,0.006024049362853862,0.014908468521779739,-0.02136269232424365,-0.24,-9.070597215608332,0,0.0,0,0.285655141837474,2026-02-03,0.24265795116633,0.5654642618570475
401810575,2026,2026-02-03,2026-02-04T00:30:00+00:00,MIA,ATL,0,1.0,31.9783752172234,2.4601027630189805,-0.4633934292381383,2.186399999999992,-0.008884413243404832,0.006137449618362378,0.05283978895562086,0.0318219518681957,0.08000000000000002,2.956219122265603,-1,0.0,0,0.6360480836640677,2026-02-03,0.6084697177942828,0.5654642618570475
401810576,2026,2026-02-03,2026-02-04T01:00:00+00:00,DAL,BOS,0,1.0,-178.2202023591874,-6.039129798490507,1.3900070722634155,4.803999999999974,-0.006097482789462982,0.012743411669283916,-0.04968613563809671,0.048209542712305015,-0.2,-6.245502563798032,1,0.0,0,0.3425957657543724,2026-02-03,0.32680169948638066,0.5654642618570475
401810577,2026,2026-02-03,2026-02-04T01:00:00+00:00,MIL,CHI,1,1.0,-28.072767358068404,-2.6956696072532935,-0.13126735401763767,-2.412000000000006,-0.009534609121696791,0.006190021504620918,-0.0035698916345042464,0.026355287699857288,-0.08000000000000002,-2.9567879228743017,0,0.0,0,0.5529433509482853,2026-02-03,0.5198432365108414,0.5654642618570475
401810578,2026,2026-02-03,2026-02-04T01:00:00+00:00,OKC,ORL,1,1.0,195.60226586569138,4.3137107249688995,-6.007124471929018,0.41440000000000055,0.02987801766841136,-0.014889282672080284,-0.03245669400417309,0.002405154951387045,0.15999999999999998,2.331939100035723,0,0.0,0,0.817596434216363,2026-02-03,0.8516783844098108,0.5654642618570475
401810579,2026,2026-02-03,2026-02-04T03:00:00+00:00,GS,PHI,0,1.0,45.25113757324743,0.668639067309698,-1.1194921433255303,1.011199999999974,0.014473977795621762,0.009282834317425825,-0.01704247969514386,-0.030886003979572724,0.0,-0.660945794044126,3,-1.0,0,0.6535445729739586,2026-02-03,0.716955143442388,0.5654642618570475
401810580,2026,2026-02-03,2026-02-04T04:00:00+00:00,POR,PHX,0,1.0,-78.95387317477139,-2.649067330268281,2.2504360749468333,2.275199999999984,-0.0034480065467058507,0.021173262675194426,0.01703067542827502,0.0184397372464932,-0.07999999999999996,-7.28107694219558,0,0.0,0,0.479929552487712,2026-02-03,0.4113638790024346,0.5654642618570475
401810581,2026,2026-02-04,2026-02-05T00:00:00+00:00,NY,DEN,1,1.0,-0.3635083819774536,1.1042045608953401,-4.747185159796317,1.4783999999999935,-0.0012124183033506153,0.01965215818903608,0.08609644039842518,-0.06812127788258449,0.0,11.343661722693023,0,0.0,0,0.5919608934537007,2026-02-04,0.6525755452638321,0.5654642618570475
401810582,2026,2026-02-04,2026-02-05T00:30:00+00:00,TOR,MIN,0,1.0,-51.77238936732874,-3.433790517663155,-0.011683159076298466,-1.3304000000000116,-0.04329765814813302,-0.0127815325761996,0.004087337726074947,0.0005750696928554788,0.039999999999999925,-7.121155350730444,1,0.0,0,0.5190268697356052,2026-02-04,0.4177060689707126,0.5654642618570475
401810583,2026,2026-02-04,2026-02-05T01:00:00+00:00,HOU,BOS,0,1.0,-13.77987171781092,-4.671551411961389,-0.33754951160467783,0.5200000000000387,-0.026696290195992067,0.014461164079909106,0.05170884068015752,0.06315217806434364,0.0,-3.4980844422354425,1,-1.0,0,0.5731822837040933,2026-02-04,0.5410850823954608,0.5654642618570475
401810584,2026,2026-02-04,2026-02-05T01:00:00+00:00,MIL,NO,1,1.0,104.97444648411124,-0.08350854323707324,-0.6866271692178287,-2.4944000000000273,0.025306747069249624,0.004423020411216977,-0.04921231145912264,-0.01707745914534614,0.12,-3.5707227189541175,-1,1.0,0,0.72680086529857,2026-02-04,0.5983619191953249,0.5654642618570475
401810585,2026,2026-02-04,2026-02-05T02:30:00+00:00,SA,OKC,1,1.0,-112.0073387529626,-5.064123767721199,1.4803041665359302,-0.5703999999999922,-0.029696730000868365,0.005563905744716602,0.020850713377487257,0.004963434033136038,-0.12,-1.8367778604154172,2,-1.0,0,0.4327607853086513,2026-02-04,0.4388556929993504,0.5654642618570475
401810586,2026,2026-02-04,2026-02-05T03:00:00+00:00,SAC,MEM,0,1.0,-64.33668139312067,-1.6044682374647437,4.6358100860056055,-4.416000000000025,-0.004891189327818735,-0.0007102647161593423,-0.0032350924492658417,0.016047889081648614,-0.08000000000000002,-2.562094357473228,1,0.0,0,0.5009545910502431,2026-02-04,0.42639251985467885,0.5654642618570475
401810587,2026,2026-02-04,2026-02-05T03:30:00+00:00,LAC,CLE,0,1.0,-41.534638728647224,1.9888692243072512,0.23508128386120575,-3.9448000000000008,0.002754612683168234,-0.0070918705617486755,-0.024822896489403834,0.06506375085662255,0.07999999999999996,-2.390863359756393,-1,0.0,0,0.533718116813734,2026-02-04,0.5335946216114916,0.5654642618570475
401810588,2026,2026-02-05,2026-02-06T00:00:00+00:00,DET,WSH,0,1.0,305.50110190010514,5.971748565835114,-7.093223570542463,-1.3888000000000034,0.027187320889293765,-0.008543375083429283,0.0015550574063142864,0.03916245982034064,0.28,8.9056753719361,0,0.0,0,0.8940482350902504,2026-02-05,0.9052143339814095,0.5654642618570475
401810589,2026,2026-02-05,2026-02-06T00:00:00+00:00,ORL,BKN,1,1.0,162.79615011062833,3.069541276945273,-3.4853513364594164,3.134399999999985,0.006129517942269791,-0.0140844272644777,-0.01614323749338223,0.01200768036490224,0.24000000000000002,2.445477279995811,0,0.0,0,0.7877306197555515,2026-02-05,0.7612593748359949,0.5654642618570475
401810590,2026,2026-02-05,2026-02-06T00:30:00+00:00,ATL,UTAH,1,1.0,140.81527676985957,0.18716937371722508,-8.801257326145816,0.28959999999997876,-0.0013049549178889563,-0.022070426741596608,-0.02150481542094157,-0.04978390899507931,0.24,4.860328237019782,0,0.0,0,0.7658040143074719,2026-02-05,0.7797420848399323,0.5654642618570475
401810591,2026,2026-02-05,2026-02-06T00:30:00+00:00,TOR,CHI,1,1.0,49.59515979588082,-0.10188855024495069,-3.4417896343666996,-0.30160000000002185,-0.025570424231921907,-0.0039035515497007484,0.054192632515832256,0.04219565594621988,0.11999999999999994,2.6430264959528484,-1,1.0,0,0.6591846295976245,2026-02-05,0.5538191840227793,0.5654642618570475
401810592,2026,2026-02-05,2026-02-06T01:00:00+00:00,HOU,CHA,0,1.0,124.28508023703148,-6.261751823734329,0.32018699401965023,-0.11999999999999034,-0.045972559724146156,-0.016823067845645218,0.014436561656829994,0.015723519357786042,0.0,-7.398753510602454,-2,1.0,0,0.7483087477286471,2026-02-05,0.4997115115519689,0.5654642618570475
401810593,2026,2026-02-05,2026-02-06T01:30:00+00:00,DAL,SA,0,1.0,-173.59948163000536,0.868311331372027,3.1809402245721685,1.4999999999999858,0.019058017756877987,0.007804670234906788,-0.00575250387886167,-0.020243722527826635,-0.12000000000000005,-5.012122228278055,1,-1.0,0,0.3486113292328614,2026-02-05,0.45778168454669566,0.5654642618570475
401810594,2026,2026-02-05,2026-02-06T03:00:00+00:00,PHX,GS,0,1.0,51.23147861182838,-1.6182124468134162,-2.9063368562509737,-3.0135999999999683,-0.027594658567041797,-0.008549562558849061,0.03871634324394696,0.0032266103047913774,0.07999999999999996,2.7253505889023586,0,0.0,0,0.6612976123699458,2026-02-05,0.6121264063972222,0.5654642618570475
401810595,2026,2026-02-05,2026-02-06T03:00:00+00:00,LAL,PHI,1,1.0,58.77396462839465,-1.1201810619736676,1.4549395484705911,-1.4872000000000156,0.013703641194294458,0.012167000772822636,-0.023362989235531956,0.024416264056981107,-0.07999999999999996,-5.374067075743449,0,0.0,0,0.6709533802918718,2026-02-05,0.6210866678791924,0.5654642618570475
401810596,2026,2026-02-06,2026-02-07T00:30:00+00:00,BOS,MIA,1,1.0,124.75407868338857,4.844534686144144,-2.5905773894090203,-7.4328,0.017767727771323627,-0.015702208129327003,0.019281588635539915,-0.05226378109842167,0.16000000000000003,5.692548995354514,-1,0.0,0,0.7488168893137727,2026-02-06,0.7665861847667198,0.5654642618570475
401810597,2026,2026-02-06,2026-02-07T00:30:00+00:00,DET,NY,1,1.0,31.46056143014812,-1.3750693555032285,-3.332949270539828,1.38960000000003,-0.0015248989409325509,0.00870785646926242,-0.01585714142610245,0.05860425500740887,0.07999999999999996,-7.013953287316228,-1,1.0,0,0.635357781716253,2026-02-06,0.5321021753649938,0.5654642618570475
401810598,2026,2026-02-06,2026-02-07T01:00:00+00:00,MIL,IND,1,1.0,57.82338193404189,1.6588669419683697,0.4776477099851064,-3.508800000000008,0.007751008773614454,-0.0061987106896364,0.004906070804622159,-0.0044997360877372106,0.08000000000000002,-1.959134155948216,-1,0.0,0,0.6697441730246023,2026-02-06,0.628565233548454,0.5654642618570475
401810599,2026,2026-02-06,2026-02-07T01:00:00+00:00,MIN,NO,0,1.0,242.75755452677322,4.829764151519029,-3.782070032045084,1.0991999999999962,0.04461438946759788,0.0069629810895680405,0.0014951970474146314,0.003578395418970648,0.27999999999999997,5.605453466678061,0,0.0,0,0.8546558995019652,2026-02-06,0.8433924432298642,0.5654642618570475
401810600,2026,2026-02-06,2026-02-07T03:00:00+00:00,POR,MEM,1,1.0,39.716030001435456,-1.1274611550514493,-1.6705160508672066,-1.5104000000000184,-0.005943585554741726,0.011926932856427236,0.03005502443794522,0.0022133450093574925,0.16000000000000003,-3.6329881446480274,1,0.0,0,0.6462952516149404,2026-02-06,0.5613216678570768,0.5654642618570475
401810601,2026,2026-02-06,2026-02-07T03:00:00+00:00,SAC,LAC,0,1.0,-183.47013897113288,-5.144403121355111,5.55600859091399,0.8943999999999903,-0.027091223544463916,0.0039218815356003855,0.020368024384996908,-0.025400287039098524,-0.4,-2.2372708611387027,0,0.0,0,0.33582199738054147,2026-02-06,0.31122544991563683,0.5654642618570475
401810602,2026,2026-02-07,2026-02-07T20:00:00+00:00,BKN,WSH,1,1.0,-22.008295296638835,-1.8003822977906765,3.305373142396533,-3.984800000000021,-0.01432028134541885,-0.0026545243524689344,-0.00894087805523619,0.02114051986354587,-0.16,-4.542237198083677,0,0.0,0,0.5615561820552106,2026-02-07,0.5051609301042183,0.5654642618570475
401810603,2026,2026-02-07,2026-02-07T20:30:00+00:00,OKC,HOU,0,1.0,111.20291115241776,5.229420240725958,-1.8415836488690616,2.916799999999995,0.0433148946286499,-0.013929390348751791,-0.11170401618328202,0.013798497845836144,0.07999999999999996,3.970866514760728,1,0.0,0,0.733861895043265,2026-02-07,0.7870957496571043,0.5654642618570475
401810604,2026,2026-02-07,2026-02-07T23:00:00+00:00,SA,DAL,1,1.0,187.5439347993197,0.45685576928875093,-3.2890832036220132,-1.673599999999979,-0.011356863247118931,-0.006539201519611654,0.007688939169987946,0.020489380055265294,0.19999999999999996,7.5738973690352775,0,0.0,0,0.810576388707829,2026-02-07,0.7532153547901654,0.5654642618570475
401810605,2026,2026-02-07,2026-02-08T00:00:00+00:00,ORL,UTAH,1,1.0,149.01106357130857,-0.5102944323116958,-5.497822847388605,-1.7264000000000124,-0.017794464933762022,-0.012517731752640954,-0.007905091629413274,0.014484516171686224,0.2,1.866736280181152,0,0.0,0,0.7741591127325954,2026-02-07,0.7330171620428749,0.5654642618570475
401810606,2026,2026-02-07,2026-02-08T00:30:00+00:00,ATL,CHA,0,1.0,19.419457508234473,-5.487449901028427,2.555108095124055,4.1375999999999635,-0.019096826858972737,-0.02881655092764969,-0.08119738450023845,-0.039612414193749335,-0.07999999999999996,-4.006969023622207,0,0.0,0,0.6191536521616893,2026-02-07,0.4915084979840764,0.5654642618570475
401810607,2026,2026-02-07,2026-02-08T01:00:00+00:00,CHI,DEN,0,1.0,-112.91783145059435,-0.27002189810806954,-0.05291537990532902,2.9799999999999898,0.015055476092293407,0.012984167592883789,0.010878698463205105,-0.08092489525481536,-0.08000000000000002,-6.890955860373617,-1,0.0,0,0.4314746333223658,2026-02-07,0.45624203398139596,0.5654642618570475
401810608,2026,2026-02-07,2026-02-08T01:30:00+00:00,LAL,GS,1,1.0,33.019590120869,-0.6459127981889594,2.131040398192795,-1.279200000000003,-0.005433069153867653,-0.00259102514074655,0.006677459182114348,0.07041480296546149,-0.039999999999999925,3.6606754321917934,0,0.0,0,0.6374344395771778,2026-02-07,0.5834909905329428,0.5654642618570475
401810609,2026,2026-02-07,2026-02-08T02:00:00+00:00,PHX,PHI,0,1.0,63.69581341288131,-2.539506261646025,-2.0742602504263203,-1.9591999999999956,-0.008479849707165643,0.007709576056888684,0.009610645933218254,-0.04147511411664173,0.0,-3.8044938148545513,0,0.0,0,0.6771779078448842,2026-02-07,0.6188318391971125,0.5654642618570475
401810610,2026,2026-02-07,2026-02-08T03:00:00+00:00,POR,MEM,1,1.0,53.864219936838026,0.37517085988169185,-1.8082059093747205,-1.3904000000000138,0.0007815307771161795,0.010616009093213086,0.027276975613384657,0.0057448397318634326,0.2,-0.6054219947596322,0,0.0,0,0.6646837956952608,2026-02-07,0.5940883972090587,0.5654642618570475
401810611,2026,2026-02-07,2026-02-08T03:00:00+00:00,SAC,CLE,0,1.0,-253.0699423199403,-4.106972210011875,6.635750575646199,-2.475200000000015,-0.028232648987097098,-0.00011734108200542326,-0.005755874307787068,0.035902230733892565,-0.4,-11.904431211584816,-2,1.0,0,0.2530109771969863,2026-02-07,0.19214505423236036,0.5654642618570475
401810612,2026,2026-02-08,2026-02-08T17:30:00+00:00,BOS,NY,0,1.0,51.095189003270434,3.3521029753727447,-1.96785327742505,-1.7399999999999807,0.004144671099457042,-0.013431755517685023,0.004782376638809982,-0.025656217743390358,0.16000000000000003,4.998791535236584,0,0.0,0,0.6611218650975211,2026-02-08,0.66507054259733,0.5654642618570475
401810613,2026,2026-02-08,2026-02-08T19:00:00+00:00,WSH,MIA,0,1.0,-156.0484289520009,-1.6615389595179408,3.8656988542430355,-2.7623999999999853,0.004717030922357646,0.013401749018123604,0.00036665867846386035,-0.006550609319684791,-0.08000000000000002,-8.519640878864688,-1,1.0,0,0.3718900725596,2026-02-08,0.2681827160894025,0.5654642618570475
401810614,2026,2026-02-08,2026-02-08T20:00:00+00:00,TOR,IND,1,1.0,125.56648437944932,2.5430897071531575,-2.628959450237346,-1.7015999999999991,-0.014997247398762181,-0.010657644443656328,0.060480144490837495,0.016530224645541103,0.19999999999999996,-0.3639621419870025,1,0.0,0,0.7496954846130807,2026-02-08,0.7072663749834748,0.5654642618570475
401810615,2026,2026-02-08,2026-02-08T20:00:00+00:00,MIN,LAC,0,1.0,23.85339099905309,0.37243977148990837,-0.18887717594022035,4.02079999999998,0.0040617795266623125,-0.004086772825099366,0.03074149010250496,-0.03552320446187113,-0.12,5.211694166086289,0,0.0,0,0.6251536460377709,2026-02-08,0.647536343105494,0.5654642618570475
401810616,2026,2026-02-09,2026-02-10T00:00:00+00:00,CHA,DET,0,1.0,-133.6177186771513,3.59252237151847,2.634855149428631,-1.6999999999999744,0.014731635043948699,0.01174100231360109,0.04707263036615361,-0.03334637531613746,0.0,-6.3886709749354536,-1,0.0,0,0.40251535480236567,2026-02-09,0.4223796573934055,0.5654642618570475
401810617,2026,2026-02-09,2026-02-10T00:30:00+00:00,BKN,CHI,1,1.0,-114.01265000717399,-4.966419711504955,2.008244022285922,-2.6448000000000036,-0.036889578313515026,0.014895886024425764,0.0363440331556488,0.040363857060507796,-0.15999999999999998,1.7753075011497401,0,0.0,0,0.4299293290366157,2026-02-09,0.3621270210203238,0.5654642618570475
401810618,2026,2026-02-09,2026-02-10T00:30:00+00:00,MIA,UTAH,0,1.0,158.96660533718637,-0.07222316414222973,-8.619141342319978,1.5183999999999855,-0.018923534542388376,-0.00944315461351325,0.014108165159457009,-0.004320254847685917,0.2,6.345153031042956,-1,1.0,0,0.78402113410662,2026-02-09,0.7274112607618568,0.5654642618570475
401810619,2026,2026-02-09,2026-02-10T00:30:00+00:00,ORL,MIL,1,1.0,35.69781878765298,-1.1305085725533246,-1.7865818085968073,2.700800000000001,-0.026228833180508393,-0.00021090506966484068,0.010162399742272399,0.053836902650675866,0.03999999999999998,0.29995695317376625,-1,0.0,0,0.6409899144343157,2026-02-09,0.587046990604813,0.5654642618570475
401810620,2026,2026-02-09,2026-02-10T01:00:00+00:00,MIN,ATL,1,1.0,70.68385457897898,3.850997540176948,0.7572581852351448,-0.1080000000000183,0.022898476047425453,0.019054485906333005,0.04879355893299511,0.05407193598924345,0.0,0.3951102782257563,-1,1.0,0,0.6859083190560114,2026-02-09,0.6241952452529067,0.5654642618570475
401810621,2026,2026-02-09,2026-02-10T01:00:00+00:00,NO,SAC,1,1.0,17.24531086265233,-0.3601707608854525,-2.5074063897803,2.041600000000031,-0.0070569846704263695,-0.012633730882397193,-0.013735035403463935,-0.0138273862071015,0.08000000000000002,2.829686340871956,1,0.0,0,0.6161981232277854,2026-02-09,0.6060217134865052,0.5654642618570475
401810622,2026,2026-02-09,2026-02-10T02:00:00+00:00,DEN,CLE,0,1.0,-27.678241252072894,-1.7667278023219524,4.5415928333463285,-3.590399999999974,-0.017414247668254945,-0.02376303853900777,-0.05538786199106771,0.05482471494729707,-0.15999999999999992,-6.482943870049372,0,0.0,0,0.5535046861004371,2026-02-09,0.49106312564269805,0.5654642618570475
401810623,2026,2026-02-09,2026-02-10T03:00:00+00:00,GS,MEM,1,1.0,106.3906667566257,3.143263767011959,-2.433526438319646,-1.9128000000000185,0.026874398619694095,-0.004689512248274796,-0.02954562366569305,-0.022926377618958216,0.24000000000000005,1.56587734666128,0,0.0,0,0.728416624359112,2026-02-09,0.7100507015809769,0.5654642618570475
401810624,2026,2026-02-09,2026-02-10T03:00:00+00:00,LAL,OKC,0,1.0,-90.18773625675772,0.28262912199336654,5.747419351527526,-1.19759999999998,0.01599203736658672,0.01847587297281672,0.0282336295822731,0.025016700566098893,0.0,2.3420133030815053,0,0.0,0,0.46381530337066096,2026-02-09,0.38894146646432604,0.5654642618570475
401810625,2026,2026-02-09,2026-02-10T03:00:00+00:00,POR,PHI,1,1.0,-20.992428717101348,-3.6276050554056667,-0.6936975798941205,1.2272000000000105,-0.008991291310678773,0.027127729526778832,0.03215745784860563,-0.03523457515569936,-0.039999999999999925,-7.5745075643680515,0,0.0,0,0.562995451125842,2026-02-09,0.48315764905435477,0.5654642618570475
401810626,2026,2026-02-10,2026-02-11T00:30:00+00:00,NY,IND,0,1.0,202.15028034195598,3.379478261046131,-4.056377619561957,-3.5512000000000086,-0.005108018712601581,-0.003086682653066136,0.0776584245543924,-0.014745761870723906,0.16000000000000003,6.3749735704583825,0,0.0,0,0.8231505974816422,2026-02-10,0.8088216627420198,0.5654642618570475
401810627,2026,2026-02-10,2026-02-11T01:00:00+00:00,HOU,LAC,1,1.0,30.156974342313333,-5.331354297609337,-2.9409244535305135,0.37120000000000175,-0.05565953663973239,-0.013273868366348529,0.07387990981030751,-0.03189125739769211,-0.12,-1.810780161722184,1,0.0,0,0.6336174967777811,2026-02-10,0.5740204463708922,0.5654642618570475
401810628,2026,2026-02-10,2026-02-11T02:00:00+00:00,PHX,DAL,1,1.0,139.77809107899907,2.1586695840792203,-1.9399479730654718,-4.643999999999977,0.0042671671561402835,0.004438491911827824,0.03133538424000054,-0.02400079127904428,0.19999999999999996,2.106927260404423,0,0.0,0,0.7647315131371699,2026-02-10,0.7109409994700165,0.5654642618570475
401810629,2026,2026-02-10,2026-02-11T03:30:00+00:00,LAL,SA,0,1.0,-35.58420887022817,1.9398222182878158,5.106496986318547,-2.0608000000000004,0.025046333209729155,0.014447841172551656,0.003044990819200538,0.02300611549327375,-0.07999999999999996,-3.245691370219967,-2,1.0,0,0.5422318651702486,2026-02-10,0.4332614304401528,0.5654642618570475
401810630,2026,2026-02-11,2026-02-12T00:00:00+00:00,CHA,ATL,1,1.0,3.578215101065325,5.801779204808895,-4.213882283464727,-4.3256000000000085,0.019675529667421365,0.029237580682792766,0.09003404539480594,0.02779532607527921,0.16000000000000003,4.136815870183187,0,0.0,0,0.597429954818236,2026-02-11,0.6745542626467176,0.5654642618570475
401810631,2026,2026-02-11,2026-02-12T00:00:00+00:00,CLE,WSH,1,1.0,285.90506063708926,8.276776374874856,-4.2359468127382485,-0.6504000000000048,0.04265744864996179,-0.012518777786764912,0.011799727365613799,0.002495545341684141,0.35999999999999993,10.632032253847632,-1,0.0,0,0.8828781039270992,2026-02-11,0.8857605651791269,0.5654642618570475
401810632,2026,2026-02-11,2026-02-12T00:00:00+00:00,ORL,MIL,0,1.0,50.05822221028029,-1.3508582326850558,-2.6966210557858545,2.7840000000000202,-0.02863170772082746,0.0026889652088564753,0.018112651041360894,0.050285309221894,0.03999999999999998,2.2260918355353314,0,0.0,0,0.6597832299596903,2026-02-11,0.6142682554141493,0.5654642618570475
401810633,2026,2026-02-11,2026-02-12T00:30:00+00:00,BOS,CHI,1,1.0,179.48670075182918,2.9050531944082962,-6.377989407901254,-3.907199999999989,-0.016653214712827435,-0.012242609218304557,0.06522047333005049,-0.020120331529413893,0.24,13.982799047283368,1,0.0,0,0.8033521478476335,2026-02-11,0.8018778693774299,0.5654642618570475
401810634,2026,2026-02-11,2026-02-12T00:30:00+00:00,BKN,IND,0,1.0,-60.35894112877463,-1.530027688658592,3.0405510273846232,-3.984800000000021,-0.022719422696533265,0.01088346054847486,0.059425516368606435,0.015241355228286901,-0.12,-3.425960789616862,1,-1.0,0,0.506678623374165,2026-02-11,0.5169704950008988,0.5654642618570475
401810635,2026,2026-02-11,2026-02-12T00:30:00+00:00,PHI,NY,0,1.0,-70.40697303428601,1.408482009020247,3.381153329711836,1.3592000000000155,0.0010895279509901545,-0.004486347153636661,-0.0165194298363181,0.06054381520959476,0.0,0.6646731850179763,1,-1.0,0,0.4922193684336017,2026-02-11,0.5406132891937142,0.5654642618570475
401810636,2026,2026-02-11,2026-02-12T00:30:00+00:00,TOR,DET,0,1.0,-107.44573530262505,-0.770720469686367,5.751550587141807,0.061599999999998545,-0.011864854616658649,-0.013746849231187797,-0.001882411850280985,-0.016533414643437327,-0.12,-6.621290619063206,1,0.0,0,0.43921777138324686,2026-02-11,0.37752226174244635,0.5654642618570475
401810637,2026,2026-02-11,2026-02-12T01:00:00+00:00,HOU,LAC,0,1.0,44.81227447120227,-4.324669091397183,-3.4577233530596345,0.2335999999999956,-0.047854659780988906,-0.009782618806463306,0.07465060487641856,-0.027206862901668183,-0.040000000000000036,1.7752925914169764,0,0.0,0,0.6529723364005376,2026-02-11,0.5931824215033181,0.5654642618570475
401810638,2026,2026-02-11,2026-02-12T01:00:00+00:00,MIN,POR,1,1.0,61.20732554807614,2.046410641069869,-0.173965141522757,1.128799999999984,0.022366323846034875,-0.014027115273173574,-0.03206609677984806,0.009691303616184088,-0.039999999999999925,-2.9959544628774903,0,0.0,0,0.6740384585569834,2026-02-11,0.6991828655867365,0.5654642618570475
401810639,2026,2026-02-11,2026-02-12T01:00:00+00:00,NO,MIA,0,1.0,-118.677675266895,0.4395847297282103,3.000052552193992,-3.6152000000000015,0.010509666159171593,-0.0016774333807646757,-0.005717033965982277,-0.0068673753171361596,-0.08000000000000002,-4.29538768815512,0,0.0,0,0.4233604240018081,2026-02-11,0.430925608479352,0.5654642618570475
401810640,2026,2026-02-11,2026-02-12T02:00:00+00:00,PHX,OKC,0,1.0,-123.79355795610695,-1.6807866850027011,1.8572114834387037,-2.246399999999994,-0.009198045978472735,0.012727100877430272,0.05045623451515108,-0.049779786239242785,0.0,-6.107522882990413,-1,1.0,0,0.4161877586419854,2026-02-11,0.2910831859063811,0.5654642618570475
401810641,2026,2026-02-11,2026-02-12T02:00:00+00:00,UTAH,SAC,1,1.0,23.669301227514097,-0.1825532683146065,1.7265036367593183,4.2024000000000115,0.005645818555836346,0.002531100853364221,-0.021127010691691372,-0.003897879256201997,0.03999999999999998,4.383056722957839,0,0.0,0,0.6249052852793333,2026-02-11,0.5572865006991602,0.5654642618570475
401810642,2026,2026-02-11,2026-02-12T02:00:00+00:00,DEN,MEM,1,1.0,147.502608473671,3.1343971046291585,0.18378799865675433,-4.35599999999998,0.006799539380602293,-0.02802264704628582,-0.0453680028922728,0.06465692559863731,0.24000000000000005,0.8464030620136626,0,0.0,0,0.7726373278164436,2026-02-11,0.7151871442732748,0.5654642618570475
401810643,2026,2026-02-11,2026-02-12T03:00:00+00:00,GS,SA,0,1.0,-79.24308513118399,1.0821235133495293,3.943647401765972,-0.22640000000001237,0.021079738931557013,0.017966147531354948,0.0004507610551647556,-0.04933443612148894,-0.07999999999999996,-9.546542972750249,1,-1.0,0,0.47951402764058115,2026-02-11,0.5244703968441113,0.5654642618570475
401810644,2026,2026-02-12,2026-02-13T00:30:00+00:00,OKC,MIL,0,1.0,215.39659809213344,2.972298079743254,-6.212166349564043,1.7280000000000086,-0.004261295634663487,-0.013659208339331486,0.0023949933706770565,0.05166250802850331,0.11999999999999994,4.289076564105996,0,0.0,0,0.8339788105099658,2026-02-12,0.8473311137047413,0.5654642618570475
401810645,2026,2026-02-12,2026-02-13T02:00:00+00:00,UTAH,POR,0,1.0,-128.37367574405175,-1.0689578113613152,4.751648351117694,1.4239999999999924,-0.0011952758030371324,-0.015864187954222064,-0.046917411325581304,0.011571043480536336,-0.2,2.1255620089539295,0,0.0,0,0.4097961360021347,2026-02-12,0.4138753473360142,0.5654642618570475
401810646,2026,2026-02-12,2026-02-13T03:00:00+00:00,LAL,DAL,1,1.0,153.3974028146299,2.490222807333879,2.0691599739392217,-3.431999999999988,0.02516411997835344,0.012368765471980514,0.005606257108531687,0.009772275290909571,0.12,3.5914557517021084,0,0.0,0,0.7785431251230686,2026-02-12,0.7076502216265472,0.5654642618570475
401810647,2026,2026-02-19,2026-02-20T00:00:00+00:00,CHA,HOU,0,1.0,-90.91400471436282,6.809186813949509,-1.7355862228717172,0.17600000000001614,0.0442119167076912,0.016308499551575234,0.0047132930688898456,-0.022444278143609664,0.12,4.36992383729106,0,0.0,0,0.46277575179361646,2026-02-19,0.5873083114949424,0.5654642618570475
401810648,2026,2026-02-19,2026-02-20T00:00:00+00:00,CLE,BKN,1,1.0,284.01239873441796,9.2877761433094,-5.543264802253503,3.039200000000008,0.04923035943807008,-0.006531574199118789,0.015286348773728198,0.005217891769633526,0.43999999999999995,10.116350597908205,0,0.0,0,0.8817468015477322,2026-02-19,0.8897446708338483,0.5654642618570475
401810649,2026,2026-02-19,2026-02-20T00:00:00+00:00,PHI,ATL,0,1.0,23.759456565760956,2.9108230936885633,1.010359632660311,-2.249600000000001,0.0031777575326652485,0.005902580350279477,0.032755956056191776,0.0757522950113527,0.08000000000000002,-2.3181226497323477,0,0.0,0,0.6250269246392174,2026-02-19,0.5969031105628478,0.5654642618570475
401810650,2026,2026-02-19,2026-02-20T00:00:00+00:00,WSH,IND,1,1.0,-87.20362380932829,-2.40042555020257,3.1726135482699647,0.19840000000000657,-0.02464111981199346,0.01609073450239054,0.048114261207287734,0.004119075049327403,-0.16000000000000003,-6.326135588123686,0,0.0,0,0.468089846625312,2026-02-19,0.3994324306417513,0.5654642618570475
401810651,2026,2026-02-19,2026-02-20T00:30:00+00:00,NY,DET,0,1.0,-56.277099964220724,0.7180615126118113,3.2883818073362505,-1.07680000000002,0.008222380053240719,-0.00484792752584326,0.006619786927271609,-0.047869064229001695,-0.12,-2.764531018903507,0,0.0,0,0.5125506253110363,2026-02-19,0.506269196821425,0.5654642618570475
401810652,2026,2026-02-19,2026-02-20T01:00:00+00:00,CHI,TOR,0,1.0,-83.41337262081174,-0.3966602144315061,4.455527299635619,0.8456000000000046,0.014777248629214923,0.00550524647477163,-0.03343207891327235,-0.04997286053197361,-0.19999999999999996,-9.355660147859895,0,0.0,0,0.4735258087890832,2026-02-19,0.4570393979572174,0.5654642618570475
401810653,2026,2026-02-19,2026-02-20T01:30:00+00:00,SA,PHX,1,1.0,79.39609146380735,-0.024864314744050375,-3.7485001707360652,2.8392000000000053,0.0007787797451068723,-0.009340005904750343,-0.0319091880026596,0.04739892522514938,0.07999999999999996,9.706186256112941,0,0.0,0,0.6966108691621524,2026-02-19,0.7051634499158406,0.5654642618570475
401810654,2026,2026-02-19,2026-02-20T03:00:00+00:00,GS,BOS,0,1.0,-92.75040855835005,0.46816581066549645,3.3549836257542296,3.6007999999999782,0.03338044188956979,0.016055481268222926,-0.051226168315332415,0.020641693446982745,-0.07999999999999996,-6.627255580763505,0,0.0,0,0.4601486603718529,2026-02-19,0.4581703517883065,0.5654642618570475
401810655,2026,2026-02-19,2026-02-20T03:00:00+00:00,SAC,ORL,0,1.0,-167.5200090139199,0.6433314193041895,4.226382342155318,-2.292800000000028,0.0011061705301302904,0.006833097477319472,0.05223939216926571,-0.01839949326637258,-0.24,-6.3910900832337525,0,0.0,0,0.3565998389707892,2026-02-19,0.3927489952692147,0.5654642618570475
401810656,2026,2026-02-19,2026-02-20T03:30:00+00:00,LAC,DEN,1,1.0,-8.791191882793328,-1.537847985026005,-3.5134650716711064,-0.17279999999998097,0.004899768734566434,0.02607268551443892,0.011830144937862247,-0.010357168750575296,0.08000000000000007,-2.4930916285949962,0,0.0,0,0.5801925577294584,2026-02-19,0.5574521561152147,0.5654642618570475
401810657,2026,2026-02-20,2026-02-21T00:00:00+00:00,CHA,CLE,0,1.0,-140.24600776077045,-1.4518741049295727,-1.778868355409159,-3.0711999999999904,-0.019971304109803856,0.012086382144300828,0.04233085550968002,-0.012682106366645629,-0.07999999999999996,-8.259291375245382,0,0.0,0,0.39337419173230026,2026-02-20,0.4183413129425102,0.5654642618570475
401810658,2026,2026-02-20,2026-02-21T00:00:00+00:00,WSH,IND,1,1.0,-65.92721767434068,-1.4316394685514524,2.9655999112028297,-0.02240000000000464,-0.02160068733806353,0.008515037924282598,0.04734123578309951,0.0002891009401082556,-0.12,-2.8813581084266713,0,0.0,0,0.49866562967107636,2026-02-20,0.4374928794288684,0.5654642618570475
401810659,2026,2026-02-20,2026-02-21T00:00:00+00:00,MEM,UTAH,1,1.0,57.09294924995538,-0.31375775475319756,-2.8457778310206976,-0.7239999999999895,-0.006272487565786022,-0.003346510323765678,0.014647336759180701,-0.019883916516051703,-0.040000000000000036,-4.1469304213694995,0,0.0,0,0.6688134836296482,2026-02-20,0.6736396079118578,0.5654642618570475
401810660,2026,2026-02-20,2026-02-21T00:30:00+00:00,ATL,MIA,0,1.0,-11.26922626514579,-0.5551995047920713,0.9051334309687462,-1.8623999999999796,0.011576561025867016,-0.00717755423565665,-0.033941443060615806,-0.038804450141755154,0.03999999999999998,-4.125547808479533,-7,1.0,0,0.5767141937593431,2026-02-20,0.44106852826709686,0.5654642618570475
401810661,2026,2026-02-20,2026-02-21T00:30:00+00:00,MIN,DAL,1,1.0,167.77811985202675,4.587637146484042,-1.051210848172218,-0.18880000000000052,0.030353969665485536,0.010303112558534083,0.03759951065103864,-0.013851987976284341,0.16000000000000003,8.295975913847592,0,0.0,0,0.7924864175695056,2026-02-20,0.7778757203517519,0.5654642618570475
401810662,2026,2026-02-20,2026-02-21T01:00:00+00:00,NO,MIL,0,1.0,-128.9006204643083,-0.37600307397453037,-1.8740214901919359,2.9464000000000112,-0.017778205518419354,-0.003947864560095937,0.024061578647303183,0.032633134265712016,-0.08000000000000002,-0.9679211751350394,0,0.0,0,0.40906268431049875,2026-02-20,0.46935608872353435,0.5654642618570475
401810663,2026,2026-02-20,2026-02-21T01:00:00+00:00,OKC,BKN,1,1.0,337.1667557062808,7.674866163012439,-7.563915360863717,1.7536000000000058,0.03121373018712159,-0.022824466684282077,-0.02674112443802587,0.03594042527810143,0.31999999999999995,3.5425337947789743,7,-1.0,0,0.9101164767300464,2026-02-20,0.9454607876728973,0.5654642618570475
401810664,2026,2026-02-20,2026-02-21T03:15:00+00:00,LAL,LAC,1,1.0,-8.00207794601397,0.6349346721849685,3.140740176851068,1.093599999999995,0.009595026681899044,-0.00214860366055028,0.0029107232137586814,-0.016937847274071438,-0.16000000000000003,-2.414617662541744,7,-1.0,0,0.5812985670268538,2026-02-20,0.660519265937553,0.5654642618570475
401810665,2026,2026-02-20,2026-02-21T03:00:00+00:00,POR,DEN,0,1.0,-60.52839458142034,-1.3177826328875852,-1.7288874811853248,3.6528000000000134,0.0003532259342939881,0.043178188658275996,0.0808556077309705,-0.06460230483057339,0.0,2.250888217198947,7,-1.0,0,0.5064348021929124,2026-02-20,0.5712392111744982,0.5654642618570475
401810666,2026,2026-02-21,2026-02-21T22:00:00+00:00,PHX,ORL,1,1.0,38.0888573822815,0.8669811867818282,-0.37859205593011325,-2.573599999999999,0.0010091405005440146,0.000929993434034132,0.04966331603434537,-0.05367906579752407,0.040000000000000036,-12.752012598242617,0,0.0,0,0.6441511096944464,2026-02-21,0.5986445399853119,0.5654642618570475
401810667,2026,2026-02-21,2026-02-22T00:00:00+00:00,NO,PHI,1,1.0,-131.28249922822397,-0.4182327410596969,0.19143377496051528,0.5015999999999963,0.004067698252768648,-0.005252575348839661,-0.010949762356236542,-0.03174107268273929,-0.12,6.50218165002295,-1,1.0,0,0.4057524505273974,2026-02-21,0.39612188990812824,0.5654642618570475
401810668,2026,2026-02-21,2026-02-22T01:00:00+00:00,MIA,MEM,1,1.0,84.58460117641175,1.4431888812375888,-4.260876100781417,2.0679999999999836,-0.01162506377942396,-0.013647144469125072,0.0019381807288274544,0.01785230158184259,0.15999999999999998,8.930238295994481,0,0.0,0,0.7028858682375103,2026-02-21,0.7010603052806057,0.5654642618570475
401810669,2026,2026-02-21,2026-02-22T01:00:00+00:00,CHI,DET,0,1.0,-228.14934746076915,-2.3337768144312747,10.155651443669825,1.7328000000000259,0.007979263043533802,0.0008036212283016597,-0.046974087069463294,-0.04659827713805423,-0.36,-13.908296593358493,0,0.0,0,0.281069415700246,2026-02-21,0.24468824105596193,0.5654642618570475
401810670,2026,2026-02-21,2026-02-22T01:00:00+00:00,SA,SAC,1,1.0,311.40451665235423,2.0856902402813944,-11.488368469349638,2.155200000000036,0.014857945599288547,-0.019221152496426364,-0.04220024123549718,0.00779120292094182,0.4,18.864943536624452,0,0.0,0,0.8972244502757407,2026-02-21,0.9027220056924187,0.5654642618570475
401810671,2026,2026-02-21,2026-02-22T01:30:00+00:00,NY,HOU,1,1.0,-16.246344827401117,4.9259422578359136,-1.9444473877652229,1.1839999999999833,0.03199367007841314,-0.008543202646031312,-0.0196585287101515,-0.028309415420373463,0.0,0.7436238795427784,0,0.0,0,0.5697052294652761,2026-02-21,0.6794197672510762,0.5654642618570475
401810672,2026,2026-02-22,2026-02-22T18:00:00+00:00,OKC,CLE,1,1.0,42.35441566452505,-2.8904801130095024,-2.7760712717493874,-0.8359999999999843,-0.021123044345541686,-0.012435091959472608,-0.04434955659814008,0.028271015928767018,-0.12,-3.2945203639492773,0,0.0,0,0.6497593770846171,2026-02-22,0.6480806556760134,0.5654642618570475
401810673,2026,2026-02-22,2026-02-22T20:30:00+00:00,ATL,BKN,1,1.0,140.83494212227106,4.653394596287953,-4.194290360492147,3.9295999999999935,0.017637055901913,-0.025211911575469634,-0.01627008484612441,-0.029913543824325567,0.24,-1.9324686838872327,0,0.0,0,0.7658243164301652,2026-02-22,0.7749509926496153,0.5654642618570475
401810674,2026,2026-02-22,2026-02-22T20:30:00+00:00,MIL,TOR,0,1.0,-29.348827637957356,0.65496881055941,4.301899373218518,-1.7807999999999993,0.026661460982586815,0.00519541845132232,-0.03973354278173191,-0.0506374517411845,-0.07999999999999996,1.2409336659504246,-1,0.0,0,0.5511268440013578,2026-02-22,0.517250975988477,0.5654642618570475
401810675,2026,2026-02-22,2026-02-22T20:30:00+00:00,GS,DEN,1,1.0,-55.32166109377704,-1.3009717622804118,-1.2400418366675154,1.9351999999999947,0.01251872624578787,0.015736639142985093,0.006943048133237983,-0.10599751050492207,-0.040000000000000036,-9.254139785942122,1,0.0,0,0.513924647722486,2026-02-22,0.5086425620129387,0.5654642618570475
401810676,2026,2026-02-22,2026-02-22T22:00:00+00:00,IND,DAL,0,1.0,-1.6345195291580694,-1.4110477326472761,0.4500955679495888,-0.3615999999999815,0.006453092313904785,0.01280579177342378,-0.019001936196378022,-0.040775936075793245,0.08000000000000002,3.4092724633297617,0,0.0,0,0.5901924538600661,2026-02-22,0.5137850314617465,0.5654642618570475
401810677,2026,2026-02-22,2026-02-22T23:00:00+00:00,WSH,CHA,0,1.0,-124.17661837956189,-8.153442645079068,6.088961640524886,4.053599999999989,-0.02834717049465829,-0.0034836909929926163,-0.05789988249908168,-0.00563210431847469,-0.27999999999999997,-4.224353022485133,0,0.0,0,0.4156520791137045,2026-02-22,0.29249106386493356,0.5654642618570475
401810678,2026,2026-02-22,2026-02-22T23:30:00+00:00,LAL,BOS,0,1.0,-57.59033340182805,1.3837952208453999,6.391487482585049,2.0408000000000186,0.03451505661981724,0.011585851120277893,-0.04927559085176278,0.09522153563087299,-0.07999999999999996,-3.8484810217664718,-1,0.0,0,0.5106617510304244,2026-02-22,0.47041569979776937,0.5654642618570475
401810679,2026,2026-02-22,2026-02-23T00:00:00+00:00,MIN,PHI,0,1.0,102.59445811431965,2.5917361386606927,-2.9045557985721473,1.8215999999999894,0.03485496560474832,0.011471977328702393,0.016328733501532577,-0.03494393188984729,0.08000000000000002,10.988892524248902,1,-1.0,0,0.7240720758151076,2026-02-22,0.803786008803354,0.5654642618570475
401810680,2026,2026-02-22,2026-02-23T01:00:00+00:00,CHI,NY,0,1.0,-165.59750620880618,-2.1528189759704617,7.193722663662896,2.9320000000000306,0.004525179415958869,0.008130334097810804,-0.05082838017135374,-0.004136933354603051,-0.19999999999999996,-11.963112434804227,0,0.0,0,0.3591429792326963,2026-02-22,0.29707098558163836,0.5654642618570475
401810681,2026,2026-02-22,2026-02-23T01:00:00+00:00,PHX,POR,0,1.0,54.743848745151126,0.6460485300839593,-0.9880091236450141,-3.555999999999983,-0.010564983013365503,-0.03488936235244264,-0.02098516070931894,-0.028814346768572724,0.040000000000000036,-1.777401337558378,-1,1.0,0,0.6658114132973083,2026-02-22,0.5793774880454893,0.5654642618570475
401810682,2026,2026-02-22,2026-02-23T02:00:00+00:00,LAC,ORL,0,1.0,67.86313202319639,2.4973937035317846,-1.0714465118063288,-2.7576000000000107,0.02554208827908333,0.01123165578856622,0.006633103438521776,0.0400208422551982,0.16000000000000003,-3.3970024041974933,1,-1.0,0,0.682399653493388,2026-02-22,0.7233133123460129,0.5654642618570475
401810683,2026,2026-02-23,2026-02-24T00:00:00+00:00,DET,SA,0,1.0,23.151073471369273,-0.026604003597569204,-3.0579147195336276,-0.9879999999999995,-0.007861504289935262,0.008823187914922884,0.03314310531635628,-0.006943297245941893,0.040000000000000036,0.1181890016290108,0,0.0,0,0.6242057767065037,2026-02-23,0.6192577755987597,0.5654642618570475
401810684,2026,2026-02-23,2026-02-24T01:00:00+00:00,MEM,SAC,0,1.0,97.4390718123118,0.012053874093425065,-3.2848767677436683,2.846400000000017,0.013308884950061217,-0.0002622973529763928,-0.019405912210830434,-0.01730323723926494,0.08000000000000002,9.088305350472742,0,0.0,0,0.718103649070548,2026-02-23,0.7141975208849372,0.5654642618570475
401810685,2026,2026-02-23,2026-02-24T02:30:00+00:00,HOU,UTAH,1,1.0,230.86560369594076,-1.2574829820517266,-7.783600729840757,-5.064800000000005,-0.02560542003466959,-0.008931339687165502,0.050352341799224154,0.00046497087578950547,0.27999999999999997,0.6404109284832502,-1,0.0,0,0.8459443037319858,2026-02-23,0.7907436432926359,0.5654642618570475
401810686,2026,2026-02-24,2026-02-25T00:00:00+00:00,IND,PHI,0,1.0,-101.40401515758845,-4.387980367453025,-1.853780420497543,2.5711999999999904,0.005744156959974878,0.012659470772483292,-0.041268720059258385,-0.053324048153164716,-0.08000000000000002,4.679613746445041,0,0.0,0,0.4478012954165404,2026-02-24,0.4549851715763745,0.5654642618570475
401810687,2026,2026-02-24,2026-02-25T00:30:00+00:00,ATL,WSH,1,1.0,135.5814102130123,2.618474238570613,-3.1195449487665456,-0.15919999999998424,0.00891635160923776,-0.0212555535352517,-0.018023552691802364,-0.010768019754488212,0.15999999999999998,2.0324220939084086,0,0.0,0,0.7603573040799589,2026-02-24,0.7551042207725076,0.5654642618570475
401810688,2026,2026-02-24,2026-02-25T00:30:00+00:00,BKN,DAL,0,1.0,-82.24581230186914,-5.118427659127079,3.65081626144314,-4.394400000000033,-0.020043922618256493,0.022371139735928358,0.006216507778101843,-0.03084775681666363,-0.12,-0.9119495226956156,0,0.0,0,0.4752016443884092,2026-02-24,0.35570011414678376,0.5654642618570475
401810689,2026,2026-02-24,2026-02-25T00:30:00+00:00,TOR,OKC,0,1.0,-142.28731039124705,-2.9212260812837485,2.4310349883960782,0.49439999999999884,-0.027041540184194468,-0.004100622751835675,0.03305285290119503,-0.005072436926890356,-0.040000000000000036,0.6129925150336444,0,0.0,0,0.39057365644044467,2026-02-24,0.33132844226171226,0.5654642618570475
401810690,2026,2026-02-24,2026-02-25T00:30:00+00:00,CLE,NY,1,1.0,32.14123418305394,3.8123333699009834,4.076633072187931,1.424800000000019,0.023113194123263847,0.01145584599253091,0.0037583727571060543,0.01965381475093278,0.07999999999999996,1.35127845918023,0,0.0,0,0.6362650767564634,2026-02-24,0.5775481076628792,0.5654642618570475
401810691,2026,2026-02-24,2026-02-25T01:00:00+00:00,CHI,CHA,0,1.0,-71.44133817168722,-6.020388943355826,5.494317066533512,3.8400000000000034,-0.0065431598944717395,-0.010840371552335248,-0.09797593040596311,-0.005307761091435076,-0.32,-6.0459849775975085,0,0.0,0,0.4907312311433155,2026-02-24,0.41416594238987603,0.5654642618570475
401810692,2026,2026-02-24,2026-02-25T01:00:00+00:00,MIL,MIA,1,1.0,-27.029321466912734,-2.7426856174962637,5.028064103169186,-5.622399999999985,0.0181706126940967,0.008368985815998431,-0.05048093832555073,-0.04615071042876914,-0.08000000000000002,-8.255764177735003,-1,0.0,0,0.5544276774345986,2026-02-24,0.4435283597680801,0.5654642618570475
401810693,2026,2026-02-24,2026-02-25T01:00:00+00:00,NO,GS,1,1.0,-164.96385580632705,-1.730451402167887,1.6291017680790958,-0.10800000000000409,-0.030885958475150743,-0.014029287834978685,0.015312394452586697,0.07233631079055725,-0.12000000000000005,3.1958343072139526,1,0.0,0,0.3599829354532495,2026-02-24,0.37523282511011474,0.5654642618570475
401810694,2026,2026-02-24,2026-02-25T02:00:00+00:00,PHX,BOS,0,1.0,-105.4060950899875,-3.4924907094356996,4.4500708754359835,1.2751999999999981,-0.012100565934316965,0.007126450982903446,0.0002438880162148327,0.017926605506186605,-0.16000000000000003,-9.263449177766546,0,0.0,0,0.4421117043158042,2026-02-24,0.36189679248843165,0.5654642618570475
401810695,2026,2026-02-24,2026-02-25T03:30:00+00:00,LAL,ORL,0,1.0,52.747883305632286,4.4129920716932105,3.49834970166944,-1.5960000000000036,0.040694906119390195,0.0009660279984802234,-0.003247530493440842,0.022102403895198575,0.040000000000000036,-8.146360377987014,0,0.0,0,0.6632500277736143,2026-02-24,0.6444669501769063,0.5654642618570475
401810696,2026,2026-02-24,2026-02-25T03:00:00+00:00,POR,MIN,0,1.0,-52.531162395974206,-3.2153655005450474,0.10163213923662795,-0.3503999999999934,-0.0197271829884601,0.02383063877519448,0.03582154849313818,-0.031289515554459024,0.0,-3.0949549460716144,0,0.0,0,0.5179363999350233,2026-02-24,0.4260385922335838,0.5654642618570475
401810697,2026,2026-02-25,2026-02-26T00:30:00+00:00,DET,OKC,1,1.0,-42.189105131814586,-1.9966123977159498,-2.7523772509011195,1.0343999999999909,-0.02348467976732549,0.00034370166251723733,0.040514737645955506,-0.003291768765330716,0.07999999999999996,-0.17128681632812004,1,-1.0,0,0.5327804291565009,2026-02-25,0.5704523672759785,0.5654642618570475
401810698,2026,2026-02-25,2026-02-26T00:30:00+00:00,TOR,SA,0,1.0,-117.5383091139413,-2.0892984864722166,3.1741969107571464,-0.9752000000000152,-0.01704775476811038,0.0049656892846753065,0.01135158627934213,0.0015865061763283284,-0.15999999999999992,-6.5730653759364355,-1,1.0,0,0.42496237974157647,2026-02-25,0.3180087062307278,0.5654642618570475
401810699,2026,2026-02-25,2026-02-26T00:30:00+00:00,MEM,GS,0,1.0,-113.60979250955234,-1.9592460332255541,3.6811924457375653,0.5816000000000088,-0.02076530431015866,-0.001810132023833455,0.017675177438519235,0.04728941601300479,-0.2,-0.5420598358198658,1,-1.0,0,0.43049779347470385,2026-02-25,0.4829353294020782,0.5654642618570475
401810700,2026,2026-02-25,2026-02-26T01:00:00+00:00,HOU,SAC,1,1.0,252.62558918268246,-0.7222370087051218,-8.93901525126742,-1.4216000000000264,-0.0022270991140896923,6.318679514694114e-05,0.02089586784125952,-0.011735350728669436,0.36,12.193111368366495,0,0.0,0,0.8615709950926673,2026-02-25,0.8243401169658376,0.5654642618570475
401810701,2026,2026-02-25,2026-02-26T01:00:00+00:00,MIL,CLE,1,1.0,-135.68042322168117,-5.623242640404143,5.727446617348107,-2.059200000000004,-0.011570439402468713,-0.0043410683262417316,-0.0550853722984227,-0.043999998105655636,-0.27999999999999997,-3.643528410391016,0,0.0,0,0.39966305998548696,2026-02-25,0.3314108055034516,0.5654642618570475
401810702,2026,2026-02-25,2026-02-26T03:00:00+00:00,DEN,BOS,1,1.0,-84.61167003192168,2.764918108617735,7.245098397754717,2.1983999999999924,0.01979744921113258,-0.006584871818447274,-0.05271123793502733,0.12376829378737741,-0.12,-0.7187888642719624,2,-1.0,0,0.4718064756474777,2026-02-25,0.5428888901912009,0.5654642618570475
401810703,2026,2026-02-26,2026-02-27T00:00:00+00:00,IND,CHA,0,1.0,-117.19031670905065,-7.4770099672772545,4.633564970951738,4.698400000000021,-0.013203254525064545,-0.011806898334865312,-0.10684377163329214,0.006919278429060621,-0.28,-7.956306322211648,0,0.0,0,0.4254519751623784,2026-02-26,0.34374287296635214,0.5654642618570475
401810704,2026,2026-02-26,2026-02-27T00:00:00+00:00,PHI,MIA,1,1.0,-9.523450308901374,-0.4118683020802365,4.823089764153792,-3.33359999999999,0.00737842560929769,0.0005349253491493955,-0.029456787799171907,0.021046283841526237,-0.040000000000000036,-6.730898812773409,0,0.0,0,0.579165514915995,2026-02-26,0.4886319374009861,0.5654642618570475
401810705,2026,2026-02-26,2026-02-27T00:30:00+00:00,ATL,WSH,1,1.0,145.167118049814,2.693950832086472,-2.8717818108257376,0.411200000000008,0.0034217833236848127,-0.0205453272824348,-0.0019131114089473433,0.004326654452027012,0.15999999999999998,4.966800633661353,0,0.0,0,0.7702669539357724,2026-02-26,0.7594715894243504,0.5654642618570475
401810706,2026,2026-02-26,2026-02-27T00:30:00+00:00,BKN,SA,0,1.0,-337.8932288432684,-8.259386595404052,8.826030150037681,-2.8104000000000156,-0.03774961680425293,0.020572849166374918,-0.0074013533882442695,-0.008138867722548626,-0.43999999999999995,-14.197119211506951,1,-1.0,0,0.17208816995363063,2026-02-26,0.16262679868659105,0.5654642618570475
401810707,2026,2026-02-26,2026-02-27T00:30:00+00:00,ORL,HOU,0,1.0,-66.12071287577419,-0.21177520258369498,3.009397293777937,2.3504000000000076,-0.005579724375230133,-0.014201704040199825,-0.06091391709176536,0.01755169309206228,-0.07999999999999996,-2.1243821687095545,1,-1.0,0,0.49838717011799993,2026-02-26,0.5474246170271468,0.5654642618570475
401810708,2026,2026-02-26,2026-02-27T01:00:00+00:00,CHI,POR,0,1.0,-94.98199646132935,-0.705550934222444,2.3673142331279564,-0.2856000000000165,0.005265944867547945,-0.024442575515229076,-0.082025476575633,-0.016298010710092098,-0.12,-3.688503982934243,0,0.0,0,0.4569592250500573,2026-02-26,0.47308359831296976,0.5654642618570475
401810709,2026,2026-02-26,2026-02-27T01:30:00+00:00,DAL,SAC,0,1.0,88.26605812115918,2.6985368497756923,-4.451984520778694,2.5535999999999888,0.022609415315588022,-0.017529481934173502,-0.04155744523511412,0.022268516069296973,0.16,7.670477836740233,1,-1.0,0,0.7072924727388741,2026-02-26,0.80140106466686,0.5654642618570475
401810710,2026,2026-02-26,2026-02-27T02:00:00+00:00,PHX,LAL,1,1.0,-22.966525177786252,-4.39333228166484,-1.324461165451595,-1.803200000000004,-0.045206512373155094,-0.004940590789613147,0.04918127481212839,-0.07719061767504753,-0.08000000000000002,-6.1276667336704636,0,0.0,0,0.5601976216392273,2026-02-26,0.4809019986942741,0.5654642618570475
401810711,2026,2026-02-26,2026-02-27T02:00:00+00:00,UTAH,NO,0,1.0,-27.363787498564307,-1.9639559069205177,2.8925963318591954,2.2776000000000067,0.004414129219375451,0.02183106723636806,-0.003389506178195778,-0.0058635106997081965,-0.16000000000000003,-2.2280072989409616,1,0.0,0,0.5539519959995178,2026-02-26,0.503798914771294,0.5654642618570475
401810712,2026,2026-02-26,2026-02-27T03:00:00+00:00,LAC,MIN,0,1.0,-19.569943956644465,-1.0231535907231972,-0.5384102893863485,-3.683199999999985,-0.009739347794778253,-0.0028290309159635374,-0.03257192214790583,0.037140017094925426,0.07999999999999996,-3.7909706387832642,2,0.0,0,0.5650090259401132,2026-02-26,0.5183008383206527,0.5654642618570475
401810713,2026,2026-02-27,2026-02-28T00:00:00+00:00,DET,CLE,1,1.0,36.06284033042448,-3.167164116386786,-4.040857379083334,0.5871999999999957,-0.025223044903821656,-0.0036413910054022003,0.0016770772000299083,0.014461492669518572,0.0,0.6975971574573219,0,0.0,0,0.641473310640463,2026-02-27,0.6151847615395102,0.5654642618570475
401810714,2026,2026-02-27,2026-02-28T00:30:00+00:00,BOS,BKN,1,1.0,324.2496696509911,6.381808749971427,-11.153992328705101,-1.504000000000019,0.010816839270571421,-0.021184237833558134,0.04151906024222113,-0.06433087966104159,0.4,13.637790235518237,1,-1.0,0,0.9038454175307635,2026-02-27,0.9391742269837984,0.5654642618570475
401810715,2026,2026-02-27,2026-02-28T01:00:00+00:00,MIL,NY,0,1.0,-76.98305330859557,-0.7548411210261321,8.578867721099854,-0.8007999999999953,0.014253170843660068,0.0057312941858256305,-0.043255741486875166,-0.029693299316160243,-0.07999999999999996,-0.34992745544622483,-1,0.0,0,0.4827618347877217,2026-02-27,0.36317125817272256,0.5654642618570475
401810716,2026,2026-02-27,2026-02-28T01:30:00+00:00,DAL,MEM,0,1.0,11.246658588238915,0.25145626043425295,-1.7813307753020666,0.7495999999999867,-0.00583960798557992,-0.015503799127511306,-0.014810033500551822,0.048306775663663426,0.08000000000000002,1.6097197846951117,-1,1.0,0,0.6079995248685037,2026-02-27,0.5279141782346167,0.5654642618570475
401810717,2026,2026-02-27,2026-02-28T02:47:00+00:00,OKC,DEN,1,1.0,103.09756017239283,-0.7280690766145028,-4.178619305009917,0.04959999999996967,0.004423863429442565,0.013124452797573766,0.0015937296769092946,-0.043780583550608876,0.039999999999999925,-5.396819617330589,0,0.0,0,0.7246503145814415,2026-02-27,0.7041464205556174,0.5654642618570475
401810718,2026,2026-02-28,2026-02-28T18:00:00+00:00,CHA,POR,1,1.0,-4.541554041662948,6.199413741588842,-3.0330079317316034,-4.430400000000006,0.018724624458087424,-0.012867051622489328,0.009063627634132876,-0.0146695382607675,0.19999999999999996,7.741657816537797,0,0.0,0,0.5861389992396393,2026-02-28,0.667541906008461,0.5654642618570475
401810719,2026,2026-02-28,2026-02-28T20:30:00+00:00,MIA,HOU,1,1.0,-103.1438835583649,2.198997109054474,1.883190612330111,5.593599999999995,-0.012776788428996988,-0.020225169161480053,-0.010628240938207856,0.019923886026983362,-0.16000000000000003,-1.8908527346101298,0,0.0,0,0.44532602751118916,2026-02-28,0.505014381655404,0.5654642618570475
401810720,2026,2026-02-28,2026-03-01T00:00:00+00:00,WSH,TOR,0,1.0,-188.6193472395289,-3.2876821480896155,6.027552144274722,1.4328000000000145,-0.00625045261839452,0.009263233421687223,-0.015346260091408992,-0.0476678188229524,-0.2,-5.395461787061883,-1,0.0,0,0.3292431501670486,2026-02-28,0.27274395461112805,0.5654642618570475
401810721,2026,2026-02-28,2026-03-01T01:30:00+00:00,GS,LAL,0,1.0,-15.760616803990388,-0.3269387315373109,-2.600207909419183,2.313599999999994,0.0018173242554999636,0.009239994857722839,0.015834461201538197,-0.08479182014791836,0.0,0.7610463196949496,1,0.0,0,0.5703905286458175,2026-02-28,0.5819249312758236,0.5654642618570475
401810722,2026,2026-02-28,2026-03-01T02:30:00+00:00,UTAH,NO,0,1.0,-49.521867338545235,-2.504159063822641,2.861493649217053,2.558400000000006,0.0033921753752909067,0.021802323595292605,-0.003704524493214123,-0.010413839607044117,-0.2,-2.13301727816102,0,0.0,0,0.5222600990819554,2026-02-28,0.4818533208089558,0.5654642618570475
401810723,2026,2026-03-01,2026-03-01T18:00:00+00:00,NY,SA,1,1.0,-65.50527312110012,-1.8097910190386983,-2.066697854878541,-2.140000000000015,-0.010856986504496846,0.005542018662901729,0.018551082829596305,-0.03181523204130676,-0.12,-6.481298580821219,-1,0.0,0,0.49927285403979527,2026-03-01,0.5232075671306018,0.5654642618570475
401810724,2026,2026-03-01,2026-03-01T20:30:00+00:00,BKN,CLE,0,1.0,-299.05269599925805,-10.110697885614371,9.924878235229954,-2.079199999999986,-0.04230433179765436,0.007436368551116179,-0.04488141506201185,-0.0019754935043106436,-0.48,-10.247013296711707,0,0.0,0,0.20630958127534543,2026-03-01,0.13534451064128317,0.5654642618570475
401810725,2026,2026-03-01,2026-03-01T20:30:00+00:00,CHI,MIL,1,1.0,-105.00404603276093,-1.7303124358246151,-1.1887257139421763,3.4263999999999726,-0.008513227906409515,0.011771950592986163,-0.0008823749889318722,0.027194211447984923,-0.16000000000000003,-4.378050694375396,1,0.0,0,0.44268262003780384,2026-03-01,0.48685721695936107,0.5654642618570475
401810726,2026,2026-03-01,2026-03-01T20:30:00+00:00,DEN,MIN,0,1.0,-11.38514277715717,1.1850069357703887,1.0497551306755213,-2.1495999999999924,-0.010380515630281528,-0.021963399021140195,-0.02807207923125077,0.02850930248072664,-0.040000000000000036,3.6762911458639977,-1,0.0,0,0.5765512950799981,2026-03-01,0.5798626005900157,0.5654642618570475
401810727,2026,2026-03-01,2026-03-01T22:00:00+00:00,IND,MEM,0,1.0,-38.97879843726059,-2.8701700284913443,0.5642766615478507,0.4247999999999905,-0.009413560452680714,0.0014623629992590037,-0.03294474834535538,-0.003950580956730287,0.0,-4.722365763775718,1,0.0,0,0.5373776582971364,2026-03-01,0.4663758197012011,0.5654642618570475
401810728,2026,2026-03-01,2026-03-01T23:00:00+00:00,ATL,POR,1,1.0,-10.42177464398219,-0.6946345865299008,-0.5131073650999411,0.45199999999998397,-0.013684300836908081,-0.039299947489330175,-0.06374168475583328,-0.010363279156944988,0.0,8.15866304745602,2,-1.0,0,0.5779046175527697,2026-03-01,0.6549355853572851,0.5654642618570475
401810729,2026,2026-03-01,2026-03-02T01:00:00+00:00,BOS,PHI,1,1.0,137.44663962762706,0.1769995024316131,-7.603633321433506,-3.4712000000000103,0.0001416749404997697,0.0013884561979434495,0.03570127964001607,-0.07924704009884165,0.15999999999999992,4.357048848195116,-1,0.0,0,0.7623082864265875,2026-03-01,0.7674455138845949,0.5654642618570475
401810730,2026,2026-03-01,2026-03-01T23:00:00+00:00,ORL,DET,0,1.0,-149.02963579851848,-3.313185817425037,5.916880539076587,-0.511999999999972,-0.009646863061184119,-0.0023897657736910993,-0.05646850776232845,-0.005056434086779249,-0.24,0.1807737864240524,1,0.0,0,0.38137562835620203,2026-03-01,0.3404398816698448,0.5654642618570475
401810731,2026,2026-03-01,2026-03-02T01:00:00+00:00,DAL,OKC,0,1.0,-290.9804929496038,-1.8625435974317952,5.877016956796652,2.5976,-0.011935751439961173,-0.004997971758955444,0.0077747411435726,0.04193566563644735,-0.19999999999999996,-5.697351490294642,0,0.0,0,0.21402228644040858,2026-03-01,0.21813823499086368,0.5654642618570475
401810732,2026,2026-03-01,2026-03-02T02:00:00+00:00,LAC,NO,1,1.0,140.78963417802652,-0.46999847858485566,-1.6191426089035872,-2.5183999999999855,0.013111480927809893,0.01262278840049852,-0.03498903197300002,0.029190092851765936,0.07999999999999996,-2.514446543058841,2,-1.0,0,0.7657775395651754,2026-03-01,0.7713240278135334,0.5654642618570475
401810733,2026,2026-03-01,2026-03-02T02:30:00+00:00,LAL,SAC,1,1.0,206.72583224881237,3.9004183502767233,-5.807600719310031,-0.9639999999999986,0.047276524464606506,-0.004131259181868102,-0.06277606487970994,0.03165424782407633,0.32000000000000006,7.069312901433223,-2,1.0,0,0.8269522843769203,2026-03-01,0.7885983267339256,0.5654642618570475
401810734,2026,2026-03-02,2026-03-03T00:00:00+00:00,WSH,HOU,0,1.0,-261.87261899101213,-2.6986246220582615,7.650925911668395,3.852800000000002,-0.009886946226475901,-0.0032765799489965497,-0.04487589858661287,-0.01593230045217367,-0.27999999999999997,-10.644357374195021,0,0.0,0,0.2435544737066146,2026-03-02,0.2203119515175174,0.5654642618570475
401810735,2026,2026-03-02,2026-03-03T00:30:00+00:00,MIL,BOS,0,1.0,-159.0949873508789,-3.9632308115762953,10.079826665060438,2.0952000000000055,0.011100922676552716,0.010301923495913842,-0.07136695115128136,0.0013892855901521672,-0.23999999999999994,-14.476819319575906,0,0.0,0,0.36780283669697866,2026-03-02,0.2568920625953242,0.5654642618570475
401810736,2026,2026-03-02,2026-03-03T02:00:00+00:00,UTAH,DEN,0,1.0,-230.45604179534166,-4.214813598383898,3.981162807022926,3.2631999999999977,-0.011095210122930577,0.02059948745977773,0.01835894372947594,-0.04065119709873233,-0.2,-10.609335124959001,1,-1.0,0,0.27839407404964417,2026-03-02,0.302329997932079,0.5654642618570475
401810737,2026,2026-03-02,2026-03-03T03:00:00+00:00,GS,LAC,0,1.0,-30.433006767317693,-0.14393185523697127,0.9880292202253571,2.783999999999992,0.013441976081265405,0.002156158671779068,0.0013769052498618373,-0.11284171178974237,-0.07999999999999996,-2.176088063319921,1,-1.0,0,0.549582410805402,2026-03-02,0.6145275827090407,0.5654642618570475
401810738,2026,2026-03-03,2026-03-04T00:00:00+00:00,CHA,DAL,1,1.0,120.86058542880164,5.237939811224251,-5.350661933043753,-5.009600000000006,0.018618974240800612,0.025822228309999307,0.07889637822042384,-0.06626029052179241,0.35999999999999993,11.233498123594504,1,0.0,0,0.7445778093998546,2026-03-03,0.7388786070992757,0.5654642618570475
401810739,2026,2026-03-03,2026-03-04T00:00:00+00:00,CLE,DET,1,1.0,-53.90522884642337,1.7746671293644596,3.9511318222670297,-1.026399999999981,0.022939083248138203,0.011660334495470326,-0.0018743678708232903,0.011736821958196364,-0.040000000000000036,-2.1958700889053504,0,0.0,0,0.5159612341171776,2026-03-03,0.49494016824453774,0.5654642618570475
401810740,2026,2026-03-03,2026-03-04T00:00:00+00:00,ORL,WSH,1,1.0,184.15347566730247,1.8507109470544236,-4.238694245048876,-1.46159999999999,-0.000767243103996007,-0.012634810721177697,-0.020927041927126633,0.05024226757657935,0.15999999999999998,6.075185137678375,1,-1.0,0,0.8075615165233985,2026-03-03,0.8400600464661516,0.5654642618570475
401810741,2026,2026-03-03,2026-03-04T00:30:00+00:00,MIA,BKN,1,1.0,198.55895530295788,7.569571665249214,-8.78540435618359,5.524799999999999,0.008716021139387409,-0.024300703955435335,0.04181072014253778,0.003276890720286585,0.32000000000000006,11.760297074601464,1,0.0,0,0.8201209728988754,2026-03-03,0.8701842060356456,0.5654642618570475
401810742,2026,2026-03-03,2026-03-04T00:30:00+00:00,TOR,NY,0,1.0,-75.90297449744003,-0.8614931679577893,6.261411546314378,0.6607999999999805,-0.011198517542222342,-0.0005900470391969337,-0.008485505796912651,0.03580398169407745,-0.12,-1.2701142207747327,1,0.0,0,0.4843145070157799,2026-03-03,0.40276301976240786,0.5654642618570475
401810743,2026,2026-03-03,2026-03-04T01:00:00+00:00,PHI,SA,0,1.0,-150.78992532092911,-1.1488729686003154,6.259556497385532,-0.9728000000000208,-0.024034891104878553,-0.00392886807268697,0.0032421628310007333,0.01958409645677811,-0.19999999999999996,0.05658984592812555,0,0.0,0,0.37898784823619497,2026-03-03,0.33593682849571843,0.5654642618570475
401810744,2026,2026-03-03,2026-03-04T01:00:00+00:00,CHI,OKC,0,1.0,-284.5304828160506,-4.0791643829643505,6.008677737077903,2.2280000000000086,-0.0011998218046535003,0.018289156045159904,-0.015281600743375978,-0.023394001767085726,-0.23999999999999994,-6.673768363124031,0,0.0,0,0.22033434408541974,2026-03-03,0.20088300789796357,0.5654642618570475
401810745,2026,2026-03-03,2026-03-04T01:00:00+00:00,MIN,MEM,1,1.0,175.9642384667818,0.0914872009978609,-4.05550087140216,-0.5208000000000226,0.0016693207640628982,0.007315027512681843,0.010443979086841942,0.02920820599874563,0.2,0.9626855064528073,0,0.0,0,0.8001291363136876,2026-03-03,0.7467408436646427,0.5654642618570475
401810746,2026,2026-03-03,2026-03-04T03:30:00+00:00,LAL,NO,1,1.0,161.76271809038667,1.5793010157853757,-1.2538621702467765,-1.8247999999999536,0.03369976312428846,0.005879863233578697,-0.04265772908877566,0.009831987210630666,0.07999999999999996,0.6518555115239453,0,0.0,0,0.7867341929109744,2026-03-03,0.7662306522408774,0.5654642618570475
401810747,2026,2026-03-03,2026-03-04T04:00:00+00:00,SAC,PHX,0,1.0,-193.40454594500238,-0.9831618746289905,6.708046108749173,2.863200000000006,-0.012892532362458464,0.008931577524788958,0.014130064007733534,0.037199828460504375,-0.32,0.3046646948884373,-3,0.0,0,0.3231887345149851,2026-03-03,0.3190141863984575,0.5654642618570475
401810748,2026,2026-03-04,2026-03-05T00:00:00+00:00,NY,OKC,0,1.0,-79.08511150461777,0.6567992681536339,-3.2690190945059356,-0.9952000000000112,0.010560343096410518,0.00040327388800698305,0.020723387664183496,-0.026698880901476374,0.07999999999999996,3.592316091345515,0,0.0,0,0.47974099253703556,2026-03-04,0.5368863095805212,0.5654642618570475
401810749,2026,2026-03-04,2026-03-05T00:30:00+00:00,BOS,CHA,0,1.0,138.20426726945675,-2.2294381241093646,-1.157430744695077,-1.3392000000000053,-0.01916262781969802,-0.02888695810241193,-0.026748882742645697,-0.039059810232467934,-0.040000000000000036,-3.3794506221998493,1,-1.0,0,0.7630976170591689,2026-03-04,0.7652886187244582,0.5654642618570475
401810750,2026,2026-03-04,2026-03-05T00:30:00+00:00,PHI,UTAH,1,1.0,168.688732729692,1.9887937809078267,-1.3405824468514567,-2.043999999999997,-0.004300320800907809,-0.017015100436136577,-0.013122180616761098,0.014466885035913646,0.24,4.719582026161344,-1,1.0,0,0.7933471367932847,2026-03-04,0.6614699232407076,0.5654642618570475
401810751,2026,2026-03-04,2026-03-05T01:00:00+00:00,MEM,POR,0,1.0,-76.30188776358,2.0751358806449787,1.6154647450942576,0.43439999999998236,0.016081981135309564,-0.028347695453011662,-0.05845972672494176,0.0012741369458580953,-0.12,2.781228443087687,-2,1.0,0,0.4837410105637649,2026-03-04,0.48827725117427595,0.5654642618570475
401810752,2026,2026-03-04,2026-03-05T02:30:00+00:00,MIL,ATL,0,1.0,-16.5016367535095,-1.0834232836081696,5.4721196635859854,-4.091199999999986,0.01680160725798041,0.009232037513622643,-0.03270812932805381,-0.03277646184527269,-0.08000000000000002,-12.957144319934041,-1,0.0,0,0.5693449384239968,2026-03-04,0.4620623609446379,0.5654642618570475
401810753,2026,2026-03-04,2026-03-05T03:30:00+00:00,LAC,IND,1,1.0,198.41290976488312,3.435124987018469,-5.048093898461659,-4.10560000000001,0.0056668710580448645,0.0005816100498926557,0.028862363962982918,0.0686141667443323,0.23999999999999994,10.03507522292494,-1,0.0,0,0.8199969164602476,2026-03-04,0.8125953872554657,0.5654642618570475
401810754,2026,2026-03-05,2026-03-06T00:00:00+00:00,ORL,DAL,1,1.0,125.72422157504911,0.08893613720185556,-2.4086902735052433,-2.0527999999999764,-0.0028439491623084567,-0.005164887621778913,-0.019712579757224985,-0.033913719128038866,0.15999999999999998,5.886686024972725,0,0.0,0,0.7498658356994771,2026-03-05,0.6935716992107095,0.5654642618570475
401810755,2026,2026-03-05,2026-03-06T00:00:00+00:00,WSH,UTAH,0,1.0,-0.696621890527922,-1.5107519724392233,1.1714353121970476,-0.5576000000000221,-0.003378374372646431,-0.0004519810910348643,-0.011471588876021788,-0.04069490199610906,0.08000000000000002,-3.2665323825964876,1,-1.0,0,0.59149763942566,2026-03-05,0.5684484738968466,0.5654642618570475
401810756,2026,2026-03-05,2026-03-06T00:30:00+00:00,MIA,BKN,1,1.0,205.75411638700302,8.93892244175224,-8.955038653704847,5.079199999999972,0.020181436635810734,-0.025115108953873366,0.04007185685528736,0.00015313317792436942,0.32000000000000006,12.648396076169249,0,0.0,0,0.8261503567679388,2026-03-05,0.8870284537272005,0.5654642618570475
401810757,2026,2026-03-05,2026-03-06T00:30:00+00:00,HOU,GS,0,1.0,90.60430726803293,-1.1697520522479294,-4.453261633450154,-2.6311999999999927,-0.02317348057393631,0.003418708949250865,0.05546059862539954,0.047094255093278276,0.15999999999999998,6.517614231971509,0,0.0,0,0.7100713080199863,2026-03-05,0.6622411938599473,0.5654642618570475
401810758,2026,2026-03-05,2026-03-06T01:00:00+00:00,MIN,TOR,1,1.0,78.4755720355206,0.6546226622596549,0.26782199322444455,2.255999999999986,0.013865317856385562,0.013515008007561169,0.011835572498964775,0.004108836214259115,0.039999999999999925,-1.0671299012883595,0,0.0,0,0.695489804664006,2026-03-05,0.6456704502261538,0.5654642618570475
401810759,2026,2026-03-05,2026-03-06T01:00:00+00:00,SA,DET,1,1.0,-3.1382798172135153,0.9977537225308453,0.027476216447325896,1.1904000000000394,0.02762686002323722,-0.0009687996924130082,-0.04850592921198721,-0.0093410112258141,0.040000000000000036,3.2249445474022,0,0.0,0,0.5880971626044897,2026-03-05,0.5967239112587822,0.5654642618570475
401810760,2026,2026-03-05,2026-03-06T02:00:00+00:00,PHX,CHI,0,1.0,142.26922862795345,2.040377402071954,-1.67990309790099,-5.515200000000007,-0.018141475890527503,-0.019837876902723067,0.06295497152324606,-0.0361076129577686,0.24000000000000005,1.4885802054617856,0,0.0,0,0.7673017500266991,2026-03-05,0.6925016107860059,0.5654642618570475
401810761,2026,2026-03-05,2026-03-06T03:00:00+00:00,DEN,LAL,1,1.0,4.268066951040737,0.6729858978864911,0.9879258644181874,0.2576000000000107,-0.01942433381232822,-0.009115537141075339,0.0195108481271328,0.019950899531617827,-0.11999999999999994,-5.80872487458952,1,0.0,0,0.5983846646884557,2026-03-05,0.5904620098959867,0.5654642618570475
401810762,2026,2026-03-05,2026-03-06T03:00:00+00:00,SAC,NO,0,1.0,-54.08348133186814,-3.2046548714814236,6.381279345715015,-1.0767999999999915,-0.02247851155421232,0.008687812643338816,0.02884019816673905,-0.027957017065261713,-0.28,-4.483157743497404,0,0.0,0,0.5157049654063869,2026-03-05,0.41526947633181177,0.5654642618570475
401810763,2026,2026-03-06,2026-03-07T00:00:00+00:00,BOS,DAL,1,1.0,259.0224712670913,4.352579794186809,-7.391170708403209,-6.35199999999999,0.008042277587449687,-0.006925152442921467,0.05372224031199904,-0.12194638730107613,0.39999999999999997,10.242651762035262,1,-1.0,0,0.8659046030706892,2026-03-06,0.8813413884264638,0.5654642618570475
401810764,2026,2026-03-06,2026-03-07T00:00:00+00:00,CHA,MIA,0,1.0,15.756091942780358,2.141394242618503,-1.149320322241735,-5.925599999999989,0.019039837447045294,0.023801830908721955,0.033387640781032624,-0.027386099636056066,0.16000000000000003,9.769984691732924,1,-1.0,0,0.6141687035262161,2026-03-06,0.6677651684066117,0.5654642618570475
401810765,2026,2026-03-06,2026-03-07T01:00:00+00:00,HOU,POR,1,1.0,79.94629220270781,1.2342474759354758,-4.364190039651064,-3.6424000000000376,-0.0014188904943966962,-0.018806272714064626,-0.0005364078251909321,0.0004732169732332425,0.11999999999999994,6.5548461824504045,-1,1.0,0,0.6972798234065715,2026-03-06,0.6530375603791397,0.5654642618570475
401810766,2026,2026-03-06,2026-03-07T02:00:00+00:00,DEN,NY,0,1.0,-32.049586558669716,1.3095281438025808,8.625265283642946,1.1640000000000157,-0.0031812239105339923,0.0011538860354995406,-0.012819839038566982,0.08756641230828288,-0.19999999999999996,-3.7301796788462993,-1,1.0,0,0.5472777962262304,2026-03-06,0.39566339426570424,0.5654642618570475
401810767,2026,2026-03-06,2026-03-07T02:00:00+00:00,PHX,NO,1,1.0,126.58847968507212,-2.1396553596976844,0.11268706893243063,-4.007200000000012,-0.006383088934813208,0.0025331357835845225,0.017725647763379482,-0.06670556412258369,0.0,-2.3869937172442253,0,0.0,0,0.7507978344087181,2026-03-06,0.6582878202092156,0.5654642618570475
401810768,2026,2026-03-06,2026-03-07T02:30:00+00:00,SA,LAC,1,1.0,106.8302826715369,2.051040585299347,-3.750079648351175,2.8248000000000104,0.011307168559166914,-0.015362579912396201,-0.0040810943339790184,-0.03977402965878929,0.16000000000000003,0.04867873490941843,-1,1.0,0,0.7289169594195206,2026-03-06,0.6628714100577564,0.5654642618570475
401810769,2026,2026-03-06,2026-03-07T03:30:00+00:00,LAL,IND,1,1.0,198.85851815008664,5.679986784021182,-3.764814883942705,-3.409599999999969,0.026789483164873062,-0.01029966738195806,0.012409690500993137,0.032601404162594216,0.24000000000000005,13.903750149726871,-1,1.0,0,0.8203752236899506,2026-03-06,0.7903525231254581,0.5654642618570475
401810770,2026,2026-03-07,2026-03-07T20:00:00+00:00,MIN,ORL,0,1.0,88.53471989942318,2.733324920257374,-0.9702858174630364,1.1407999999999987,0.027594697943792768,0.019539143978491047,0.0420408415081682,-0.0011158692619805954,0.12,3.3477531729155854,0,0.0,0,0.7076125502904932,2026-03-07,0.6892691036964229,0.5654642618570475
401810771,2026,2026-03-07,2026-03-07T23:00:00+00:00,DET,BKN,0,1.0,350.3660494377923,7.88581964770087,-9.265958253791197,1.2368000000000023,0.0156682981190438,-0.027312719592474277,0.039500517210751374,0.006016493475316076,0.44000000000000006,10.476573016328487,0,0.0,0,0.9161414392941759,2026-03-07,0.9236205154063792,0.5654642618570475
401810772,2026,2026-03-07,2026-03-07T23:00:00+00:00,ATL,PHI,1,1.0,11.838499308324344,-0.3804508045173236,-4.654961176942635,2.0760000000000076,0.0018040361398226068,0.001164260870277406,0.016681242338271812,-0.040635383018073706,0.039999999999999925,13.400305696628042,0,0.0,0,0.6088112148511676,2026-03-07,0.6526799042643885,0.5654642618570475
401810773,2026,2026-03-07,2026-03-08T01:00:00+00:00,MEM,LAC,0,1.0,-149.78964333992417,-0.9281579839219631,4.724267297196903,3.7871999999999986,-0.0035063368943997197,0.0007920662824768832,0.013620786994943845,-0.0390841150622418,-0.24000000000000005,-4.368217796987405,2,-1.0,0,0.3803439898627731,2026-03-07,0.45482821158478975,0.5654642618570475
401810774,2026,2026-03-07,2026-03-08T01:00:00+00:00,MIL,UTAH,1,1.0,137.68795948730212,-0.45385943909461446,0.944485676832457,-3.808800000000005,0.013476327458368909,-0.004025400747687646,-0.03865762138338949,-0.05365190577655016,0.16000000000000003,-8.045100582124972,1,0.0,0,0.7625599006295386,2026-03-07,0.6489194284947367,0.5654642618570475
401810775,2026,2026-03-07,2026-03-08T01:30:00+00:00,OKC,GS,1,1.0,185.717441881814,0.7156913160869607,-5.3779577962274345,-1.387200000000007,-0.015390596047551441,-0.013773686045431999,-0.011871907546504162,0.060899152829449604,0.15999999999999998,4.402592855285416,1,0.0,0,0.8089567497239648,2026-03-07,0.791321640751709,0.5654642618570475
401810776,2026,2026-03-08,2026-03-08T17:00:00+00:00,CLE,BOS,0,1.0,-14.766036610149968,1.6272866547060119,2.866958203243172,3.877600000000001,0.019889454038747312,0.014088902962941699,-0.005367377678424601,0.09128163833476871,0.0,-5.569723308252282,3,0.0,0,0.5717929079162524,2026-03-08,0.5455417204679216,0.5654642618570475
401810777,2026,2026-03-08,2026-03-08T19:30:00+00:00,LAL,NY,1,1.0,-59.7353273204958,-0.08478148111078099,7.3094299822370346,0.35600000000000875,0.01593351979657176,0.007566671343672754,-0.04212193616377982,0.05397057443790315,-0.12,-4.214841984583798,0,0.0,0,0.5075758931903595,2026-03-08,0.4292059075015815,0.5654642618570475
401810778,2026,2026-03-08,2026-03-08T22:00:00+00:00,MIA,DET,1,1.0,-107.05174446509886,0.47378462455036185,-0.2618540914934613,3.341600000000014,0.0036459234806347496,-0.001298245841588247,-0.011839742372742046,-0.009173332734177364,-0.040000000000000036,5.71686789658722,1,-1.0,0,0.4397764675000371,2026-03-08,0.5614129298654945,0.5654642618570475
401810779,2026,2026-03-08,2026-03-08T22:00:00+00:00,TOR,DAL,1,1.0,136.29023613611935,3.984476716724828,-2.5712567292461728,-2.5792,0.02036377608059803,-0.0009809001289052821,0.017943651231329877,-0.03578272419733047,0.24,5.163346291468076,1,0.0,0,0.761100007598381,2026-03-08,0.7443425148311725,0.5654642618570475
401810780,2026,2026-03-08,2026-03-08T23:00:00+00:00,NO,WSH,1,1.0,89.02007537181657,3.1995710450189847,-4.986149543102826,-0.162399999999991,-0.001972455124585659,-0.010174224763886769,0.021987116500564535,0.05211494477883091,0.15999999999999998,5.856681990042915,-1,0.0,0,0.7081902707636375,2026-03-08,0.7388864481531602,0.5654642618570475
401810781,2026,2026-03-08,2026-03-09T00:00:00+00:00,MIL,ORL,0,1.0,-56.0426131444342,-0.23552833195934397,5.331771584445477,-2.1392000000000024,0.018890924080636196,0.012160046871505181,0.007032741809904819,-0.07401161282903279,-0.08000000000000002,-11.056557986074917,0,0.0,0,0.5128878605861976,2026-03-08,0.4327126539012086,0.5654642618570475
401810782,2026,2026-03-08,2026-03-09T00:00:00+00:00,SA,HOU,1,1.0,85.81102371397333,3.867057947831981,-1.2705835999506263,3.2584000000000373,0.02415424837801139,-0.02439138438582114,-0.06062396199141076,0.011963536370562966,0.12,4.340443325116207,0,0.0,0,0.7043581147190721,2026-03-08,0.7271066021427882,0.5654642618570475
401810783,2026,2026-03-08,2026-03-09T02:00:00+00:00,PHX,CHA,1,1.0,13.563844137242995,-8.611690451428032,4.004288390866449,-0.01279999999999859,-0.04227806725217875,-0.016528069190327704,-0.026528998808503457,-0.03859048545638405,-0.24,-9.638401344554678,0,0.0,0,0.6111740204358193,2026-03-08,0.4355022846265624,0.5654642618570475
401810784,2026,2026-03-08,2026-03-09T01:00:00+00:00,POR,IND,1,1.0,143.59134913540242,-0.520963046319693,-3.4621964736347906,-0.6111999999999682,-0.011721833439199969,0.027519849821467574,0.09803205827778944,-0.002508017417541114,0.12,5.605353501092649,0,0.0,0,0.7686578800705807,2026-03-08,0.7046382201193984,0.5654642618570475
401810785,2026,2026-03-08,2026-03-09T01:00:00+00:00,SAC,CHI,1,1.0,-89.72300100630991,1.8081439264100538,5.365371946136861,-2.5335999999999927,-0.028875422993114186,-0.017267741705324025,0.07131446003781261,-0.0019496877880430252,-0.12,-4.23608585947823,0,0.0,0,0.4644806724041135,2026-03-08,0.42500045539787673,0.5654642618570475
401810786,2026,2026-03-09,2026-03-09T23:00:00+00:00,CLE,PHI,1,1.0,126.7989011369973,3.3420218558046315,-6.283876906679183,-0.7648000000000081,0.024708310404954692,0.007071121832487995,0.03633329652714004,-0.0005576715606156468,0.19999999999999996,4.417769165854327,-1,1.0,0,0.7510243971900322,2026-03-09,0.7292628638744513,0.5654642618570475
401810787,2026,2026-03-09,2026-03-09T23:30:00+00:00,BKN,MEM,1,1.0,-75.73258771018936,-6.382410478610382,0.8572942961169616,-3.413599999999974,-0.03422383519559413,0.018741860333960886,0.004333628720717714,0.014049825378273595,-0.03999999999999998,-10.101581153174262,0,0.0,0,0.4845594757456253,2026-03-09,0.3502683867711803,0.5654642618570475
401810788,2026,2026-03-09,2026-03-09T23:30:00+00:00,OKC,DEN,1,1.0,145.09075869481444,-3.494173869918484,-5.947325685785728,-0.5520000000000067,-0.015942255262764937,0.0004785091455702939,-0.01194230861287851,-0.05771791102749768,0.12,7.857109406234363,-1,0.0,0,0.770189162054314,2026-03-09,0.7157446213059854,0.5654642618570475
401810789,2026,2026-03-09,2026-03-10T01:00:00+00:00,UTAH,GS,1,1.0,-187.46204880402274,-0.4543826035394858,2.1566550914180027,1.1336000000000013,-0.019530538874757974,-0.00516376973034996,0.010800226105935479,0.058958586071659685,-0.15999999999999998,0.6819015385269223,0,0.0,0,0.33071605824126704,2026-03-09,0.36886686179316086,0.5654642618570475
401810790,2026,2026-03-09,2026-03-10T02:00:00+00:00,LAC,NY,1,1.0,-44.539606768471685,-0.35781321994656423,5.276369347001989,-0.8463999999999743,-0.0004508685923100275,0.007750828715064384,-0.015598629317470997,0.07912233995913995,-0.08000000000000007,-0.9895873379508986,1,-1.0,0,0.5294108816402152,2026-03-09,0.5297918725364612,0.5654642618570475
401810791,2026,2026-03-10,2026-03-10T23:00:00+00:00,PHI,MEM,1,1.0,97.09955061208484,0.11386959720685752,-0.71182140244197,-1.834399999999988,-0.017444849551537245,-0.010875943454758674,-0.0030931465784681533,0.01302230687410888,0.2,-6.475984241658885,0,0.0,0,0.7177078413959941,2026-03-10,0.6091676218731323,0.5654642618570475
401810792,2026,2026-03-10,2026-03-10T23:30:00+00:00,BKN,DET,0,1.0,-292.20711073093867,-6.645877841623886,7.873259613840531,-1.7055999999999756,-0.003402100092783966,0.03437070299581588,-0.03493020164809646,-0.012073051983886973,-0.32,-1.3481053746217895,-1,1.0,0,0.212836909963516,2026-03-10,0.13072934710337977,0.5654642618570475
401810793,2026,2026-03-10,2026-03-10T23:30:00+00:00,MIA,WSH,1,1.0,237.86411897629182,5.678398549466607,-10.241229843934036,1.2192000000000007,0.0020406860591751785,-0.018853282089509205,0.03522828762187344,0.04173531264801714,0.27999999999999997,13.020186983930792,0,0.0,0,0.8511217102633312,2026-03-10,0.8914453156895307,0.5654642618570475
401810794,2026,2026-03-10,2026-03-10T23:30:00+00:00,ATL,DAL,1,1.0,143.64954180110135,5.973307847414674,-5.327818378765613,-0.03439999999996246,0.028061873665113812,-0.004271467195067963,0.023006185650148586,-0.05953507772429409,0.4,19.732228451399237,1,0.0,0,0.7687174425347784,2026-03-10,0.7825817822995631,0.5654642618570475
401810795,2026,2026-03-10,2026-03-11T00:00:00+00:00,HOU,TOR,1,1.0,61.89326908378666,-1.0965484911036754,-0.5393379851164894,-1.5104000000000184,-0.007735834298174038,0.020759492249782657,0.05705908796892595,-0.02194270530971168,0.039999999999999925,-3.4422255810551676,0,0.0,0,0.6749054128308665,2026-03-10,0.5916395172283135,0.5654642618570475
401810796,2026,2026-03-10,2026-03-11T00:00:00+00:00,MIL,PHX,0,1.0,-76.81762954128158,0.16359568408464042,3.6055558122522484,1.3648000000000167,0.024798288557857262,0.008578438976385688,-0.0570215766192759,0.0005307631747820118,-0.03999999999999998,-12.333162742869217,0,0.0,0,0.4829996196439988,2026-03-10,0.44360108665981735,0.5654642618570475
401810797,2026,2026-03-10,2026-03-11T00:00:00+00:00,SA,BOS,1,1.0,24.77605889056008,2.3814206015669157,1.2943985659118056,6.102400000000003,0.03404550916857951,-0.000341014858992586,-0.05041772141018658,0.07246957623186417,0.08000000000000007,0.863788998847002,0,0.0,0,0.6263974488998568,2026-03-10,0.6184386711014737,0.5654642618570475
401810798,2026,2026-03-10,2026-03-11T02:00:00+00:00,GS,CHI,0,1.0,95.37904225908233,3.523565123633418,-0.7707807117544974,-2.2095999999999805,0.005762253310090948,-0.01068102641901389,0.036832386704150344,-0.045493332446361195,0.12,-4.306668442336205,-1,1.0,0,0.7156969303374585,2026-03-10,0.6238242155412013,0.5654642618570475
401810799,2026,2026-03-10,2026-03-11T02:00:00+00:00,POR,CHA,0,1.0,-12.518037051078863,-7.360183762396545,4.650071376603009,4.279200000000003,-0.023608112362356937,0.014331802263218812,-0.0036115552091852687,0.012875013112995076,-0.27999999999999997,-8.264220949765633,0,0.0,0,0.574958356005582,2026-03-10,0.42632243929257096,0.5654642618570475
401810800,2026,2026-03-10,2026-03-11T02:00:00+00:00,SAC,IND,1,1.0,-8.870381680918626,-0.676679292633267,1.2505000986301127,-2.3871999999999787,-0.034502789041235715,-0.0013963002124156576,0.07986975913667438,-0.0042213866200315475,-0.07999999999999999,7.587781547257754,0,0.0,0,0.5800815219132954,2026-03-10,0.533814925103222,0.5654642618570475
401810801,2026,2026-03-10,2026-03-11T03:00:00+00:00,LAL,MIN,1,1.0,-23.674079268878586,2.7407085843383356,1.8321927739622197,-2.281599999999969,0.018691116169360478,-0.01126275385285655,-0.033298313105130845,0.009759489400220978,-0.040000000000000036,4.498128543829281,-1,0.0,0,0.559193884316271,2026-03-10,0.5939934745323094,0.5654642618570475
401810802,2026,2026-03-11,2026-03-11T23:30:00+00:00,ORL,CLE,1,1.0,-80.34240012879786,-5.078547261571629,-0.8437701247122504,1.5992000000000104,-0.026209046465619612,-0.0028723937390630894,-0.04921399618207534,0.01177676888454171,-0.12,6.161508068183843,1,0.0,0,0.47793485195231483,2026-03-11,0.454818067810754,0.5654642618570475
401810803,2026,2026-03-11,2026-03-12T00:00:00+00:00,NO,TOR,1,1.0,-109.98222927945903,0.8017974336743805,1.7699529382492472,2.054400000000001,-0.009066534475526855,-0.001052451915766417,0.02554960073767068,0.014088304856383682,0.0,-0.029345999890593083,2,-1.0,0,0.4356246597810423,2026-03-11,0.5013967161173617,0.5654642618570475
401810804,2026,2026-03-11,2026-03-12T01:00:00+00:00,UTAH,NY,0,1.0,-257.02521707121946,-3.695847315342263,8.380405685681822,2.2256000000000142,-0.026647761272208137,0.01064253224887915,0.005083883070536477,0.041924207835681015,-0.32,-3.836646990396055,0,0.0,0,0.24873208002462502,2026-03-11,0.20748894451324285,0.5654642618570475
401810805,2026,2026-03-11,2026-03-12T02:00:00+00:00,DEN,HOU,1,1.0,-28.993581083259414,3.972321489354826,4.354989177710678,2.6424000000000234,0.01695857052523697,-0.01798018520773423,-0.05478599674477308,0.07337804972619988,-0.11999999999999994,-4.042869875583853,1,-1.0,0,0.5516326863851931,2026-03-11,0.6570793940398545,0.5654642618570475
401810806,2026,2026-03-11,2026-03-12T02:00:00+00:00,SAC,CHA,0,1.0,-177.33425022295432,-7.705188554942893,9.236485854132496,3.236000000000004,-0.04394813353906768,-0.01601877308009253,-0.0277065342829802,0.015675933780573137,-0.43999999999999995,-6.367708621538125,0,0.0,0,0.3437453168364562,2026-03-11,0.24523255844874375,0.5654642618570475
401810807,2026,2026-03-11,2026-03-12T02:30:00+00:00,LAC,MIN,1,1.0,-9.947418308369834,2.0730078754223626,-0.01560858948793964,-2.652799999999985,0.0015533971391333834,-0.01121338694951754,-0.01343973474627766,0.025250736810900343,-0.040000000000000036,5.883517184781749,1,-1.0,0,0.5785705566641492,2026-03-11,0.687708882558496,0.5654642618570475
401810808,2026,2026-03-12,2026-03-12T23:00:00+00:00,DET,PHI,1,1.0,138.60348840602956,0.67554018356158,-6.732031498333441,-0.1839999999999975,-0.004857593536226945,-0.002628047352056004,0.0397320331746282,-0.00019102205200499656,0.07999999999999996,5.427000028500216,0,0.0,0,0.7635128158247928,2026-03-12,0.7861185384607116,0.5654642618570475
401810809,2026,2026-03-12,2026-03-12T23:00:00+00:00,IND,PHX,0,1.0,-212.53831625808266,-1.0254478312592283,4.317148031308136,5.987200000000001,0.01580329198946373,0.005797256840509579,-0.07807114026136891,0.0394277101093129,-0.24000000000000005,-11.560140832776684,0,0.0,0,0.2995799668930599,2026-03-12,0.3334330574071149,0.5654642618570475
401810810,2026,2026-03-12,2026-03-12T23:00:00+00:00,ORL,WSH,1,1.0,252.34872263883835,3.6097536857638914,-9.334026043689107,-2.165600000000012,0.00437343887588304,-0.02356625284302688,-0.0216725968001113,0.04951577658564499,0.27999999999999997,15.902128444184067,-1,1.0,0,0.8613808020653674,2026-03-12,0.8508457258803017,0.5654642618570475
401810811,2026,2026-03-12,2026-03-12T23:30:00+00:00,ATL,BKN,1,1.0,193.56246947115142,6.776140787926323,-7.834673756133014,3.308000000000007,0.022591802105399794,-0.028187540928323013,0.008794714015112892,-0.0360414681499277,0.36000000000000004,16.777372826474735,0,0.0,0,0.8158387840929009,2026-03-12,0.8570267654198946,0.5654642618570475
401810812,2026,2026-03-12,2026-03-12T23:30:00+00:00,MIA,MIL,1,1.0,88.12995084863587,4.391478727741045,-9.130159462937456,5.155199999999994,-0.01285119558427339,-0.014667360221822676,0.049462442480063123,0.0767879158025877,0.15999999999999998,16.666405815482594,0,0.0,0,0.707130239262605,2026-03-12,0.8041679910962701,0.5654642618570475
401810813,2026,2026-03-12,2026-03-13T01:00:00+00:00,SA,DEN,0,1.0,118.63309321479414,-0.15269992877972527,-6.1930440153626165,0.5183999999999997,0.009436278936368558,-0.006840624769502285,-0.010804862492149292,-0.055759166447602204,0.32,8.559157578961935,1,-1.0,0,0.7421315710795479,2026-03-12,0.7652920189759282,0.5654642618570475
401810814,2026,2026-03-12,2026-03-13T01:30:00+00:00,OKC,BOS,1,1.0,66.40291366011752,-1.9323761912473145,1.2171329603044256,4.579199999999986,0.001899491839239209,0.005450949228906751,-0.05380314010577189,0.06278823659990768,-0.039999999999999925,1.2494098550335795,1,0.0,0,0.6805750980016266,2026-03-12,0.6131623293434362,0.5654642618570475
401810815,2026,2026-03-12,2026-03-13T02:30:00+00:00,LAL,CHI,1,1.0,155.5891712226396,7.794728714129249,-2.3466647729636634,-4.001599999999996,0.03498849233489576,-0.018322467723560776,-0.0002141036731600765,0.03216996583785209,0.31999999999999995,3.431245651218069,0,0.0,0,0.7807107936943957,2026-03-12,0.7955613705087887,0.5654642618570475
401810966,2026,2026-03-12,2026-03-13T00:00:00+00:00,MEM,DAL,0,1.0,13.064236395763828,5.771514068371303,1.177905439628205,0.22240000000000748,0.04231878331462313,0.008153719006583432,0.01414161214714893,-0.03950888836976946,0.12,5.18449949150175,0,0.0,0,0.6104903550409532,2026-03-12,0.6378627544431934,0.5654642618570475
401810816,2026,2026-03-13,2026-03-13T23:30:00+00:00,DET,MEM,1,1.0,263.93427614659777,1.6051183114238228,-8.895436576644542,-2.0024000000000086,-0.016819713414563786,-0.013644682396782237,0.036585745074191045,0.022678104548918443,0.32,7.074182429649499,0,0.0,0,0.8691538449326024,2026-03-13,0.8506841871509088,0.5654642618570475
401810817,2026,2026-03-13,2026-03-13T23:30:00+00:00,IND,NY,0,1.0,-270.51002491827217,-5.3606902448347,9.822483053652661,3.3704000000000036,-0.01420927067166966,0.008546701947069718,-0.0578567153357174,0.02375144950985475,-0.36,-10.372876533551242,-1,1.0,0,0.23451127835799923,2026-03-13,0.13900240475762374,0.5654642618570475
401810818,2026,2026-03-13,2026-03-13T23:30:00+00:00,TOR,PHX,1,1.0,-55.45376057094086,-0.5623755954730854,-2.138726957906769,2.6495999999999924,-0.0014969053584313885,-0.000873294768227062,-0.040057743731333806,0.06637549467942919,-0.07999999999999996,-6.580431629282288,1,-1.0,0,0.5137346867342524,2026-03-13,0.6342692318119897,0.5654642618570475
401810819,2026,2026-03-13,2026-03-14T00:00:00+00:00,HOU,NO,1,1.0,164.62442877333592,-1.6720932663075985,-1.0364012595284748,-3.6488000000000085,0.0003968518603449933,0.0204799394517019,0.0397791690201329,-0.03839678737045521,0.039999999999999925,-6.897872204955059,0,0.0,0,0.7894850900869127,2026-03-13,0.698241009700806,0.5654642618570475
401810820,2026,2026-03-13,2026-03-13T23:30:00+00:00,DAL,CLE,0,1.0,-229.91644536755211,-9.130192656890486,5.723685174570136,2.6488000000000085,-0.04812028804921509,0.004723286887041267,-0.022227723094491225,0.01930999227355612,-0.44000000000000006,-5.947837081410111,-1,1.0,0,0.2790185037315534,2026-03-13,0.17317417651296,0.5654642618570475
401810821,2026,2026-03-13,2026-03-14T02:00:00+00:00,GS,MIN,0,1.0,-86.45125195186779,-4.066092145128778,-0.042473235478553306,-0.30880000000000507,-0.02167159945191821,-0.0020144078248730546,5.703425918823779e-06,-0.0905893886493574,-0.24,2.274646659527464,1,0.0,0,0.46916833405370484,2026-03-13,0.4772022273946452,0.5654642618570475
401810822,2026,2026-03-13,2026-03-14T02:00:00+00:00,POR,UTAH,1,1.0,152.20031106599527,-1.5261839642330273,-1.8464028813781113,0.6063999999999936,0.002998459834222311,0.02381303922073602,0.035361898940102166,-0.01186349144919241,0.12,0.7363998802816527,1,0.0,0,0.7773527395382162,2026-03-13,0.6881440794147621,0.5654642618570475
401810823,2026,2026-03-13,2026-03-14T02:30:00+00:00,LAC,CHI,1,1.0,164.49796054862827,8.271421453604333,-2.071277464244872,-4.876800000000003,0.02684462557439149,-0.02223227006910175,0.006381520554725267,0.06290597254737157,0.31999999999999995,8.003701877035287,1,-1.0,0,0.7893640705658758,2026-03-13,0.8482505678652696,0.5654642618570475
401810824,2026,2026-03-14,2026-03-14T17:00:00+00:00,PHI,BKN,1,1.0,161.07057935808757,5.9772058523235785,-1.9937875826214224,1.1920000000000073,0.005853322421079721,-0.034853546454655826,0.0010701708843968427,0.007354008754329233,0.2,2.3065454636225526,0,0.0,0,0.786064934304183,2026-03-14,0.7889784504179789,0.5654642618570475
401810825,2026,2026-03-14,2026-03-14T19:00:00+00:00,ATL,MIL,1,1.0,76.43442829283526,4.024133867627867,-6.568306311012265,3.1368000000000222,-0.0063693039954971775,-0.012959682126256089,0.04229820723844138,0.042024454278333234,0.2,14.93218169097604,0,0.0,0,0.692995694744448,2026-03-14,0.7535103919985794,0.5654642618570475
401810826,2026,2026-03-14,2026-03-14T22:00:00+00:00,BOS,WSH,1,1.0,343.8198955740056,5.069849652366102,-11.50467055995064,-8.306399999999996,-0.0016446720608516152,-0.021335051157386056,0.05018642703471771,-0.04117234145331264,0.36000000000000004,5.767291773340338,0,0.0,0,0.9132006499913674,2026-03-14,0.9218390615821922,0.5654642618570475
401810827,2026,2026-03-14,2026-03-15T00:00:00+00:00,MIA,ORL,0,1.0,-5.444460817024492,1.3314665258426999,-0.8887390141652531,2.3119999999999976,-0.004556888737480946,0.0031651537667473084,0.05463426131969601,-0.014348514257512768,-0.040000000000000036,-1.8260334387153634,0,0.0,0,0.5848776154788617,2026-03-14,0.598455640163771,0.5654642618570475
401810828,2026,2026-03-14,2026-03-14T19:30:00+00:00,SA,CHA,1,1.0,140.88942737994057,1.2145732039994925,-0.6704126565247321,4.3352,0.026957793328212687,-0.019938517932693148,-0.06635210531553878,0.03732243123658427,0.08000000000000007,2.7784506841646635,-1,0.0,0,0.7658805595553082,2026-03-14,0.7466184093000845,0.5654642618570475
401810829,2026,2026-03-14,2026-03-15T00:30:00+00:00,LAL,DEN,1,1.0,-1.9580012717706268,-1.3647184763466527,-2.759325422122643,-1.6223999999999847,0.010060440488022349,0.0019730276598662055,-0.01652808211817125,-0.045584782408573055,0.12,3.6646253970018963,0,0.0,0,0.5897419983594481,2026-03-14,0.5685178594447526,0.5654642618570475
401810830,2026,2026-03-14,2026-03-15T02:30:00+00:00,LAC,SAC,0,1.0,245.41759829541706,6.228136785495224,-4.807254595542105,-1.603200000000001,0.05040455418388434,-0.0014191934025783726,-0.04559504556849536,0.07115081235346377,0.31999999999999995,5.064678167112867,-2,1.0,0,0.8565476881884919,2026-03-14,0.8254021041374296,0.5654642618570475
401810831,2026,2026-03-15,2026-03-15T17:00:00+00:00,OKC,MIN,1,1.0,136.2088855007189,-2.3412430672765367,-6.3903011231982845,-1.158399999999986,-0.024585604399603667,-0.010134695888247308,-0.015549946923443247,-0.03727855985928713,0.07999999999999996,7.011430052930558,1,0.0,0,0.7610148491762562,2026-03-15,0.7408888014491536,0.5654642618570475
401810832,2026,2026-03-15,2026-03-15T19:30:00+00:00,CLE,DAL,0,1.0,241.0771855168141,9.588908738114313,-6.790516160927027,-2.383199999999988,0.05102273894017184,-0.005117299379098911,0.02525904012580818,-0.01692295827732665,0.44000000000000006,11.892049721524895,0,0.0,0,0.8534502026981025,2026-03-15,0.8827842474743275,0.5654642618570475
401810833,2026,2026-03-15,2026-03-15T19:30:00+00:00,TOR,DET,1,1.0,-124.99783384384887,-4.5427936166961445,3.048478733716621,-1.039999999999992,-0.005364556820155131,-7.460330071459853e-05,-0.0616681022476957,-0.007743492989342571,-0.16000000000000003,-6.095096306023706,0,0.0,0,0.4145043475291128,2026-03-15,0.3643891480085123,0.5654642618570475
401810834,2026,2026-03-15,2026-03-15T19:30:00+00:00,MIL,IND,1,1.0,115.08504551620331,0.6214373276561673,-0.2524316949761527,-3.9519999999999698,0.013201066916474269,0.01024559637525041,0.015544874455337782,-0.040453049952644454,0.2,-1.180648925553137,-1,1.0,0,0.7382036557179423,2026-03-15,0.5714719194847561,0.5654642618570475
401810835,2026,2026-03-15,2026-03-15T22:00:00+00:00,PHI,POR,1,1.0,-2.7990840097404543,1.0017832672152736,0.7713066595764673,-1.3584000000000032,-0.012340151025640012,-0.0392209992653402,-0.05890568720386605,0.03839919530600261,0.03999999999999998,-5.535923440988791,-1,1.0,0,0.5885700690177594,2026-03-15,0.4936565668278851,0.5654642618570475
401810836,2026,2026-03-15,2026-03-16T00:00:00+00:00,NY,GS,1,1.0,129.69669839302196,3.9580190316834063,-5.715574811121385,-1.0487999999999857,0.014915220462059842,-0.014255541447667858,-0.002370110936161407,0.03293998864394057,0.24,6.775848354235886,0,0.0,0,0.7541304565847091,2026-03-15,0.7847370783575507,0.5654642618570475
401810837,2026,2026-03-15,2026-03-16T02:00:00+00:00,SAC,UTAH,1,1.0,25.091424770619597,-1.3946258368419535,2.2255874670918843,-1.0527999999999906,-0.016128691570771347,-0.011933557806230205,0.010386187437748828,-0.02202143787204003,0.0,3.8378831824657635,-1,1.0,0,0.6268221960306846,2026-03-15,0.46194928258428825,0.5654642618570475
401810838,2026,2026-03-16,2026-03-16T23:00:00+00:00,ATL,ORL,1,1.0,-34.41224000678699,1.159274651386923,0.5506364294555368,0.31040000000000134,-0.0016094658217445934,-0.0020825988105981907,0.044232132732084734,-0.05679928168303791,0.0,-0.6567318681040479,0,0.0,0,0.5439059482235272,2026-03-16,0.5330416215631876,0.5654642618570475
401810839,2026,2026-03-16,2026-03-16T23:00:00+00:00,WSH,GS,0,1.0,-178.39153063119034,-1.1027211238238408,4.981452087093146,2.8896000000000015,0.001034120257975446,0.0015875800732852718,-0.029975998871658915,0.03421091384943731,-0.08000000000000002,-3.382599308804114,1,-1.0,0,0.34237367433960814,2026-03-16,0.3775726306158633,0.5654642618570475
401810840,2026,2026-03-16,2026-03-16T23:30:00+00:00,BKN,POR,0,1.0,-164.19846737601597,-4.952192386731625,3.592104892760773,-2.358400000000003,-0.01962526735304726,-0.004063198790052569,-0.06066191905397669,0.028235055406076848,-0.2,-5.863966046204524,1,-1.0,0,0.3609986656326252,2026-03-16,0.3870524385055906,0.5654642618570475
401810841,2026,2026-03-16,2026-03-16T23:30:00+00:00,BOS,PHX,1,1.0,94.69029149877497,2.8581271639013153,-6.373233282542799,-2.374399999999966,-0.0004021613832972948,-0.003183924386947229,0.017863318237128,-0.013733994522095727,0.15999999999999992,-0.6939664326417114,-1,0.0,0,0.7148895103703852,2026-03-16,0.7453882126882606,0.5654642618570475
401810842,2026,2026-03-16,2026-03-17T00:00:00+00:00,CHI,MEM,1,1.0,44.91447889037158,-6.970796948514547,-2.9789138369518753,1.3287999999999869,-0.02452628098101106,0.015979537752665113,-0.014359748985925819,-0.018396200413825864,-0.03999999999999998,1.6462812542036884,0,0.0,0,0.6531056410059691,2026-03-16,0.5544221557290235,0.5654642618570475
401810843,2026,2026-03-16,2026-03-17T00:00:00+00:00,NO,DAL,1,1.0,17.36653348461391,5.0441015560180915,-4.099699783253783,-0.190400000000011,0.018077948676404332,-0.004467046594222368,0.020374062752008093,-0.0016865258229669666,0.24,9.063775707606805,2,-1.0,0,0.6163631413364385,2026-03-16,0.7388889745817588,0.5654642618570475
401810844,2026,2026-03-16,2026-03-17T01:30:00+00:00,HOU,LAL,0,1.0,-5.820603445702318,-3.415426135914288,-0.23291035197000554,-1.8768000000000455,-0.030129982057846005,0.020237976691142134,0.07872365118357638,-0.03273895670970381,-0.040000000000000036,-8.858856361980628,1,0.0,0,0.584351805216389,2026-03-16,0.4820836406960245,0.5654642618570475
401810845,2026,2026-03-16,2026-03-17T02:00:00+00:00,LAC,SA,0,1.0,-108.36923455359965,-3.041268205616518,2.9490190644478247,-2.365600000000015,-0.01546210657157654,0.006531086669066238,-0.014534819805844174,0.054993426392762834,-0.20000000000000007,-0.9173492222984234,0,0.0,0,0.43790881534619475,2026-03-16,0.41330464701579783,0.5654642618570475
401810846,2026,2026-03-17,2026-03-17T23:00:00+00:00,CHA,MIA,1,1.0,-11.237370491508273,1.0473235634431717,2.4211941109979307,-6.31359999999998,0.00431800243645164,0.01894146201650447,0.03212549252463037,-0.053152556264858875,0.040000000000000036,-6.353573656599806,0,0.0,0,0.5767589580894124,2026-03-17,0.4996346648981003,0.5654642618570475
401810847,2026,2026-03-17,2026-03-17T23:00:00+00:00,ORL,OKC,0,1.0,-167.31034650026163,-0.49928012769684926,0.58034560926761,1.6384000000000185,-0.002683850551171374,-0.002269110258561871,-0.015001035564504689,0.042636276919268606,-0.07999999999999996,1.3926841153462233,-1,1.0,0,0.35687679696896707,2026-03-17,0.33305150173190406,0.5654642618570475
401810848,2026,2026-03-17,2026-03-17T23:00:00+00:00,WSH,DET,0,1.0,-336.7338243164879,-6.135162423702667,10.76381039445532,2.9640000000000413,0.0006881396305826737,0.01868133806539754,-0.06665883254966232,-0.030591571261272266,-0.36,-11.381060923054825,-1,1.0,0,0.17304113215643732,2026-03-17,0.09848192654652035,0.5654642618570475
401810849,2026,2026-03-17,2026-03-17T23:30:00+00:00,NY,IND,1,1.0,290.04379380653927,4.260055242252207,-10.084449164708033,-2.872,0.0058620211513396026,-0.009173254045997309,0.05070432259262697,-0.00750936635623789,0.4,6.8547961564616156,0,0.0,0,0.8853192737533647,2026-03-17,0.8850355271371027,0.5654642618570475
401810850,2026,2026-03-17,2026-03-18T00:00:00+00:00,MIL,CLE,0,1.0,-151.39213758349274,-5.712200594034471,5.74725068590206,-0.6415999999999968,-0.005057309650475794,0.01384136872344044,-0.04783125814050082,-0.05743333332782513,-0.12,-9.276523894916357,0,0.0,0,0.37817230293207577,2026-03-17,0.25970696024305495,0.5654642618570475
401810851,2026,2026-03-17,2026-03-18T00:00:00+00:00,MIN,PHX,1,1.0,36.847835514053486,2.617871914277771,0.8555885188025059,3.4296000000000078,0.03260914675455073,0.021938970953491566,-0.017329857825559514,0.07636512304113913,0.07999999999999996,-9.698496275803134,1,-1.0,0,0.642511901467503,2026-03-17,0.6831229887528699,0.5654642618570475
401810852,2026,2026-03-17,2026-03-18T02:00:00+00:00,DEN,PHI,1,1.0,76.24525478440864,5.821215206313809,0.45957147931035536,1.3000000000000114,0.03724182900741302,0.0027319616540334435,-0.006469867352486697,0.045139153753032124,-0.03999999999999998,1.11077184858013,1,0.0,0,0.6927639647458673,2026-03-17,0.754039669252498,0.5654642618570475
401810853,2026,2026-03-17,2026-03-18T02:00:00+00:00,SAC,SA,0,1.0,-320.8195455490145,-8.451124583371083,7.825088420532381,-0.632000000000005,-0.054572229988568144,0.00614841371081877,0.013104075438420015,-0.019847531356631143,-0.4799999999999999,-2.0542923714732657,1,-1.0,0,0.18654536897958143,2026-03-17,0.1928261038700381,0.5654642618570475
401810854,2026,2026-03-18,2026-03-18T23:00:00+00:00,BOS,GS,1,1.0,167.7550752489608,2.657741014008934,-7.848405593128646,-4.855199999999982,-0.009578663018965261,-0.017605867185109425,0.017412657842987067,-0.0026246957849227204,0.31999999999999995,3.4080208724012393,0,0.0,0,0.792464601317825,2026-03-18,0.7896621904238375,0.5654642618570475
401810855,2026,2026-03-18,2026-03-18T23:30:00+00:00,BKN,OKC,0,1.0,-418.30592025001397,-6.475296576346622,9.0424388201304,-0.37359999999998195,-0.014425062001616196,0.034194968639348414,0.006689454725467503,0.02172282133895237,-0.48,-9.651813823252947,1,-1.0,0,0.1157003452365659,2026-03-18,0.14497959610369157,0.5654642618570475
401810856,2026,2026-03-18,2026-03-18T23:30:00+00:00,IND,POR,0,1.0,-171.39992259204018,-1.7891209065897584,6.589186158932762,0.037599999999955,6.425464688586402e-05,-0.028255587710486862,-0.09946524466182136,-0.00948139716731014,-0.32,-10.743478747657152,-1,1.0,0,0.35149204543188267,2026-03-18,0.2945322402805463,0.5654642618570475
401810857,2026,2026-03-18,2026-03-19T00:00:00+00:00,CHI,TOR,0,1.0,-104.02783548461048,-4.605557151768323,2.9033616164135623,4.238400000000041,0.00014063509779038696,0.027900181734298063,-0.010277248442182307,-0.03566180321963555,-0.2,-3.048004393445764,-1,0.0,0,0.4440694812937197,2026-03-18,0.3809010854321558,0.5654642618570475
401810859,2026,2026-03-18,2026-03-19T00:00:00+00:00,MIN,UTAH,1,1.0,261.4725730031553,3.183395350464508,0.30371082035475183,-0.8175999999999846,0.033083976596579245,0.003804368269876013,-0.011478381726689912,0.02884619406675515,0.27999999999999997,1.2717624192025099,-2,1.0,0,0.8675338281111994,2026-03-18,0.7391148839336951,0.5654642618570475
401810860,2026,2026-03-18,2026-03-19T00:00:00+00:00,NO,LAC,1,1.0,-141.4485410012328,-0.3910720166671666,-0.5232883705235167,2.7192000000000007,-0.008451695374035895,0.005939930494055112,0.02856668533551676,-0.01360940475274014,0.0,1.1763156723071067,0,0.0,0,0.39172353272340515,2026-03-18,0.407308148735685,0.5654642618570475
401810861,2026,2026-03-18,2026-03-19T00:30:00+00:00,DAL,ATL,0,1.0,-155.82033165161397,-6.0517694846996335,7.780189319285242,0.42960000000000775,-0.01859483510354598,0.011990435151962159,-0.028771504763081407,0.03845326781287883,-0.4,-10.983897630866934,0,0.0,0,0.3721968328095893,2026-03-18,0.29322496461839415,0.5654642618570475
401810862,2026,2026-03-18,2026-03-19T01:30:00+00:00,HOU,LAL,0,1.0,-29.194675654357752,-3.7486062297373337,0.8019955882014926,-2.293600000000012,-0.026713600033869023,0.02737981137180684,0.07824776934184091,-0.03212814698497002,-0.12,-10.215632391347633,0,0.0,0,0.5513463570202666,2026-03-18,0.45473439760740264,0.5654642618570475
401858693,2026,2026-03-18,2026-03-19T00:30:00+00:00,MEM,DEN,1,1.0,-220.32338607784072,-3.0493054026635917,4.293340688200544,-0.21600000000000819,-0.00499709035409357,0.006401398517497686,0.0014674088832336563,-0.05918326043436378,-0.16000000000000003,-13.086393167549382,1,-1.0,0,0.2902617200356785,2026-03-18,0.32124318211387926,0.5654642618570475
401810863,2026,2026-03-19,2026-03-19T23:00:00+00:00,CHA,ORL,1,1.0,-15.352698114566692,3.3756174798577234,0.4327978413391804,-3.847200000000001,0.005557722184975966,0.016321866236307284,0.07783172050775217,-0.06180652017563515,0.040000000000000036,1.3563382511093394,0,0.0,0,0.5709658407034711,2026-03-19,0.5700523372769153,0.5654642618570475
401810864,2026,2026-03-19,2026-03-19T23:00:00+00:00,WSH,DET,0,1.0,-343.65546960274537,-6.088605906701247,9.849673847681757,2.9696,0.002795654946008752,0.014593433417343121,-0.08316591496175121,-0.02924928429423887,-0.4,-13.177581740155496,0,0.0,0,0.16741356891597414,2026-03-19,0.14026390819181536,0.5654642618570475
401810865,2026,2026-03-19,2026-03-20T00:00:00+00:00,MIA,LAL,0,1.0,-82.81255816969951,-1.0028462846057806,-3.184607734751822,4.149600000000007,-0.03648619576534007,-0.009595044276935236,0.046795288753787634,0.012311071638896554,-0.08000000000000007,-4.0910976550984905,1,-1.0,0,0.4743881043335027,2026-03-19,0.5872093557877974,0.5654642618570475
401810866,2026,2026-03-19,2026-03-20T00:00:00+00:00,CHI,CLE,0,1.0,-196.99258190970704,-10.098656751901828,3.6815338223034786,3.7752000000000123,-0.035193220160751326,0.023551661628225362,-0.023471487347436593,-0.02867998222178253,-0.36,-5.865852917688894,-1,1.0,0,0.31868743645716435,2026-03-19,0.1884865558284385,0.5654642618570475
401810867,2026,2026-03-19,2026-03-20T00:00:00+00:00,NO,LAC,1,1.0,-117.11748231016895,0.48823753237537915,0.050956933686734374,2.4679999999999893,-0.0013576548763808427,0.007159907882704902,0.023288018880021022,-0.01095978529589181,0.0,5.285005034795011,0,0.0,0,0.4255544654438429,2026-03-19,0.44620366362147956,0.5654642618570475
401810868,2026,2026-03-19,2026-03-20T00:00:00+00:00,SA,PHX,1,1.0,154.24377631019638,7.751912547903714,-5.418649052955772,4.542400000000001,0.04861134602088524,-8.376637609174009e-05,-0.01812309075853069,0.04102807061580649,0.35999999999999993,4.643923598672506,0,0.0,0,0.7793820049603131,2026-03-19,0.8172348056903045,0.5654642618570475
401810869,2026,2026-03-19,2026-03-20T01:00:00+00:00,UTAH,MIL,1,1.0,-119.09760085637322,-0.8463107566945638,-2.501068656784426,3.719999999999999,-0.03369017014814235,0.002334941285282499,0.05792661319008571,0.05668610939294752,-0.16000000000000003,-1.9633760184417453,-1,1.0,0,0.42277041032392154,2026-03-19,0.41616399852084596,0.5654642618570475
401810870,2026,2026-03-19,2026-03-20T02:00:00+00:00,SAC,PHI,0,1.0,-131.56692191887396,0.4196367279711666,3.2953480114642844,0.1728000000000094,-0.0011718728513788745,-0.00461893634012589,0.01926723939278016,-0.03799781329823251,-0.12,0.7967787481552193,0,0.0,0,0.4053577375715946,2026-03-19,0.4156318665412072,0.5654642618570475
401810871,2026,2026-03-20,2026-03-20T23:30:00+00:00,BKN,NY,0,1.0,-304.1835211704167,-8.775127545765315,7.9319428380350985,0.30160000000002185,-0.03051386119575994,0.030706695406187562,-0.025164541892246123,0.04919705764708837,-0.36,-15.395350893823176,-1,0.0,0,0.20151521498927577,2026-03-20,0.13417264068702273,0.5654642618570475
401810872,2026,2026-03-20,2026-03-20T23:30:00+00:00,DET,GS,1,1.0,155.607148706805,4.477854834727893,-6.507630740013383,0.36400000000001853,0.001921729127362659,-0.010329542716769669,0.041076721201987354,0.07061754498678108,0.27999999999999997,9.150514750157285,-1,1.0,0,0.7807285102558607,2026-03-20,0.7493951170732828,0.5654642618570475
401810873,2026,2026-03-20,2026-03-21T00:00:00+00:00,HOU,ATL,1,1.0,12.106064275205881,-3.3270822226552212,2.8515066344209146,-4.319199999999981,0.000925908721755353,0.03277668165350511,0.028032999281562,-0.010284592130088949,-0.16000000000000003,-10.81164841286603,0,0.0,0,0.6091779741394887,2026-03-20,0.5095451415283029,0.5654642618570475
401810874,2026,2026-03-20,2026-03-21T00:00:00+00:00,MEM,BOS,0,1.0,-277.45976739136086,-2.526921890839702,8.992241111036222,7.2775999999999925,0.012326773231629229,0.010200108460987622,-0.04559029396688152,0.05148820614289015,-0.39999999999999997,-8.027277258301993,0,0.0,0,0.22740599734415973,2026-03-20,0.2359263003787935,0.5654642618570475
401810875,2026,2026-03-20,2026-03-21T00:00:00+00:00,MIN,POR,0,1.0,89.53092327543322,2.1149077639838225,2.0025063533504124,-0.5447999999999809,0.019600424018495044,-0.01777854496087855,-0.05227765047975724,0.03969290579298701,0.039999999999999925,-1.1753684897898977,0,0.0,0,0.7087976094156626,2026-03-20,0.6771621828200891,0.5654642618570475
401810876,2026,2026-03-20,2026-03-21T01:00:00+00:00,DEN,TOR,1,1.0,34.429142117936635,3.1803110883308108,1.6008389569645374,3.2608000000000175,0.01615811857237215,0.0039974129197969666,0.00028366900103179993,0.037400984316740715,-0.03999999999999998,3.8448660082803126,0,0.0,0,0.6393075891543785,2026-03-20,0.6511187693715706,0.5654642618570475
401810877,2026,2026-03-21,2026-03-21T21:00:00+00:00,WSH,OKC,0,1.0,-452.62360568305667,-3.097166270163271,12.737461797767125,2.744799999999998,0.006113713838736268,0.02070100532704261,-0.015188510929100257,-0.00912982045131136,-0.52,-10.899230482928697,-1,0.0,0,0.09697116313824725,2026-03-21,0.10291042177502971,0.5654642618570475
401810878,2026,2026-03-21,2026-03-21T23:00:00+00:00,CHA,MEM,1,1.0,173.1586979600861,4.13095949388304,-7.8582059154858115,-4.424000000000007,0.0008576133763644744,0.008365441515607391,0.06706647198068133,-0.020364044668472664,0.4,8.985894986441622,1,-1.0,0,0.7975338665357063,2026-03-21,0.8331910661940217,0.5654642618570475
401810879,2026,2026-03-21,2026-03-21T23:00:00+00:00,ORL,LAL,0,1.0,-79.83603414281811,-2.770884408282214,-3.453585712851819,2.0976,-0.031890296796169504,-0.003210356611394252,0.005042910260185135,0.0123817310998659,-0.040000000000000036,-6.454697844164746,0,0.0,0,0.47866219828167816,2026-03-21,0.4820570613655282,0.5654642618570475
401810880,2026,2026-03-21,2026-03-21T23:00:00+00:00,NO,CLE,0,1.0,-172.18266150213458,-2.777946523214922,0.7033187891918544,2.1440000000000197,-0.013842556340599277,0.011558193368309738,-0.004852874575722643,0.01146467954211361,-0.08000000000000007,1.8325494874666788,0,0.0,0,0.3504656559695343,2026-03-21,0.3449238801161317,0.5654642618570475
401810881,2026,2026-03-21,2026-03-22T00:00:00+00:00,ATL,GS,1,1.0,68.96130068424145,4.039975878041517,-5.601322874381424,2.944000000000017,0.004702986767913808,-0.019267841524373358,-0.003960618420387807,0.05058847049402124,0.32,7.772794434554747,0,0.0,0,0.6837681465188948,2026-03-21,0.7099946831398366,0.5654642618570475
401810882,2026,2026-03-21,2026-03-22T00:00:00+00:00,HOU,MIA,1,1.0,48.86823083841114,-3.5281616950827015,1.5290080434498066,-5.119199999999992,0.008474062583633146,0.04031154791035993,0.028171227946287902,-0.04338257250570257,-0.039999999999999925,-1.4000367255011978,-1,1.0,0,0.6582439046448333,2026-03-21,0.4655503606470142,0.5654642618570475
401810883,2026,2026-03-21,2026-03-22T00:00:00+00:00,SA,IND,1,1.0,379.8499810026094,8.941689570758555,-10.212669640540511,-0.5703999999999922,0.02771805632181845,-0.016554624256121975,0.04153371863649935,0.018163339797755057,0.6399999999999999,11.235909036928195,-1,0.0,0,0.9282932192203152,2026-03-21,0.9243158419429095,0.5654642618570475
401810884,2026,2026-03-21,2026-03-22T00:30:00+00:00,DAL,LAC,0,1.0,-157.95004545192546,-6.383846168209075,5.349472720333708,3.3408000000000015,-0.027896857285909626,0.014133102837587896,0.0023925836501781095,-0.026163566228293578,-0.28,-2.1047529519195476,1,0.0,0,0.3693366897314635,2026-03-21,0.2848302549108745,0.5654642618570475
401810885,2026,2026-03-21,2026-03-22T01:30:00+00:00,UTAH,PHI,0,1.0,-167.06643786436098,2.326947289506194,0.4442453966470623,0.3503999999999934,0.0157700593803064,0.010993423966244448,0.029782526592425834,-0.01654180176149167,-0.12,-1.6930599904379264,0,0.0,0,0.35719911349654226,2026-03-21,0.4554564995722165,0.5654642618570475
401810886,2026,2026-03-21,2026-03-22T02:00:00+00:00,PHX,MIL,0,1.0,101.00916802193251,1.4302036624146695,-3.6035607912551484,-1.2480000000000189,-0.026393679495416822,-0.021135683643314154,0.060523957568314524,-0.004694167577924374,0.040000000000000036,4.491171114589335,0,0.0,0,0.7222451208889241,2026-03-21,0.726701710443457,0.5654642618570475
401810887,2026,2026-03-22,2026-03-22T21:00:00+00:00,DEN,POR,1,1.0,60.64140492706315,5.094681545112863,1.8824661723391358,1.0360000000000014,0.023103891050821446,-0.03091935973631954,-0.06762362472490102,0.05200744907197191,-0.07999999999999996,-0.463602786978929,0,0.0,0,0.6733223016720807,2026-03-22,0.7294852861645649,0.5654642618570475
401810888,2026,2026-03-22,2026-03-22T22:00:00+00:00,SAC,BKN,1,1.0,45.60206774734593,4.12659858095769,2.3041732456469646,2.1839999999999833,-0.00011405968045141712,-0.03303476594564966,0.02627641474851386,-0.03481737618478897,0.08000000000000002,2.3491706077342025,1,0.0,0,0.6540018339670577,2026-03-22,0.6318063693907527,0.5654642618570475
401810889,2026,2026-03-22,2026-03-22T23:30:00+00:00,NY,WSH,1,1.0,339.8429203565472,4.738858696657431,-12.021174033606684,-4.346400000000017,0.0037674700404939365,-0.01369411384029301,0.05061519095225328,0.0029893863059388126,0.44,13.210895926545412,1,-1.0,0,0.9113687578705625,2026-03-22,0.937608447895184,0.5654642618570475
401810890,2026,2026-03-22,2026-03-23T00:00:00+00:00,BOS,MIN,0,1.0,82.32257027032006,1.7835697331960176,-4.800185706860603,-5.558400000000006,-0.022520831571716027,-0.017727286668587472,0.038801261610556304,-0.07516728320236304,0.12,0.616165674610075,0,0.0,0,0.7001593710548656,2026-03-22,0.7026249447146645,0.5654642618570475
401810891,2026,2026-03-22,2026-03-23T01:00:00+00:00,PHX,TOR,1,1.0,-9.083540499882929,-3.4122934229793174,1.6521536953847686,-2.718400000000017,-0.024214198103119755,-0.0004683125078251832,0.030253669028671604,-0.06331011876154946,-0.08000000000000002,-6.08862851150586,-1,1.0,0,0.579782601452697,2026-03-22,0.40357346247633363,0.5654642618570475
401810892,2026,2026-03-23,2026-03-23T23:30:00+00:00,ATL,MEM,1,1.0,180.90122677026307,3.074599518729869,-7.610586746912205,-0.2231999999999914,0.00012661664249691285,-0.007419831353232598,0.0350551331566733,-0.003002395826401938,0.43999999999999995,10.404492562197287,0,0.0,0,0.8046353290362873,2026-03-23,0.7793192094821326,0.5654642618570475
401810893,2026,2026-03-23,2026-03-23T23:00:00+00:00,DET,LAL,1,1.0,5.184666832441053,-0.5380478131538524,-4.43745005396886,0.4695999999999714,-0.02604843342299934,0.00651167322947499,0.07683370022680466,-0.006355432979475217,0.0,2.5006805359468727,1,0.0,0,0.5996520242323946,2026-03-23,0.6180342447359006,0.5654642618570475
401810894,2026,2026-03-23,2026-03-23T23:00:00+00:00,ORL,IND,0,1.0,219.7920598343801,3.0138419855678222,-10.453398454772639,-0.3024000000000058,-0.008804242420864195,-0.010143858798928748,0.024039860963322918,0.059618200083484896,0.39999999999999997,3.863575755672889,0,0.0,0,0.8374525816781833,2026-03-23,0.8378576002173732,0.5654642618570475
401810895,2026,2026-03-23,2026-03-23T23:00:00+00:00,PHI,OKC,0,1.0,-228.37638018301254,-2.512694712578309,6.973262000711188,1.4992000000000303,-0.019827412650951115,0.002814728258401844,0.011089295073354766,0.02989533168335906,-0.24,-5.250418887085787,0,0.0,0,0.2808054056867768,2026-03-23,0.2464784331316512,0.5654642618570475
401810896,2026,2026-03-23,2026-03-23T23:00:00+00:00,MIA,SA,0,1.0,-182.140118541108,-3.729867634839138,1.9316936061790528,1.630399999999966,-0.03454395387773013,5.300355601198237e-05,0.015350532392587213,0.031429751261902505,-0.2799999999999999,-9.5006543868157,0,0.0,0,0.33753182275202714,2026-03-23,0.3424249692277894,0.5654642618570475
401810897,2026,2026-03-23,2026-03-24T00:00:00+00:00,CHI,HOU,1,1.0,-171.21286500537258,-4.77625822267261,3.1711966154116595,5.272800000000032,-0.012331163579167637,-0.006675159464534591,-0.06303847685067368,-0.0020059475834617035,-0.31999999999999995,-3.849011269096212,2,0.0,0,0.35173753398446667,2026-03-23,0.3630485277650401,0.5654642618570475
401810898,2026,2026-03-23,2026-03-24T01:00:00+00:00,UTAH,TOR,0,1.0,-190.39585767235212,-2.2302093938231167,3.0855462046530704,2.890400000000014,-0.016913228467513086,0.013926339081243078,0.030487190637081107,-0.012800308441653474,-0.2,-4.045149932710021,1,-1.0,0,0.32698868344434656,2026-03-23,0.3880597972157707,0.5654642618570475
401810899,2026,2026-03-23,2026-03-24T01:30:00+00:00,DAL,GS,0,1.0,-94.99256048755274,-1.5785848999557146,2.834673120587553,2.387200000000007,-0.013688455788499643,-0.0045086663259777116,-0.023681957427988815,0.08361250884769533,-0.08000000000000002,-1.4458977909518511,0,0.0,0,0.4569441348874104,2026-03-23,0.41927578671003946,0.5654642618570475
401810900,2026,2026-03-23,2026-03-24T02:00:00+00:00,POR,BKN,1,1.0,206.5749276568888,4.961541944135604,-4.608708230450915,2.427199999999999,0.015573867351373671,0.0023706877375841706,0.07446736527774783,-0.017274950219648366,0.32000000000000006,6.8591302870695525,0,0.0,0,0.826827939524512,2026-03-23,0.8068837349502883,0.5654642618570475
401810901,2026,2026-03-23,2026-03-24T02:30:00+00:00,LAC,MIL,1,1.0,99.33620102607938,5.392359288927494,-4.9122406770391365,0.9047999999999945,0.0002636161780562585,-0.0236085262772201,0.025434434263472278,0.07901313289101144,0.12000000000000005,1.9603114162924986,0,0.0,0,0.7203090710263237,2026-03-23,0.7855050268795283,0.5654642618570475
401810902,2026,2026-03-24,2026-03-24T23:00:00+00:00,CHA,SAC,1,1.0,187.8200897481554,6.732740264648314,-8.897175497415688,-3.0752000000000095,0.031519637411989265,0.017093371955871628,0.03464195142268078,-0.010305326494865708,0.28,9.476753099152383,1,0.0,0,0.8108203506781999,2026-03-24,0.863653453797086,0.5654642618570475
401810903,2026,2026-03-24,2026-03-24T23:30:00+00:00,NY,NO,1,1.0,186.44608043660833,0.6459576617678948,-5.281712742728317,-2.5112000000000165,0.003468918983802527,-0.0051232088254456465,0.013803212304936419,-0.05178139990131034,0.08000000000000007,4.068274721654685,-1,0.0,0,0.809604133453402,2026-03-24,0.8047341448640487,0.5654642618570475
401810904,2026,2026-03-24,2026-03-25T00:00:00+00:00,CLE,ORL,1,1.0,105.61012762650171,3.567550439479021,1.32824098575567,-1.920800000000014,0.02343523117832713,0.0011685504667677815,0.029842085467894547,0.0025940277497021325,0.12,7.723904116770299,2,-1.0,0,0.727526852581767,2026-03-24,0.7570508449445427,0.5654642618570475
401810905,2026,2026-03-24,2026-03-25T03:00:00+00:00,PHX,DEN,0,1.0,-56.06958504725708,-5.66019455834234,0.32358744157008346,-5.188000000000017,-0.04298556669171871,-0.006586915170992302,0.047936967482688275,-0.09024427114744785,-0.08000000000000002,-4.261410366929371,0,0.0,0,0.5128490706089704,2026-03-24,0.40747781089786805,0.5654642618570475
401810906,2026,2026-03-25,2026-03-25T23:00:00+00:00,DET,ATL,0,1.0,93.19173663878473,-0.5612050306116458,0.23914001391416662,-1.8616000000000383,-0.012222651414206642,0.0002899043383277622,0.030867566609396546,0.020905544203190574,-0.039999999999999925,-1.5932903955339262,0,0.0,0,0.713128006617732,2026-03-25,0.6581065719379718,0.5654642618570475
401810907,2026,2026-03-25,2026-03-25T23:00:00+00:00,IND,LAL,0,1.0,-294.0185707595497,-5.538367053595849,7.78275153006372,2.726399999999998,-0.01682715057179296,0.012275664705198391,-0.02336812866434443,-0.048934308225544704,-0.44000000000000006,-8.202793669434287,0,0.0,0,0.21109512844410727,2026-03-25,0.19342625592716478,0.5654642618570475
401810908,2026,2026-03-25,2026-03-25T23:00:00+00:00,PHI,CHI,1,1.0,84.92335457546824,1.2241826413553127,0.40201414614138287,-1.4207999999999998,-0.02063800010272432,-0.02314074346033243,0.011248984697281444,0.023916448354933006,0.16000000000000003,0.05040586215769016,0,0.0,0,0.7032929442908331,2026-03-25,0.6185222957824887,0.5654642618570475
401810909,2026,2026-03-25,2026-03-25T23:30:00+00:00,BOS,OKC,1,1.0,-98.83284968494422,0.2913144861351924,1.3569548496320323,-4.146399999999986,-0.01497253195799697,-0.0009314464325058669,0.043237867201948804,-0.03029500310181396,-0.12,-5.034782613879761,1,0.0,0,0.4514639349447341,2026-03-25,0.46495983098211363,0.5654642618570475
401810910,2026,2026-03-25,2026-03-25T23:30:00+00:00,CLE,MIA,0,1.0,120.27510153803473,2.8979245827983533,1.9088478132078706,-3.9816000000000145,0.026444859216348204,0.005141046502721264,-0.004745171809776516,0.013382898286450118,0.12,7.5992214503055,-1,1.0,0,0.7439363087675367,2026-03-25,0.6266606308436838,0.5654642618570475
401810911,2026,2026-03-25,2026-03-26T00:00:00+00:00,MEM,SA,0,1.0,-339.4102306801756,-7.615112371327058,8.692722248076166,1.3288000000000153,-0.02796434881609766,0.017916148495861123,-0.02023284416627491,-7.604417002582409e-05,-0.5599999999999999,-15.384167793207936,0,0.0,0,0.1708475683833055,2026-03-25,0.15268293875295663,0.5654642618570475
401810912,2026,2026-03-25,2026-03-26T01:00:00+00:00,UTAH,WSH,0,1.0,42.00452079505317,2.3785486484274827,-5.311202330920835,-0.4024000000000143,-0.012726167593481219,-0.003825102697139815,0.046041206976629306,0.044490879078875833,0.12,6.520404230958835,-1,0.0,0,0.6493008729912731,2026-03-25,0.6909788586550903,0.5654642618570475
401810913,2026,2026-03-25,2026-03-26T01:42:00+00:00,MIN,HOU,1,1.0,26.100539508130623,-0.3649792576803321,-0.4094955207916229,2.7143999999999835,0.002884077535020735,-0.010696781188048815,-0.04547989105833966,0.05284679679392959,0.039999999999999925,3.8618897959117247,1,0.0,0,0.6281799946715146,2026-03-25,0.6085661832240061,0.5654642618570475
401810914,2026,2026-03-25,2026-03-26T02:00:00+00:00,DEN,DAL,1,1.0,229.3764723296108,7.909194915729174,-4.598720913232356,-0.316799999999958,0.03454809521853086,-0.014065573275638649,-0.01094553651890287,0.01057708554699166,0.28,7.7423529734690675,-1,1.0,0,0.844823846258257,2026-03-25,0.828853734593666,0.5654642618570475
401810915,2026,2026-03-25,2026-03-26T02:00:00+00:00,GS,BKN,1,1.0,177.89771669219613,6.009789271401161,-1.756005244096798,1.646400000000014,0.023987568371229062,-0.013512764186719733,0.05400502511446004,-0.0646056863491472,0.16000000000000003,4.737522788963769,0,0.0,0,0.801903128790781,2026-03-25,0.8059954067287117,0.5654642618570475
401810916,2026,2026-03-25,2026-03-26T02:00:00+00:00,POR,MIL,1,1.0,71.94204313338196,0.7075409406278226,-7.283828566518423,3.583199999999991,-0.018079926690393044,0.013621155469362906,0.08402282520545437,0.051272794002318295,0.12000000000000005,10.550725879616845,0,0.0,0,0.6874665709364918,2026-03-25,0.7178851227545103,0.5654642618570475
401810917,2026,2026-03-25,2026-03-26T02:30:00+00:00,LAC,TOR,1,1.0,25.591690221353247,1.3937136167450603,0.20629930351547898,-0.21119999999996253,0.0027919530229089107,-0.0037848088232421417,-0.002207995514501654,0.025951026303832447,0.040000000000000036,-1.0161681311109902,0,0.0,0,0.6274955718181474,2026-03-25,0.606616933899418,0.5654642618570475
401810918,2026,2026-03-26,2026-03-26T23:00:00+00:00,CHA,NY,1,1.0,-73.69895814091251,1.7739342931216981,0.5637318731632206,-0.8719999999999999,0.0032783377272662673,0.008885858162825916,0.025723889854934567,-0.011163094577599314,0.0,3.228873873928837,0,0.0,0,0.4874838081956,2026-03-26,0.5045984783795491,0.5654642618570475
401810919,2026,2026-03-26,2026-03-26T23:00:00+00:00,DET,NO,1,1.0,199.05971736843367,0.14814962858332592,-2.8011491411548946,-0.27760000000000673,-0.013954880422439753,-0.008012679750784402,0.04554407139171529,-0.015150871801731414,0.040000000000000036,2.2745737612704975,-1,1.0,0,0.8205458317700566,2026-03-26,0.7261539994422268,0.5654642618570475
401810920,2026,2026-03-26,2026-03-26T23:00:00+00:00,ORL,SAC,1,1.0,153.97393326044903,4.7545434000364395,-7.122622831353851,-0.3072000000000088,0.016975208240161632,-0.004191086413911929,-0.02933945305565508,0.05141872846627954,0.12,5.20353496840538,0,0.0,0,0.7791147986757224,2026-03-26,0.8413087645607847,0.5654642618570475
401810921,2026,2026-03-27,2026-03-27T23:00:00+00:00,IND,LAC,0,1.0,-231.5043140067737,-5.657761730821775,8.16863898795522,2.917599999999993,-0.010851991585222542,0.012491707653320416,-0.025338008442244903,-0.05949337087000425,-0.36,-9.911172820345358,0,0.0,0,0.2771834531648189,2026-03-27,0.21744938049466625,0.5654642618570475
401810922,2026,2026-03-27,2026-03-27T23:30:00+00:00,BOS,ATL,1,1.0,88.5017835125293,-0.9802572963251635,-0.13175691846889492,-6.328000000000017,-0.015182642539909863,-0.00543585682331138,0.004684024733564995,-0.032239684008971675,-0.039999999999999925,-1.0900372880266902,0,0.0,0,0.7075733216731483,2026-03-27,0.6529093546416229,0.5654642618570475
401810923,2026,2026-03-27,2026-03-27T23:30:00+00:00,CLE,MIA,1,1.0,90.51764918733329,1.1595699073084376,1.8803070109486697,-4.338400000000007,0.017859401464223823,0.006785167384386115,-0.004198078452193388,0.008396526633411727,0.040000000000000036,4.712794821422632,0,0.0,0,0.7099686002196023,2026-03-27,0.6569316421058509,0.5654642618570475
401810924,2026,2026-03-27,2026-03-28T00:00:00+00:00,MEM,HOU,0,1.0,-196.07325227743036,-1.494515335774551,5.7935582305294275,3.2927999999999713,-0.009656736340462713,-0.02254316179525176,-0.06999534244250333,0.014514061507137216,-0.24,-8.899524526996702,0,0.0,0,0.31983758569731086,2026-03-27,0.3191334766103835,0.5654642618570475
401810925,2026,2026-03-27,2026-03-28T00:00:00+00:00,OKC,CHI,1,1.0,319.4953707990296,4.85255308167298,-7.553040679465084,-4.030400000000014,0.005212354105603834,-0.02656809595955191,0.0016978800194044352,-0.0028024674093621305,0.48000000000000004,8.11785181184753,0,0.0,0,0.9014404698086973,2026-03-27,0.878601906289144,0.5654642618570475
401810926,2026,2026-03-27,2026-03-28T00:30:00+00:00,TOR,NO,1,1.0,88.48474833195633,-0.31027536819193813,0.22445171499639116,-2.211199999999991,0.0029223292371632903,-0.0118895436756883,-0.025345413658798055,-0.019856852032546002,-0.040000000000000036,-0.47496018723184497,1,-1.0,0,0.7075530308474722,2026-03-27,0.7378204753560348,0.5654642618570475
401810927,2026,2026-03-27,2026-03-28T01:00:00+00:00,DEN,UTAH,1,1.0,287.0768937773448,6.55405323827803,-2.351881708228788,-0.1431999999999931,0.040994748794904945,-0.011409068248468907,-0.038882556621110564,0.026258080834301367,0.27999999999999997,6.955629770068415,0,0.0,0,0.88357383026448,2026-03-27,0.8727151082069836,0.5654642618570475
401810928,2026,2026-03-27,2026-03-28T02:00:00+00:00,GS,WSH,1,1.0,187.86164755553477,1.1685763095905486,-4.394568014177253,-2.0975999999999715,-0.007015425096696837,0.004519526397816942,0.0563411439198159,-0.007598181529891279,0.16,2.382004021669041,0,0.0,0,0.810857042990926,2026-03-27,0.7748089027491893,0.5654642618570475
401810929,2026,2026-03-27,2026-03-28T02:00:00+00:00,POR,DAL,0,1.0,158.2286109228662,0.9773465824791856,-8.069488018548682,-0.7599999999999625,0.00693830586304145,0.02301850474176867,0.05739905351519878,-0.00863226496988384,0.28,10.756796772286329,0,0.0,0,0.7833009036614392,2026-03-27,0.7740118397542876,0.5654642618570475
401810930,2026,2026-03-27,2026-03-28T02:30:00+00:00,LAL,BKN,1,1.0,334.45369300591415,12.560128394490434,-4.67547467184238,0.15759999999997376,0.05327375402862278,-0.03846797147331098,0.014431522085332077,0.018959211629671457,0.52,8.842002356377986,0,0.0,0,0.9088306740274147,2026-03-27,0.9195805005992732,0.5654642618570475
401810931,2026,2026-03-28,2026-03-28T19:00:00+00:00,MIL,SA,0,1.0,-273.07897231498214,-9.523673379014525,10.195454260564716,-2.3111999999999995,-0.01665078421092936,0.026174405043139712,-0.042776834867895214,-0.039520775320949664,-0.43999999999999995,-19.213379708581773,0,0.0,0,0.23186702035269785,2026-03-28,0.1432791152091006,0.5654642618570475
401810932,2026,2026-03-28,2026-03-28T22:00:00+00:00,CHA,PHI,0,1.0,53.53072319922171,7.568014694171481,-5.600485355745803,-4.76400000000001,0.03829563509114142,0.016017393649405742,0.055993593683428294,-0.02536804027598505,0.16000000000000003,12.503964794558351,-1,0.0,0,0.6642557855021186,2026-03-28,0.7784389126570607,0.5654642618570475
401810933,2026,2026-03-28,2026-03-28T23:30:00+00:00,ATL,SAC,1,1.0,207.98659021777394,5.502402726284444,-10.550869585422788,1.3488000000000113,0.023522641553087253,0.0033358284732369625,0.015827807575615027,0.01984450116264691,0.31999999999999995,11.620868386987373,-1,1.0,0,0.8279883864457342,2026-03-28,0.8372149005312708,0.5654642618570475
401810934,2026,2026-03-28,2026-03-29T00:00:00+00:00,MEM,CHI,1,1.0,-56.71870601518572,2.4757873769636234,3.73935530830866,-2.216000000000008,-0.001129919790014533,-0.010532221829350347,0.006424901766976854,0.002433990158332844,-0.03999999999999998,-4.10603604114354,0,0.0,0,0.5119154836205327,2026-03-28,0.4940761648896746,0.5654642618570475
401810935,2026,2026-03-28,2026-03-28T21:30:00+00:00,MIN,DET,0,1.0,-37.60443284880648,-3.4834733026609257,1.3850275793127054,0.3392000000000337,0.01106402862110134,0.01964473240969583,-0.049420655528694735,0.011927297179069651,0.0,-0.5775220855362466,1,0.0,0,0.5393438846254935,2026-03-28,0.45963955753554847,0.5654642618570475
401810936,2026,2026-03-28,2026-03-29T02:00:00+00:00,PHX,UTAH,1,1.0,209.7183462256046,0.6577300345659296,-3.009555735850526,-5.358400000000003,-0.006662769751168751,-0.017796254223332086,0.019336544827854962,-0.05148854649811199,0.2,2.3156904668966134,3,-1.0,0,0.8294035386668529,2026-03-28,0.8228449024037666,0.5654642618570475
401810937,2026,2026-03-29,2026-03-29T19:30:00+00:00,MIL,LAC,0,1.0,-134.40560480028398,-8.70435932298858,7.608589279515044,-0.975200000000001,-0.013097573159698506,0.028489198917322794,-0.023647124713979117,-0.08183666994845104,-0.23999999999999994,-18.734715731221076,-1,1.0,0,0.4014250808638743,2026-03-29,0.1774241142932376,0.5654642618570475
401810938,2026,2026-03-29,2026-03-29T21:00:00+00:00,IND,MIA,1,1.0,-195.9221154160059,-4.561856671671222,7.1204735739009095,-1.265599999999992,0.011753330080621738,0.018455293123398248,-0.04510171361048043,-0.059152757619324675,-0.36000000000000004,0.4913026315879434,0,0.0,0,0.32002687944743624,2026-03-29,0.29700793104207485,0.5654642618570475
401810939,2026,2026-03-29,2026-03-29T22:00:00+00:00,BKN,SAC,1,1.0,-57.04923025780249,-5.299136688863271,-2.3579134078445634,-1.3824000000000183,-0.009732122312298364,0.032946437999070766,-0.039975714513254684,0.03404628818555325,-0.2,1.7873793929337074,1,-1.0,0,0.5114400805008205,2026-03-29,0.5904693210643004,0.5654642618570475
401810940,2026,2026-03-29,2026-03-29T22:00:00+00:00,CHA,BOS,0,1.0,-111.41525298981901,3.0660689711607176,0.6720015904497814,1.6784000000000106,0.01944766704882439,0.010730164076171417,0.023010185046982157,0.011782531070381741,-0.039999999999999925,5.970879164229221,-1,1.0,0,0.43359764679710117,2026-03-29,0.43574330829036684,0.5654642618570475
401810941,2026,2026-03-29,2026-03-29T22:00:00+00:00,TOR,ORL,1,1.0,7.377285826940806,-1.4271805188167832,0.46098308190592263,-1.476799999999983,0.0055053433883064384,0.00030850378634657283,0.0021947957214802083,-0.02861401029889349,-0.040000000000000036,-0.5915490426409438,-1,0.0,0,0.6026782696730425,2026-03-29,0.5654601106193177,0.5654642618570475
401810942,2026,2026-03-29,2026-03-29T22:00:00+00:00,POR,WSH,1,1.0,213.87131316328555,-0.2498558161711344,-10.277273838102772,-1.3327999999999633,-0.018727801148461176,0.01697771304756196,0.08319123587579219,0.05583848733379598,0.32000000000000006,10.136159188007948,0,0.0,0,0.8327595463199807,2026-03-29,0.8099369864913913,0.5654642618570475
401810943,2026,2026-03-29,2026-03-29T23:00:00+00:00,NO,HOU,0,1.0,-139.9058026245516,0.6627177596007954,1.184845366891551,2.256799999999984,-0.007660670810411663,-0.018812286014005614,-0.03516459357478585,0.04769968981905798,-0.040000000000000036,-6.121542906847708,0,0.0,0,0.39384161881010166,2026-03-29,0.4224824036153237,0.5654642618570475
401810944,2026,2026-03-29,2026-03-29T23:30:00+00:00,OKC,NY,1,1.0,117.94589093106242,-2.5476342012513697,-1.6748785586591453,2.490399999999994,-0.01296120775216536,-0.011846959378094851,-0.043944803964549944,0.012399817650254774,0.12,2.189077685860032,-1,0.0,0,0.7413738052996648,2026-03-29,0.6463825440616943,0.5654642618570475
401810945,2026,2026-03-29,2026-03-30T02:00:00+00:00,DEN,GS,1,1.0,113.7933963517412,6.115415327439564,-2.0204322317885612,1.543999999999997,0.026571829309628314,-0.018625746073547084,-0.05353491880426034,0.06767236886902622,0.19999999999999996,5.251376116725024,0,0.0,0,0.7367641682092918,2026-03-29,0.7672590914977345,0.5654642618570475
401810946,2026,2026-03-30,2026-03-30T23:00:00+00:00,MIA,PHI,1,1.0,-19.705471053599013,3.7611488957404475,0.07386758070343546,1.0183999999999997,0.0110782759699396,-0.007668578427894104,0.01120986668330956,0.01772191621216085,0.0,-7.291721001428757,-1,1.0,0,0.5648172741314667,2026-03-30,0.5322813882851279,0.5654642618570475
401810947,2026,2026-03-30,2026-03-30T23:30:00+00:00,ATL,BOS,1,1.0,-105.43057131046021,0.47786817395196124,-0.4124716599014846,5.945600000000013,0.010345784806981673,0.003116587885637498,-0.0003607367291875163,0.024156392187675346,0.040000000000000036,2.6177005777978364,1,-1.0,0,0.4420769526382846,2026-03-30,0.5422367764391428,0.5654642618570475
401810948,2026,2026-03-30,2026-03-31T00:00:00+00:00,MEM,PHX,0,1.0,-155.32336861943168,-2.061943392761634,4.715945438648944,5.105599999999981,0.007034579467222413,0.01742482587180348,-0.04797918729658668,0.022593128205168095,-0.2,-13.49379369190428,0,0.0,0,0.3728655376596961,2026-03-30,0.34075317234330427,0.5654642618570475
401810949,2026,2026-03-30,2026-03-31T00:00:00+00:00,SA,CHI,1,1.0,310.3212098489116,10.495217886272272,-6.1090705510037395,-3.8440000000000083,0.030677960190976017,-0.02865038454930527,0.027147833688385692,-0.0048531920399753625,0.52,12.797795016479729,0,0.0,0,0.8966479841531138,2026-03-30,0.9018249750697883,0.5654642618570475
401810950,2026,2026-03-30,2026-03-31T00:30:00+00:00,DAL,MIN,0,1.0,-211.2137657593796,-1.8604300970229275,6.336785505298252,1.1543999999999812,-0.019137218390864352,-0.007935625930157342,-0.0031196298626355035,-0.0014245696189080226,-0.32,-4.364772249345779,1,0.0,0,0.3011823177313496,2026-03-30,0.304843589780393,0.5654642618570475
401810951,2026,2026-03-30,2026-03-31T01:00:00+00:00,UTAH,CLE,0,1.0,-316.2366914008003,-6.854371021285544,4.618290037813409,3.7416000000000054,-0.03482054615801755,0.0109567482173899,0.0034442171714140213,-0.0250058390358035,-0.4,-9.143271527405812,-1,0.0,0,0.19058173338595724,2026-03-30,0.1818587853713898,0.5654642618570475
401810952,2026,2026-03-30,2026-03-31T01:30:00+00:00,OKC,DET,1,1.0,93.49432766191103,-1.9959668102353163,-2.061585507946205,-0.6607999999999947,-0.003587517363212389,-0.008303350795181838,-0.06250209181577931,-0.012973221728641238,0.16000000000000003,0.02630461179273258,-1,1.0,0,0.7134842165909709,2026-03-30,0.5553370993351132,0.5654642618570475
401810953,2026,2026-03-30,2026-03-31T02:00:00+00:00,LAL,WSH,1,1.0,345.44480375411786,6.951145026984619,-8.542741124706097,-3.2791999999999746,0.017636860834189916,-0.026261036323725964,0.013616583291733486,0.07270136233327668,0.52,9.879903140562018,2,-1.0,0,0.9139392150470699,2026-03-30,0.932239671710228,0.5654642618570475
401810954,2026,2026-03-31,2026-03-31T23:00:00+00:00,ORL,PHX,1,1.0,-18.722509954866382,-0.23029792392937054,1.5741622676842724,3.4960000000000093,0.003074809012576951,0.01194506334279205,-0.04104773338362283,0.0790472787767614,0.0,-11.97959829650673,1,-1.0,0,0.5662075828157516,2026-03-31,0.5809505340718708,0.5654642618570475
401810955,2026,2026-03-31,2026-03-31T23:30:00+00:00,BKN,CHA,0,1.0,-238.81649907652059,-11.996482020239227,6.935493949856848,1.9120000000000488,-0.03664155209283204,0.019554634521092906,-0.07891825305678943,0.03293305564042834,-0.4,-9.718204218299157,0,0.0,0,0.26882972128970456,2026-03-31,0.16842363648178488,0.5654642618570475
401810956,2026,2026-03-31,2026-04-01T00:00:00+00:00,DET,TOR,1,1.0,109.01432380041456,0.31601054434526077,-2.6604180055826134,1.4448000000000008,-0.010758546790964219,0.007508740474612377,0.06229397327194977,0.010154027015978895,0.07999999999999996,1.4102310463977803,-1,1.0,0,0.7313940568798022,2026-03-31,0.6222830248909218,0.5654642618570475
401810957,2026,2026-03-31,2026-04-01T00:00:00+00:00,HOU,NY,1,1.0,-40.29445511527342,-1.2914328221243494,2.1214554677959683,1.739200000000011,-0.0047791755186317175,0.018110137930005127,0.037505617595766094,0.01330402224501262,-0.07999999999999996,2.0838712986549024,0,0.0,0,0.5354943329031578,2026-03-31,0.4846820693282229,0.5654642618570475
401810958,2026,2026-03-31,2026-04-01T02:30:00+00:00,LAL,CLE,1,1.0,9.697991916846377,-0.716451743207756,-2.5993244307805554,0.6775999999999982,0.006303254558838622,-0.0004474298786665831,-0.015536900359641254,0.018891203691272007,0.07999999999999996,1.9336307886262571,0,0.0,0,0.6058727626170224,2026-03-31,0.6003329113513507,0.5654642618570475
401810959,2026,2026-03-31,2026-04-01T03:00:00+00:00,LAC,POR,0,1.0,65.67459471421353,7.890457987664959,4.603825390667012,-2.1496000000000066,0.03449544595106058,-0.036227195088774033,-0.05223039656451023,0.011956265470759786,0.039999999999999925,0.7575994353606825,0,0.0,0,0.6796629813001884,2026-03-31,0.706483504476925,0.5654642618570475
401858694,2026,2026-03-31,2026-04-01T00:00:00+00:00,MIL,DAL,1,1.0,51.47701688401071,-1.4299381130020379,3.3970791520064836,-4.029599999999988,0.022243954141276112,0.013497065717619355,-0.034571003726033,-0.07466021828082614,0.0,-6.74639596025496,1,-1.0,0,0.661614124991331,2026-03-31,0.6221768343319785,0.5654642618570475
401810858,2026,2026-04-01,2026-04-02T00:00:00+00:00,MEM,NY,0,1.0,-245.44355028046607,-4.7398694275644715,8.347032224756035,5.034400000000005,-0.015012945242974807,0.005479295429936554,-0.04556124664492206,0.02089858049290294,-0.36,-9.021162788401789,1,-1.0,0,0.2613977080182838,2026-04-01,0.2752244996135146,0.5654642618570475
401810960,2026,2026-04-01,2026-04-01T23:00:00+00:00,WSH,PHI,0,1.0,-230.66105751429723,-3.104161400516489,6.889232420042191,0.36319999999997776,0.013102421950496379,0.022298208773216796,-0.03255059489709505,-0.022496535202631507,-0.4,-6.923142277858889,0,0.0,0,0.2781570516895303,2026-04-01,0.28955257004140383,0.5654642618570475
401810961,2026,2026-04-01,2026-04-01T23:30:00+00:00,MIA,BOS,0,1.0,-146.8910532938919,1.2283222819825,5.478502179218069,7.198400000000007,0.008856095251726703,-0.008269126074269925,-0.01926886416068696,0.03954801475434308,-0.12,-4.514273521978758,0,0.0,0,0.3842842742987158,2026-04-01,0.38328991134344104,0.5654642618570475
401810962,2026,2026-04-01,2026-04-01T23:00:00+00:00,ORL,ATL,0,1.0,-59.04652838552761,-2.9318356154911385,5.646589861095762,-0.6472000000000264,-0.01757037730233324,0.007121406363085947,-0.034076621631226794,0.06377212796346421,-0.24,-9.803708863803262,-1,1.0,0,0.5085668959029115,2026-04-01,0.34983049458347615,0.5654642618570475
401810963,2026,2026-04-01,2026-04-02T00:00:00+00:00,TOR,SAC,0,1.0,185.972373545565,3.78833336879741,-7.1547359488724,-0.9560000000000173,0.023022851088198792,-0.004128843760150672,-0.024658895119000407,0.030945400029362163,0.12,11.02088313604436,-2,1.0,0,0.8091834434697118,2026-04-01,0.81646158622961,0.5654642618570475
401810964,2026,2026-04-01,2026-04-02T00:00:00+00:00,CHI,IND,0,1.0,64.55198788527196,-3.0288662179208075,-6.228963243079491,2.749600000000015,-0.01647295566837559,0.011346852325089501,0.0215243170814233,0.024358117604034252,0.12,-3.796285343280394,-1,0.0,0,0.6782543830981256,2026-04-01,0.6353540647301372,0.5654642618570475
401810965,2026,2026-04-01,2026-04-02T00:00:00+00:00,HOU,MIL,1,1.0,152.36991313314775,6.300643247931774,-7.3715575219313365,-0.028800000000003934,-0.0006837017474450313,-0.00357754709555852,0.10005069614678011,0.022569034944374622,0.23999999999999994,14.124756144421823,0,0.0,0,0.7775216687323384,2026-04-01,0.8273616530202016,0.5654642618570475
401810967,2026,2026-04-01,2026-04-02T01:00:00+00:00,UTAH,DEN,0,1.0,-304.2222210969619,-7.752001935946524,4.370772760610549,0.5543999999999869,-0.042922143556656356,0.009794053511699582,0.030571157994674275,-0.022598413781378612,-0.4,-12.892650493823407,-1,0.0,0,0.20147937140379094,2026-04-01,0.17982612681621027,0.5654642618570475
401810968,2026,2026-04-01,2026-04-02T02:00:00+00:00,GS,SA,0,1.0,-234.7146547794821,-7.658621996665886,7.049697307164166,-0.25600000000001444,-0.02979985537100316,0.025430083045213672,0.017598656747558394,-0.02450800485600474,-0.43999999999999995,-13.582141520245855,1,0.0,0,0.27349618020213473,2026-04-01,0.21141335563536678,0.5654642618570475
401810969,2026,2026-04-02,2026-04-02T23:00:00+00:00,CHA,PHX,1,1.0,28.565261045348052,5.812202173953736,-2.0318365183439653,-0.7807999999999993,0.02977436772074682,0.014049344050448165,0.026121347822524288,0.00381518705628886,0.16000000000000003,0.11082867851288558,0,0.0,0,0.6314878311863131,2026-04-02,0.675447076926951,0.5654642618570475
401810970,2026,2026-04-02,2026-04-02T23:00:00+00:00,DET,MIN,1,1.0,52.7963450734228,4.479617591152859,-0.5768571475749837,-0.7720000000000198,0.006627451923497452,-0.010733028174537612,0.04864402479452312,5.463078399658983e-06,0.0,3.4358483252830334,-1,0.0,0,0.6633123323595695,2026-04-02,0.7028170025964667,0.5654642618570475
401810971,2026,2026-04-02,2026-04-03T01:30:00+00:00,OKC,LAL,1,1.0,104.88758058293888,-5.122388771971302,-4.970466082296596,1.398399999999981,-0.03306549415575788,0.0009292973483438494,-0.005784408279337155,-0.049166638689695896,0.07999999999999996,-1.1573696433061382,1,0.0,0,0.7267015653487691,2026-04-02,0.6347882689551277,0.5654642618570475
401810972,2026,2026-04-02,2026-04-03T02:00:00+00:00,GS,CLE,0,1.0,-141.54794811902934,-6.420890520909509,0.0823213974274779,2.293599999999998,-0.018967335561867138,0.02608796082864355,0.02415523028918959,-0.056219553328185484,-0.19999999999999996,-2.6168412486109416,-1,1.0,0,0.39158719157828176,2026-04-02,0.28604400532381347,0.5654642618570475
401810973,2026,2026-04-02,2026-04-03T02:00:00+00:00,POR,NO,1,1.0,104.19322303220042,-2.4162497677167636,-7.323925641951249,-0.21359999999998536,-0.002622665039607286,0.023160707105576356,0.034071628181589486,-0.013645315232197697,0.07999999999999996,17.628321509955036,-2,0.0,0,0.7259070080354272,2026-04-02,0.7294500053938552,0.5654642618570475
401810974,2026,2026-04-02,2026-04-03T02:30:00+00:00,LAC,SA,0,1.0,-161.04977025851258,-1.190888887047194,4.187942739425338,-1.6936000000000035,-0.00032123601470079866,0.0025036329182235723,-0.020544150478748774,0.042099736504927376,-0.24,-4.318981465928028,1,-1.0,0,0.3651902439913229,2026-04-02,0.4592718223011247,0.5654642618570475
401810975,2026,2026-04-03,2026-04-03T23:00:00+00:00,CHA,IND,1,1.0,205.89895063080257,6.541023271526882,-12.521604058498951,-4.5952000000000055,0.002215792373947756,0.0002758882531047613,0.09474471479387403,0.0068061011920695635,0.48,1.6715805071056176,-1,1.0,0,0.8262700698876473,2026-04-03,0.8176507982838123,0.5654642618570475
401810976,2026,2026-04-03,2026-04-03T23:00:00+00:00,PHI,MIN,1,1.0,-66.32022337264607,3.4068181184154156,3.7294258115358474,0.9176000000000073,0.0001636280525264544,-0.023894170568263776,0.004042081735505382,-0.03380505081074328,0.0,-0.09518354591287159,1,-1.0,0,0.4981000549838203,2026-04-03,0.5682717942609791,0.5654642618570475
401810977,2026,2026-04-03,2026-04-03T23:30:00+00:00,BKN,ATL,0,1.0,-288.85147991885015,-10.551651044669413,9.586979297633135,-2.720799999999997,-0.0355822326102484,0.029631639516501246,-0.0559988095008043,0.029849229601171923,-0.56,-10.635407305255775,1,0.0,0,0.2160911058994951,2026-04-03,0.15159433788580534,0.5654642618570475
401810978,2026,2026-04-03,2026-04-03T23:30:00+00:00,NY,CHI,1,1.0,221.65099630653094,6.813264733558697,-4.553571680083024,-8.039200000000008,0.01132574926215979,-0.009614068928376546,0.06408799717778893,-0.03260214121830324,0.32,3.987894115219041,0,0.0,0,0.8389039946016333,2026-04-03,0.8338337012044128,0.5654642618570475
401810979,2026,2026-04-03,2026-04-04T00:00:00+00:00,HOU,UTAH,1,1.0,289.78163587651943,3.7405974403953053,-5.539067940656167,-3.859199999999987,0.01944454155275044,0.011219702499287637,0.050884249850260965,-0.025107542393158322,0.36,13.807944414287407,0,0.0,0,0.8851659668972843,2026-04-03,0.8549715324336884,0.5654642618570475
401810980,2026,2026-04-03,2026-04-04T00:00:00+00:00,MEM,TOR,0,1.0,-158.45780163953987,-4.119514054530427,5.963839186848006,2.2911999999999892,-0.019844739929508304,0.01698238532527195,-0.005323795785538099,-0.01665506852039539,-0.2,-8.67130343388425,0,0.0,0,0.36865613226953425,2026-04-03,0.27663077646897144,0.5654642618570475
401810981,2026,2026-04-03,2026-04-04T00:00:00+00:00,MIL,BOS,0,1.0,-243.12734971156647,-7.4948064181132,10.095297807398538,2.455200000000019,0.012060274498336576,0.03265645477660023,-0.06733794673684251,-0.02143322528344893,-0.36000000000000004,-10.355438965145638,0,0.0,0,0.26398009701535197,2026-04-03,0.18043182913858255,0.5654642618570475
401810982,2026,2026-04-03,2026-04-04T00:30:00+00:00,DAL,ORL,0,1.0,-143.67303376501877,-4.531413289976641,3.4022675147957244,0.9799999999999898,-0.011353683041257612,0.004994340173464201,0.000933553955421107,-0.0222574106060216,-0.24,1.59546357157339,1,0.0,0,0.3886766221170415,2026-04-03,0.3640950545040283,0.5654642618570475
401810983,2026,2026-04-03,2026-04-04T02:00:00+00:00,SAC,NO,1,1.0,-53.67306961848476,-1.0414279061080691,5.199248367950375,-0.5239999999999725,-0.003352420543453971,-0.012617065103744982,4.632417471855943e-05,-0.05500105896248425,-0.08000000000000002,1.4624109694542788,1,-1.0,0,0.5162949904674503,2026-04-03,0.5133232996241325,0.5654642618570475
401810984,2026,2026-04-04,2026-04-04T19:00:00+00:00,MIA,WSH,1,1.0,226.24035104325594,6.650415634586409,-5.1617824437869615,0.05760000000000787,-0.0018175026125054616,-0.025506676969285283,0.047036268073863935,0.05413914417090929,0.36,3.1531635478863334,0,0.0,0,0.8424424054067301,2026-04-04,0.8346696822657298,0.5654642618570475
401810985,2026,2026-04-04,2026-04-04T19:00:00+00:00,DEN,SA,1,1.0,-119.13596621190572,-1.3918909190563369,5.449747015844025,1.3599999999999994,-0.0038194876968709046,0.0031478695633480325,-0.03178082574520952,0.0369643015791673,-0.19999999999999996,-5.288189155000897,1,0.0,0,0.4227165162908487,2026-04-04,0.38859125213505274,0.5654642618570475
401810986,2026,2026-04-04,2026-04-04T23:00:00+00:00,PHI,DET,0,1.0,-122.54607625136259,-2.2432985401813283,4.693239404589846,1.5752000000000237,-0.010227370305637473,-0.00992900282071675,-0.04293266508798138,-0.03507879699905064,-0.040000000000000036,-1.047017667431656,-1,1.0,0,0.41793362894788016,2026-04-04,0.2728161065416871,0.5654642618570475
401810987,2026,2026-04-05,2026-04-05T19:30:00+00:00,BOS,TOR,1,1.0,154.7138236178739,1.5950401588271603,-2.8747036675829634,-3.072800000000001,-0.012683706720351906,-0.0038473847653277132,0.03193130650062764,-0.03556099178896521,0.2,-0.7799346640456406,0,0.0,0,0.7798469055819158,2026-04-05,0.7174701569505109,0.5654642618570475
401810988,2026,2026-04-05,2026-04-05T19:30:00+00:00,BKN,WSH,1,1.0,17.85262818021397,-5.283579761874364,-4.914225609355697,-3.5671999999999713,-0.02835750295760009,0.021341334968531467,0.0010442458387842912,0.036887458772252996,0.07999999999999999,2.4909027966285002,1,-1.0,0,0.6170245835318208,2026-04-05,0.617073614822618,0.5654642618570475
401810989,2026,2026-04-05,2026-04-05T19:30:00+00:00,CHI,PHX,0,1.0,-128.39331037952752,-4.5925075740403685,3.7878604943028478,7.050400000000025,0.003751431282564832,0.022606132583492422,-0.045076646695494105,0.03351874472335803,-0.16000000000000003,-11.312087891949666,-1,0.0,0,0.4097687994322559,2026-04-05,0.3335345533486353,0.5654642618570475
401810990,2026,2026-04-05,2026-04-05T19:30:00+00:00,MIL,MEM,1,1.0,74.23131695601455,-2.787609773964178,1.7594171494371267,-3.220800000000011,0.013408133986386073,0.013840076862432521,-0.023489145467986056,-0.03502395780723028,0.0,1.3955060996994444,0,0.0,0,0.6902909543293065,2026-04-05,0.587630619050295,0.5654642618570475
401810991,2026,2026-04-05,2026-04-05T22:00:00+00:00,CLE,IND,1,1.0,278.11190287541376,4.0133150190628015,-6.303126118071859,-2.6000000000000227,-0.0012135512634315893,-0.007458568586342501,0.03792976183626903,0.06613047990565887,0.36,-0.15024423383296437,1,0.0,0,0.8781590136290198,2026-04-05,0.850742805508625,0.5654642618570475
401810992,2026,2026-04-05,2026-04-05T23:00:00+00:00,MIN,CHA,0,1.0,18.63173574123266,-9.45041014435877,2.773751380519826,3.313599999999994,-0.02688404358171781,0.010463977041934913,-0.06284708568304895,0.051567034350168184,-0.15999999999999992,-6.172088758698361,0,0.0,0,0.61808383207774,2026-04-05,0.4317825361091948,0.5654642618570475
401810993,2026,2026-04-05,2026-04-05T23:00:00+00:00,NO,ORL,0,1.0,-114.16974193868919,-0.015632819083748473,0.0824995790988936,-1.1479999999999677,-0.0010650223205647125,3.6138809847152675e-05,0.031831764127757844,-0.03332146499917077,-0.03999999999999998,-2.446635330147874,0,0.0,0,0.4297077096235835,2026-04-05,0.4519856014553568,0.5654642618570475
401810994,2026,2026-04-05,2026-04-05T23:00:00+00:00,OKC,UTAH,1,1.0,458.12031476683796,2.784339198131903,-12.723762209964448,-1.046399999999963,0.01607555193226551,-0.0123066729804083,-0.02807265608107601,-0.010120756230685923,0.6,14.743560148320201,1,0.0,0,0.9530830306943558,2026-04-05,0.9374384171053742,0.5654642618570475
401810995,2026,2026-04-05,2026-04-05T23:30:00+00:00,DAL,LAL,1,1.0,-279.8279443444753,-10.259706054032193,5.215025191674641,3.455200000000005,-0.05741816259269572,0.015473839793018945,0.0026355267793995996,-0.024077948869552,-0.52,-7.529869458619245,-1,0.0,0,0.22501980467212562,2026-04-05,0.1813387374690482,0.5654642618570475
401810996,2026,2026-04-05,2026-04-06T01:00:00+00:00,SAC,LAC,0,1.0,-184.85832288170513,-4.5375905038941795,5.416163718708589,0.8119999999999976,-0.030449717828720968,0.00373907504708898,0.038144106971761904,-0.05311556327193462,-0.11999999999999994,-3.131323854759927,-1,0.0,0,0.3340419784367182,2026-04-05,0.23844813963170922,0.5654642618570475
401810997,2026,2026-04-05,2026-04-06T02:00:00+00:00,GS,HOU,0,1.0,-121.45100507251414,-4.456489916715853,2.9575221512481136,2.119999999999976,-0.01036616759998299,0.005882047615175828,-0.030583418016561836,-0.012708375354252843,-0.23999999999999994,-13.808787977745816,1,0.0,0,0.41946789672284635,2026-04-05,0.3778900487458899,0.5654642618570475
401810998,2026,2026-04-06,2026-04-06T23:00:00+00:00,ATL,NY,0,1.0,-20.162407612585184,0.8269075662181109,-3.9233531076989294,4.85199999999999,0.007204489269068692,-0.008206207146619404,-0.019605299736250914,0.014764808098912563,0.19999999999999996,6.241177950869156,0,0.0,0,0.5641706304739271,2026-04-06,0.5810505424721344,0.5654642618570475
401810999,2026,2026-04-06,2026-04-06T23:00:00+00:00,ORL,DET,1,1.0,-137.87682657416485,-3.1167191923278494,4.362438867883796,2.4832000000000107,-0.019482859630600258,0.005125235543143591,-0.05037446263398626,0.04046236247676488,-0.07999999999999996,-11.622539046280714,-1,1.0,0,0.39663335395165095,2026-04-06,0.2454981898741132,0.5654642618570475
401811000,2026,2026-04-06,2026-04-07T00:00:00+00:00,MEM,CLE,0,1.0,-287.4680772927104,-7.189581299871293,5.454943981190652,2.611200000000011,-0.029455784647127725,0.022660321260538213,-0.008394129456239074,-0.0282260005790127,-0.4,-11.288945256157177,0,0.0,0,0.21744313951404723,2026-04-06,0.18762745998669705,0.5654642618570475
401811001,2026,2026-04-06,2026-04-07T00:00:00+00:00,SA,PHI,1,1.0,193.26786269245667,7.868569242513516,-5.223333206644298,-0.7752000000000265,0.036446474711243404,-0.004835423705256789,0.012829064337386481,0.003203814187781373,0.24,7.597948935570571,0,0.0,0,0.8155838467044441,2026-04-06,0.8574159018948943,0.5654642618570475
401811002,2026,2026-04-06,2026-04-07T01:00:00+00:00,DEN,POR,1,1.0,93.76949422353073,6.476154615850092,6.341266678792891,0.8056000000000125,0.03364239288354498,-0.03462097730066069,-0.08402438791404146,0.002766550657590461,0.08000000000000007,-3.002223019551254,-2,0.0,0,0.7138079126042811,2026-04-06,0.6669019788378457,0.5654642618570475
401811003,2026,2026-04-07,2026-04-07T23:00:00+00:00,WSH,CHI,0,1.0,-106.87945576588208,2.283191099931585,5.944756427439714,-2.124800000000036,0.01326534152859482,-0.004532981747694509,-0.008791088898400023,-0.024676843339398402,-0.15999999999999998,-1.1517366225096737,0,0.0,0,0.44002082840698514,2026-04-07,0.44866019708223087,0.5654642618570475
401811004,2026,2026-04-07,2026-04-08T00:00:00+00:00,BOS,CHA,1,1.0,106.38593418324217,-1.0736835770935755,1.6622660848885005,-1.0320000000000533,-0.00879496694509252,-0.009515931085423854,-0.020074202705863187,0.010922811384972642,0.0,0.006683909632033469,0,0.0,0,0.7284112349793428,2026-04-07,0.6403159276340888,0.5654642618570475
401811005,2026,2026-04-07,2026-04-07T23:30:00+00:00,BKN,MIL,1,1.0,-123.92901995292459,-3.0066708708179988,-3.183471024343177,0.8168000000000006,-0.03338571373828525,0.002326886319835769,-0.001545079899704982,0.04924634885461282,-0.03999999999999998,-4.235434827734316,0,0.0,0,0.4159983031212341,2026-04-07,0.42818455450532766,0.5654642618570475
401811006,2026,2026-04-07,2026-04-07T23:30:00+00:00,TOR,MIA,1,1.0,5.273988808046624,-1.3650714537515967,-3.238396497640508,-3.6239999999999952,0.010973496597728949,0.009525665633501296,-0.010726469174997671,-0.0027205658825750767,-0.03999999999999998,7.524987233168725,-1,0.0,0,0.5997754564969202,2026-04-07,0.6365778981737104,0.5654642618570475
401811007,2026,2026-04-07,2026-04-07T23:00:00+00:00,IND,MIN,0,1.0,-221.55502666239386,2.646261596888621,10.681866531323223,0.4311999999999898,0.01996023534725233,-0.013095446433599639,-0.029706609727633976,-0.04398605414659226,-0.32000000000000006,2.5940551159498155,0,0.0,0,0.28880330699013085,2026-04-07,0.32058717017403243,0.5654642618570475
401811008,2026,2026-04-07,2026-04-08T00:00:00+00:00,NO,UTAH,1,1.0,99.86739435802679,1.7064256158489997,-5.480914760070618,-1.4639999999999844,0.006782591052512998,0.006371669524544876,0.007587115627361474,0.030662499357638595,0.19999999999999998,4.599038561108623,0,0.0,0,0.7209246910978944,2026-04-07,0.7262354698588441,0.5654642618570475
401811009,2026,2026-04-07,2026-04-08T02:00:00+00:00,GS,SAC,1,1.0,98.01713383518859,-0.5511104106852258,-2.720350854774111,0.39519999999997424,0.005134271660270029,0.015196902984579486,-0.007750012102542558,0.0009803517581805088,-0.07999999999999996,0.23320346920066726,0,0.0,0,0.718776767131625,2026-04-07,0.7211660501911792,0.5654642618570475
401811010,2026,2026-04-07,2026-04-08T02:30:00+00:00,LAL,OKC,0,1.0,-132.2574612616586,2.6593502395998314,6.135212691968491,-1.0887999999999778,0.020253470043153032,0.004606481187352837,0.008756355836650576,0.061603915493870454,-0.07999999999999996,-10.406374978158215,0,0.0,0,0.4043999384430644,2026-04-07,0.39644172141027667,0.5654642618570475
401811011,2026,2026-04-07,2026-04-08T02:30:00+00:00,LAC,DAL,1,1.0,186.76504601771057,10.997304105114239,-3.979973680335533,-3.6952,0.05950156597462575,-0.01462366943150295,0.002754230415234815,-0.0053441504919066185,0.36,6.15252211047831,0,0.0,0,0.809887000800386,2026-04-07,0.8593242280792873,0.5654642618570475
401811012,2026,2026-04-07,2026-04-08T03:00:00+00:00,PHX,HOU,0,1.0,-76.4776526764249,-0.1254156284606296,-0.5008919592021925,-0.8296000000000134,-0.005065059906624647,-0.01994254290405842,-0.030691074943517915,-0.013238623489560647,-0.07999999999999996,-5.6080063793368655,0,0.0,0,0.4834883361692838,2026-04-07,0.5224749050976972,0.5654642618570475
401811013,2026,2026-04-08,2026-04-08T23:00:00+00:00,CLE,ATL,1,1.0,50.574078037085656,0.6550218263297154,8.873097223876087,-2.676799999999986,0.005673809143347808,-0.00796893657802672,-0.03006219000265961,0.04727998929375779,-0.16000000000000003,-4.965361406339065,0,0.0,0,0.6604494760825864,2026-04-08,0.5463781690295209,0.5654642618570475
401811014,2026,2026-04-08,2026-04-08T23:00:00+00:00,ORL,MIN,1,1.0,-34.56335989312447,3.7572960183283612,3.41525762629324,1.6255999999999915,0.0015726976926427882,-0.006554134941433365,-0.0007817859798217586,0.05913668581937909,0.039999999999999925,-1.0694458423497863,1,-1.0,0,0.5436901379610652,2026-04-08,0.5957206208164179,0.5654642618570475
401811015,2026,2026-04-08,2026-04-08T23:00:00+00:00,DET,MIL,1,1.0,236.05278375849343,6.6588987850775965,-9.772729522692458,1.9911999999999637,-0.002109175490076498,-0.022214918567727893,0.06369740655198308,0.0642518574322859,0.27999999999999997,3.072958070089514,1,-1.0,0,0.8497956400050464,2026-04-08,0.9148949985935161,0.5654642618570475
401811016,2026,2026-04-08,2026-04-09T01:30:00+00:00,SA,POR,1,1.0,199.22628590089585,7.278260687643382,1.034198447261275,-0.6184000000000225,0.02963648282880693,-0.03387159376955287,-0.03985154355942194,-0.03179525082264251,0.20000000000000007,1.355976752391018,0,0.0,0,0.8206869787388509,2026-04-08,0.8054956626847142,0.5654642618570475
401811017,2026,2026-04-08,2026-04-09T01:00:00+00:00,DEN,MEM,1,1.0,291.09228048256205,9.28894786210192,-5.601504411639979,0.619199999999978,0.04070710626382246,-0.02108646185805424,-0.005384939973396841,0.02983895527819047,0.48000000000000004,14.860205129195142,0,0.0,0,0.8859306362852529,2026-04-08,0.892556865672713,0.5654642618570475
401811018,2026,2026-04-08,2026-04-09T02:00:00+00:00,LAC,OKC,0,1.0,-198.60689056017736,2.230665978891807,6.966808003956714,-1.4271999999999991,0.015367118113108313,0.005657394543231081,0.013969632135638288,0.02901720312622663,-0.19999999999999996,-10.28759949109086,0,0.0,0,0.31667315863411416,2026-04-08,0.3386130918966766,0.5654642618570475
401811019,2026,2026-04-08,2026-04-09T02:00:00+00:00,PHX,DAL,1,1.0,142.44673935933497,7.76631089426408,-4.0838594875373815,-4.574400000000011,0.0344655466155146,-0.006406497083547347,0.03950717590306607,-0.03496855189768333,0.24,6.482994885016895,0,0.0,0,0.7674841484050062,2026-04-08,0.8138563051965466,0.5654642618570475
401811020,2026,2026-04-09,2026-04-09T23:00:00+00:00,TOR,MIA,1,1.0,21.282970548169715,-0.14836787797379714,-3.731871465780543,-3.4591999999999956,0.017811726925320848,0.009688180768023677,-0.005559491079411699,-0.005118206067449338,0.0,5.814313585607732,0,0.0,0,0.6216799087078735,2026-04-09,0.6694095585774767,0.5654642618570475
401811021,2026,2026-04-09,2026-04-09T23:00:00+00:00,WSH,CHI,0,1.0,-124.48028890216165,0.016014465927668198,6.867257459189645,-2.0559999999999974,0.006242435698349036,0.000715064007068944,-0.013703358065377785,-0.028627144555783857,-0.2,-3.5207174368495746,0,0.0,0,0.415227561559159,2026-04-09,0.38427523353617865,0.5654642618570475
401811022,2026,2026-04-09,2026-04-09T23:30:00+00:00,BKN,IND,0,1.0,-24.335776055161887,-7.348151732479764,-6.488621559931332,-1.6471999999999838,-0.04090689485578891,0.0263736235399529,0.004660633147516746,0.041137514872919,0.07999999999999999,-1.8795383326998847,0,0.0,0,0.558254762014909,2026-04-09,0.4751706493816156,0.5654642618570475
401811023,2026,2026-04-09,2026-04-09T23:30:00+00:00,NY,BOS,1,1.0,-59.974793772935755,1.3366095082360516,0.6214380154047063,0.4544000000000352,0.016214798401617547,0.01314149842960835,0.02045685644105988,-0.004451860565272386,-0.039999999999999925,-4.376480734242082,1,0.0,0,0.5072313488361614,2026-04-09,0.5295934675873749,0.5654642618570475
401811024,2026,2026-04-09,2026-04-10T00:00:00+00:00,HOU,PHI,1,1.0,87.22193446394817,4.296649052950968,-2.2332779575101256,-2.4272000000000133,0.020922958874340813,0.020090006165825403,0.06185014406226419,-0.008195857808910939,0.12,8.937533734200276,-1,0.0,0,0.7060465799101098,2026-04-09,0.7217833384346907,0.5654642618570475
401811025,2026,2026-04-09,2026-04-10T02:00:00+00:00,GS,LAL,0,1.0,-148.55409527140637,-5.165497841040789,3.258842221275458,0.020799999999994156,-0.027652327512691643,0.01871640494229085,0.03075294545612073,-0.08195488305360635,-0.35999999999999993,1.105050150864363,0,0.0,0,0.3820216751454635,2026-04-09,0.35668666440754115,0.5654642618570475
401811026,2026,2026-04-10,2026-04-10T23:00:00+00:00,CHA,DET,0,1.0,-87.29911193734438,1.2995303166323993,-0.8805940703273052,-2.737600000000029,-0.0033707574314542077,-0.003943116077040565,0.007800909282585977,-0.05346520965880541,0.040000000000000036,2.403986243769083,1,0.0,0,0.4679529902763967,2026-04-10,0.49619764906194225,0.5654642618570475
401811027,2026,2026-04-10,2026-04-10T23:00:00+00:00,WSH,MIA,0,1.0,-241.73623825976915,-6.3955331300085305,4.425062860081368,0.6799999999999926,-0.0034019137739202954,0.030049849288462147,-0.020782142572500384,-0.03295738380539359,-0.36,-4.671286459347996,0,0.0,0,0.2655389230199871,2026-04-10,0.25234561582219756,0.5654642618570475
401811028,2026,2026-04-10,2026-04-10T23:00:00+00:00,ATL,CLE,1,1.0,-64.15609899378205,-0.3242382954179419,-7.233146951507706,2.0800000000000267,-0.0012797521621630281,0.008968748296774035,0.030712508988729098,-0.05437246428803283,0.07999999999999996,3.6922737917220374,0,0.0,0,0.5012144687846926,2026-04-10,0.5843553742656051,0.5654642618570475
401811029,2026,2026-04-10,2026-04-10T23:30:00+00:00,BOS,NO,1,1.0,274.68512482213464,3.5980154409363365,-3.425452452551667,-5.187200000000004,0.009161555293524914,-0.01355009065701078,0.01889729658806294,-0.05735848423032347,0.24000000000000005,10.716167988373716,-2,1.0,0,0.8760326092066809,2026-04-10,0.802687555734175,0.5654642618570475
401811030,2026,2026-04-10,2026-04-10T23:30:00+00:00,IND,PHI,0,1.0,-164.35738458478772,1.4137590225661825,4.539267393102264,-0.17120000000002733,0.02881815314645264,0.0029911387478605,-0.04446905395925857,-0.02335485561666667,-0.24,1.168141244175861,0,0.0,0,0.36078766743938034,2026-04-10,0.4363154852185073,0.5654642618570475
401811031,2026,2026-04-10,2026-04-10T23:30:00+00:00,NY,TOR,1,1.0,103.2614092494473,2.365513893096889,-1.0863804940293846,-2.792000000000016,0.001632701598731967,0.011819081027287959,0.05552239919776608,-0.050206064333222306,0.16000000000000003,-0.6471991937406187,0,0.0,0,0.7248384717296853,2026-04-10,0.6646673834309449,0.5654642618570475
401811032,2026,2026-04-10,2026-04-11T00:00:00+00:00,CHI,ORL,0,1.0,-152.87302755612677,-3.2745212983640783,1.0127965482600132,2.4264000000000294,0.004100789223514756,0.0026440265557531872,-0.01434088500972161,-0.05575222512142969,-0.19999999999999996,-4.26993821893777,-1,1.0,0,0.37616974613036464,2026-04-10,0.3301531646749169,0.5654642618570475
401811033,2026,2026-04-10,2026-04-11T01:30:00+00:00,HOU,MIN,0,1.0,50.52158939140941,4.692072679960688,0.9414208484987796,-2.399199999999979,0.007862688874640256,-0.0016532426569917102,0.06372974159356917,-0.02038726645915842,0.12,8.82076598261882,-1,1.0,0,0.6603817140973571,2026-04-10,0.5767819932155789,0.5654642618570475
401811034,2026,2026-04-10,2026-04-11T00:00:00+00:00,MIL,BKN,1,1.0,108.72996011817327,5.487222270750166,5.812515547787186,-1.4303999999999917,0.048333189553182554,0.0010777512392767807,0.011099269636179687,-0.05194458015776052,0.0,2.2156167739243138,1,-1.0,0,0.7310723492910506,2026-04-10,0.7575010953240663,0.5654642618570475
401811035,2026,2026-04-10,2026-04-11T00:00:00+00:00,SA,DAL,1,1.0,359.9230772999849,11.606661106892687,-9.004396355390227,-2.176000000000002,0.06027304069763162,-0.010215860844012048,0.023679762574222496,-0.04018891603825889,0.5599999999999999,9.905673046146866,0,0.0,0,0.9202723977947729,2026-04-10,0.9354631245494155,0.5654642618570475
401811036,2026,2026-04-10,2026-04-11T01:30:00+00:00,UTAH,MEM,1,1.0,-44.993765844563086,1.1556295245105161,-1.7351442409901239,1.2151999999999816,0.0004294797627253377,-0.004881430222126643,0.022054901043003755,0.004838434143021819,0.04000000000000001,-1.136450383170331,1,0.0,0,0.5287595058901516,2026-04-10,0.5594829075891069,0.5654642618570475
401811037,2026,2026-04-10,2026-04-11T01:00:00+00:00,DEN,OKC,1,1.0,-139.3511407829344,4.406888003707692,10.915928093666096,0.8175999999999988,0.02052946571236347,0.0027651136754970745,0.0036210921193099987,0.03157974072711467,-0.16000000000000003,-7.326155026902294,0,0.0,0,0.3946041165659239,2026-04-10,0.3583704461462203,0.5654642618570475
401811038,2026,2026-04-10,2026-04-11T02:00:00+00:00,POR,LAC,1,1.0,-39.16214929626972,-5.831830638971908,-5.102729134192671,1.3855999999999966,-0.028308288439044982,0.03350531111837683,0.06553971309240658,-0.009930101021119075,-0.039999999999999925,4.853313746586803,0,0.0,0,0.5371152594343358,2026-04-10,0.5033486423815696,0.5654642618570475
401811039,2026,2026-04-10,2026-04-11T02:00:00+00:00,SAC,GS,1,1.0,-101.62562964701442,1.3747143079476416,2.29180143711001,-0.09359999999999502,0.00025554936019567265,-0.0199287199364524,0.0034143280605493653,-0.007182739819627193,0.07999999999999996,-0.4680254421482064,2,-1.0,0,0.44748586352503983,2026-04-10,0.5052443230642423,0.5654642618570475
401811040,2026,2026-04-10,2026-04-11T02:30:00+00:00,LAL,PHX,1,1.0,105.08637485816575,1.0163729969256678,1.252498137460492,0.9288000000000096,0.027458755226191456,0.007086501798329939,-0.03711381195678193,0.06561178018919939,0.19999999999999996,-2.998825475261225,-1,1.0,0,0.7269287819769346,2026-04-10,0.5622995279904369,0.5654642618570475
401811041,2026,2026-04-12,2026-04-12T22:00:00+00:00,BOS,ORL,1,1.0,122.67100340805746,3.258358116369365,-1.171733244382125,-6.010400000000018,0.011690810615779146,-0.016971689841934492,0.020978642499497324,-0.08771140003817637,0.08000000000000007,1.4389623583317315,0,0.0,0,0.746554750739146,2026-04-12,0.7415127594327774,0.5654642618570475
401811042,2026,2026-04-12,2026-04-12T22:00:00+00:00,CLE,WSH,1,1.0,381.5289722057796,7.998235796258854,-6.300401749493872,-4.076800000000006,0.018199745949301183,-0.025466716553194227,0.02055148082611391,0.052019027812072294,0.52,9.728236581636235,0,0.0,0,0.9289339153703919,2026-04-12,0.9137008824516328,0.5654642618570475
401811043,2026,2026-04-12,2026-04-12T22:00:00+00:00,IND,DET,0,1.0,-320.6997648950221,-5.098121098420918,9.26726548101577,1.3767999999999887,-0.007599088692992417,-0.00430850898289506,-0.08794549438816635,-0.049130611885304654,-0.4,-9.256155665816582,0,0.0,0,0.186650022548372,2026-04-12,0.1688824328339777,0.5654642618570475
401811044,2026,2026-04-12,2026-04-12T22:00:00+00:00,MIA,ATL,1,1.0,-84.96649928004149,-1.17804531832698,9.00751406142534,1.2600000000000051,-0.012781529142124826,-0.010314503947229783,-0.029538087469844765,0.04628124633020714,-0.24,-9.220444697908688,0,0.0,0,0.4712974883802605,2026-04-12,0.3758949981431023,0.5654642618570475
401811045,2026,2026-04-12,2026-04-12T22:00:00+00:00,NY,CHA,0,1.0,81.9923544053438,0.5786355980924185,1.9870116314553314,-1.2055999999999898,0.009464827351207461,0.00421356487779051,-0.003370269257303715,0.008396843461438014,0.040000000000000036,5.4628701824930435,0,0.0,0,0.6997601566915834,2026-04-12,0.632528940086176,0.5654642618570475
401811046,2026,2026-04-12,2026-04-12T22:00:00+00:00,PHI,MIL,1,1.0,104.13059133698107,1.1451451831135842,-6.6338624724857596,3.324799999999982,-0.03306761964898053,-0.030912228649570495,0.03582954311341968,0.035772240699354196,0.2,0.6281862926840089,0,0.0,0,0.7258352675759442,2026-04-12,0.724092545834593,0.5654642618570475
401811047,2026,2026-04-12,2026-04-12T22:00:00+00:00,TOR,BKN,1,1.0,227.23578357285533,10.378288440029706,-2.7159571026073905,-0.20240000000001146,0.04368456058855352,-0.025095772197044855,0.03412163116813419,0.014236570091906986,0.2,10.473721050690306,0,0.0,0,0.8432014976276871,2026-04-12,0.8872508070078869,0.5654642618570475
401811048,2026,2026-04-12,2026-04-13T00:30:00+00:00,DAL,CHI,1,1.0,-23.158885678623164,-0.03414581393515448,2.8486061594768586,-2.0671999999999997,-0.018842411929516523,-0.017585594608714783,0.004758601197350609,0.008873200764843547,-0.08000000000000002,-0.7165077549904622,0,0.0,0,0.5599247871075846,2026-04-12,0.5176792097340804,0.5654642618570475
401811049,2026,2026-04-12,2026-04-13T00:30:00+00:00,HOU,MEM,1,1.0,276.05644558011045,6.9108854940495945,-9.15324960319792,-3.740000000000009,0.02373652057363329,0.002316228208288834,0.07621601343184442,0.01144963843049554,0.44,17.219747387588875,0,0.0,0,0.876887347159204,2026-04-12,0.8912047151408043,0.5654642618570475
401811050,2026,2026-04-12,2026-04-13T00:30:00+00:00,MIN,NO,1,1.0,178.96802181671637,-1.6044246972991942,-3.414365643691042,-0.3311999999999955,0.007825128739599396,0.00815302437708762,-0.015365830584913559,-0.019641164699324087,0.12,1.3953902890702752,0,0.0,0,0.8028800384063476,2026-04-12,0.7440741169964759,0.5654642618570475
401811051,2026,2026-04-12,2026-04-13T00:30:00+00:00,OKC,PHX,0,1.0,245.56637001909985,2.216644964624493,-6.79281777496432,1.9279999999999973,0.022838226775664938,-0.007510810063859147,-0.0447665035646137,-0.004250469967102155,0.35999999999999993,16.097560933870497,0,0.0,0,0.856652884999396,2026-04-12,0.8396860529168015,0.5654642618570475
401811052,2026,2026-04-12,2026-04-13T00:30:00+00:00,SA,DEN,0,1.0,84.80061570788757,-0.20280759941897486,-5.531267163812757,-1.3559999999999945,-0.013419872078841322,-0.005558292940511883,0.044458482447864794,-0.03004181740324663,0.07999999999999996,0.5414715429473222,0,0.0,0,0.703145487658838,2026-04-12,0.7066432656878925,0.5654642618570475
401811053,2026,2026-04-12,2026-04-13T00:30:00+00:00,LAL,UTAH,1,1.0,328.9100876677594,5.045545610728482,-5.471488425183452,-4.6807999999999765,0.03617337468655457,-0.007526687370766644,-0.025593940285361994,0.06995021519912142,0.43999999999999995,1.9113773915239163,0,0.0,0,0.9061518409249171,2026-04-12,0.882057338621825,0.5654642618570475
401811054,2026,2026-04-12,2026-04-13T00:30:00+00:00,LAC,GS,1,1.0,101.48022175902315,5.11444018700162,-2.1445481491534366,-0.8983999999999952,0.02130444107197982,-0.02574055815247682,-0.03044999213214314,0.028911485710632234,0.2,0.9493310261749484,0,0.0,0,0.7227887598247129,2026-04-12,0.7439342043190359,0.5654642618570475
401811055,2026,2026-04-12,2026-04-13T00:30:00+00:00,POR,SAC,1,1.0,160.3585262733959,0.5174790299138152,-10.47267156679645,1.0935999999999808,0.0019747105924962094,0.020704290074710113,0.026601527634544486,0.040782631371835354,0.15999999999999998,4.212939342786623,0,0.0,0,0.7853748257811024,2026-04-12,0.8186337971846026,0.5654642618570475
