game_id,season,week,home_team,away_team,home_win,neutral_site,conference_game,p_home,pred_home,confidence,correct,era,week_band,site,game_type
401012246,2018,1,Alabama,Louisville,1,True,False,0.9598638968544168,1,0.9598638968544168,1,2018-2022,Weeks 1-3,Neutral,Non-conference
401012248,2018,1,Auburn,Washington,1,True,False,0.6016271136017417,1,0.6016271136017417,1,2018-2022,Weeks 1-3,Neutral,Non-conference
401012251,2018,1,Kentucky,Central Michigan,1,False,False,0.8795543011373688,1,0.8795543011373688,1,2018-2022,Weeks 1-3,Home field,Non-conference
401012253,2018,1,Texas Tech,Ole Miss,0,True,False,0.6260876602332469,1,0.6260876602332469,0,2018-2022,Weeks 1-3,Neutral,Non-conference
401012256,2018,1,South Carolina,Coastal Carolina,1,False,False,0.9466493836947152,1,0.9466493836947152,1,2018-2022,Weeks 1-3,Home field,Non-conference
401012257,2018,1,Tennessee,West Virginia,0,True,False,0.4022607395282317,0,0.5977392604717683,1,2018-2022,Weeks 1-3,Neutral,Non-conference
401012259,2018,1,Vanderbilt,Middle Tennessee,1,False,False,0.5630285920277923,1,0.5630285920277923,1,2018-2022,Weeks 1-3,Home field,Non-conference
401012676,2018,1,Arizona,BYU,0,False,False,0.756490784229332,1,0.756490784229332,0,2018-2022,Weeks 1-3,Home field,Non-conference
401012677,2018,1,Arizona State,UT San Antonio,1,False,False,0.813267282242782,1,0.813267282242782,1,2018-2022,Weeks 1-3,Home field,Non-conference
401012678,2018,1,USC,UNLV,1,False,False,0.9606033705348531,1,0.9606033705348531,1,2018-2022,Weeks 1-3,Home field,Non-conference
401012679,2018,1,UCLA,Cincinnati,0,False,False,0.8138224552709998,1,0.8138224552709998,0,2018-2022,Weeks 1-3,Home field,Non-conference
401012680,2018,1,Colorado State,Colorado,0,True,False,0.6044188408519001,1,0.6044188408519001,0,2018-2022,Weeks 1-3,Neutral,Non-conference
401012681,2018,1,Oregon,Bowling Green,1,False,False,0.9569784979761601,1,0.9569784979761601,1,2018-2022,Weeks 1-3,Home field,Non-conference
401012682,2018,1,Ohio State,Oregon State,1,False,False,0.991959048293713,1,0.991959048293713,1,2018-2022,Weeks 1-3,Home field,Non-conference
401012683,2018,1,Wyoming,Washington State,0,False,False,0.46394508124702327,0,0.5360549187529767,1,2018-2022,Weeks 1-3,Home field,Non-conference
401012684,2018,1,California,North Carolina,1,False,False,0.6496836187579107,1,0.6496836187579107,1,2018-2022,Weeks 1-3,Home field,Non-conference
401012804,2018,1,Illinois,Kent State,1,False,False,0.8353296290905112,1,0.8353296290905112,1,2018-2022,Weeks 1-3,Home field,Non-conference
401012820,2018,1,Rutgers,Texas State,1,False,False,0.8448733261344445,1,0.8448733261344445,1,2018-2022,Weeks 1-3,Home field,Non-conference
401012851,2018,1,Florida International,Indiana,0,False,False,0.4017052363287084,0,0.5982947636712916,1,2018-2022,Weeks 1-3,Home field,Non-conference
401012862,2018,1,Iowa,Northern Illinois,1,False,False,0.8101392183995645,1,0.8101392183995645,1,2018-2022,Weeks 1-3,Home field,Non-conference
401012872,2018,1,Maryland,Texas,1,True,False,0.21232571999975922,0,0.7876742800002408,0,2018-2022,Weeks 1-3,Neutral,Non-conference
401012880,2018,1,Michigan State,Utah State,1,False,False,0.9336728767473338,1,0.9336728767473338,1,2018-2022,Weeks 1-3,Home field,Non-conference
401012888,2018,1,Notre Dame,Michigan,1,False,False,0.6921416978117645,1,0.6921416978117645,1,2018-2022,Weeks 1-3,Home field,Non-conference
401013065,2018,1,Oklahoma,Florida Atlantic,1,False,False,0.8891894747007829,1,0.8891894747007829,1,2018-2022,Weeks 1-3,Home field,Non-conference
401013086,2018,1,Tulane,Wake Forest,0,False,False,0.2856508121053187,0,0.7143491878946813,1,2018-2022,Weeks 1-3,Home field,Non-conference
401013087,2018,1,Boston College,UMass,1,False,False,0.8167361073744279,1,0.8167361073744279,1,2018-2022,Weeks 1-3,Home field,Non-conference
401013089,2018,1,Duke,Army,1,False,False,0.8666807211059544,1,0.8666807211059544,1,2018-2022,Weeks 1-3,Home field,Non-conference
401013095,2018,1,LSU,Miami,1,True,False,0.6797970599693555,1,0.6797970599693555,1,2018-2022,Weeks 1-3,Neutral,Non-conference
401013096,2018,1,Florida State,Virginia Tech,0,False,True,0.6070493083076438,1,0.6070493083076438,0,2018-2022,Weeks 1-3,Home field,Conference
401013328,2018,1,Minnesota,New Mexico State,1,False,False,0.8708636853420472,1,0.8708636853420472,1,2018-2022,Weeks 1-3,Home field,Non-conference
401013342,2018,1,Purdue,Northwestern,0,False,True,0.33428859229225905,0,0.665711407707741,1,2018-2022,Weeks 1-3,Home field,Conference
401013349,2018,1,Penn State,App State,1,False,False,0.9515374844646636,1,0.9515374844646636,1,2018-2022,Weeks 1-3,Home field,Non-conference
401013354,2018,1,Wisconsin,Western Kentucky,1,False,False,0.9418688972025796,1,0.9418688972025796,1,2018-2022,Weeks 1-3,Home field,Non-conference
401013437,2018,1,New Mexico State,Wyoming,0,False,False,0.33645867047530076,0,0.6635413295246992,1,2018-2022,Weeks 1-3,Home field,Non-conference
401013448,2018,1,Liberty,Old Dominion,1,False,False,0.5947201725986724,1,0.5947201725986724,1,2018-2022,Weeks 1-3,Home field,Non-conference
401014974,2018,1,South Alabama,Louisiana Tech,0,False,False,0.2670524776949191,0,0.732947522305081,1,2018-2022,Weeks 1-3,Home field,Non-conference
401014975,2018,1,Miami (OH),Marshall,0,False,False,0.4874107431236767,0,0.5125892568763233,1,2018-2022,Weeks 1-3,Home field,Non-conference
401014976,2018,1,North Texas,SMU,1,False,False,0.5632493938184984,1,0.5632493938184984,1,2018-2022,Weeks 1-3,Home field,Non-conference
401014977,2018,1,Rice,Houston,0,False,False,0.19589518940210005,0,0.8041048105979,1,2018-2022,Weeks 1-3,Home field,Non-conference
401019470,2018,1,Connecticut,UCF,0,False,True,0.06944757284251579,0,0.9305524271574842,1,2018-2022,Weeks 1-3,Home field,Conference
401019475,2018,1,Hawai'i,Navy,1,False,False,0.3372834660758956,0,0.6627165339241043,0,2018-2022,Weeks 1-3,Home field,Non-conference
401020673,2018,1,Western Michigan,Syracuse,0,False,False,0.7033907514898677,1,0.7033907514898677,0,2018-2022,Weeks 1-3,Home field,Non-conference
401021656,2018,1,Troy,Boise State,0,False,False,0.4041986826076215,0,0.5958013173923785,1,2018-2022,Weeks 1-3,Home field,Non-conference
401022510,2018,1,Colorado State,Hawai'i,0,False,True,0.8122441599294024,1,0.8122441599294024,0,2018-2022,Weeks 1-3,Home field,Conference
401022512,2018,1,Stanford,San Diego State,1,False,False,0.8560643657553875,1,0.8560643657553875,1,2018-2022,Weeks 1-3,Home field,Non-conference
401032087,2018,1,Alabama,Clemson,0,True,False,0.660845181775007,1,0.660845181775007,0,2018-2022,Weeks 1-3,Neutral,Non-conference
401012260,2018,2,Alabama,Arkansas State,1,False,False,0.9803067544412266,1,0.9803067544412266,1,2018-2022,Weeks 1-3,Home field,Non-conference
401012261,2018,2,Colorado State,Arkansas,1,False,False,0.24247227992080952,0,0.7575277200791904,0,2018-2022,Weeks 1-3,Home field,Non-conference
401012263,2018,2,Florida,Kentucky,0,False,True,0.6507791931040842,1,0.6507791931040842,0,2018-2022,Weeks 1-3,Home field,Conference
401012266,2018,2,Kansas State,Mississippi State,0,False,False,0.2605364386260743,0,0.7394635613739258,1,2018-2022,Weeks 1-3,Home field,Non-conference
401012267,2018,2,Missouri,Wyoming,1,False,False,0.7641862979006075,1,0.7641862979006075,1,2018-2022,Weeks 1-3,Home field,Non-conference
401012268,2018,2,South Carolina,Georgia,0,False,True,0.3075370844334358,0,0.6924629155665643,1,2018-2022,Weeks 1-3,Home field,Conference
401012270,2018,2,Texas A&M,Clemson,0,False,False,0.058969592142401786,0,0.9410304078575982,1,2018-2022,Weeks 1-3,Home field,Non-conference
401012271,2018,2,Vanderbilt,Nevada,1,False,False,0.6892080668956694,1,0.6892080668956694,1,2018-2022,Weeks 1-3,Home field,Non-conference
401012726,2018,2,Houston,Arizona,1,False,False,0.7834849931063615,1,0.7834849931063615,1,2018-2022,Weeks 1-3,Home field,Non-conference
401012727,2018,2,Arizona State,Michigan State,1,False,False,0.5409076788282894,1,0.5409076788282894,1,2018-2022,Weeks 1-3,Home field,Non-conference
401012728,2018,2,Oklahoma,UCLA,1,False,False,0.9610687158389959,1,0.9610687158389959,1,2018-2022,Weeks 1-3,Home field,Non-conference
401012729,2018,2,Nebraska,Colorado,0,False,False,0.3352205660191052,0,0.6647794339808948,1,2018-2022,Weeks 1-3,Home field,Non-conference
401012730,2018,2,Northern Illinois,Utah,0,False,False,0.2992107574095334,0,0.7007892425904666,1,2018-2022,Weeks 1-3,Home field,Non-conference
401012734,2018,2,Washington State,San José State,1,False,False,0.9163813186671164,1,0.9163813186671164,1,2018-2022,Weeks 1-3,Home field,Non-conference
401012735,2018,2,BYU,California,0,False,False,0.5941378371485548,1,0.5941378371485548,0,2018-2022,Weeks 1-3,Home field,Non-conference
401012736,2018,2,Stanford,USC,1,False,True,0.491289110980334,0,0.508710889019666,0,2018-2022,Weeks 1-3,Home field,Conference
401012821,2018,2,Ohio State,Rutgers,1,False,True,0.9920748241881995,1,0.9920748241881995,1,2018-2022,Weeks 1-3,Home field,Conference
401012852,2018,2,Indiana,Virginia,1,False,False,0.5907150050530948,1,0.5907150050530948,1,2018-2022,Weeks 1-3,Home field,Non-conference
401012863,2018,2,Iowa,Iowa State,1,False,False,0.6016239477248051,1,0.6016239477248051,1,2018-2022,Weeks 1-3,Home field,Non-conference
401012873,2018,2,Bowling Green,Maryland,0,False,False,0.39645054319625805,0,0.603549456803742,1,2018-2022,Weeks 1-3,Home field,Non-conference
401012889,2018,2,Michigan,Western Michigan,1,False,False,0.9664411334237889,1,0.9664411334237889,1,2018-2022,Weeks 1-3,Home field,Non-conference
401013027,2018,2,UT San Antonio,Baylor,0,False,False,0.11481664723393041,0,0.8851833527660696,1,2018-2022,Weeks 1-3,Home field,Non-conference
401013049,2018,2,Central Michigan,Kansas,0,False,False,0.33042828556763404,0,0.669571714432366,1,2018-2022,Weeks 1-3,Home field,Non-conference
401013098,2018,2,Northwestern,Duke,0,False,False,0.6118817807539522,1,0.6118817807539522,0,2018-2022,Weeks 1-3,Home field,Non-conference
401013100,2018,2,South Florida,Georgia Tech,1,False,False,0.5452598293381359,1,0.5452598293381359,1,2018-2022,Weeks 1-3,Home field,Non-conference
401013103,2018,2,East Carolina,North Carolina,1,False,False,0.17053062204461786,0,0.8294693779553821,0,2018-2022,Weeks 1-3,Home field,Non-conference
401013104,2018,2,NC State,Georgia State,1,False,False,0.8460260832343233,1,0.8460260832343233,1,2018-2022,Weeks 1-3,Home field,Non-conference
401013105,2018,2,Pittsburgh,Penn State,0,False,False,0.3207541894770765,0,0.6792458105229235,1,2018-2022,Weeks 1-3,Home field,Non-conference
401013319,2018,2,Texas,Tulsa,1,False,False,0.8861057717707869,1,0.8861057717707869,1,2018-2022,Weeks 1-3,Home field,Non-conference
401013329,2018,2,Minnesota,Fresno State,1,False,False,0.37880423089251736,0,0.6211957691074826,0,2018-2022,Weeks 1-3,Home field,Non-conference
401013352,2018,2,Purdue,Eastern Michigan,0,False,False,0.6331389090295787,1,0.6331389090295787,0,2018-2022,Weeks 1-3,Home field,Non-conference
401013355,2018,2,Wisconsin,New Mexico,1,False,False,0.9609615265704262,1,0.9609615265704262,1,2018-2022,Weeks 1-3,Home field,Non-conference
401013358,2018,2,Georgia Southern,UMass,1,False,False,0.5214595825461139,1,0.5214595825461139,1,2018-2022,Weeks 1-3,Home field,Non-conference
401013367,2018,2,Army,Liberty,1,False,False,0.6031735199132343,1,0.6031735199132343,1,2018-2022,Weeks 1-3,Home field,Non-conference
401013377,2018,2,Notre Dame,Ball State,1,False,False,0.9661641999203332,1,0.9661641999203332,1,2018-2022,Weeks 1-3,Home field,Non-conference
401013438,2018,2,Utah State,New Mexico State,1,False,False,0.9064935236264373,1,0.9064935236264373,1,2018-2022,Weeks 1-3,Home field,Non-conference
401013490,2018,2,Oklahoma State,South Alabama,1,False,False,0.9809160291094788,1,0.9809160291094788,1,2018-2022,Weeks 1-3,Home field,Non-conference
401014981,2018,2,Charlotte,App State,0,False,False,0.2571773002027463,0,0.7428226997972537,1,2018-2022,Weeks 1-3,Home field,Non-conference
401014982,2018,2,Old Dominion,Florida International,0,False,True,0.38684061150558857,0,0.6131593884944114,1,2018-2022,Weeks 1-3,Home field,Conference
401014983,2018,2,Florida Atlantic,Air Force,1,False,False,0.44943303094755965,0,0.5505669690524404,0,2018-2022,Weeks 1-3,Home field,Non-conference
401014988,2018,2,Hawai'i,Rice,1,False,False,0.8094502186127163,1,0.8094502186127163,1,2018-2022,Weeks 1-3,Home field,Non-conference
401014989,2018,2,Southern Mississippi,Louisiana Monroe,0,False,False,0.669472944303489,1,0.669472944303489,0,2018-2022,Weeks 1-3,Home field,Non-conference
401014990,2018,2,Coastal Carolina,UAB,1,False,False,0.1492746194123312,0,0.8507253805876688,0,2018-2022,Weeks 1-3,Home field,Non-conference
401014991,2018,2,UNLV,UTEP,1,False,False,0.831494347356045,1,0.831494347356045,1,2018-2022,Weeks 1-3,Home field,Non-conference
401019477,2018,2,SMU,TCU,0,False,False,0.10979598151136358,0,0.8902040184886364,1,2018-2022,Weeks 1-3,Home field,Non-conference
401019478,2018,2,Temple,Buffalo,0,False,False,0.6994916837706964,1,0.6994916837706964,0,2018-2022,Weeks 1-3,Home field,Non-conference
401019479,2018,2,Navy,Memphis,1,False,True,0.20901399898992373,0,0.7909860010100762,0,2018-2022,Weeks 1-3,Home field,Conference
401019482,2018,2,Miami (OH),Cincinnati,0,False,False,0.5429856605094249,1,0.5429856605094249,0,2018-2022,Weeks 1-3,Home field,Non-conference
401019483,2018,2,Boise State,Connecticut,1,False,False,0.9634641738613169,1,0.9634641738613169,1,2018-2022,Weeks 1-3,Home field,Non-conference
401012272,2018,3,Arkansas,North Texas,0,False,False,0.7973245794554028,1,0.7973245794554028,0,2018-2022,Weeks 1-3,Home field,Non-conference
401012273,2018,3,Auburn,LSU,0,False,True,0.7175248663064604,1,0.7175248663064604,0,2018-2022,Weeks 1-3,Home field,Conference
401012274,2018,3,Florida,Colorado State,1,False,False,0.9198105698169067,1,0.9198105698169067,1,2018-2022,Weeks 1-3,Home field,Non-conference
401012275,2018,3,Georgia,Middle Tennessee,1,False,False,0.9494265084490093,1,0.9494265084490093,1,2018-2022,Weeks 1-3,Home field,Non-conference
401012277,2018,3,Ole Miss,Alabama,0,False,True,0.056775258413949765,0,0.9432247415860502,1,2018-2022,Weeks 1-3,Home field,Conference
401012278,2018,3,Mississippi State,Louisiana,1,False,False,0.9401137912007101,1,0.9401137912007101,1,2018-2022,Weeks 1-3,Home field,Non-conference
401012279,2018,3,Purdue,Missouri,0,False,False,0.3408537191952561,0,0.6591462808047439,1,2018-2022,Weeks 1-3,Home field,Non-conference
401012281,2018,3,Tennessee,UTEP,1,False,False,0.9614446587875515,1,0.9614446587875515,1,2018-2022,Weeks 1-3,Home field,Non-conference
401012282,2018,3,Texas A&M,Louisiana Monroe,1,False,False,0.9264246542108602,1,0.9264246542108602,1,2018-2022,Weeks 1-3,Home field,Non-conference
401012283,2018,3,Notre Dame,Vanderbilt,1,False,False,0.8552793584551244,1,0.8552793584551244,1,2018-2022,Weeks 1-3,Home field,Non-conference
401012738,2018,3,San Diego State,Arizona State,1,False,False,0.5023699069147403,1,0.5023699069147403,1,2018-2022,Weeks 1-3,Home field,Non-conference
401012739,2018,3,Texas,USC,1,False,False,0.5041786409913924,1,0.5041786409913924,1,2018-2022,Weeks 1-3,Home field,Non-conference
401012740,2018,3,UCLA,Fresno State,0,False,False,0.4220188974836436,0,0.5779811025163564,1,2018-2022,Weeks 1-3,Home field,Non-conference
401012742,2018,3,Utah,Washington,0,False,True,0.2833688296164389,0,0.7166311703835611,1,2018-2022,Weeks 1-3,Home field,Conference
401012743,2018,3,Oregon,San José State,1,False,False,0.9890443194865768,1,0.9890443194865768,1,2018-2022,Weeks 1-3,Home field,Non-conference
401012744,2018,3,Nevada,Oregon State,1,False,False,0.7582738492514116,1,0.7582738492514116,1,2018-2022,Weeks 1-3,Home field,Non-conference
401012806,2018,3,Illinois,South Florida,0,True,False,0.4167501959011134,0,0.5832498040988866,1,2018-2022,Weeks 1-3,Neutral,Non-conference
401012822,2018,3,Kansas,Rutgers,1,False,False,0.7584570576891336,1,0.7584570576891336,1,2018-2022,Weeks 1-3,Home field,Non-conference
401012853,2018,3,Indiana,Ball State,1,False,False,0.8958720916978384,1,0.8958720916978384,1,2018-2022,Weeks 1-3,Home field,Non-conference
401012874,2018,3,Maryland,Temple,0,False,False,0.4905047335437601,0,0.5094952664562399,1,2018-2022,Weeks 1-3,Home field,Non-conference
401012890,2018,3,Michigan,SMU,1,False,False,0.976160983537252,1,0.976160983537252,1,2018-2022,Weeks 1-3,Home field,Non-conference
401013028,2018,3,Baylor,Duke,0,False,False,0.34121569907813176,0,0.6587843009218682,1,2018-2022,Weeks 1-3,Home field,Non-conference
401013039,2018,3,Iowa State,Oklahoma,0,False,True,0.1743532586253807,0,0.8256467413746194,1,2018-2022,Weeks 1-3,Home field,Conference
401013058,2018,3,Kansas State,UT San Antonio,1,False,False,0.889452658128717,1,0.889452658128717,1,2018-2022,Weeks 1-3,Home field,Non-conference
401013074,2018,3,TCU,Ohio State,0,True,False,0.18914923522563076,0,0.8108507647743692,1,2018-2022,Weeks 1-3,Neutral,Non-conference
401013109,2018,3,Wake Forest,Boston College,0,False,True,0.6059932533965587,1,0.6059932533965587,0,2018-2022,Weeks 1-3,Home field,Conference
401013110,2018,3,Clemson,Georgia Southern,1,False,False,0.9846368291253808,1,0.9846368291253808,1,2018-2022,Weeks 1-3,Home field,Non-conference
401013111,2018,3,Syracuse,Florida State,1,False,True,0.32036800524320647,0,0.6796319947567935,0,2018-2022,Weeks 1-3,Home field,Conference
401013112,2018,3,Pittsburgh,Georgia Tech,1,False,True,0.5752694088324392,1,0.5752694088324392,1,2018-2022,Weeks 1-3,Home field,Conference
401013113,2018,3,Louisville,Western Kentucky,1,False,False,0.9004865211585465,1,0.9004865211585465,1,2018-2022,Weeks 1-3,Home field,Non-conference
401013114,2018,3,Toledo,Miami,0,False,False,0.3686479690785721,0,0.6313520309214279,1,2018-2022,Weeks 1-3,Home field,Non-conference
401013117,2018,3,Virginia,Ohio,1,False,False,0.35703640631532624,0,0.6429635936846738,0,2018-2022,Weeks 1-3,Home field,Non-conference
401013323,2018,3,Texas Tech,Houston,1,False,False,0.6187595863888141,1,0.6187595863888141,1,2018-2022,Weeks 1-3,Home field,Non-conference
401013330,2018,3,Minnesota,Miami (OH),1,False,False,0.877447471324008,1,0.877447471324008,1,2018-2022,Weeks 1-3,Home field,Non-conference
401013337,2018,3,Nebraska,Troy,0,False,False,0.7163434009037022,1,0.7163434009037022,0,2018-2022,Weeks 1-3,Home field,Non-conference
401013343,2018,3,Northwestern,Akron,0,False,False,0.9335950732450932,1,0.9335950732450932,0,2018-2022,Weeks 1-3,Home field,Non-conference
401013350,2018,3,Penn State,Kent State,1,False,False,0.9919318766845164,1,0.9919318766845164,1,2018-2022,Weeks 1-3,Home field,Non-conference
401013356,2018,3,Wisconsin,BYU,0,False,False,0.9200651290053459,1,0.9200651290053459,0,2018-2022,Weeks 1-3,Home field,Non-conference
401013359,2018,3,Florida International,UMass,1,False,False,0.5418612518034539,1,0.5418612518034539,1,2018-2022,Weeks 1-3,Home field,Non-conference
401013368,2018,3,Army,Hawai'i,1,False,False,0.5853848803299927,1,0.5853848803299927,1,2018-2022,Weeks 1-3,Home field,Non-conference
401013439,2018,3,New Mexico State,New Mexico,0,False,False,0.4273998358879522,0,0.5726001641120477,1,2018-2022,Weeks 1-3,Home field,Non-conference
401013491,2018,3,Oklahoma State,Boise State,1,False,False,0.649022481694211,1,0.649022481694211,1,2018-2022,Weeks 1-3,Home field,Non-conference
401014993,2018,3,Charlotte,Old Dominion,1,False,True,0.5238878746975235,1,0.5238878746975235,1,2018-2022,Weeks 1-3,Home field,Conference
401014996,2018,3,UAB,Tulane,1,False,False,0.6411213186983051,1,0.6411213186983051,1,2018-2022,Weeks 1-3,Home field,Non-conference
401019484,2018,3,Memphis,Georgia State,1,False,False,0.8925639809319889,1,0.8925639809319889,1,2018-2022,Weeks 1-3,Home field,Non-conference
401019488,2018,3,Tulsa,Arkansas State,0,False,False,0.5643988407457752,1,0.5643988407457752,0,2018-2022,Weeks 1-3,Home field,Non-conference
401020679,2018,3,Northern Illinois,Central Michigan,1,False,True,0.9005599028905549,1,0.9005599028905549,1,2018-2022,Weeks 1-3,Home field,Conference
401020682,2018,3,Buffalo,Eastern Michigan,1,False,True,0.6665411830642526,1,0.6665411830642526,1,2018-2022,Weeks 1-3,Home field,Conference
401021660,2018,3,South Alabama,Texas State,1,False,True,0.5456481373308867,1,0.5456481373308867,1,2018-2022,Weeks 1-3,Home field,Conference
401012284,2018,4,Alabama,Texas A&M,1,False,True,0.9511770561915798,1,0.9511770561915798,1,2018-2022,Weeks 4-6,Home field,Conference
401012285,2018,4,Auburn,Arkansas,1,False,True,0.9373426383710906,1,0.9373426383710906,1,2018-2022,Weeks 4-6,Home field,Conference
401012286,2018,4,Kentucky,Mississippi State,1,False,True,0.24288042580715974,0,0.7571195741928403,0,2018-2022,Weeks 4-6,Home field,Conference
401012287,2018,4,LSU,Louisiana Tech,1,False,False,0.7849741335444608,1,0.7849741335444608,1,2018-2022,Weeks 4-6,Home field,Non-conference
401012288,2018,4,Ole Miss,Kent State,1,False,False,0.9651315165734217,1,0.9651315165734217,1,2018-2022,Weeks 4-6,Home field,Non-conference
401012289,2018,4,Missouri,Georgia,0,False,True,0.21971184776324595,0,0.7802881522367541,1,2018-2022,Weeks 4-6,Home field,Conference
401012290,2018,4,Tennessee,Florida,0,False,True,0.22486015657280606,0,0.7751398434271939,1,2018-2022,Weeks 4-6,Home field,Conference
401012291,2018,4,Vanderbilt,South Carolina,0,False,True,0.3501955260427076,0,0.6498044739572924,1,2018-2022,Weeks 4-6,Home field,Conference
401012748,2018,4,USC,Washington State,1,False,True,0.7889528826338885,1,0.7889528826338885,1,2018-2022,Weeks 4-6,Home field,Conference
401012749,2018,4,Oregon,Stanford,0,False,True,0.5694583626419224,1,0.5694583626419224,0,2018-2022,Weeks 4-6,Home field,Conference
401012750,2018,4,Oregon State,Arizona,0,False,True,0.23065512709655214,0,0.7693448729034479,1,2018-2022,Weeks 4-6,Home field,Conference
401012751,2018,4,Washington,Arizona State,1,False,True,0.8851762326821373,1,0.8851762326821373,1,2018-2022,Weeks 4-6,Home field,Conference
401012807,2018,4,Illinois,Penn State,0,False,True,0.03916632213149912,0,0.9608336778685009,1,2018-2022,Weeks 4-6,Home field,Conference
401012823,2018,4,Rutgers,Buffalo,0,False,False,0.35610125471990395,0,0.643898745280096,1,2018-2022,Weeks 4-6,Home field,Non-conference
401012854,2018,4,Indiana,Michigan State,0,False,True,0.2456827230320329,0,0.7543172769679671,1,2018-2022,Weeks 4-6,Home field,Conference
401012865,2018,4,Iowa,Wisconsin,0,False,True,0.48938350482481785,0,0.5106164951751822,1,2018-2022,Weeks 4-6,Home field,Conference
401012875,2018,4,Maryland,Minnesota,1,False,True,0.2963200020028765,0,0.7036799979971236,0,2018-2022,Weeks 4-6,Home field,Conference
401012891,2018,4,Michigan,Nebraska,1,False,True,0.9444950344702082,1,0.9444950344702082,1,2018-2022,Weeks 4-6,Home field,Conference
401013029,2018,4,Baylor,Kansas,1,False,True,0.7381122255844202,1,0.7381122255844202,1,2018-2022,Weeks 4-6,Home field,Conference
401013040,2018,4,Iowa State,Akron,1,False,False,0.9176652593115996,1,0.9176652593115996,1,2018-2022,Weeks 4-6,Home field,Non-conference
401013059,2018,4,West Virginia,Kansas State,1,False,True,0.7976248771364474,1,0.7976248771364474,1,2018-2022,Weeks 4-6,Home field,Conference
401013066,2018,4,Oklahoma,Army,1,False,False,0.9875299614192173,1,0.9875299614192173,1,2018-2022,Weeks 4-6,Home field,Non-conference
401013075,2018,4,Texas,TCU,1,False,True,0.543660482358207,1,0.543660482358207,1,2018-2022,Weeks 4-6,Home field,Conference
401013119,2018,4,Purdue,Boston College,1,False,False,0.39967829402730487,0,0.6003217059726951,0,2018-2022,Weeks 4-6,Home field,Non-conference
401013120,2018,4,Georgia Tech,Clemson,0,False,True,0.06726882207977078,0,0.9327311779202292,1,2018-2022,Weeks 4-6,Home field,Conference
401013122,2018,4,Florida State,Northern Illinois,1,False,False,0.7508310289385878,1,0.7508310289385878,1,2018-2022,Weeks 4-6,Home field,Non-conference
401013123,2018,4,Virginia,Louisville,1,False,True,0.44035975342855516,0,0.5596402465714448,0,2018-2022,Weeks 4-6,Home field,Conference
401013124,2018,4,Miami,Florida International,1,False,False,0.9325712294878417,1,0.9325712294878417,1,2018-2022,Weeks 4-6,Home field,Non-conference
401013125,2018,4,North Carolina,Pittsburgh,1,False,True,0.5542932676482224,1,0.5542932676482224,1,2018-2022,Weeks 4-6,Home field,Conference
401013126,2018,4,Marshall,NC State,0,False,False,0.4658212116610702,0,0.5341787883389297,1,2018-2022,Weeks 4-6,Home field,Non-conference
401013127,2018,4,Syracuse,Connecticut,1,False,False,0.9308612668273161,1,0.9308612668273161,1,2018-2022,Weeks 4-6,Home field,Non-conference
401013128,2018,4,Old Dominion,Virginia Tech,1,False,False,0.03379261163204148,0,0.9662073883679585,0,2018-2022,Weeks 4-6,Home field,Non-conference
401013129,2018,4,Wake Forest,Notre Dame,0,False,False,0.3123577346945067,0,0.6876422653054933,1,2018-2022,Weeks 4-6,Home field,Non-conference
401013324,2018,4,Oklahoma State,Texas Tech,0,False,True,0.8723361084615597,1,0.8723361084615597,0,2018-2022,Weeks 4-6,Home field,Conference
401013346,2018,4,Ohio State,Tulane,1,False,False,0.9933710266773433,1,0.9933710266773433,1,2018-2022,Weeks 4-6,Home field,Non-conference
401013360,2018,4,UMass,Charlotte,1,False,False,0.6924575434311461,1,0.6924575434311461,1,2018-2022,Weeks 4-6,Home field,Non-conference
401013440,2018,4,UTEP,New Mexico State,0,False,False,0.4597682081331988,0,0.5402317918668011,1,2018-2022,Weeks 4-6,Home field,Non-conference
401013450,2018,4,Liberty,North Texas,0,False,False,0.35175725624397297,0,0.648242743756027,1,2018-2022,Weeks 4-6,Home field,Non-conference
401014998,2018,4,Southern Mississippi,Rice,1,False,True,0.7998885572406675,1,0.7998885572406675,1,2018-2022,Weeks 4-6,Home field,Conference
401014999,2018,4,UT San Antonio,Texas State,1,False,False,0.6574293908164278,1,0.6574293908164278,1,2018-2022,Weeks 4-6,Home field,Non-conference
401015000,2018,4,Ball State,Western Kentucky,0,False,False,0.49841393346059815,0,0.5015860665394019,1,2018-2022,Weeks 4-6,Home field,Non-conference
401019489,2018,4,Temple,Tulsa,1,False,True,0.6972290681751412,1,0.6972290681751412,1,2018-2022,Weeks 4-6,Home field,Conference
401019490,2018,4,UCF,Florida Atlantic,1,False,False,0.9015901449804625,1,0.9015901449804625,1,2018-2022,Weeks 4-6,Home field,Non-conference
401019491,2018,4,Cincinnati,Ohio,1,False,False,0.6156132258257764,1,0.6156132258257764,1,2018-2022,Weeks 4-6,Home field,Non-conference
401019492,2018,4,South Florida,East Carolina,1,False,True,0.8249213707069372,1,0.8249213707069372,1,2018-2022,Weeks 4-6,Home field,Conference
401019494,2018,4,Memphis,South Alabama,1,False,False,0.9586859489281925,1,0.9586859489281925,1,2018-2022,Weeks 4-6,Home field,Non-conference
401019495,2018,4,SMU,Navy,1,False,True,0.3209772277886807,0,0.6790227722113193,0,2018-2022,Weeks 4-6,Home field,Conference
401020683,2018,4,San Diego State,Eastern Michigan,1,False,False,0.8529298517642744,1,0.8529298517642744,1,2018-2022,Weeks 4-6,Home field,Non-conference
401020685,2018,4,Toledo,Nevada,1,False,False,0.7788899432816234,1,0.7788899432816234,1,2018-2022,Weeks 4-6,Home field,Non-conference
401020686,2018,4,Georgia State,Western Michigan,0,False,False,0.5604154859830035,1,0.5604154859830035,0,2018-2022,Weeks 4-6,Home field,Non-conference
401020811,2018,4,Bowling Green,Miami (OH),0,False,True,0.2693125466001143,0,0.7306874533998857,1,2018-2022,Weeks 4-6,Home field,Conference
401021662,2018,4,Arkansas State,UNLV,1,False,False,0.6336342655650082,1,0.6336342655650082,1,2018-2022,Weeks 4-6,Home field,Non-conference
401021663,2018,4,Louisiana,Coastal Carolina,0,False,True,0.5410640807708365,1,0.5410640807708365,0,2018-2022,Weeks 4-6,Home field,Conference
401021664,2018,4,Louisiana Monroe,Troy,0,False,True,0.3760447830501882,0,0.6239552169498118,1,2018-2022,Weeks 4-6,Home field,Conference
401022522,2018,4,Utah State,Air Force,1,False,True,0.7710379487555918,1,0.7710379487555918,1,2018-2022,Weeks 4-6,Home field,Conference
401012292,2018,5,Alabama,Louisiana,1,False,False,0.998075154772919,1,0.998075154772919,1,2018-2022,Weeks 4-6,Home field,Non-conference
401012293,2018,5,Texas A&M,Arkansas,1,True,True,0.8679731275655845,1,0.8679731275655845,1,2018-2022,Weeks 4-6,Neutral,Conference
401012294,2018,5,Auburn,Southern Mississippi,1,False,False,0.9751742455743939,1,0.9751742455743939,1,2018-2022,Weeks 4-6,Home field,Non-conference
401012295,2018,5,Georgia,Tennessee,1,False,True,0.9444991199123264,1,0.9444991199123264,1,2018-2022,Weeks 4-6,Home field,Conference
401012296,2018,5,Kentucky,South Carolina,1,False,True,0.6030083686563106,1,0.6030083686563106,1,2018-2022,Weeks 4-6,Home field,Conference
401012297,2018,5,LSU,Ole Miss,1,False,True,0.7891142026380262,1,0.7891142026380262,1,2018-2022,Weeks 4-6,Home field,Conference
401012298,2018,5,Mississippi State,Florida,0,False,True,0.6152725005845878,1,0.6152725005845878,0,2018-2022,Weeks 4-6,Home field,Conference
401012752,2018,5,Colorado,UCLA,1,False,True,0.5808521637423948,1,0.5808521637423948,1,2018-2022,Weeks 4-6,Home field,Conference
401012753,2018,5,Arizona,USC,0,False,True,0.2895638521636286,0,0.7104361478363714,1,2018-2022,Weeks 4-6,Home field,Conference
401012754,2018,5,Arizona State,Oregon State,1,False,True,0.9136449244989653,1,0.9136449244989653,1,2018-2022,Weeks 4-6,Home field,Conference
401012755,2018,5,Washington,BYU,1,False,False,0.9508097900986503,1,0.9508097900986503,1,2018-2022,Weeks 4-6,Home field,Non-conference
401012756,2018,5,Washington State,Utah,1,False,True,0.4294968125323232,0,0.5705031874676768,0,2018-2022,Weeks 4-6,Home field,Conference
401012757,2018,5,California,Oregon,0,False,True,0.31011001890865203,0,0.6898899810913479,1,2018-2022,Weeks 4-6,Home field,Conference
401012758,2018,5,Notre Dame,Stanford,1,False,False,0.7643855671603255,1,0.7643855671603255,1,2018-2022,Weeks 4-6,Home field,Non-conference
401012824,2018,5,Rutgers,Indiana,0,False,True,0.1811538012388378,0,0.8188461987611622,1,2018-2022,Weeks 4-6,Home field,Conference
401012881,2018,5,Michigan State,Central Michigan,1,False,False,0.9828415504226151,1,0.9828415504226151,1,2018-2022,Weeks 4-6,Home field,Non-conference
401012892,2018,5,Northwestern,Michigan,0,False,True,0.1287723503304227,0,0.8712276496695773,1,2018-2022,Weeks 4-6,Home field,Conference
401013030,2018,5,Oklahoma,Baylor,1,False,True,0.8893293139305002,1,0.8893293139305002,1,2018-2022,Weeks 4-6,Home field,Conference
401013041,2018,5,TCU,Iowa State,1,False,True,0.7672197152210342,1,0.7672197152210342,1,2018-2022,Weeks 4-6,Home field,Conference
401013050,2018,5,Kansas,Oklahoma State,0,False,True,0.1749309097042614,0,0.8250690902957386,1,2018-2022,Weeks 4-6,Home field,Conference
401013060,2018,5,Kansas State,Texas,0,False,True,0.20652985634820745,0,0.7934701436517926,1,2018-2022,Weeks 4-6,Home field,Conference
401013130,2018,5,Boston College,Temple,1,False,False,0.7161519108456351,1,0.7161519108456351,1,2018-2022,Weeks 4-6,Home field,Non-conference
401013131,2018,5,Clemson,Syracuse,1,False,True,0.9808982722764422,1,0.9808982722764422,1,2018-2022,Weeks 4-6,Home field,Conference
401013132,2018,5,Duke,Virginia Tech,0,False,True,0.5757975929411185,1,0.5757975929411185,0,2018-2022,Weeks 4-6,Home field,Conference
401013133,2018,5,Louisville,Florida State,0,False,True,0.4113608755390748,0,0.5886391244609253,1,2018-2022,Weeks 4-6,Home field,Conference
401013134,2018,5,Georgia Tech,Bowling Green,1,False,False,0.9532252434288019,1,0.9532252434288019,1,2018-2022,Weeks 4-6,Home field,Non-conference
401013135,2018,5,NC State,Virginia,1,False,True,0.752886406715655,1,0.752886406715655,1,2018-2022,Weeks 4-6,Home field,Conference
401013136,2018,5,UCF,Pittsburgh,1,False,False,0.8800716951565033,1,0.8800716951565033,1,2018-2022,Weeks 4-6,Home field,Non-conference
401013137,2018,5,Wake Forest,Rice,1,False,False,0.9510905989920755,1,0.9510905989920755,1,2018-2022,Weeks 4-6,Home field,Non-conference
401013325,2018,5,Texas Tech,West Virginia,0,False,True,0.4007578080197982,0,0.5992421919802018,1,2018-2022,Weeks 4-6,Home field,Conference
401013338,2018,5,Nebraska,Purdue,0,False,True,0.4951212734885767,0,0.5048787265114233,1,2018-2022,Weeks 4-6,Home field,Conference
401013347,2018,5,Penn State,Ohio State,0,False,True,0.2851767923748628,0,0.7148232076251372,1,2018-2022,Weeks 4-6,Home field,Conference
401013361,2018,5,Ohio,UMass,1,False,False,0.8379992279103252,1,0.8379992279103252,1,2018-2022,Weeks 4-6,Home field,Non-conference
401013369,2018,5,Buffalo,Army,0,False,False,0.7879281567289107,1,0.7879281567289107,0,2018-2022,Weeks 4-6,Home field,Non-conference
401013451,2018,5,New Mexico,Liberty,0,False,False,0.7819357934436,1,0.7819357934436,0,2018-2022,Weeks 4-6,Home field,Non-conference
401013466,2018,5,Miami,North Carolina,1,False,True,0.8253617255169707,1,0.8253617255169707,1,2018-2022,Weeks 4-6,Home field,Conference
401015001,2018,5,UAB,Charlotte,1,False,True,0.8466486672006257,1,0.8466486672006257,1,2018-2022,Weeks 4-6,Home field,Conference
401015003,2018,5,Middle Tennessee,Florida Atlantic,1,False,True,0.47734505843973196,0,0.522654941560268,0,2018-2022,Weeks 4-6,Home field,Conference
401015004,2018,5,North Texas,Louisiana Tech,0,False,True,0.5434305235194496,1,0.5434305235194496,0,2018-2022,Weeks 4-6,Home field,Conference
401015005,2018,5,Western Kentucky,Marshall,0,False,True,0.30080532545057137,0,0.6991946745494286,1,2018-2022,Weeks 4-6,Home field,Conference
401015006,2018,5,East Carolina,Old Dominion,1,False,False,0.6442387410643877,1,0.6442387410643877,1,2018-2022,Weeks 4-6,Home field,Non-conference
401015007,2018,5,UT San Antonio,UTEP,1,False,True,0.7454344317345896,1,0.7454344317345896,1,2018-2022,Weeks 4-6,Home field,Conference
401019496,2018,5,Tulane,Memphis,1,False,True,0.1586319518789507,0,0.8413680481210493,0,2018-2022,Weeks 4-6,Home field,Conference
401019497,2018,5,Connecticut,Cincinnati,0,False,True,0.12130616825195324,0,0.8786938317480467,1,2018-2022,Weeks 4-6,Home field,Conference
401020687,2018,5,Ball State,Kent State,1,False,True,0.7689030914287583,1,0.7689030914287583,1,2018-2022,Weeks 4-6,Home field,Conference
401020688,2018,5,Eastern Michigan,Northern Illinois,0,False,True,0.46775508380933334,0,0.5322449161906666,1,2018-2022,Weeks 4-6,Home field,Conference
401020689,2018,5,Fresno State,Toledo,1,False,False,0.7999156601233193,1,0.7999156601233193,1,2018-2022,Weeks 4-6,Home field,Non-conference
401020750,2018,5,Miami (OH),Western Michigan,0,False,True,0.5066057067752534,1,0.5066057067752534,0,2018-2022,Weeks 4-6,Home field,Conference
401021665,2018,5,App State,South Alabama,1,False,True,0.9276321899400162,1,0.9276321899400162,1,2018-2022,Weeks 4-6,Home field,Conference
401021666,2018,5,Georgia Southern,Arkansas State,1,False,True,0.4786495131160753,0,0.5213504868839247,0,2018-2022,Weeks 4-6,Home field,Conference
401021667,2018,5,Troy,Coastal Carolina,1,False,True,0.756938489704938,1,0.756938489704938,1,2018-2022,Weeks 4-6,Home field,Conference
401021668,2018,5,Georgia State,Louisiana Monroe,1,False,True,0.49814450687103473,0,0.5018554931289653,0,2018-2022,Weeks 4-6,Home field,Conference
401022525,2018,5,Air Force,Nevada,0,False,True,0.5145475050682976,1,0.5145475050682976,0,2018-2022,Weeks 4-6,Home field,Conference
401022526,2018,5,Wyoming,Boise State,0,False,True,0.17186038615974583,0,0.8281396138402541,1,2018-2022,Weeks 4-6,Home field,Conference
401022527,2018,5,San José State,Hawai'i,0,False,True,0.13734541553344298,0,0.862654584466557,1,2018-2022,Weeks 4-6,Home field,Conference
401012300,2018,6,Arkansas,Alabama,0,False,True,0.018047381643095578,0,0.9819526183569044,1,2018-2022,Weeks 4-6,Home field,Conference
401012301,2018,6,Florida,LSU,1,False,True,0.5390460624328024,1,0.5390460624328024,1,2018-2022,Weeks 4-6,Home field,Conference
401012302,2018,6,Georgia,Vanderbilt,1,False,True,0.9316751093093135,1,0.9316751093093135,1,2018-2022,Weeks 4-6,Home field,Conference
401012303,2018,6,Ole Miss,Louisiana Monroe,1,False,False,0.9235504048220581,1,0.9235504048220581,1,2018-2022,Weeks 4-6,Home field,Non-conference
401012304,2018,6,Mississippi State,Auburn,1,False,True,0.42418046961806744,0,0.5758195303819326,0,2018-2022,Weeks 4-6,Home field,Conference
401012305,2018,6,South Carolina,Missouri,1,False,True,0.5483604123244921,1,0.5483604123244921,1,2018-2022,Weeks 4-6,Home field,Conference
401012306,2018,6,Texas A&M,Kentucky,1,False,True,0.6161064778753386,1,0.6161064778753386,1,2018-2022,Weeks 4-6,Home field,Conference
401012759,2018,6,Arizona,California,1,False,True,0.5334774627046216,1,0.5334774627046216,1,2018-2022,Weeks 4-6,Home field,Conference
401012760,2018,6,UCLA,Washington,0,False,True,0.06621613352100403,0,0.9337838664789959,1,2018-2022,Weeks 4-6,Home field,Conference
401012761,2018,6,Colorado,Arizona State,1,False,True,0.40708306125026694,0,0.5929169387497331,0,2018-2022,Weeks 4-6,Home field,Conference
401012762,2018,6,Oregon State,Washington State,0,False,True,0.15631150765772756,0,0.8436884923422725,1,2018-2022,Weeks 4-6,Home field,Conference
401012763,2018,6,Stanford,Utah,0,False,True,0.6591576121372156,1,0.6591576121372156,0,2018-2022,Weeks 4-6,Home field,Conference
401012808,2018,6,Rutgers,Illinois,0,False,True,0.44852996583192883,0,0.5514700341680712,1,2018-2022,Weeks 4-6,Home field,Conference
401012855,2018,6,Ohio State,Indiana,1,False,True,0.9815012058977657,1,0.9815012058977657,1,2018-2022,Weeks 4-6,Home field,Conference
401012866,2018,6,Minnesota,Iowa,0,False,True,0.2872593157885265,0,0.7127406842114735,1,2018-2022,Weeks 4-6,Home field,Conference
401012876,2018,6,Michigan,Maryland,1,False,True,0.9567149468791272,1,0.9567149468791272,1,2018-2022,Weeks 4-6,Home field,Conference
401012882,2018,6,Michigan State,Northwestern,0,False,True,0.781202114515867,1,0.781202114515867,0,2018-2022,Weeks 4-6,Home field,Conference
401013031,2018,6,Baylor,Kansas State,1,False,True,0.7268497487924475,1,0.7268497487924475,1,2018-2022,Weeks 4-6,Home field,Conference
401013042,2018,6,Oklahoma State,Iowa State,0,False,True,0.7724356496967562,1,0.7724356496967562,0,2018-2022,Weeks 4-6,Home field,Conference
401013051,2018,6,West Virginia,Kansas,1,False,True,0.9028549330942519,1,0.9028549330942519,1,2018-2022,Weeks 4-6,Home field,Conference
401013067,2018,6,Oklahoma,Texas,0,True,True,0.7537488073467319,1,0.7537488073467319,0,2018-2022,Weeks 4-6,Neutral,Conference
401013138,2018,6,Louisville,Georgia Tech,0,False,True,0.3494292534515486,0,0.6505707465484514,1,2018-2022,Weeks 4-6,Home field,Conference
401013139,2018,6,NC State,Boston College,1,False,True,0.6671962106077884,1,0.6671962106077884,1,2018-2022,Weeks 4-6,Home field,Conference
401013140,2018,6,Wake Forest,Clemson,0,False,True,0.05789674948180355,0,0.9421032505181964,1,2018-2022,Weeks 4-6,Home field,Conference
401013141,2018,6,Miami,Florida State,1,False,True,0.7832593012658636,1,0.7832593012658636,1,2018-2022,Weeks 4-6,Home field,Conference
401013142,2018,6,Pittsburgh,Syracuse,1,False,True,0.644428341067019,1,0.644428341067019,1,2018-2022,Weeks 4-6,Home field,Conference
401013143,2018,6,Virginia Tech,Notre Dame,0,False,False,0.3530582079274924,0,0.6469417920725076,1,2018-2022,Weeks 4-6,Home field,Non-conference
401013339,2018,6,Wisconsin,Nebraska,1,False,True,0.9201468151267744,1,0.9201468151267744,1,2018-2022,Weeks 4-6,Home field,Conference
401013362,2018,6,UMass,South Florida,0,False,False,0.3084200222080401,0,0.6915799777919599,1,2018-2022,Weeks 4-6,Home field,Non-conference
401013441,2018,6,New Mexico State,Liberty,1,False,False,0.5451651141613324,1,0.5451651141613324,1,2018-2022,Weeks 4-6,Home field,Non-conference
401015008,2018,6,Florida Atlantic,Old Dominion,1,False,True,0.8302374085972654,1,0.8302374085972654,1,2018-2022,Weeks 4-6,Home field,Conference
401015009,2018,6,Louisiana Tech,UAB,0,False,True,0.6947727949923599,1,0.6947727949923599,0,2018-2022,Weeks 4-6,Home field,Conference
401015010,2018,6,Marshall,Middle Tennessee,0,False,True,0.7087494153555292,1,0.7087494153555292,0,2018-2022,Weeks 4-6,Home field,Conference
401015011,2018,6,UTEP,North Texas,0,False,True,0.07402572988972712,0,0.9259742701102729,1,2018-2022,Weeks 4-6,Home field,Conference
401015012,2018,6,Rice,UT San Antonio,0,False,True,0.4528324887215778,0,0.5471675112784222,1,2018-2022,Weeks 4-6,Home field,Conference
401016407,2018,6,BYU,Utah State,0,False,False,0.4236052055403261,0,0.5763947944596739,1,2018-2022,Weeks 4-6,Home field,Non-conference
401019499,2018,6,Houston,Tulsa,1,False,True,0.7551546136022436,1,0.7551546136022436,1,2018-2022,Weeks 4-6,Home field,Conference
401019500,2018,6,UCF,SMU,1,False,True,0.9545851453574601,1,0.9545851453574601,1,2018-2022,Weeks 4-6,Home field,Conference
401019501,2018,6,Cincinnati,Tulane,1,False,True,0.788594190337883,1,0.788594190337883,1,2018-2022,Weeks 4-6,Home field,Conference
401019502,2018,6,Memphis,Connecticut,1,False,True,0.9710348496461763,1,0.9710348496461763,1,2018-2022,Weeks 4-6,Home field,Conference
401019503,2018,6,Temple,East Carolina,1,False,True,0.8412127944630451,1,0.8412127944630451,1,2018-2022,Weeks 4-6,Home field,Conference
401019504,2018,6,Air Force,Navy,1,False,False,0.4164385939967892,0,0.5835614060032108,0,2018-2022,Weeks 4-6,Home field,Non-conference
401020751,2018,6,Toledo,Bowling Green,1,False,True,0.918559153169118,1,0.918559153169118,1,2018-2022,Weeks 4-6,Home field,Conference
401020752,2018,6,Central Michigan,Buffalo,0,False,True,0.3431898908612714,0,0.6568101091387286,1,2018-2022,Weeks 4-6,Home field,Conference
401020753,2018,6,Western Michigan,Eastern Michigan,1,False,True,0.5603395939484067,1,0.5603395939484067,1,2018-2022,Weeks 4-6,Home field,Conference
401020754,2018,6,Ball State,Northern Illinois,0,False,True,0.38555314149686143,0,0.6144468585031386,1,2018-2022,Weeks 4-6,Home field,Conference
401020755,2018,6,Kent State,Ohio,0,False,True,0.12603021633270595,0,0.873969783667294,1,2018-2022,Weeks 4-6,Home field,Conference
401020812,2018,6,Akron,Miami (OH),0,False,True,0.49926971341372195,0,0.500730286586278,1,2018-2022,Weeks 4-6,Home field,Conference
401021669,2018,6,Troy,Georgia State,1,False,True,0.7764535522825513,1,0.7764535522825513,1,2018-2022,Weeks 4-6,Home field,Conference
401021670,2018,6,Georgia Southern,South Alabama,1,False,True,0.8356490541253214,1,0.8356490541253214,1,2018-2022,Weeks 4-6,Home field,Conference
401021671,2018,6,Texas State,Louisiana,0,False,True,0.5603332817597343,1,0.5603332817597343,0,2018-2022,Weeks 4-6,Home field,Conference
401022528,2018,6,Boise State,San Diego State,0,False,True,0.7918905556532634,1,0.7918905556532634,0,2018-2022,Weeks 4-6,Home field,Conference
401022529,2018,6,San José State,Colorado State,0,False,True,0.4263711268922498,0,0.5736288731077501,1,2018-2022,Weeks 4-6,Home field,Conference
401022530,2018,6,UNLV,New Mexico,0,False,True,0.6800397674767598,1,0.6800397674767598,0,2018-2022,Weeks 4-6,Home field,Conference
401022531,2018,6,Hawai'i,Wyoming,1,False,True,0.649741372593045,1,0.649741372593045,1,2018-2022,Weeks 4-6,Home field,Conference
401022532,2018,6,Nevada,Fresno State,0,False,True,0.2079431535088394,0,0.7920568464911606,1,2018-2022,Weeks 4-6,Home field,Conference
401012307,2018,7,Alabama,Missouri,1,False,True,0.9639284102248347,1,0.9639284102248347,1,2018-2022,Weeks 7-9,Home field,Conference
401012308,2018,7,Arkansas,Ole Miss,0,False,True,0.28140758141317845,0,0.7185924185868215,1,2018-2022,Weeks 7-9,Home field,Conference
401012309,2018,7,Auburn,Tennessee,0,False,True,0.9221578133790032,1,0.9221578133790032,0,2018-2022,Weeks 7-9,Home field,Conference
401012310,2018,7,LSU,Georgia,1,False,True,0.32364183200050967,0,0.6763581679994903,0,2018-2022,Weeks 7-9,Home field,Conference
401012311,2018,7,South Carolina,Texas A&M,0,False,True,0.3732559459308311,0,0.6267440540691689,1,2018-2022,Weeks 7-9,Home field,Conference
401012312,2018,7,Vanderbilt,Florida,0,False,True,0.16987533908472846,0,0.8301246609152715,1,2018-2022,Weeks 7-9,Home field,Conference
401012764,2018,7,Utah,Arizona,1,False,True,0.7674102544080945,1,0.7674102544080945,1,2018-2022,Weeks 7-9,Home field,Conference
401012765,2018,7,USC,Colorado,1,False,True,0.8220722581430795,1,0.8220722581430795,1,2018-2022,Weeks 7-9,Home field,Conference
401012766,2018,7,Oregon,Washington,1,False,True,0.32605630508996264,0,0.6739436949100374,0,2018-2022,Weeks 7-9,Home field,Conference
401012767,2018,7,California,UCLA,0,False,True,0.6779748933201198,1,0.6779748933201198,0,2018-2022,Weeks 7-9,Home field,Conference
401012809,2018,7,Illinois,Purdue,0,False,True,0.3900356779190085,0,0.6099643220809915,1,2018-2022,Weeks 7-9,Home field,Conference
401012825,2018,7,Maryland,Rutgers,1,False,True,0.8607680606468366,1,0.8607680606468366,1,2018-2022,Weeks 7-9,Home field,Conference
401012856,2018,7,Indiana,Iowa,0,False,True,0.24551941774343974,0,0.7544805822565602,1,2018-2022,Weeks 7-9,Home field,Conference
401012883,2018,7,Penn State,Michigan State,0,False,True,0.7606619838923043,1,0.7606619838923043,0,2018-2022,Weeks 7-9,Home field,Conference
401012893,2018,7,Michigan,Wisconsin,1,False,True,0.8544203158222904,1,0.8544203158222904,1,2018-2022,Weeks 7-9,Home field,Conference
401013032,2018,7,Texas,Baylor,1,False,True,0.7718591398613591,1,0.7718591398613591,1,2018-2022,Weeks 7-9,Home field,Conference
401013043,2018,7,Iowa State,West Virginia,1,False,True,0.27933507631133925,0,0.7206649236886608,0,2018-2022,Weeks 7-9,Home field,Conference
401013061,2018,7,Kansas State,Oklahoma State,1,False,True,0.24857994366444758,0,0.7514200563355524,0,2018-2022,Weeks 7-9,Home field,Conference
401013076,2018,7,TCU,Texas Tech,0,False,True,0.6984318098940443,1,0.6984318098940443,0,2018-2022,Weeks 7-9,Home field,Conference
401013144,2018,7,Boston College,Louisville,1,False,True,0.8360696221532722,1,0.8360696221532722,1,2018-2022,Weeks 7-9,Home field,Conference
401013145,2018,7,Georgia Tech,Duke,0,False,True,0.5911004956203676,1,0.5911004956203676,0,2018-2022,Weeks 7-9,Home field,Conference
401013146,2018,7,Virginia,Miami,1,False,True,0.237127605962675,0,0.762872394037325,0,2018-2022,Weeks 7-9,Home field,Conference
401013147,2018,7,North Carolina,Virginia Tech,0,False,True,0.25359577145443973,0,0.7464042285455603,1,2018-2022,Weeks 7-9,Home field,Conference
401013148,2018,7,Notre Dame,Pittsburgh,1,False,False,0.9374136527768785,1,0.9374136527768785,1,2018-2022,Weeks 7-9,Home field,Non-conference
401013331,2018,7,Ohio State,Minnesota,1,False,True,0.9736827410208468,1,0.9736827410208468,1,2018-2022,Weeks 7-9,Home field,Conference
401013340,2018,7,Northwestern,Nebraska,1,False,True,0.7755603185283793,1,0.7755603185283793,1,2018-2022,Weeks 7-9,Home field,Conference
401013370,2018,7,San José State,Army,0,True,False,0.4040239250588154,0,0.5959760749411847,1,2018-2022,Weeks 7-9,Neutral,Non-conference
401013442,2018,7,Louisiana,New Mexico State,1,False,False,0.7390519741467464,1,0.7390519741467464,1,2018-2022,Weeks 7-9,Home field,Non-conference
401013452,2018,7,Liberty,Troy,1,False,False,0.26315547607821854,0,0.7368445239217815,0,2018-2022,Weeks 7-9,Home field,Non-conference
401015013,2018,7,Charlotte,Western Kentucky,1,False,True,0.3772604312643765,0,0.6227395687356235,0,2018-2022,Weeks 7-9,Home field,Conference
401015014,2018,7,Florida International,Middle Tennessee,1,False,True,0.476473867793049,0,0.523526132206951,0,2018-2022,Weeks 7-9,Home field,Conference
401015015,2018,7,UT San Antonio,Louisiana Tech,0,False,True,0.17447031908984095,0,0.8255296809101591,1,2018-2022,Weeks 7-9,Home field,Conference
401015016,2018,7,Old Dominion,Marshall,0,False,True,0.2725487844318353,0,0.7274512155681647,1,2018-2022,Weeks 7-9,Home field,Conference
401015017,2018,7,North Texas,Southern Mississippi,1,False,True,0.7624694229985464,1,0.7624694229985464,1,2018-2022,Weeks 7-9,Home field,Conference
401015018,2018,7,Rice,UAB,0,False,True,0.10805337831166792,0,0.891946621688332,1,2018-2022,Weeks 7-9,Home field,Conference
401016408,2018,7,BYU,Hawai'i,1,False,False,0.6100185916711309,1,0.6100185916711309,1,2018-2022,Weeks 7-9,Home field,Non-conference
401019505,2018,7,Tulsa,South Florida,0,False,True,0.40078213029819454,0,0.5992178697018055,1,2018-2022,Weeks 7-9,Home field,Conference
401019506,2018,7,Memphis,UCF,0,False,True,0.2836667847236425,0,0.7163332152763575,1,2018-2022,Weeks 7-9,Home field,Conference
401019507,2018,7,East Carolina,Houston,0,False,True,0.15950668862425932,0,0.8404933113757407,1,2018-2022,Weeks 7-9,Home field,Conference
401019508,2018,7,Navy,Temple,0,False,True,0.2996433915623907,0,0.7003566084376093,1,2018-2022,Weeks 7-9,Home field,Conference
401020756,2018,7,Buffalo,Akron,1,False,True,0.717779233708195,1,0.717779233708195,1,2018-2022,Weeks 7-9,Home field,Conference
401020757,2018,7,Central Michigan,Ball State,0,False,True,0.3974942496756958,0,0.6025057503243042,1,2018-2022,Weeks 7-9,Home field,Conference
401020758,2018,7,Northern Illinois,Ohio,1,False,True,0.5108319602588759,1,0.5108319602588759,1,2018-2022,Weeks 7-9,Home field,Conference
401020759,2018,7,Eastern Michigan,Toledo,1,False,True,0.4552446856873713,0,0.5447553143126287,0,2018-2022,Weeks 7-9,Home field,Conference
401020760,2018,7,Bowling Green,Western Michigan,0,False,True,0.20334257533901606,0,0.7966574246609839,1,2018-2022,Weeks 7-9,Home field,Conference
401020810,2018,7,Miami (OH),Kent State,1,False,True,0.8259888055639115,1,0.8259888055639115,1,2018-2022,Weeks 7-9,Home field,Conference
401021672,2018,7,Arkansas State,App State,0,False,True,0.2621090223994694,0,0.7378909776005306,1,2018-2022,Weeks 7-9,Home field,Conference
401021673,2018,7,Texas State,Georgia Southern,0,False,True,0.22877242539476306,0,0.7712275746052369,1,2018-2022,Weeks 7-9,Home field,Conference
401021674,2018,7,Coastal Carolina,Louisiana Monroe,0,False,True,0.7060671030969252,1,0.7060671030969252,0,2018-2022,Weeks 7-9,Home field,Conference
401022533,2018,7,San Diego State,Air Force,1,False,True,0.7942819408873852,1,0.7942819408873852,1,2018-2022,Weeks 7-9,Home field,Conference
401022534,2018,7,Nevada,Boise State,0,False,True,0.14406714182348512,0,0.8559328581765149,1,2018-2022,Weeks 7-9,Home field,Conference
401022535,2018,7,Colorado State,New Mexico,1,False,True,0.31261036636882983,0,0.6873896336311702,0,2018-2022,Weeks 7-9,Home field,Conference
401022536,2018,7,Utah State,UNLV,1,False,True,0.9063861446693376,1,0.9063861446693376,1,2018-2022,Weeks 7-9,Home field,Conference
401022537,2018,7,Fresno State,Wyoming,1,False,True,0.8496442802095612,1,0.8496442802095612,1,2018-2022,Weeks 7-9,Home field,Conference
401012313,2018,8,Arkansas,Tulsa,1,False,False,0.6832785102865012,1,0.6832785102865012,1,2018-2022,Weeks 7-9,Home field,Non-conference
401012314,2018,8,Kentucky,Vanderbilt,1,False,True,0.8340615878516092,1,0.8340615878516092,1,2018-2022,Weeks 7-9,Home field,Conference
401012315,2018,8,LSU,Mississippi State,1,False,True,0.4669997598169595,0,0.5330002401830405,0,2018-2022,Weeks 7-9,Home field,Conference
401012316,2018,8,Ole Miss,Auburn,0,False,True,0.3483074711501878,0,0.6516925288498122,1,2018-2022,Weeks 7-9,Home field,Conference
401012317,2018,8,Missouri,Memphis,1,False,False,0.6558533392421249,1,0.6558533392421249,1,2018-2022,Weeks 7-9,Home field,Non-conference
401012318,2018,8,Tennessee,Alabama,0,False,True,0.018479111349041875,0,0.9815208886509581,1,2018-2022,Weeks 7-9,Home field,Conference
401012768,2018,8,Arizona State,Stanford,0,False,True,0.4703568239097719,0,0.529643176090228,1,2018-2022,Weeks 7-9,Home field,Conference
401012769,2018,8,UCLA,Arizona,1,False,True,0.6330922333865565,1,0.6330922333865565,1,2018-2022,Weeks 7-9,Home field,Conference
401012770,2018,8,Utah,USC,1,False,True,0.5513520553969384,1,0.5513520553969384,1,2018-2022,Weeks 7-9,Home field,Conference
401012771,2018,8,Oregon State,California,0,False,True,0.1988553774015097,0,0.8011446225984903,1,2018-2022,Weeks 7-9,Home field,Conference
401012772,2018,8,Washington,Colorado,1,False,True,0.9379884316522638,1,0.9379884316522638,1,2018-2022,Weeks 7-9,Home field,Conference
401012773,2018,8,Washington State,Oregon,1,False,True,0.3385521306504033,0,0.6614478693495967,0,2018-2022,Weeks 7-9,Home field,Conference
401012810,2018,8,Wisconsin,Illinois,1,False,True,0.9440369167146212,1,0.9440369167146212,1,2018-2022,Weeks 7-9,Home field,Conference
401012846,2018,8,Rutgers,Northwestern,0,False,True,0.11104181879027568,0,0.8889581812097244,1,2018-2022,Weeks 7-9,Home field,Conference
401012857,2018,8,Indiana,Penn State,0,False,True,0.11160230069580804,0,0.888397699304192,1,2018-2022,Weeks 7-9,Home field,Conference
401012867,2018,8,Iowa,Maryland,1,False,True,0.8412732443032483,1,0.8412732443032483,1,2018-2022,Weeks 7-9,Home field,Conference
401012884,2018,8,Michigan State,Michigan,0,False,True,0.19823222315441177,0,0.8017677768455882,1,2018-2022,Weeks 7-9,Home field,Conference
401013052,2018,8,Texas Tech,Kansas,1,False,True,0.7980126755902156,1,0.7980126755902156,1,2018-2022,Weeks 7-9,Home field,Conference
401013068,2018,8,TCU,Oklahoma,0,False,True,0.23923536667202872,0,0.7607646333279713,1,2018-2022,Weeks 7-9,Home field,Conference
401013149,2018,8,Clemson,NC State,1,False,True,0.9489436581460089,1,0.9489436581460089,1,2018-2022,Weeks 7-9,Home field,Conference
401013150,2018,8,Duke,Virginia,0,False,True,0.8033235516600705,1,0.8033235516600705,0,2018-2022,Weeks 7-9,Home field,Conference
401013151,2018,8,Florida State,Wake Forest,1,False,True,0.7794284204000478,1,0.7794284204000478,1,2018-2022,Weeks 7-9,Home field,Conference
401013152,2018,8,Syracuse,North Carolina,1,False,True,0.5473091330310155,1,0.5473091330310155,1,2018-2022,Weeks 7-9,Home field,Conference
401013332,2018,8,Nebraska,Minnesota,1,False,True,0.4705395208994946,0,0.5294604791005054,0,2018-2022,Weeks 7-9,Home field,Conference
401013348,2018,8,Purdue,Ohio State,1,False,True,0.04218980590167154,0,0.9578101940983285,0,2018-2022,Weeks 7-9,Home field,Conference
401013363,2018,8,UMass,Coastal Carolina,0,False,False,0.7277685999459196,1,0.7277685999459196,0,2018-2022,Weeks 7-9,Home field,Non-conference
401013371,2018,8,Army,Miami (OH),1,False,False,0.5637280644025858,1,0.5637280644025858,1,2018-2022,Weeks 7-9,Home field,Non-conference
401013443,2018,8,New Mexico State,Georgia Southern,0,False,False,0.18382493438775147,0,0.8161750656122485,1,2018-2022,Weeks 7-9,Home field,Non-conference
401015019,2018,8,Middle Tennessee,Charlotte,1,False,True,0.8007599174693207,1,0.8007599174693207,1,2018-2022,Weeks 7-9,Home field,Conference
401015020,2018,8,Florida International,Rice,1,False,True,0.9114237474913419,1,0.9114237474913419,1,2018-2022,Weeks 7-9,Home field,Conference
401015021,2018,8,Marshall,Florida Atlantic,1,False,True,0.582476374568964,1,0.582476374568964,1,2018-2022,Weeks 7-9,Home field,Conference
401015022,2018,8,Louisiana Tech,UTEP,1,False,True,0.9386470763887125,1,0.9386470763887125,1,2018-2022,Weeks 7-9,Home field,Conference
401015023,2018,8,UAB,North Texas,1,False,True,0.5451474711550572,1,0.5451474711550572,1,2018-2022,Weeks 7-9,Home field,Conference
401015024,2018,8,Western Kentucky,Old Dominion,0,False,True,0.5649207448679634,1,0.5649207448679634,0,2018-2022,Weeks 7-9,Home field,Conference
401015025,2018,8,Southern Mississippi,UT San Antonio,1,False,True,0.7859723293645038,1,0.7859723293645038,1,2018-2022,Weeks 7-9,Home field,Conference
401019509,2018,8,East Carolina,UCF,0,False,True,0.04658635011506597,0,0.953413649884934,1,2018-2022,Weeks 7-9,Home field,Conference
401019510,2018,8,Temple,Cincinnati,1,False,True,0.6391306918757425,1,0.6391306918757425,1,2018-2022,Weeks 7-9,Home field,Conference
401019511,2018,8,South Florida,Connecticut,1,False,True,0.9607281657989514,1,0.9607281657989514,1,2018-2022,Weeks 7-9,Home field,Conference
401019512,2018,8,Navy,Houston,0,False,True,0.2989627563566532,0,0.7010372436433467,1,2018-2022,Weeks 7-9,Home field,Conference
401019513,2018,8,Tulane,SMU,0,False,True,0.5541841842049863,1,0.5541841842049863,0,2018-2022,Weeks 7-9,Home field,Conference
401020761,2018,8,Kent State,Akron,0,False,True,0.428308492119132,0,0.571691507880868,1,2018-2022,Weeks 7-9,Home field,Conference
401020762,2018,8,Ohio,Bowling Green,1,False,True,0.921141812370937,1,0.921141812370937,1,2018-2022,Weeks 7-9,Home field,Conference
401020763,2018,8,Toledo,Buffalo,0,False,True,0.6019315038484376,1,0.6019315038484376,0,2018-2022,Weeks 7-9,Home field,Conference
401020764,2018,8,Ball State,Eastern Michigan,0,False,True,0.5093634114361479,1,0.5093634114361479,0,2018-2022,Weeks 7-9,Home field,Conference
401020765,2018,8,Central Michigan,Western Michigan,0,False,True,0.32858269755047514,0,0.6714173024495249,1,2018-2022,Weeks 7-9,Home field,Conference
401021676,2018,8,Arkansas State,Georgia State,1,False,True,0.6999280075767835,1,0.6999280075767835,1,2018-2022,Weeks 7-9,Home field,Conference
401021677,2018,8,App State,Louisiana,1,False,True,0.9064302734762617,1,0.9064302734762617,1,2018-2022,Weeks 7-9,Home field,Conference
401021678,2018,8,Louisiana Monroe,Texas State,1,False,True,0.6144878459198466,1,0.6144878459198466,1,2018-2022,Weeks 7-9,Home field,Conference
401022538,2018,8,Boise State,Colorado State,1,False,True,0.9664562361416293,1,0.9664562361416293,1,2018-2022,Weeks 7-9,Home field,Conference
401022539,2018,8,UNLV,Air Force,0,False,True,0.47208237478239284,0,0.5279176252176072,1,2018-2022,Weeks 7-9,Home field,Conference
401022540,2018,8,Wyoming,Utah State,0,False,True,0.18049047534944615,0,0.8195095246505538,1,2018-2022,Weeks 7-9,Home field,Conference
401022541,2018,8,New Mexico,Fresno State,0,False,True,0.253416670675308,0,0.746583329324692,1,2018-2022,Weeks 7-9,Home field,Conference
401022542,2018,8,Hawai'i,Nevada,0,False,True,0.5830136307885173,1,0.5830136307885173,0,2018-2022,Weeks 7-9,Home field,Conference
401022543,2018,8,San Diego State,San José State,1,False,True,0.9401601618361688,1,0.9401601618361688,1,2018-2022,Weeks 7-9,Home field,Conference
401012319,2018,9,Arkansas,Vanderbilt,0,False,True,0.5846498929470278,1,0.5846498929470278,0,2018-2022,Weeks 7-9,Home field,Conference
401012320,2018,9,Georgia,Florida,1,True,True,0.711892780670125,1,0.711892780670125,1,2018-2022,Weeks 7-9,Neutral,Conference
401012321,2018,9,Mississippi State,Texas A&M,1,False,True,0.6478992667530212,1,0.6478992667530212,1,2018-2022,Weeks 7-9,Home field,Conference
401012322,2018,9,Missouri,Kentucky,0,False,True,0.5806778162257243,1,0.5806778162257243,0,2018-2022,Weeks 7-9,Home field,Conference
401012323,2018,9,South Carolina,Tennessee,1,False,True,0.7619399953911711,1,0.7619399953911711,1,2018-2022,Weeks 7-9,Home field,Conference
401012774,2018,9,UCLA,Utah,0,False,True,0.23807138625133,0,0.76192861374867,1,2018-2022,Weeks 7-9,Home field,Conference
401012775,2018,9,Arizona,Oregon,1,False,True,0.2439843942751759,0,0.7560156057248241,0,2018-2022,Weeks 7-9,Home field,Conference
401012776,2018,9,USC,Arizona State,0,False,True,0.6706046444588505,1,0.6706046444588505,0,2018-2022,Weeks 7-9,Home field,Conference
401012777,2018,9,Colorado,Oregon State,0,False,True,0.8913148532309847,1,0.8913148532309847,0,2018-2022,Weeks 7-9,Home field,Conference
401012778,2018,9,California,Washington,1,False,True,0.14701564019146876,0,0.8529843598085313,0,2018-2022,Weeks 7-9,Home field,Conference
401012779,2018,9,Stanford,Washington State,0,False,True,0.6829719242521297,1,0.6829719242521297,0,2018-2022,Weeks 7-9,Home field,Conference
401012811,2018,9,Maryland,Illinois,1,False,True,0.8546974444014166,1,0.8546974444014166,1,2018-2022,Weeks 7-9,Home field,Conference
401012858,2018,9,Minnesota,Indiana,1,False,True,0.5526523844220511,1,0.5526523844220511,1,2018-2022,Weeks 7-9,Home field,Conference
401012868,2018,9,Penn State,Iowa,1,False,True,0.6914170047841371,1,0.6914170047841371,1,2018-2022,Weeks 7-9,Home field,Conference
401012885,2018,9,Michigan State,Purdue,1,False,True,0.7640248044294962,1,0.7640248044294962,1,2018-2022,Weeks 7-9,Home field,Conference
401013033,2018,9,West Virginia,Baylor,1,False,True,0.6922542117143419,1,0.6922542117143419,1,2018-2022,Weeks 7-9,Home field,Conference
401013044,2018,9,Iowa State,Texas Tech,1,False,True,0.4483599368945577,0,0.5516400631054423,0,2018-2022,Weeks 7-9,Home field,Conference
401013053,2018,9,Kansas,TCU,1,False,True,0.2508046680025653,0,0.7491953319974347,0,2018-2022,Weeks 7-9,Home field,Conference
401013062,2018,9,Oklahoma,Kansas State,1,False,True,0.931391403442579,1,0.931391403442579,1,2018-2022,Weeks 7-9,Home field,Conference
401013153,2018,9,Virginia Tech,Georgia Tech,0,False,True,0.555396533558339,1,0.555396533558339,0,2018-2022,Weeks 7-9,Home field,Conference
401013154,2018,9,Boston College,Miami,1,False,True,0.35752694933521617,0,0.6424730506647838,0,2018-2022,Weeks 7-9,Home field,Conference
401013155,2018,9,Florida State,Clemson,0,False,True,0.054199324963765005,0,0.945800675036235,1,2018-2022,Weeks 7-9,Home field,Conference
401013156,2018,9,Pittsburgh,Duke,1,False,True,0.35244918733847097,0,0.647550812661529,0,2018-2022,Weeks 7-9,Home field,Conference
401013157,2018,9,Louisville,Wake Forest,0,False,True,0.4737490807183615,0,0.5262509192816385,1,2018-2022,Weeks 7-9,Home field,Conference
401013158,2018,9,Virginia,North Carolina,1,False,True,0.6778790321709975,1,0.6778790321709975,1,2018-2022,Weeks 7-9,Home field,Conference
401013159,2018,9,Syracuse,NC State,1,False,True,0.31311264998860455,0,0.6868873500113954,0,2018-2022,Weeks 7-9,Home field,Conference
401013189,2018,9,Navy,Notre Dame,0,True,False,0.06909904401669328,0,0.9309009559833067,1,2018-2022,Weeks 7-9,Neutral,Non-conference
401013320,2018,9,Oklahoma State,Texas,1,False,True,0.4229466299848552,0,0.5770533700151448,0,2018-2022,Weeks 7-9,Home field,Conference
401013344,2018,9,Northwestern,Wisconsin,1,False,True,0.35268888751860517,0,0.6473111124813948,0,2018-2022,Weeks 7-9,Home field,Conference
401013364,2018,9,Connecticut,UMass,0,False,False,0.26556270047889297,0,0.734437299521107,1,2018-2022,Weeks 7-9,Home field,Non-conference
401013372,2018,9,Eastern Michigan,Army,0,False,False,0.6253853202415951,1,0.6253853202415951,0,2018-2022,Weeks 7-9,Home field,Non-conference
401013444,2018,9,Texas State,New Mexico State,1,False,False,0.725553766732216,1,0.725553766732216,1,2018-2022,Weeks 7-9,Home field,Non-conference
401015026,2018,9,Charlotte,Southern Mississippi,1,False,True,0.47745093359444335,0,0.5225490664055567,0,2018-2022,Weeks 7-9,Home field,Conference
401015027,2018,9,Western Kentucky,Florida International,0,False,True,0.43336253394182583,0,0.5666374660581741,1,2018-2022,Weeks 7-9,Home field,Conference
401015028,2018,9,Florida Atlantic,Louisiana Tech,0,False,True,0.49218821842842087,0,0.5078117815715791,1,2018-2022,Weeks 7-9,Home field,Conference
401015029,2018,9,Old Dominion,Middle Tennessee,0,False,True,0.31927185223340127,0,0.6807281477665987,1,2018-2022,Weeks 7-9,Home field,Conference
401015030,2018,9,North Texas,Rice,1,False,True,0.9516472236177356,1,0.9516472236177356,1,2018-2022,Weeks 7-9,Home field,Conference
401015031,2018,9,UTEP,UAB,0,False,True,0.10381354452108157,0,0.8961864554789184,1,2018-2022,Weeks 7-9,Home field,Conference
401016409,2018,9,BYU,Northern Illinois,0,False,False,0.7075693644866474,1,0.7075693644866474,0,2018-2022,Weeks 7-9,Home field,Non-conference
401019514,2018,9,SMU,Cincinnati,0,False,True,0.26079217147497674,0,0.7392078285250232,1,2018-2022,Weeks 7-9,Home field,Conference
401019515,2018,9,Houston,South Florida,1,False,True,0.7237374679376835,1,0.7237374679376835,1,2018-2022,Weeks 7-9,Home field,Conference
401019516,2018,9,Tulsa,Tulane,0,False,True,0.6309570219995317,1,0.6309570219995317,0,2018-2022,Weeks 7-9,Home field,Conference
401020766,2018,9,Ohio,Ball State,1,False,True,0.8367092367645497,1,0.8367092367645497,1,2018-2022,Weeks 7-9,Home field,Conference
401020767,2018,9,Western Michigan,Toledo,0,False,True,0.5688390138680796,1,0.5688390138680796,0,2018-2022,Weeks 7-9,Home field,Conference
401020768,2018,9,Akron,Central Michigan,1,False,True,0.6648646059548293,1,0.6648646059548293,1,2018-2022,Weeks 7-9,Home field,Conference
401021679,2018,9,South Alabama,Troy,0,False,True,0.15169356232249492,0,0.8483064376775051,1,2018-2022,Weeks 7-9,Home field,Conference
401021680,2018,9,Georgia Southern,App State,1,False,True,0.3198313744544442,0,0.6801686255455558,0,2018-2022,Weeks 7-9,Home field,Conference
401021681,2018,9,Louisiana,Arkansas State,1,False,True,0.4255749871895381,0,0.5744250128104619,0,2018-2022,Weeks 7-9,Home field,Conference
401021682,2018,9,Georgia State,Coastal Carolina,0,False,True,0.5961620299374504,1,0.5961620299374504,0,2018-2022,Weeks 7-9,Home field,Conference
401022544,2018,9,Air Force,Boise State,0,False,True,0.10149597317774586,0,0.8985040268222542,1,2018-2022,Weeks 7-9,Home field,Conference
401022545,2018,9,Utah State,New Mexico,1,False,True,0.844405987560659,1,0.844405987560659,1,2018-2022,Weeks 7-9,Home field,Conference
401022546,2018,9,Colorado State,Wyoming,0,False,True,0.3697452588705079,0,0.6302547411294921,1,2018-2022,Weeks 7-9,Home field,Conference
401022547,2018,9,Fresno State,Hawai'i,1,False,True,0.8975341414950169,1,0.8975341414950169,1,2018-2022,Weeks 7-9,Home field,Conference
401022548,2018,9,Nevada,San Diego State,1,False,True,0.4422112608550585,0,0.5577887391449414,0,2018-2022,Weeks 7-9,Home field,Conference
401022549,2018,9,San José State,UNLV,1,False,True,0.3716744009519147,0,0.6283255990480854,0,2018-2022,Weeks 7-9,Home field,Conference
401012324,2018,10,Auburn,Texas A&M,1,False,True,0.6977379807792558,1,0.6977379807792558,1,2018-2022,Weeks 10+,Home field,Conference
401012325,2018,10,Florida,Missouri,0,False,True,0.7465866630969172,1,0.7465866630969172,0,2018-2022,Weeks 10+,Home field,Conference
401012326,2018,10,Kentucky,Georgia,0,False,True,0.24404311031313514,0,0.7559568896868649,1,2018-2022,Weeks 10+,Home field,Conference
401012327,2018,10,LSU,Alabama,0,False,True,0.09370432222129074,0,0.9062956777787092,1,2018-2022,Weeks 10+,Home field,Conference
401012328,2018,10,Ole Miss,South Carolina,0,False,True,0.5963515902203729,1,0.5963515902203729,0,2018-2022,Weeks 10+,Home field,Conference
401012329,2018,10,Mississippi State,Louisiana Tech,1,False,False,0.9320840445310397,1,0.9320840445310397,1,2018-2022,Weeks 10+,Home field,Non-conference
401012330,2018,10,Tennessee,Charlotte,1,False,False,0.8431153125196366,1,0.8431153125196366,1,2018-2022,Weeks 10+,Home field,Non-conference
401012780,2018,10,Arizona,Colorado,1,False,True,0.6698333732928794,1,0.6698333732928794,1,2018-2022,Weeks 10+,Home field,Conference
401012781,2018,10,Arizona State,Utah,1,False,True,0.31734392208180834,0,0.6826560779181916,0,2018-2022,Weeks 10+,Home field,Conference
401012782,2018,10,Oregon,UCLA,1,False,True,0.7895639046882651,1,0.7895639046882651,1,2018-2022,Weeks 10+,Home field,Conference
401012783,2018,10,Oregon State,USC,0,False,True,0.06256838196083246,0,0.9374316180391675,1,2018-2022,Weeks 10+,Home field,Conference
401012784,2018,10,Washington,Stanford,1,False,True,0.8059940561015337,1,0.8059940561015337,1,2018-2022,Weeks 10+,Home field,Conference
401012785,2018,10,Washington State,California,1,False,True,0.6441904644932424,1,0.6441904644932424,1,2018-2022,Weeks 10+,Home field,Conference
401012812,2018,10,Illinois,Minnesota,1,False,True,0.23648132093109342,0,0.7635186790689066,0,2018-2022,Weeks 10+,Home field,Conference
401012847,2018,10,Wisconsin,Rutgers,1,False,True,0.9619028861383913,1,0.9619028861383913,1,2018-2022,Weeks 10+,Home field,Conference
401012869,2018,10,Purdue,Iowa,1,False,True,0.33813289232251215,0,0.6618671076774878,0,2018-2022,Weeks 10+,Home field,Conference
401012877,2018,10,Maryland,Michigan State,0,False,True,0.2739563981879563,0,0.7260436018120437,1,2018-2022,Weeks 10+,Home field,Conference
401012894,2018,10,Michigan,Penn State,1,False,True,0.7938933635851135,1,0.7938933635851135,1,2018-2022,Weeks 10+,Home field,Conference
401013034,2018,10,Baylor,Oklahoma State,1,False,True,0.4481241367666143,0,0.5518758632333858,0,2018-2022,Weeks 10+,Home field,Conference
401013045,2018,10,Kansas,Iowa State,0,False,True,0.3067385170439192,0,0.6932614829560808,1,2018-2022,Weeks 10+,Home field,Conference
401013063,2018,10,TCU,Kansas State,1,False,True,0.7797096235870202,1,0.7797096235870202,1,2018-2022,Weeks 10+,Home field,Conference
401013069,2018,10,Texas Tech,Oklahoma,0,False,True,0.17312145119486236,0,0.8268785488051377,1,2018-2022,Weeks 10+,Home field,Conference
401013160,2018,10,Virginia,Pittsburgh,0,False,True,0.5435743306291546,1,0.5435743306291546,0,2018-2022,Weeks 10+,Home field,Conference
401013161,2018,10,Virginia Tech,Boston College,0,False,True,0.5570675790903791,1,0.5570675790903791,0,2018-2022,Weeks 10+,Home field,Conference
401013162,2018,10,Clemson,Louisville,1,False,True,0.9954648131260346,1,0.9954648131260346,1,2018-2022,Weeks 10+,Home field,Conference
401013163,2018,10,Miami,Duke,0,False,True,0.6482041926654623,1,0.6482041926654623,0,2018-2022,Weeks 10+,Home field,Conference
401013164,2018,10,NC State,Florida State,1,False,True,0.6350865627670734,1,0.6350865627670734,1,2018-2022,Weeks 10+,Home field,Conference
401013165,2018,10,North Carolina,Georgia Tech,0,False,True,0.2221861550985849,0,0.7778138449014151,1,2018-2022,Weeks 10+,Home field,Conference
401013166,2018,10,Wake Forest,Syracuse,0,False,True,0.4879387565453255,0,0.5120612434546745,1,2018-2022,Weeks 10+,Home field,Conference
401013188,2018,10,Texas,West Virginia,0,False,True,0.5646605672204233,1,0.5646605672204233,0,2018-2022,Weeks 10+,Home field,Conference
401013341,2018,10,Ohio State,Nebraska,1,False,True,0.9472145586588365,1,0.9472145586588365,1,2018-2022,Weeks 10+,Home field,Conference
401013345,2018,10,Northwestern,Notre Dame,0,False,False,0.19485933641853176,0,0.8051406635814682,1,2018-2022,Weeks 10+,Home field,Non-conference
401013365,2018,10,UMass,Liberty,1,False,False,0.7229897583155446,1,0.7229897583155446,1,2018-2022,Weeks 10+,Home field,Non-conference
401013373,2018,10,Army,Air Force,1,False,False,0.6327646491674529,1,0.6327646491674529,1,2018-2022,Weeks 10+,Home field,Non-conference
401015032,2018,10,Florida International,Florida Atlantic,0,False,True,0.440168260461033,0,0.5598317395389669,1,2018-2022,Weeks 10+,Home field,Conference
401015033,2018,10,Southern Mississippi,Marshall,1,False,True,0.2878690024940354,0,0.7121309975059646,0,2018-2022,Weeks 10+,Home field,Conference
401015034,2018,10,Middle Tennessee,Western Kentucky,1,False,True,0.8445109833424207,1,0.8445109833424207,1,2018-2022,Weeks 10+,Home field,Conference
401015035,2018,10,Rice,UTEP,0,False,True,0.509913394487981,1,0.509913394487981,0,2018-2022,Weeks 10+,Home field,Conference
401015036,2018,10,UAB,UT San Antonio,1,False,True,0.9311067288086152,1,0.9311067288086152,1,2018-2022,Weeks 10+,Home field,Conference
401016410,2018,10,Boise State,BYU,1,False,False,0.8627286964290516,1,0.8627286964290516,1,2018-2022,Weeks 10+,Home field,Non-conference
401019517,2018,10,UCF,Temple,1,False,True,0.811221267049998,1,0.811221267049998,1,2018-2022,Weeks 10+,Home field,Conference
401019518,2018,10,Cincinnati,Navy,1,False,True,0.7845126274902451,1,0.7845126274902451,1,2018-2022,Weeks 10+,Home field,Conference
401019519,2018,10,Tulsa,Connecticut,1,False,True,0.8992684323979363,1,0.8992684323979363,1,2018-2022,Weeks 10+,Home field,Conference
401019520,2018,10,East Carolina,Memphis,0,False,True,0.1880941221840079,0,0.8119058778159921,1,2018-2022,Weeks 10+,Home field,Conference
401019521,2018,10,South Florida,Tulane,0,False,True,0.7770706856642331,1,0.7770706856642331,0,2018-2022,Weeks 10+,Home field,Conference
401019522,2018,10,SMU,Houston,1,False,True,0.19661162550919234,0,0.8033883744908077,0,2018-2022,Weeks 10+,Home field,Conference
401020769,2018,10,Bowling Green,Kent State,0,False,True,0.4594197871064531,0,0.5405802128935469,1,2018-2022,Weeks 10+,Home field,Conference
401020770,2018,10,Buffalo,Miami (OH),1,False,True,0.5744549568112615,1,0.5744549568112615,1,2018-2022,Weeks 10+,Home field,Conference
401020771,2018,10,Toledo,Ball State,1,False,True,0.7964403867582439,1,0.7964403867582439,1,2018-2022,Weeks 10+,Home field,Conference
401020772,2018,10,Akron,Northern Illinois,0,False,True,0.25197040019915157,0,0.7480295998008484,1,2018-2022,Weeks 10+,Home field,Conference
401020773,2018,10,Western Michigan,Ohio,0,False,True,0.24759566222150195,0,0.752404337778498,1,2018-2022,Weeks 10+,Home field,Conference
401020774,2018,10,Eastern Michigan,Central Michigan,1,False,True,0.8340962908845798,1,0.8340962908845798,1,2018-2022,Weeks 10+,Home field,Conference
401021683,2018,10,Coastal Carolina,App State,0,False,True,0.16372966274783166,0,0.8362703372521684,1,2018-2022,Weeks 10+,Home field,Conference
401021684,2018,10,Arkansas State,South Alabama,1,False,True,0.8892086756923736,1,0.8892086756923736,1,2018-2022,Weeks 10+,Home field,Conference
401021685,2018,10,Louisiana Monroe,Georgia Southern,1,False,True,0.26086813131536785,0,0.7391318686846322,0,2018-2022,Weeks 10+,Home field,Conference
401021686,2018,10,Georgia State,Texas State,0,False,True,0.6959391052906446,1,0.6959391052906446,0,2018-2022,Weeks 10+,Home field,Conference
401021687,2018,10,Troy,Louisiana,1,False,True,0.7329928452182883,1,0.7329928452182883,1,2018-2022,Weeks 10+,Home field,Conference
401022550,2018,10,New Mexico,San Diego State,0,False,True,0.3096287869087935,0,0.6903712130912065,1,2018-2022,Weeks 10+,Home field,Conference
401022551,2018,10,Hawai'i,Utah State,0,False,True,0.13498543373047134,0,0.8650145662695287,1,2018-2022,Weeks 10+,Home field,Conference
401022552,2018,10,Wyoming,San José State,1,False,True,0.8364848235378004,1,0.8364848235378004,1,2018-2022,Weeks 10+,Home field,Conference
401022553,2018,10,UNLV,Fresno State,0,False,True,0.07903964259039628,0,0.9209603574096037,1,2018-2022,Weeks 10+,Home field,Conference
401012331,2018,11,Alabama,Mississippi State,1,False,True,0.9141107954179911,1,0.9141107954179911,1,2018-2022,Weeks 10+,Home field,Conference
401012332,2018,11,Arkansas,LSU,0,False,True,0.20710544925662364,0,0.7928945507433763,1,2018-2022,Weeks 10+,Home field,Conference
401012333,2018,11,Florida,South Carolina,1,False,True,0.7566720730135987,1,0.7566720730135987,1,2018-2022,Weeks 10+,Home field,Conference
401012334,2018,11,Georgia,Auburn,1,False,True,0.736429315938081,1,0.736429315938081,1,2018-2022,Weeks 10+,Home field,Conference
401012335,2018,11,Missouri,Vanderbilt,1,False,True,0.8168012138055629,1,0.8168012138055629,1,2018-2022,Weeks 10+,Home field,Conference
401012336,2018,11,Tennessee,Kentucky,1,False,True,0.3069175688383709,0,0.693082431161629,0,2018-2022,Weeks 10+,Home field,Conference
401012337,2018,11,Texas A&M,Ole Miss,1,False,True,0.690362600471184,1,0.690362600471184,1,2018-2022,Weeks 10+,Home field,Conference
401012786,2018,11,Arizona State,UCLA,1,False,True,0.7988381288728778,1,0.7988381288728778,1,2018-2022,Weeks 10+,Home field,Conference
401012787,2018,11,USC,California,0,False,True,0.7726710114995738,1,0.7726710114995738,0,2018-2022,Weeks 10+,Home field,Conference
401012788,2018,11,Colorado,Washington State,0,False,True,0.29408579296646187,0,0.7059142070335381,1,2018-2022,Weeks 10+,Home field,Conference
401012789,2018,11,Utah,Oregon,1,False,True,0.6868991387899726,1,0.6868991387899726,1,2018-2022,Weeks 10+,Home field,Conference
401012790,2018,11,Stanford,Oregon State,1,False,True,0.9657469293450036,1,0.9657469293450036,1,2018-2022,Weeks 10+,Home field,Conference
401012813,2018,11,Nebraska,Illinois,1,False,True,0.8594317041838904,1,0.8594317041838904,1,2018-2022,Weeks 10+,Home field,Conference
401012848,2018,11,Rutgers,Michigan,0,False,True,0.0077565381378765395,0,0.9922434618621234,1,2018-2022,Weeks 10+,Home field,Conference
401012859,2018,11,Indiana,Maryland,1,False,True,0.5095313541926896,1,0.5095313541926896,1,2018-2022,Weeks 10+,Home field,Conference
401012870,2018,11,Iowa,Northwestern,0,False,True,0.7489064205486816,1,0.7489064205486816,0,2018-2022,Weeks 10+,Home field,Conference
401012886,2018,11,Michigan State,Ohio State,0,False,True,0.3073001588753681,0,0.6926998411246319,1,2018-2022,Weeks 10+,Home field,Conference
401013035,2018,11,Iowa State,Baylor,1,False,True,0.6053931676920168,1,0.6053931676920168,1,2018-2022,Weeks 10+,Home field,Conference
401013054,2018,11,Kansas State,Kansas,1,False,True,0.6996945983511071,1,0.6996945983511071,1,2018-2022,Weeks 10+,Home field,Conference
401013070,2018,11,Oklahoma,Oklahoma State,1,False,True,0.8824824435129681,1,0.8824824435129681,1,2018-2022,Weeks 10+,Home field,Conference
401013077,2018,11,West Virginia,TCU,1,False,True,0.7224371297154513,1,0.7224371297154513,1,2018-2022,Weeks 10+,Home field,Conference
401013167,2018,11,NC State,Wake Forest,0,False,True,0.801005614692139,1,0.801005614692139,0,2018-2022,Weeks 10+,Home field,Conference
401013168,2018,11,Syracuse,Louisville,1,False,True,0.8392275461925863,1,0.8392275461925863,1,2018-2022,Weeks 10+,Home field,Conference
401013169,2018,11,Boston College,Clemson,0,False,True,0.03635346605904384,0,0.9636465339409561,1,2018-2022,Weeks 10+,Home field,Conference
401013170,2018,11,Duke,North Carolina,1,False,True,0.798602160353875,1,0.798602160353875,1,2018-2022,Weeks 10+,Home field,Conference
401013171,2018,11,Notre Dame,Florida State,1,False,False,0.9313084355114176,1,0.9313084355114176,1,2018-2022,Weeks 10+,Home field,Non-conference
401013172,2018,11,Georgia Tech,Miami,1,False,True,0.6010831760375742,1,0.6010831760375742,1,2018-2022,Weeks 10+,Home field,Conference
401013173,2018,11,Pittsburgh,Virginia Tech,1,False,True,0.546662326258256,1,0.546662326258256,1,2018-2022,Weeks 10+,Home field,Conference
401013174,2018,11,Virginia,Liberty,1,False,False,0.9497513745730598,1,0.9497513745730598,1,2018-2022,Weeks 10+,Home field,Non-conference
401013321,2018,11,Texas Tech,Texas,0,False,True,0.36861107841570795,0,0.631388921584292,1,2018-2022,Weeks 10+,Home field,Conference
401013333,2018,11,Minnesota,Purdue,1,False,True,0.3393690073510192,0,0.6606309926489808,0,2018-2022,Weeks 10+,Home field,Conference
401013351,2018,11,Penn State,Wisconsin,1,False,True,0.6425661764292359,1,0.6425661764292359,1,2018-2022,Weeks 10+,Home field,Conference
401013366,2018,11,UMass,BYU,0,False,False,0.2856906246203698,0,0.7143093753796301,1,2018-2022,Weeks 10+,Home field,Non-conference
401015037,2018,11,Marshall,Charlotte,1,False,True,0.8454963098832438,1,0.8454963098832438,1,2018-2022,Weeks 10+,Home field,Conference
401015038,2018,11,UT San Antonio,Florida International,0,False,True,0.2742184814760682,0,0.7257815185239318,1,2018-2022,Weeks 10+,Home field,Conference
401015039,2018,11,Florida Atlantic,Western Kentucky,1,False,True,0.8925234127006008,1,0.8925234127006008,1,2018-2022,Weeks 10+,Home field,Conference
401015040,2018,11,Louisiana Tech,Rice,1,False,True,0.9287873371324413,1,0.9287873371324413,1,2018-2022,Weeks 10+,Home field,Conference
401015041,2018,11,UTEP,Middle Tennessee,0,False,True,0.1151802583313247,0,0.8848197416686753,1,2018-2022,Weeks 10+,Home field,Conference
401015042,2018,11,Old Dominion,North Texas,1,False,True,0.22273393239295203,0,0.777266067607048,0,2018-2022,Weeks 10+,Home field,Conference
401015043,2018,11,UAB,Southern Mississippi,1,False,True,0.8713432296201647,1,0.8713432296201647,1,2018-2022,Weeks 10+,Home field,Conference
401019523,2018,11,UCF,Navy,1,False,True,0.9565715622858324,1,0.9565715622858324,1,2018-2022,Weeks 10+,Home field,Conference
401019524,2018,11,Cincinnati,South Florida,1,False,True,0.7807827822024853,1,0.7807827822024853,1,2018-2022,Weeks 10+,Home field,Conference
401019525,2018,11,Connecticut,SMU,0,False,True,0.14893050077557668,0,0.8510694992244233,1,2018-2022,Weeks 10+,Home field,Conference
401019526,2018,11,Tulane,East Carolina,1,False,True,0.7199419479843439,1,0.7199419479843439,1,2018-2022,Weeks 10+,Home field,Conference
401019527,2018,11,Houston,Temple,0,False,True,0.5680047339224668,1,0.5680047339224668,0,2018-2022,Weeks 10+,Home field,Conference
401019528,2018,11,Memphis,Tulsa,1,False,True,0.7620529066580779,1,0.7620529066580779,1,2018-2022,Weeks 10+,Home field,Conference
401020775,2018,11,Buffalo,Kent State,1,False,True,0.8451880528021034,1,0.8451880528021034,1,2018-2022,Weeks 10+,Home field,Conference
401020776,2018,11,Miami (OH),Ohio,1,False,True,0.256935068427959,0,0.743064931572041,0,2018-2022,Weeks 10+,Home field,Conference
401020777,2018,11,Northern Illinois,Toledo,1,False,True,0.6032322712000094,1,0.6032322712000094,1,2018-2022,Weeks 10+,Home field,Conference
401020778,2018,11,Eastern Michigan,Akron,1,False,True,0.7782737571176701,1,0.7782737571176701,1,2018-2022,Weeks 10+,Home field,Conference
401020779,2018,11,Central Michigan,Bowling Green,0,False,True,0.6944616193163531,1,0.6944616193163531,0,2018-2022,Weeks 10+,Home field,Conference
401021688,2018,11,Coastal Carolina,Arkansas State,0,False,True,0.31576044021521904,0,0.684239559784781,1,2018-2022,Weeks 10+,Home field,Conference
401021689,2018,11,Georgia Southern,Troy,0,False,True,0.5607995050846769,1,0.5607995050846769,0,2018-2022,Weeks 10+,Home field,Conference
401021690,2018,11,Louisiana,Georgia State,1,False,True,0.6095692643379751,1,0.6095692643379751,1,2018-2022,Weeks 10+,Home field,Conference
401021691,2018,11,South Alabama,Louisiana Monroe,0,False,True,0.295669077497208,0,0.7043309225027921,1,2018-2022,Weeks 10+,Home field,Conference
401021702,2018,11,Texas State,App State,0,False,True,0.14971252364816687,0,0.8502874763518331,1,2018-2022,Weeks 10+,Home field,Conference
401022554,2018,11,Air Force,New Mexico,1,False,True,0.5861117148378866,1,0.5861117148378866,1,2018-2022,Weeks 10+,Home field,Conference
401022555,2018,11,Nevada,Colorado State,1,False,True,0.8250420422116055,1,0.8250420422116055,1,2018-2022,Weeks 10+,Home field,Conference
401022556,2018,11,Boise State,Fresno State,1,False,True,0.5388198430213068,1,0.5388198430213068,1,2018-2022,Weeks 10+,Home field,Conference
401022557,2018,11,Utah State,San José State,1,False,True,0.9703933584384461,1,0.9703933584384461,1,2018-2022,Weeks 10+,Home field,Conference
401022558,2018,11,San Diego State,UNLV,0,False,True,0.8933177542686984,1,0.8933177542686984,0,2018-2022,Weeks 10+,Home field,Conference
401012339,2018,12,Auburn,Liberty,1,False,False,0.9897998216355977,1,0.9897998216355977,1,2018-2022,Weeks 10+,Home field,Non-conference
401012341,2018,12,Georgia,UMass,1,False,False,0.9883893308513686,1,0.9883893308513686,1,2018-2022,Weeks 10+,Home field,Non-conference
401012342,2018,12,Kentucky,Middle Tennessee,1,False,False,0.7783360039310937,1,0.7783360039310937,1,2018-2022,Weeks 10+,Home field,Non-conference
401012343,2018,12,LSU,Rice,1,False,False,0.9889897896586802,1,0.9889897896586802,1,2018-2022,Weeks 10+,Home field,Non-conference
401012344,2018,12,Mississippi State,Arkansas,1,False,True,0.929828257271782,1,0.929828257271782,1,2018-2022,Weeks 10+,Home field,Conference
401012346,2018,12,Tennessee,Missouri,0,False,True,0.29581021365461024,0,0.7041897863453898,1,2018-2022,Weeks 10+,Home field,Conference
401012347,2018,12,Texas A&M,UAB,1,False,False,0.8137035338730896,1,0.8137035338730896,1,2018-2022,Weeks 10+,Home field,Non-conference
401012348,2018,12,Vanderbilt,Ole Miss,1,False,True,0.3450462623700252,0,0.6549537376299748,0,2018-2022,Weeks 10+,Home field,Conference
401012791,2018,12,UCLA,USC,1,False,True,0.2469010661364784,0,0.7530989338635217,0,2018-2022,Weeks 10+,Home field,Conference
401012792,2018,12,Colorado,Utah,0,False,True,0.17628778024319192,0,0.8237122197568081,1,2018-2022,Weeks 10+,Home field,Conference
401012793,2018,12,Oregon,Arizona State,1,False,True,0.5477888847011273,1,0.5477888847011273,1,2018-2022,Weeks 10+,Home field,Conference
401012794,2018,12,Washington,Oregon State,1,False,True,0.9892255686968301,1,0.9892255686968301,1,2018-2022,Weeks 10+,Home field,Conference
401012795,2018,12,Washington State,Arizona,1,False,True,0.7083998487384282,1,0.7083998487384282,1,2018-2022,Weeks 10+,Home field,Conference
401012814,2018,12,Illinois,Iowa,0,False,True,0.10859776540272154,0,0.8914022345972785,1,2018-2022,Weeks 10+,Home field,Conference
401012849,2018,12,Rutgers,Penn State,0,False,True,0.04241559738222428,0,0.9575844026177758,1,2018-2022,Weeks 10+,Home field,Conference
401012860,2018,12,Michigan,Indiana,1,False,True,0.9803088641043214,1,0.9803088641043214,1,2018-2022,Weeks 10+,Home field,Conference
401012878,2018,12,Maryland,Ohio State,0,False,True,0.08462025006351705,0,0.915379749936483,1,2018-2022,Weeks 10+,Home field,Conference
401012887,2018,12,Nebraska,Michigan State,1,False,True,0.2894348456934752,0,0.7105651543065248,0,2018-2022,Weeks 10+,Home field,Conference
401013036,2018,12,Baylor,TCU,0,False,True,0.5413782184578912,1,0.5413782184578912,0,2018-2022,Weeks 10+,Home field,Conference
401013046,2018,12,Texas,Iowa State,1,False,True,0.7746278833803337,1,0.7746278833803337,1,2018-2022,Weeks 10+,Home field,Conference
401013055,2018,12,Oklahoma,Kansas,1,False,True,0.9710793071431207,1,0.9710793071431207,1,2018-2022,Weeks 10+,Home field,Conference
401013064,2018,12,Kansas State,Texas Tech,1,False,True,0.3386235207269185,0,0.6613764792730815,0,2018-2022,Weeks 10+,Home field,Conference
401013175,2018,12,Florida State,Boston College,1,False,True,0.4382111414270616,0,0.5617888585729385,0,2018-2022,Weeks 10+,Home field,Conference
401013176,2018,12,Clemson,Duke,1,False,True,0.9730486776656426,1,0.9730486776656426,1,2018-2022,Weeks 10+,Home field,Conference
401013177,2018,12,Georgia Tech,Virginia,1,False,True,0.7780928444816487,1,0.7780928444816487,1,2018-2022,Weeks 10+,Home field,Conference
401013178,2018,12,Louisville,NC State,0,False,True,0.130994095470779,0,0.869005904529221,1,2018-2022,Weeks 10+,Home field,Conference
401013179,2018,12,Virginia Tech,Miami,0,False,True,0.32889274839467436,0,0.6711072516053256,1,2018-2022,Weeks 10+,Home field,Conference
401013181,2018,12,Wake Forest,Pittsburgh,0,False,True,0.3503656222498196,0,0.6496343777501804,1,2018-2022,Weeks 10+,Home field,Conference
401013182,2018,12,Notre Dame,Syracuse,1,True,False,0.951806396657083,1,0.951806396657083,1,2018-2022,Weeks 10+,Neutral,Non-conference
401013327,2018,12,Oklahoma State,West Virginia,1,False,True,0.33694984075687606,0,0.6630501592431239,0,2018-2022,Weeks 10+,Home field,Conference
401013334,2018,12,Minnesota,Northwestern,0,False,True,0.40778772246298456,0,0.5922122775370154,1,2018-2022,Weeks 10+,Home field,Conference
401013353,2018,12,Purdue,Wisconsin,0,False,True,0.27193746223670234,0,0.7280625377632977,1,2018-2022,Weeks 10+,Home field,Conference
401013446,2018,12,BYU,New Mexico State,1,False,False,0.9626258024228468,1,0.9626258024228468,1,2018-2022,Weeks 10+,Home field,Non-conference
401015044,2018,12,Charlotte,Florida International,0,False,True,0.5105541173435348,1,0.5105541173435348,0,2018-2022,Weeks 10+,Home field,Conference
401015045,2018,12,North Texas,Florida Atlantic,1,False,True,0.46978437613595087,0,0.5302156238640492,0,2018-2022,Weeks 10+,Home field,Conference
401015046,2018,12,Southern Mississippi,Louisiana Tech,1,False,True,0.40470683984390593,0,0.595293160156094,0,2018-2022,Weeks 10+,Home field,Conference
401015047,2018,12,Marshall,UT San Antonio,1,False,True,0.9574355970543522,1,0.9574355970543522,1,2018-2022,Weeks 10+,Home field,Conference
401015049,2018,12,Western Kentucky,UTEP,1,False,True,0.6961639935558515,1,0.6961639935558515,1,2018-2022,Weeks 10+,Home field,Conference
401019529,2018,12,Houston,Tulane,1,False,True,0.7974551186466093,1,0.7974551186466093,1,2018-2022,Weeks 10+,Home field,Conference
401019530,2018,12,SMU,Memphis,0,False,True,0.27699638133106325,0,0.7230036186689368,1,2018-2022,Weeks 10+,Home field,Conference
401019531,2018,12,UCF,Cincinnati,1,False,True,0.7892433270583941,1,0.7892433270583941,1,2018-2022,Weeks 10+,Home field,Conference
401019532,2018,12,East Carolina,Connecticut,1,False,True,0.7903902333253479,1,0.7903902333253479,1,2018-2022,Weeks 10+,Home field,Conference
401019533,2018,12,Temple,South Florida,1,False,True,0.7551153414687247,1,0.7551153414687247,1,2018-2022,Weeks 10+,Home field,Conference
401019534,2018,12,Navy,Tulsa,1,False,True,0.5028273810964644,1,0.5028273810964644,1,2018-2022,Weeks 10+,Home field,Conference
401020780,2018,12,Ball State,Western Michigan,1,False,True,0.4746749355144784,0,0.5253250644855216,0,2018-2022,Weeks 10+,Home field,Conference
401020781,2018,12,Ohio,Buffalo,1,False,True,0.8071034984996346,1,0.8071034984996346,1,2018-2022,Weeks 10+,Home field,Conference
401020782,2018,12,Northern Illinois,Miami (OH),0,False,True,0.7475462700129432,1,0.7475462700129432,0,2018-2022,Weeks 10+,Home field,Conference
401020783,2018,12,Kent State,Toledo,0,False,True,0.21422838567266284,0,0.7857716143273372,1,2018-2022,Weeks 10+,Home field,Conference
401020784,2018,12,Akron,Bowling Green,0,False,True,0.682885587828324,1,0.682885587828324,0,2018-2022,Weeks 10+,Home field,Conference
401021692,2018,12,App State,Georgia State,1,False,True,0.896566369305257,1,0.896566369305257,1,2018-2022,Weeks 10+,Home field,Conference
401021693,2018,12,Arkansas State,Louisiana Monroe,1,False,True,0.7490215528812489,1,0.7490215528812489,1,2018-2022,Weeks 10+,Home field,Conference
401021694,2018,12,Coastal Carolina,Georgia Southern,0,False,True,0.31012112746527903,0,0.6898788725347209,1,2018-2022,Weeks 10+,Home field,Conference
401021695,2018,12,Louisiana,South Alabama,1,False,True,0.8495844894058484,1,0.8495844894058484,1,2018-2022,Weeks 10+,Home field,Conference
401021696,2018,12,Troy,Texas State,1,False,True,0.8448981781873424,1,0.8448981781873424,1,2018-2022,Weeks 10+,Home field,Conference
401022559,2018,12,Wyoming,Air Force,1,False,True,0.6174478764226274,1,0.6174478764226274,1,2018-2022,Weeks 10+,Home field,Conference
401022560,2018,12,New Mexico,Boise State,0,False,True,0.09572343049607979,0,0.9042765695039202,1,2018-2022,Weeks 10+,Home field,Conference
401022561,2018,12,Colorado State,Utah State,0,False,True,0.04141760086912638,0,0.9585823991308736,1,2018-2022,Weeks 10+,Home field,Conference
401022562,2018,12,San José State,Nevada,0,False,True,0.1454218845837401,0,0.8545781154162599,1,2018-2022,Weeks 10+,Home field,Conference
401022563,2018,12,Fresno State,San Diego State,1,False,True,0.8464401256718759,1,0.8464401256718759,1,2018-2022,Weeks 10+,Home field,Conference
401022564,2018,12,Hawai'i,UNLV,1,False,True,0.6573815465073235,1,0.6573815465073235,1,2018-2022,Weeks 10+,Home field,Conference
401012349,2018,13,Ole Miss,Mississippi State,0,False,True,0.19141636598435732,0,0.8085836340156427,1,2018-2022,Weeks 10+,Home field,Conference
401012350,2018,13,Alabama,Auburn,1,False,True,0.9285328878158652,1,0.9285328878158652,1,2018-2022,Weeks 10+,Home field,Conference
401012351,2018,13,Florida State,Florida,0,False,False,0.26565246720623137,0,0.7343475327937686,1,2018-2022,Weeks 10+,Home field,Non-conference
401012352,2018,13,Georgia,Georgia Tech,1,False,False,0.8775904744824983,1,0.8775904744824983,1,2018-2022,Weeks 10+,Home field,Non-conference
401012353,2018,13,Louisville,Kentucky,0,False,False,0.12248177782112851,0,0.8775182221788715,1,2018-2022,Weeks 10+,Home field,Non-conference
401012354,2018,13,Missouri,Arkansas,1,False,True,0.8965623630396122,1,0.8965623630396122,1,2018-2022,Weeks 10+,Home field,Conference
401012355,2018,13,Clemson,South Carolina,1,False,False,0.9795399885372333,1,0.9795399885372333,1,2018-2022,Weeks 10+,Home field,Non-conference
401012356,2018,13,Texas A&M,LSU,1,False,True,0.6165576110215706,1,0.6165576110215706,1,2018-2022,Weeks 10+,Home field,Conference
401012357,2018,13,Vanderbilt,Tennessee,1,False,True,0.6125219163144774,1,0.6125219163144774,1,2018-2022,Weeks 10+,Home field,Conference
401012797,2018,13,Oregon State,Oregon,0,False,True,0.08765486045275277,0,0.9123451395472473,1,2018-2022,Weeks 10+,Home field,Conference
401012798,2018,13,Washington State,Washington,0,False,True,0.3237510548891366,0,0.6762489451108634,1,2018-2022,Weeks 10+,Home field,Conference
401012799,2018,13,Arizona,Arizona State,0,False,True,0.3732523514565712,0,0.6267476485434288,1,2018-2022,Weeks 10+,Home field,Conference
401012800,2018,13,USC,Notre Dame,0,False,False,0.22861865053907873,0,0.7713813494609213,1,2018-2022,Weeks 10+,Home field,Non-conference
401012801,2018,13,UCLA,Stanford,0,False,True,0.236052723161602,0,0.763947276838398,1,2018-2022,Weeks 10+,Home field,Conference
401012802,2018,13,Utah,BYU,1,False,False,0.834757137798011,1,0.834757137798011,1,2018-2022,Weeks 10+,Home field,Non-conference
401012803,2018,13,California,Colorado,1,False,True,0.7661466387155751,1,0.7661466387155751,1,2018-2022,Weeks 10+,Home field,Conference
401012815,2018,13,Northwestern,Illinois,1,False,True,0.9193748159178727,1,0.9193748159178727,1,2018-2022,Weeks 10+,Home field,Conference
401012850,2018,13,Michigan State,Rutgers,1,False,True,0.9647175247092077,1,0.9647175247092077,1,2018-2022,Weeks 10+,Home field,Conference
401012861,2018,13,Indiana,Purdue,0,False,True,0.512036440989681,1,0.512036440989681,0,2018-2022,Weeks 10+,Home field,Conference
401012871,2018,13,Iowa,Nebraska,1,False,True,0.8131611899136598,1,0.8131611899136598,1,2018-2022,Weeks 10+,Home field,Conference
401012879,2018,13,Penn State,Maryland,1,False,True,0.8367168559465018,1,0.8367168559465018,1,2018-2022,Weeks 10+,Home field,Conference
401012895,2018,13,Ohio State,Michigan,1,False,True,0.4280140376557151,0,0.5719859623442849,0,2018-2022,Weeks 10+,Home field,Conference
401013037,2018,13,Texas Tech,Baylor,0,True,True,0.6742879323848873,1,0.6742879323848873,0,2018-2022,Weeks 10+,Neutral,Conference
401013047,2018,13,Iowa State,Kansas State,1,False,True,0.6794669150112658,1,0.6794669150112658,1,2018-2022,Weeks 10+,Home field,Conference
401013056,2018,13,Kansas,Texas,0,False,True,0.11947203931543737,0,0.8805279606845626,1,2018-2022,Weeks 10+,Home field,Conference
401013071,2018,13,West Virginia,Oklahoma,0,False,True,0.3539424392179896,0,0.6460575607820104,1,2018-2022,Weeks 10+,Home field,Conference
401013078,2018,13,TCU,Oklahoma State,1,False,True,0.45896286464794367,0,0.5410371353520563,0,2018-2022,Weeks 10+,Home field,Conference
401013183,2018,13,Virginia Tech,Virginia,1,False,True,0.4971900728224734,0,0.5028099271775266,0,2018-2022,Weeks 10+,Home field,Conference
401013184,2018,13,Boston College,Syracuse,0,False,True,0.7134211000011319,1,0.7134211000011319,0,2018-2022,Weeks 10+,Home field,Conference
401013185,2018,13,Duke,Wake Forest,0,False,True,0.8014263573144955,1,0.8014263573144955,0,2018-2022,Weeks 10+,Home field,Conference
401013186,2018,13,Miami,Pittsburgh,1,False,True,0.681333404897786,1,0.681333404897786,1,2018-2022,Weeks 10+,Home field,Conference
401013187,2018,13,North Carolina,NC State,0,False,True,0.3511336353272242,0,0.6488663646727758,1,2018-2022,Weeks 10+,Home field,Conference
401013335,2018,13,Wisconsin,Minnesota,0,False,True,0.8308501118338832,1,0.8308501118338832,0,2018-2022,Weeks 10+,Home field,Conference
401013447,2018,13,Liberty,New Mexico State,1,False,False,0.6809079817955218,1,0.6809079817955218,1,2018-2022,Weeks 10+,Home field,Non-conference
401015050,2018,13,Florida Atlantic,Charlotte,0,False,True,0.8679226882261644,1,0.8679226882261644,0,2018-2022,Weeks 10+,Home field,Conference
401015051,2018,13,Florida International,Marshall,0,False,True,0.2973898122865666,0,0.7026101877134334,1,2018-2022,Weeks 10+,Home field,Conference
401015052,2018,13,Louisiana Tech,Western Kentucky,0,False,True,0.8215055382766928,1,0.8215055382766928,0,2018-2022,Weeks 10+,Home field,Conference
401015053,2018,13,Middle Tennessee,UAB,1,False,True,0.4768472819927657,0,0.5231527180072343,0,2018-2022,Weeks 10+,Home field,Conference
401015054,2018,13,UT San Antonio,North Texas,0,False,True,0.08045531108424166,0,0.9195446889157584,1,2018-2022,Weeks 10+,Home field,Conference
401015055,2018,13,Rice,Old Dominion,1,False,True,0.2670537723716247,0,0.7329462276283754,0,2018-2022,Weeks 10+,Home field,Conference
401015056,2018,13,UTEP,Southern Mississippi,0,False,True,0.26798934156142107,0,0.7320106584385789,1,2018-2022,Weeks 10+,Home field,Conference
401019535,2018,13,South Florida,UCF,0,False,True,0.13554137759788412,0,0.8644586224021159,1,2018-2022,Weeks 10+,Home field,Conference
401019536,2018,13,Cincinnati,East Carolina,1,False,True,0.8860343306571576,1,0.8860343306571576,1,2018-2022,Weeks 10+,Home field,Conference
401019537,2018,13,Memphis,Houston,1,False,True,0.5777075811197663,1,0.5777075811197663,1,2018-2022,Weeks 10+,Home field,Conference
401019538,2018,13,Connecticut,Temple,0,False,True,0.04730108566896218,0,0.9526989143310378,1,2018-2022,Weeks 10+,Home field,Conference
401019539,2018,13,Tulane,Navy,1,False,True,0.5517370709548565,1,0.5517370709548565,1,2018-2022,Weeks 10+,Home field,Conference
401019540,2018,13,Tulsa,SMU,1,False,True,0.5722372390050842,1,0.5722372390050842,1,2018-2022,Weeks 10+,Home field,Conference
401020785,2018,13,Miami (OH),Ball State,1,False,True,0.7653587391235965,1,0.7653587391235965,1,2018-2022,Weeks 10+,Home field,Conference
401020786,2018,13,Western Michigan,Northern Illinois,1,False,True,0.270373339157585,0,0.729626660842415,0,2018-2022,Weeks 10+,Home field,Conference
401020787,2018,13,Ohio,Akron,1,False,True,0.9635663254852811,1,0.9635663254852811,1,2018-2022,Weeks 10+,Home field,Conference
401020788,2018,13,Bowling Green,Buffalo,0,False,True,0.22394457473902446,0,0.7760554252609755,1,2018-2022,Weeks 10+,Home field,Conference
401020789,2018,13,Toledo,Central Michigan,1,False,True,0.856993882648208,1,0.856993882648208,1,2018-2022,Weeks 10+,Home field,Conference
401020790,2018,13,Kent State,Eastern Michigan,0,False,True,0.2233495745747709,0,0.7766504254252291,1,2018-2022,Weeks 10+,Home field,Conference
401021697,2018,13,App State,Troy,1,False,True,0.7582953712255673,1,0.7582953712255673,1,2018-2022,Weeks 10+,Home field,Conference
401021698,2018,13,Texas State,Arkansas State,0,False,True,0.21785931660512928,0,0.7821406833948708,1,2018-2022,Weeks 10+,Home field,Conference
401021699,2018,13,South Alabama,Coastal Carolina,1,False,True,0.41718310911224255,0,0.5828168908877575,0,2018-2022,Weeks 10+,Home field,Conference
401021700,2018,13,Georgia State,Georgia Southern,0,False,True,0.28857196398041957,0,0.7114280360195804,1,2018-2022,Weeks 10+,Home field,Conference
401021701,2018,13,Louisiana Monroe,Louisiana,0,False,True,0.5899153873678766,1,0.5899153873678766,0,2018-2022,Weeks 10+,Home field,Conference
401022565,2018,13,Air Force,Colorado State,1,False,True,0.8186852070427917,1,0.8186852070427917,1,2018-2022,Weeks 10+,Home field,Conference
401022566,2018,13,Boise State,Utah State,1,False,True,0.6279443018090463,1,0.6279443018090463,1,2018-2022,Weeks 10+,Home field,Conference
401022567,2018,13,New Mexico,Wyoming,0,False,True,0.40782671039351315,0,0.5921732896064869,1,2018-2022,Weeks 10+,Home field,Conference
401022568,2018,13,San Diego State,Hawai'i,0,False,True,0.8015355209293845,1,0.8015355209293845,0,2018-2022,Weeks 10+,Home field,Conference
401022569,2018,13,UNLV,Nevada,1,False,True,0.20605502449058669,0,0.7939449755094133,0,2018-2022,Weeks 10+,Home field,Conference
401022570,2018,13,Fresno State,San José State,1,False,True,0.9767446954715557,1,0.9767446954715557,1,2018-2022,Weeks 10+,Home field,Conference
401056696,2018,14,Buffalo,Northern Illinois,0,True,True,0.47309378466458113,0,0.5269062153354189,1,2018-2022,Weeks 10+,Neutral,Conference
401056697,2018,14,Pittsburgh,Clemson,0,True,True,0.040050152641741,0,0.9599498473582591,1,2018-2022,Weeks 10+,Neutral,Conference
401056698,2018,14,Oklahoma,Texas,1,True,True,0.7621411104103087,1,0.7621411104103087,1,2018-2022,Weeks 10+,Neutral,Conference
401056699,2018,14,UCF,Memphis,1,False,True,0.8085922925876209,1,0.8085922925876209,1,2018-2022,Weeks 10+,Home field,Conference
401056700,2018,14,Boise State,Fresno State,0,False,True,0.6110917774574418,1,0.6110917774574418,0,2018-2022,Weeks 10+,Home field,Conference
401056701,2018,14,App State,Louisiana,1,False,True,0.834240105164824,1,0.834240105164824,1,2018-2022,Weeks 10+,Home field,Conference
401056702,2018,14,Ohio State,Northwestern,1,True,True,0.9364233147148319,1,0.9364233147148319,1,2018-2022,Weeks 10+,Neutral,Conference
401056703,2018,14,Middle Tennessee,UAB,0,False,True,0.6092473508855645,1,0.6092473508855645,0,2018-2022,Weeks 10+,Home field,Conference
401056704,2018,14,Washington,Utah,1,True,True,0.7824958140357674,1,0.7824958140357674,1,2018-2022,Weeks 10+,Neutral,Conference
401056705,2018,14,Georgia,Alabama,0,True,True,0.21125050764651207,0,0.7887494923534879,1,2018-2022,Weeks 10+,Neutral,Conference
401088766,2018,14,NC State,East Carolina,1,False,False,0.9579549911397599,1,0.9579549911397599,1,2018-2022,Weeks 10+,Home field,Non-conference
401098253,2018,14,South Carolina,Akron,1,False,False,0.9701134096252213,1,0.9701134096252213,1,2018-2022,Weeks 10+,Home field,Non-conference
401099853,2018,14,California,Stanford,0,False,True,0.3245736609369787,0,0.6754263390630213,1,2018-2022,Weeks 10+,Home field,Conference
401100159,2018,14,Virginia Tech,Marshall,1,False,False,0.6243526366318208,1,0.6243526366318208,1,2018-2022,Weeks 10+,Home field,Non-conference
401013376,2018,15,Army,Navy,1,True,False,0.7440678004695271,1,0.7440678004695271,1,2018-2022,Weeks 10+,Neutral,Non-conference
401110720,2019,1,Alabama,Duke,1,True,False,0.9823063755625079,1,0.9823063755625079,1,2018-2022,Weeks 1-3,Neutral,Non-conference
401110722,2019,1,Auburn,Oregon,1,True,False,0.7171417201254091,1,0.7171417201254091,1,2018-2022,Weeks 1-3,Neutral,Non-conference
401110723,2019,1,Florida,Miami,1,True,False,0.7961467724988617,1,0.7961467724988617,1,2018-2022,Weeks 1-3,Neutral,Non-conference
401110724,2019,1,Kentucky,Toledo,1,False,False,0.8606159076828769,1,0.8606159076828769,1,2018-2022,Weeks 1-3,Home field,Non-conference
401110725,2019,1,LSU,Georgia Southern,1,False,False,0.9423879135711916,1,0.9423879135711916,1,2018-2022,Weeks 1-3,Home field,Non-conference
401110726,2019,1,Memphis,Ole Miss,1,False,False,0.7834086643952243,1,0.7834086643952243,1,2018-2022,Weeks 1-3,Home field,Non-conference
401110727,2019,1,Louisiana,Mississippi State,0,True,False,0.09607549334616673,0,0.9039245066538333,1,2018-2022,Weeks 1-3,Neutral,Non-conference
401110728,2019,1,Wyoming,Missouri,1,False,False,0.16426739332656076,0,0.8357326066734392,0,2018-2022,Weeks 1-3,Home field,Non-conference
401110729,2019,1,North Carolina,South Carolina,1,True,False,0.47015473673755503,0,0.529845263262445,0,2018-2022,Weeks 1-3,Neutral,Non-conference
401110730,2019,1,Tennessee,Georgia State,0,False,False,0.8886163395343949,1,0.8886163395343949,0,2018-2022,Weeks 1-3,Home field,Non-conference
401110731,2019,1,Texas A&M,Texas State,1,False,False,0.9626548534387495,1,0.9626548534387495,1,2018-2022,Weeks 1-3,Home field,Non-conference
401110732,2019,1,Vanderbilt,Georgia,0,False,True,0.11562998725471647,0,0.8843700127452835,1,2018-2022,Weeks 1-3,Home field,Conference
401111653,2019,1,Clemson,Georgia Tech,1,False,True,0.9697165803992553,1,0.9697165803992553,1,2018-2022,Weeks 1-3,Home field,Conference
401112114,2019,1,Oklahoma,Houston,1,False,False,0.9517075187070667,1,0.9517075187070667,1,2018-2022,Weeks 1-3,Home field,Non-conference
401112122,2019,1,Oregon State,Oklahoma State,0,False,False,0.1383406326911048,0,0.8616593673088953,1,2018-2022,Weeks 1-3,Home field,Non-conference
401112135,2019,1,Texas,Louisiana Tech,1,False,False,0.8876680609774692,1,0.8876680609774692,1,2018-2022,Weeks 1-3,Home field,Non-conference
401112145,2019,1,Illinois,Akron,1,False,False,0.8907552845693141,1,0.8907552845693141,1,2018-2022,Weeks 1-3,Home field,Non-conference
401112157,2019,1,Ball State,Indiana,0,True,False,0.15771596076429678,0,0.8422840392357032,1,2018-2022,Weeks 1-3,Neutral,Non-conference
401112191,2019,1,Iowa,Miami (OH),1,False,False,0.9527227316992168,1,0.9527227316992168,1,2018-2022,Weeks 1-3,Home field,Non-conference
401112212,2019,1,Michigan State,Tulsa,1,False,False,0.8768338637032056,1,0.8768338637032056,1,2018-2022,Weeks 1-3,Home field,Non-conference
401112222,2019,1,Michigan,Middle Tennessee,1,False,False,0.9580418182674175,1,0.9580418182674175,1,2018-2022,Weeks 1-3,Home field,Non-conference
401112238,2019,1,Nebraska,South Alabama,1,False,False,0.965690672403475,1,0.965690672403475,1,2018-2022,Weeks 1-3,Home field,Non-conference
401112245,2019,1,Stanford,Northwestern,1,False,False,0.7095203683814084,1,0.7095203683814084,1,2018-2022,Weeks 1-3,Home field,Non-conference
401112251,2019,1,Ohio State,Florida Atlantic,1,False,False,0.9547587825204962,1,0.9547587825204962,1,2018-2022,Weeks 1-3,Home field,Non-conference
401112262,2019,1,Nevada,Purdue,1,False,False,0.544852542253637,1,0.544852542253637,1,2018-2022,Weeks 1-3,Home field,Non-conference
401112264,2019,1,Rutgers,UMass,1,False,False,0.7907975422457775,1,0.7907975422457775,1,2018-2022,Weeks 1-3,Home field,Non-conference
401112430,2019,1,Wake Forest,Utah State,1,False,False,0.510437904739188,1,0.510437904739188,1,2018-2022,Weeks 1-3,Home field,Non-conference
401112431,2019,1,Florida State,Boise State,0,False,False,0.5218139904827348,1,0.5218139904827348,0,2018-2022,Weeks 1-3,Home field,Non-conference
401112432,2019,1,NC State,East Carolina,1,False,False,0.9497531054548762,1,0.9497531054548762,1,2018-2022,Weeks 1-3,Home field,Non-conference
401112433,2019,1,Pittsburgh,Virginia,0,False,True,0.5001079838784575,1,0.5001079838784575,0,2018-2022,Weeks 1-3,Home field,Conference
401112434,2019,1,Liberty,Syracuse,0,False,False,0.12929052015694084,0,0.8707094798430591,1,2018-2022,Weeks 1-3,Home field,Non-conference
401112435,2019,1,Boston College,Virginia Tech,1,False,True,0.4429419726498771,0,0.5570580273501229,0,2018-2022,Weeks 1-3,Home field,Conference
401112436,2019,1,Louisville,Notre Dame,0,False,False,0.0706623981673455,0,0.9293376018326545,1,2018-2022,Weeks 1-3,Home field,Non-conference
401114153,2019,1,Arizona State,Kent State,1,False,False,0.9535567275299427,1,0.9535567275299427,1,2018-2022,Weeks 1-3,Home field,Non-conference
401114164,2019,1,Hawai'i,Arizona,1,False,False,0.4290827042525841,0,0.5709172957474159,0,2018-2022,Weeks 1-3,Home field,Non-conference
401114184,2019,1,Colorado,Colorado State,1,True,False,0.8506035267997647,1,0.8506035267997647,1,2018-2022,Weeks 1-3,Neutral,Non-conference
401114218,2019,1,USC,Fresno State,1,False,False,0.7942494396727364,1,0.7942494396727364,1,2018-2022,Weeks 1-3,Home field,Non-conference
401114223,2019,1,BYU,Utah,0,False,False,0.2930017241782419,0,0.7069982758217581,1,2018-2022,Weeks 1-3,Home field,Non-conference
401114228,2019,1,Washington State,New Mexico State,1,False,False,0.976650222689041,1,0.976650222689041,1,2018-2022,Weeks 1-3,Home field,Non-conference
401114236,2019,1,Tulane,Florida International,1,False,False,0.43117941257546527,0,0.5688205874245347,0,2018-2022,Weeks 1-3,Home field,Non-conference
401114238,2019,1,Army,Rice,1,False,False,0.8900907964301149,1,0.8900907964301149,1,2018-2022,Weeks 1-3,Home field,Non-conference
401117854,2019,1,Cincinnati,UCLA,1,False,False,0.7369850053168271,1,0.7369850053168271,1,2018-2022,Weeks 1-3,Home field,Non-conference
401117856,2019,1,South Florida,Wisconsin,0,False,False,0.24673903269347683,0,0.7532609673065231,1,2018-2022,Weeks 1-3,Home field,Non-conference
401117858,2019,1,Arkansas State,SMU,0,False,False,0.6363673412934139,1,0.6363673412934139,0,2018-2022,Weeks 1-3,Home field,Non-conference
401119256,2019,1,Coastal Carolina,Eastern Michigan,0,False,False,0.48938338717190627,0,0.5106166128280938,1,2018-2022,Weeks 1-3,Home field,Non-conference
401135295,2019,1,LSU,Clemson,1,True,False,0.40239219591863457,0,0.5976078040813655,0,2018-2022,Weeks 1-3,Neutral,Non-conference
401110773,2019,2,Alabama,New Mexico State,1,False,False,0.9989803846722594,1,0.9989803846722594,1,2018-2022,Weeks 1-3,Home field,Non-conference
401110774,2019,2,Auburn,Tulane,1,False,False,0.9302582026779288,1,0.9302582026779288,1,2018-2022,Weeks 1-3,Home field,Non-conference
401110777,2019,2,Kentucky,Eastern Michigan,1,False,False,0.9099036623587069,1,0.9099036623587069,1,2018-2022,Weeks 1-3,Home field,Non-conference
401110778,2019,2,Texas,LSU,0,False,False,0.40774289552915727,0,0.5922571044708427,1,2018-2022,Weeks 1-3,Home field,Non-conference
401110779,2019,2,Ole Miss,Arkansas,1,False,True,0.5780894273201418,1,0.5780894273201418,1,2018-2022,Weeks 1-3,Home field,Conference
401110780,2019,2,Mississippi State,Southern Mississippi,1,False,False,0.7966772877565547,1,0.7966772877565547,1,2018-2022,Weeks 1-3,Home field,Non-conference
401110781,2019,2,Missouri,West Virginia,1,False,False,0.6524556460641168,1,0.6524556460641168,1,2018-2022,Weeks 1-3,Home field,Non-conference
401110783,2019,2,Tennessee,BYU,0,False,False,0.8690405454288286,1,0.8690405454288286,0,2018-2022,Weeks 1-3,Home field,Non-conference
401110784,2019,2,Clemson,Texas A&M,1,False,False,0.8126596423237994,1,0.8126596423237994,1,2018-2022,Weeks 1-3,Home field,Non-conference
401110785,2019,2,Purdue,Vanderbilt,1,False,False,0.7919862710616299,1,0.7919862710616299,1,2018-2022,Weeks 1-3,Home field,Non-conference
401112074,2019,2,Baylor,UT San Antonio,1,False,False,0.9520873953245977,1,0.9520873953245977,1,2018-2022,Weeks 1-3,Home field,Non-conference
401112097,2019,2,Kansas,Coastal Carolina,0,False,False,0.5844135701990368,1,0.5844135701990368,0,2018-2022,Weeks 1-3,Home field,Non-conference
401112107,2019,2,Kansas State,Bowling Green,1,False,False,0.8373838835838486,1,0.8373838835838486,1,2018-2022,Weeks 1-3,Home field,Non-conference
401112140,2019,2,Texas Tech,UTEP,1,False,False,0.9620412667379359,1,0.9620412667379359,1,2018-2022,Weeks 1-3,Home field,Non-conference
401112146,2019,2,Connecticut,Illinois,0,False,False,0.06617740850279842,0,0.9338225914972016,1,2018-2022,Weeks 1-3,Home field,Non-conference
401112192,2019,2,Iowa,Rutgers,1,False,True,0.9648564349267721,1,0.9648564349267721,1,2018-2022,Weeks 1-3,Home field,Conference
401112202,2019,2,Maryland,Syracuse,1,False,False,0.5872869456490178,1,0.5872869456490178,1,2018-2022,Weeks 1-3,Home field,Non-conference
401112213,2019,2,Michigan State,Western Michigan,1,False,False,0.7113501981473552,1,0.7113501981473552,1,2018-2022,Weeks 1-3,Home field,Non-conference
401112223,2019,2,Michigan,Army,1,False,False,0.9396328754664737,1,0.9396328754664737,1,2018-2022,Weeks 1-3,Home field,Non-conference
401112230,2019,2,Fresno State,Minnesota,0,False,False,0.48583004591512347,0,0.5141699540848765,1,2018-2022,Weeks 1-3,Home field,Non-conference
401112239,2019,2,Colorado,Nebraska,1,False,False,0.40392837979192375,0,0.5960716202080762,0,2018-2022,Weeks 1-3,Home field,Non-conference
401112252,2019,2,Ohio State,Cincinnati,1,False,False,0.8874425538654895,1,0.8874425538654895,1,2018-2022,Weeks 1-3,Home field,Non-conference
401112258,2019,2,Penn State,Buffalo,1,False,False,0.9151919221749155,1,0.9151919221749155,1,2018-2022,Weeks 1-3,Home field,Non-conference
401112268,2019,2,Wisconsin,Central Michigan,1,False,False,0.9569812805242612,1,0.9569812805242612,1,2018-2022,Weeks 1-3,Home field,Non-conference
401112440,2019,2,Florida State,Louisiana Monroe,1,False,False,0.8897394010438493,1,0.8897394010438493,1,2018-2022,Weeks 1-3,Home field,Non-conference
401112441,2019,2,Georgia Tech,South Florida,1,False,False,0.8437463015198245,1,0.8437463015198245,1,2018-2022,Weeks 1-3,Home field,Non-conference
401112443,2019,2,North Carolina,Miami,1,False,True,0.3315538714413544,0,0.6684461285586456,0,2018-2022,Weeks 1-3,Home field,Conference
401112445,2019,2,Pittsburgh,Ohio,1,False,False,0.4865237041214838,0,0.5134762958785162,0,2018-2022,Weeks 1-3,Home field,Non-conference
401112446,2019,2,Virginia Tech,Old Dominion,1,False,False,0.8706005198392733,1,0.8706005198392733,1,2018-2022,Weeks 1-3,Home field,Non-conference
401112447,2019,2,Rice,Wake Forest,0,False,False,0.20369841620096377,0,0.7963015837990363,1,2018-2022,Weeks 1-3,Home field,Non-conference
401114175,2019,2,Washington,California,0,False,True,0.913352064747003,1,0.913352064747003,0,2018-2022,Weeks 1-3,Home field,Conference
401114193,2019,2,Oregon,Nevada,1,False,False,0.8564600084890903,1,0.8564600084890903,1,2018-2022,Weeks 1-3,Home field,Non-conference
401114200,2019,2,Hawai'i,Oregon State,1,False,False,0.6070979322701066,1,0.6070979322701066,1,2018-2022,Weeks 1-3,Home field,Non-conference
401114207,2019,2,USC,Stanford,1,False,True,0.6050980154829622,1,0.6050980154829622,1,2018-2022,Weeks 1-3,Home field,Conference
401114214,2019,2,UCLA,San Diego State,0,False,False,0.7769035156358708,1,0.7769035156358708,0,2018-2022,Weeks 1-3,Home field,Non-conference
401114224,2019,2,Utah,Northern Illinois,1,False,False,0.9369785770876744,1,0.9369785770876744,1,2018-2022,Weeks 1-3,Home field,Non-conference
401114247,2019,2,App State,Charlotte,1,False,False,0.9428833441426512,1,0.9428833441426512,1,2018-2022,Weeks 1-3,Home field,Non-conference
401114248,2019,2,Florida International,Western Kentucky,0,False,True,0.6028229609610595,1,0.6028229609610595,0,2018-2022,Weeks 1-3,Home field,Conference
401114249,2019,2,Florida Atlantic,UCF,0,False,False,0.1365220343326443,0,0.8634779656673557,1,2018-2022,Weeks 1-3,Home field,Non-conference
401114251,2019,2,Boise State,Marshall,1,False,False,0.6203699673047874,1,0.6203699673047874,1,2018-2022,Weeks 1-3,Home field,Non-conference
401114253,2019,2,SMU,North Texas,1,False,False,0.3672780997300019,0,0.6327219002699981,0,2018-2022,Weeks 1-3,Home field,Non-conference
401114254,2019,2,Akron,UAB,0,False,False,0.19958319175767109,0,0.8004168082423289,1,2018-2022,Weeks 1-3,Home field,Non-conference
401114347,2019,2,Louisiana,Liberty,1,False,False,0.6866046479236653,1,0.6866046479236653,1,2018-2022,Weeks 1-3,Home field,Non-conference
401117500,2019,2,Texas State,Wyoming,0,False,False,0.47034815148410924,0,0.5296518485158908,1,2018-2022,Weeks 1-3,Home field,Non-conference
401117501,2019,2,San José State,Tulsa,0,False,False,0.4412718303921046,0,0.5587281696078954,1,2018-2022,Weeks 1-3,Home field,Non-conference
401117502,2019,2,UNLV,Arkansas State,0,False,False,0.40777794598087846,0,0.5922220540191215,1,2018-2022,Weeks 1-3,Home field,Non-conference
401110786,2019,3,Arkansas,Colorado State,1,False,False,0.7857028213119108,1,0.7857028213119108,1,2018-2022,Weeks 1-3,Home field,Non-conference
401110787,2019,3,Auburn,Kent State,1,False,False,0.9734091859501692,1,0.9734091859501692,1,2018-2022,Weeks 1-3,Home field,Non-conference
401110788,2019,3,Georgia,Arkansas State,1,False,False,0.9681327090337132,1,0.9681327090337132,1,2018-2022,Weeks 1-3,Home field,Non-conference
401110789,2019,3,Kentucky,Florida,0,False,True,0.2880798789847382,0,0.7119201210152618,1,2018-2022,Weeks 1-3,Home field,Conference
401110792,2019,3,Mississippi State,Kansas State,0,False,False,0.8569267201845958,1,0.8569267201845958,0,2018-2022,Weeks 1-3,Home field,Non-conference
401110794,2019,3,South Carolina,Alabama,0,False,True,0.061018656376837926,0,0.9389813436231621,1,2018-2022,Weeks 1-3,Home field,Conference
401112086,2019,3,Iowa State,Iowa,0,False,False,0.29160887440824235,0,0.7083911255917577,1,2018-2022,Weeks 1-3,Home field,Non-conference
401112098,2019,3,Boston College,Kansas,0,False,False,0.8962644393177286,1,0.8962644393177286,0,2018-2022,Weeks 1-3,Home field,Non-conference
401112116,2019,3,UCLA,Oklahoma,0,False,False,0.2089329984076051,0,0.7910670015923948,1,2018-2022,Weeks 1-3,Home field,Non-conference
401112124,2019,3,Tulsa,Oklahoma State,0,False,False,0.25077175798152246,0,0.7492282420184775,1,2018-2022,Weeks 1-3,Home field,Non-conference
401112130,2019,3,Purdue,TCU,0,False,False,0.29178341390122964,0,0.7082165860987704,1,2018-2022,Weeks 1-3,Home field,Non-conference
401112136,2019,3,Rice,Texas,0,True,False,0.07850395467518353,0,0.9214960453248164,1,2018-2022,Weeks 1-3,Neutral,Non-conference
401112141,2019,3,Arizona,Texas Tech,1,False,False,0.43578364442537726,0,0.5642163555746227,0,2018-2022,Weeks 1-3,Home field,Non-conference
401112144,2019,3,West Virginia,NC State,1,False,False,0.3167226536738957,0,0.6832773463261044,0,2018-2022,Weeks 1-3,Home field,Non-conference
401112147,2019,3,Illinois,Eastern Michigan,0,False,False,0.8045074360733223,1,0.8045074360733223,0,2018-2022,Weeks 1-3,Home field,Non-conference
401112159,2019,3,Indiana,Ohio State,0,False,True,0.0908216996597507,0,0.9091783003402493,1,2018-2022,Weeks 1-3,Home field,Conference
401112203,2019,3,Temple,Maryland,1,False,False,0.5362612146247154,1,0.5362612146247154,1,2018-2022,Weeks 1-3,Home field,Non-conference
401112214,2019,3,Michigan State,Arizona State,0,False,False,0.7854266966816768,1,0.7854266966816768,0,2018-2022,Weeks 1-3,Home field,Non-conference
401112231,2019,3,Minnesota,Georgia Southern,1,False,False,0.8651601263104053,1,0.8651601263104053,1,2018-2022,Weeks 1-3,Home field,Non-conference
401112240,2019,3,Nebraska,Northern Illinois,1,False,False,0.8537133135734045,1,0.8537133135734045,1,2018-2022,Weeks 1-3,Home field,Non-conference
401112246,2019,3,Northwestern,UNLV,1,False,False,0.8825030026127271,1,0.8825030026127271,1,2018-2022,Weeks 1-3,Home field,Non-conference
401112259,2019,3,Penn State,Pittsburgh,1,False,False,0.9148421981454536,1,0.9148421981454536,1,2018-2022,Weeks 1-3,Home field,Non-conference
401112448,2019,3,Wake Forest,North Carolina,1,False,False,0.680266722412084,1,0.680266722412084,1,2018-2022,Weeks 1-3,Home field,Non-conference
401112449,2019,3,Syracuse,Clemson,0,False,True,0.03842988594169816,0,0.9615701140583018,1,2018-2022,Weeks 1-3,Home field,Conference
401112450,2019,3,Middle Tennessee,Duke,0,False,False,0.4617447644819421,0,0.5382552355180579,1,2018-2022,Weeks 1-3,Home field,Non-conference
401112451,2019,3,Virginia,Florida State,1,False,True,0.6845176119583539,1,0.6845176119583539,1,2018-2022,Weeks 1-3,Home field,Conference
401112453,2019,3,Western Kentucky,Louisville,0,True,False,0.5923685866435388,1,0.5923685866435388,0,2018-2022,Weeks 1-3,Neutral,Non-conference
401114176,2019,3,California,North Texas,1,False,False,0.7056410866809609,1,0.7056410866809609,1,2018-2022,Weeks 1-3,Home field,Non-conference
401114185,2019,3,Colorado,Air Force,0,False,False,0.738441402924627,1,0.738441402924627,0,2018-2022,Weeks 1-3,Home field,Non-conference
401114208,2019,3,UCF,Stanford,1,False,False,0.8433561753344319,1,0.8433561753344319,1,2018-2022,Weeks 1-3,Home field,Non-conference
401114219,2019,3,BYU,USC,1,False,False,0.1499245371039873,0,0.8500754628960128,0,2018-2022,Weeks 1-3,Home field,Non-conference
401114230,2019,3,Houston,Washington State,0,True,False,0.24122478017351875,0,0.7587752198264812,1,2018-2022,Weeks 1-3,Neutral,Non-conference
401114234,2019,3,Washington,Hawai'i,1,False,False,0.9432140905113335,1,0.9432140905113335,1,2018-2022,Weeks 1-3,Home field,Non-conference
401114255,2019,3,Charlotte,UMass,1,False,False,0.8403265991993055,1,0.8403265991993055,1,2018-2022,Weeks 1-3,Home field,Non-conference
401114257,2019,3,Ball State,Florida Atlantic,0,False,False,0.4741321582966328,0,0.5258678417033672,1,2018-2022,Weeks 1-3,Home field,Non-conference
401114258,2019,3,Bowling Green,Louisiana Tech,0,False,False,0.26682633614598517,0,0.7331736638540148,1,2018-2022,Weeks 1-3,Home field,Non-conference
401114259,2019,3,Marshall,Ohio,1,False,False,0.6669673207846287,1,0.6669673207846287,1,2018-2022,Weeks 1-3,Home field,Non-conference
401114260,2019,3,Troy,Southern Mississippi,0,False,False,0.6097989144453606,1,0.6097989144453606,0,2018-2022,Weeks 1-3,Home field,Non-conference
401114261,2019,3,UT San Antonio,Army,0,False,False,0.11236232738635135,0,0.8876376726136487,1,2018-2022,Weeks 1-3,Home field,Non-conference
401114336,2019,3,Notre Dame,New Mexico,1,False,False,0.9830187123857423,1,0.9830187123857423,1,2018-2022,Weeks 1-3,Home field,Non-conference
401114339,2019,3,New Mexico State,San Diego State,0,False,False,0.14550585574682964,0,0.8544941442531704,1,2018-2022,Weeks 1-3,Home field,Non-conference
401114348,2019,3,Liberty,Buffalo,1,False,False,0.3282872229823601,0,0.6717127770176399,0,2018-2022,Weeks 1-3,Home field,Non-conference
401117863,2019,3,Cincinnati,Miami (OH),1,False,False,0.8395465464900485,1,0.8395465464900485,1,2018-2022,Weeks 1-3,Home field,Non-conference
401117864,2019,3,Navy,East Carolina,1,False,True,0.7172849386323165,1,0.7172849386323165,1,2018-2022,Weeks 1-3,Home field,Conference
401117865,2019,3,South Alabama,Memphis,0,False,False,0.08052530415198554,0,0.9194746958480144,1,2018-2022,Weeks 1-3,Home field,Non-conference
401117867,2019,3,SMU,Texas State,1,False,False,0.8612300311801757,1,0.8612300311801757,1,2018-2022,Weeks 1-3,Home field,Non-conference
401119263,2019,3,Central Michigan,Akron,1,False,True,0.7418893556863015,1,0.7418893556863015,1,2018-2022,Weeks 1-3,Home field,Conference
401119264,2019,3,Western Michigan,Georgia State,1,False,False,0.7975375196922909,1,0.7975375196922909,1,2018-2022,Weeks 1-3,Home field,Non-conference
401110797,2019,4,Alabama,Southern Mississippi,1,False,False,0.9874983082591506,1,0.9874983082591506,1,2018-2022,Weeks 4-6,Home field,Non-conference
401110798,2019,4,Arkansas,San José State,0,False,False,0.8177202651505386,1,0.8177202651505386,0,2018-2022,Weeks 4-6,Home field,Non-conference
401110799,2019,4,Florida,Tennessee,1,False,True,0.84176714524705,1,0.84176714524705,1,2018-2022,Weeks 4-6,Home field,Conference
401110800,2019,4,Georgia,Notre Dame,1,False,False,0.8717936889214413,1,0.8717936889214413,1,2018-2022,Weeks 4-6,Home field,Non-conference
401110801,2019,4,Ole Miss,California,0,False,False,0.62514360906558,1,0.62514360906558,0,2018-2022,Weeks 4-6,Home field,Non-conference
401110802,2019,4,Mississippi State,Kentucky,1,False,True,0.6466602381993369,1,0.6466602381993369,1,2018-2022,Weeks 4-6,Home field,Conference
401110803,2019,4,Missouri,South Carolina,1,False,True,0.726224049152044,1,0.726224049152044,1,2018-2022,Weeks 4-6,Home field,Conference
401110804,2019,4,Texas A&M,Auburn,0,False,True,0.5039688957577354,1,0.5039688957577354,0,2018-2022,Weeks 4-6,Home field,Conference
401110805,2019,4,Vanderbilt,LSU,0,False,True,0.04276325707151254,0,0.9572367429284875,1,2018-2022,Weeks 4-6,Home field,Conference
401112075,2019,4,Rice,Baylor,0,False,False,0.10755054674950433,0,0.8924494532504956,1,2018-2022,Weeks 4-6,Home field,Non-conference
401112087,2019,4,Iowa State,Louisiana Monroe,1,False,False,0.9291331005681304,1,0.9291331005681304,1,2018-2022,Weeks 4-6,Home field,Non-conference
401112099,2019,4,Kansas,West Virginia,0,False,True,0.3118287062396494,0,0.6881712937603506,1,2018-2022,Weeks 4-6,Home field,Conference
401112125,2019,4,Texas,Oklahoma State,1,False,True,0.6357940429714944,1,0.6357940429714944,1,2018-2022,Weeks 4-6,Home field,Conference
401112131,2019,4,TCU,SMU,0,False,False,0.8567586191980883,1,0.8567586191980883,0,2018-2022,Weeks 4-6,Home field,Non-conference
401112148,2019,4,Illinois,Nebraska,0,False,True,0.43661573615155896,0,0.563384263848441,1,2018-2022,Weeks 4-6,Home field,Conference
401112160,2019,4,Indiana,Connecticut,1,False,False,0.9380313058154883,1,0.9380313058154883,1,2018-2022,Weeks 4-6,Home field,Non-conference
401112215,2019,4,Northwestern,Michigan State,0,False,True,0.38410173512584056,0,0.6158982648741594,1,2018-2022,Weeks 4-6,Home field,Conference
401112224,2019,4,Wisconsin,Michigan,1,False,True,0.7428291608763906,1,0.7428291608763906,1,2018-2022,Weeks 4-6,Home field,Conference
401112253,2019,4,Ohio State,Miami (OH),1,False,False,0.9916278116052919,1,0.9916278116052919,1,2018-2022,Weeks 4-6,Home field,Non-conference
401112265,2019,4,Rutgers,Boston College,0,False,False,0.3712682348252828,0,0.6287317651747172,1,2018-2022,Weeks 4-6,Home field,Non-conference
401112456,2019,4,Clemson,Charlotte,1,False,False,0.9929604783729054,1,0.9929604783729054,1,2018-2022,Weeks 4-6,Home field,Non-conference
401112457,2019,4,Florida State,Louisville,1,False,True,0.7885652234033615,1,0.7885652234033615,1,2018-2022,Weeks 4-6,Home field,Conference
401112458,2019,4,Miami,Central Michigan,1,False,False,0.9521511954794217,1,0.9521511954794217,1,2018-2022,Weeks 4-6,Home field,Non-conference
401112459,2019,4,North Carolina,App State,0,False,False,0.4179915231537902,0,0.5820084768462098,1,2018-2022,Weeks 4-6,Home field,Non-conference
401112460,2019,4,NC State,Ball State,1,False,False,0.9366205501948511,1,0.9366205501948511,1,2018-2022,Weeks 4-6,Home field,Non-conference
401112461,2019,4,Pittsburgh,UCF,1,False,False,0.29151064819598077,0,0.7084893518040192,0,2018-2022,Weeks 4-6,Home field,Non-conference
401112462,2019,4,Syracuse,Western Michigan,1,False,False,0.47777047898643443,0,0.5222295210135656,0,2018-2022,Weeks 4-6,Home field,Non-conference
401112463,2019,4,Virginia,Old Dominion,1,False,False,0.9358643622876124,1,0.9358643622876124,1,2018-2022,Weeks 4-6,Home field,Non-conference
401114155,2019,4,Arizona State,Colorado,0,False,True,0.7722855979678339,1,0.7722855979678339,0,2018-2022,Weeks 4-6,Home field,Conference
401114195,2019,4,Stanford,Oregon,0,False,True,0.17776492650909004,0,0.82223507349091,1,2018-2022,Weeks 4-6,Home field,Conference
401114215,2019,4,Washington State,UCLA,0,False,True,0.8350612597005371,1,0.8350612597005371,0,2018-2022,Weeks 4-6,Home field,Conference
401114220,2019,4,USC,Utah,1,False,True,0.5256520626354153,1,0.5256520626354153,1,2018-2022,Weeks 4-6,Home field,Conference
401114235,2019,4,BYU,Washington,0,False,False,0.19304851356470862,0,0.8069514864352914,1,2018-2022,Weeks 4-6,Home field,Non-conference
401114262,2019,4,Louisiana Tech,Florida International,1,False,True,0.6441486295401889,1,0.6441486295401889,1,2018-2022,Weeks 4-6,Home field,Conference
401114264,2019,4,North Texas,UT San Antonio,1,False,True,0.9189590591349683,1,0.9189590591349683,1,2018-2022,Weeks 4-6,Home field,Conference
401114265,2019,4,UAB,South Alabama,1,False,False,0.8275368143451719,1,0.8275368143451719,1,2018-2022,Weeks 4-6,Home field,Non-conference
401114266,2019,4,UTEP,Nevada,0,False,False,0.29572739132840287,0,0.7042726086715971,1,2018-2022,Weeks 4-6,Home field,Non-conference
401114340,2019,4,New Mexico,New Mexico State,1,False,False,0.7159275152600533,1,0.7159275152600533,1,2018-2022,Weeks 4-6,Home field,Non-conference
401114355,2019,4,UMass,Coastal Carolina,0,False,False,0.2716772443967008,0,0.7283227556032992,1,2018-2022,Weeks 4-6,Home field,Non-conference
401117506,2019,4,Boise State,Air Force,1,False,True,0.7397498031579177,1,0.7397498031579177,1,2018-2022,Weeks 4-6,Home field,Conference
401117507,2019,4,Colorado State,Toledo,0,False,False,0.4260250016154123,0,0.5739749983845877,1,2018-2022,Weeks 4-6,Home field,Non-conference
401117508,2019,4,San Diego State,Utah State,0,False,True,0.31842499879026626,0,0.6815750012097337,1,2018-2022,Weeks 4-6,Home field,Conference
401117509,2019,4,Tulsa,Wyoming,1,False,False,0.6786782533346217,1,0.6786782533346217,1,2018-2022,Weeks 4-6,Home field,Non-conference
401117869,2019,4,Tulane,Houston,1,False,True,0.617786716011005,1,0.617786716011005,1,2018-2022,Weeks 4-6,Home field,Conference
401117870,2019,4,Buffalo,Temple,1,False,False,0.21286802394419987,0,0.7871319760558001,0,2018-2022,Weeks 4-6,Home field,Non-conference
401119266,2019,4,Kent State,Bowling Green,1,False,True,0.7224837947224765,1,0.7224837947224765,1,2018-2022,Weeks 4-6,Home field,Conference
401119268,2019,4,Ohio,Louisiana,0,False,False,0.7942151163553088,1,0.7942151163553088,0,2018-2022,Weeks 4-6,Home field,Non-conference
401119269,2019,4,Akron,Troy,0,False,False,0.09880271128068571,0,0.9011972887193143,1,2018-2022,Weeks 4-6,Home field,Non-conference
401121942,2019,4,Texas State,Georgia State,1,False,True,0.5856153711784986,1,0.5856153711784986,1,2018-2022,Weeks 4-6,Home field,Conference
401110806,2019,5,Alabama,Ole Miss,1,False,True,0.9854540993014658,1,0.9854540993014658,1,2018-2022,Weeks 4-6,Home field,Conference
401110807,2019,5,Arkansas,Texas A&M,0,True,True,0.10821082086163648,0,0.8917891791383635,1,2018-2022,Weeks 4-6,Neutral,Conference
401110808,2019,5,Auburn,Mississippi State,1,False,True,0.7675274401279057,1,0.7675274401279057,1,2018-2022,Weeks 4-6,Home field,Conference
401110810,2019,5,South Carolina,Kentucky,1,False,True,0.5970193204198091,1,0.5970193204198091,1,2018-2022,Weeks 4-6,Home field,Conference
401110811,2019,5,Vanderbilt,Northern Illinois,1,False,False,0.751239766254221,1,0.751239766254221,1,2018-2022,Weeks 4-6,Home field,Non-conference
401112076,2019,5,Baylor,Iowa State,1,False,True,0.5181791094510445,1,0.5181791094510445,1,2018-2022,Weeks 4-6,Home field,Conference
401112100,2019,5,TCU,Kansas,1,False,True,0.8919848506351573,1,0.8919848506351573,1,2018-2022,Weeks 4-6,Home field,Conference
401112108,2019,5,Oklahoma State,Kansas State,1,False,True,0.7578118593401291,1,0.7578118593401291,1,2018-2022,Weeks 4-6,Home field,Conference
401112117,2019,5,Oklahoma,Texas Tech,1,False,True,0.9017875882239469,1,0.9017875882239469,1,2018-2022,Weeks 4-6,Home field,Conference
401112161,2019,5,Michigan State,Indiana,1,False,True,0.8096913637625012,1,0.8096913637625012,1,2018-2022,Weeks 4-6,Home field,Conference
401112193,2019,5,Iowa,Middle Tennessee,1,False,False,0.9481314274356558,1,0.9481314274356558,1,2018-2022,Weeks 4-6,Home field,Non-conference
401112204,2019,5,Maryland,Penn State,0,False,True,0.19372776711148876,0,0.8062722328885112,1,2018-2022,Weeks 4-6,Home field,Conference
401112225,2019,5,Michigan,Rutgers,1,False,True,0.9551893165930787,1,0.9551893165930787,1,2018-2022,Weeks 4-6,Home field,Conference
401112232,2019,5,Purdue,Minnesota,0,False,True,0.37003484899641403,0,0.629965151003586,1,2018-2022,Weeks 4-6,Home field,Conference
401112241,2019,5,Nebraska,Ohio State,0,False,True,0.041568098292461164,0,0.9584319017075389,1,2018-2022,Weeks 4-6,Home field,Conference
401112247,2019,5,Wisconsin,Northwestern,1,False,True,0.9341904237598603,1,0.9341904237598603,1,2018-2022,Weeks 4-6,Home field,Conference
401112465,2019,5,Virginia Tech,Duke,0,False,True,0.6678368697956572,1,0.6678368697956572,0,2018-2022,Weeks 4-6,Home field,Conference
401112466,2019,5,Boston College,Wake Forest,0,False,True,0.4349975843756247,0,0.5650024156243754,1,2018-2022,Weeks 4-6,Home field,Conference
401112467,2019,5,North Carolina,Clemson,0,False,True,0.034320030363615056,0,0.9656799696363849,1,2018-2022,Weeks 4-6,Home field,Conference
401112468,2019,5,Florida State,NC State,1,False,True,0.5284029676528026,1,0.5284029676528026,1,2018-2022,Weeks 4-6,Home field,Conference
401112469,2019,5,Temple,Georgia Tech,1,False,False,0.5969647709975286,1,0.5969647709975286,1,2018-2022,Weeks 4-6,Home field,Non-conference
401112472,2019,5,Notre Dame,Virginia,1,False,False,0.8065244289205113,1,0.8065244289205113,1,2018-2022,Weeks 4-6,Home field,Non-conference
401114156,2019,5,California,Arizona State,0,False,True,0.40005876691714487,0,0.5999412330828551,1,2018-2022,Weeks 4-6,Home field,Conference
401114166,2019,5,Arizona,UCLA,1,False,True,0.6344554031017224,1,0.6344554031017224,1,2018-2022,Weeks 4-6,Home field,Conference
401114202,2019,5,Oregon State,Stanford,0,False,True,0.3158102631883112,0,0.6841897368116888,1,2018-2022,Weeks 4-6,Home field,Conference
401114221,2019,5,Washington,USC,1,False,True,0.5759684131393673,1,0.5759684131393673,1,2018-2022,Weeks 4-6,Home field,Conference
401114226,2019,5,Utah,Washington State,1,False,True,0.6881866264833969,1,0.6881866264833969,1,2018-2022,Weeks 4-6,Home field,Conference
401114267,2019,5,Charlotte,Florida Atlantic,0,False,True,0.397290116848662,0,0.602709883151338,1,2018-2022,Weeks 4-6,Home field,Conference
401114268,2019,5,Rice,Louisiana Tech,0,False,True,0.2936623453069494,0,0.7063376546930507,1,2018-2022,Weeks 4-6,Home field,Conference
401114269,2019,5,Marshall,Cincinnati,0,False,False,0.6147575984291208,1,0.6147575984291208,0,2018-2022,Weeks 4-6,Home field,Non-conference
401114270,2019,5,North Texas,Houston,0,False,False,0.7158533276227396,1,0.7158533276227396,0,2018-2022,Weeks 4-6,Home field,Non-conference
401114271,2019,5,Old Dominion,East Carolina,0,False,False,0.7236054078995375,1,0.7236054078995375,0,2018-2022,Weeks 4-6,Home field,Non-conference
401114272,2019,5,Southern Mississippi,UTEP,1,False,True,0.9413367476706667,1,0.9413367476706667,1,2018-2022,Weeks 4-6,Home field,Conference
401114273,2019,5,Western Kentucky,UAB,1,False,True,0.49442527886688614,0,0.5055747211331139,0,2018-2022,Weeks 4-6,Home field,Conference
401114341,2019,5,New Mexico State,Fresno State,0,False,False,0.07925994717216266,0,0.9207400528278373,1,2018-2022,Weeks 4-6,Home field,Non-conference
401114350,2019,5,Liberty,New Mexico,1,False,False,0.7232525208781386,1,0.7232525208781386,1,2018-2022,Weeks 4-6,Home field,Non-conference
401114356,2019,5,UMass,Akron,1,False,False,0.527624446656878,1,0.527624446656878,1,2018-2022,Weeks 4-6,Home field,Non-conference
401117213,2019,5,Toledo,BYU,1,False,False,0.4713159963218203,0,0.5286840036781797,0,2018-2022,Weeks 4-6,Home field,Non-conference
401117512,2019,5,Air Force,San José State,1,False,True,0.8260208944130251,1,0.8260208944130251,1,2018-2022,Weeks 4-6,Home field,Conference
401117513,2019,5,Utah State,Colorado State,1,False,True,0.9237177080841904,1,0.9237177080841904,1,2018-2022,Weeks 4-6,Home field,Conference
401117514,2019,5,Wyoming,UNLV,1,False,True,0.6352039172142843,1,0.6352039172142843,1,2018-2022,Weeks 4-6,Home field,Conference
401117515,2019,5,Nevada,Hawai'i,0,False,True,0.44390955173141944,0,0.5560904482685806,1,2018-2022,Weeks 4-6,Home field,Conference
401117871,2019,5,Memphis,Navy,1,False,True,0.8721937211616858,1,0.8721937211616858,1,2018-2022,Weeks 4-6,Home field,Conference
401117872,2019,5,UCF,Connecticut,1,False,True,0.9808934436337393,1,0.9808934436337393,1,2018-2022,Weeks 4-6,Home field,Conference
401117873,2019,5,South Florida,SMU,0,False,True,0.35958519155610735,0,0.6404148084438926,1,2018-2022,Weeks 4-6,Home field,Conference
401119270,2019,5,Miami (OH),Buffalo,1,False,True,0.44393680499896326,0,0.5560631950010367,0,2018-2022,Weeks 4-6,Home field,Conference
401119271,2019,5,Western Michigan,Central Michigan,1,False,True,0.8587215000619717,1,0.8587215000619717,1,2018-2022,Weeks 4-6,Home field,Conference
401121943,2019,5,App State,Coastal Carolina,1,False,True,0.822860295936648,1,0.822860295936648,1,2018-2022,Weeks 4-6,Home field,Conference
401121944,2019,5,Troy,Arkansas State,0,False,True,0.7702067330268585,1,0.7702067330268585,0,2018-2022,Weeks 4-6,Home field,Conference
401121945,2019,5,Georgia Southern,Louisiana,0,False,True,0.454297181645547,0,0.545702818354453,1,2018-2022,Weeks 4-6,Home field,Conference
401121946,2019,5,Louisiana Monroe,South Alabama,1,False,True,0.79790912157519,1,0.79790912157519,1,2018-2022,Weeks 4-6,Home field,Conference
401110812,2019,6,Florida,Auburn,1,False,True,0.5177498899755955,1,0.5177498899755955,1,2018-2022,Weeks 4-6,Home field,Conference
401110813,2019,6,LSU,Utah State,1,False,False,0.9524788896195495,1,0.9524788896195495,1,2018-2022,Weeks 4-6,Home field,Non-conference
401110814,2019,6,Ole Miss,Vanderbilt,1,False,True,0.7611948345895567,1,0.7611948345895567,1,2018-2022,Weeks 4-6,Home field,Conference
401110815,2019,6,Missouri,Troy,1,False,False,0.900037875325737,1,0.900037875325737,1,2018-2022,Weeks 4-6,Home field,Non-conference
401110816,2019,6,Tennessee,Georgia,0,False,True,0.08509595804566242,0,0.9149040419543376,1,2018-2022,Weeks 4-6,Home field,Conference
401112077,2019,6,Kansas State,Baylor,0,False,True,0.3552675961581505,0,0.6447324038418495,1,2018-2022,Weeks 4-6,Home field,Conference
401112088,2019,6,Iowa State,TCU,1,False,True,0.5139491859164231,1,0.5139491859164231,1,2018-2022,Weeks 4-6,Home field,Conference
401112101,2019,6,Kansas,Oklahoma,0,False,True,0.0283381171769735,0,0.9716618828230265,1,2018-2022,Weeks 4-6,Home field,Conference
401112126,2019,6,Texas Tech,Oklahoma State,1,False,True,0.2806581062997146,0,0.7193418937002853,0,2018-2022,Weeks 4-6,Home field,Conference
401112137,2019,6,West Virginia,Texas,0,False,True,0.20282106441268455,0,0.7971789355873155,1,2018-2022,Weeks 4-6,Home field,Conference
401112149,2019,6,Minnesota,Illinois,1,False,True,0.7323330751354851,1,0.7323330751354851,1,2018-2022,Weeks 4-6,Home field,Conference
401112194,2019,6,Michigan,Iowa,1,False,True,0.4840926789311496,0,0.5159073210688504,0,2018-2022,Weeks 4-6,Home field,Conference
401112205,2019,6,Rutgers,Maryland,0,False,True,0.2311079355378437,0,0.7688920644621563,1,2018-2022,Weeks 4-6,Home field,Conference
401112216,2019,6,Ohio State,Michigan State,1,False,True,0.9365414800507388,1,0.9365414800507388,1,2018-2022,Weeks 4-6,Home field,Conference
401112242,2019,6,Nebraska,Northwestern,1,False,True,0.5822092620354491,1,0.5822092620354491,1,2018-2022,Weeks 4-6,Home field,Conference
401112260,2019,6,Penn State,Purdue,1,False,True,0.9763763349920298,1,0.9763763349920298,1,2018-2022,Weeks 4-6,Home field,Conference
401112269,2019,6,Wisconsin,Kent State,1,False,False,0.9875383903703692,1,0.9875383903703692,1,2018-2022,Weeks 4-6,Home field,Non-conference
401112473,2019,6,Louisville,Boston College,1,False,True,0.425871042931596,0,0.5741289570684041,0,2018-2022,Weeks 4-6,Home field,Conference
401112474,2019,6,Duke,Pittsburgh,0,False,True,0.6753297824651585,1,0.6753297824651585,0,2018-2022,Weeks 4-6,Home field,Conference
401112475,2019,6,Georgia Tech,North Carolina,0,False,True,0.380898158590527,0,0.619101841409473,1,2018-2022,Weeks 4-6,Home field,Conference
401112476,2019,6,Miami,Virginia Tech,0,False,True,0.7435854226734099,1,0.7435854226734099,0,2018-2022,Weeks 4-6,Home field,Conference
401114167,2019,6,Colorado,Arizona,0,False,True,0.4744046542290191,0,0.5255953457709809,1,2018-2022,Weeks 4-6,Home field,Conference
401114177,2019,6,Oregon,California,1,False,True,0.9267807885257783,1,0.9267807885257783,1,2018-2022,Weeks 4-6,Home field,Conference
401114203,2019,6,UCLA,Oregon State,0,False,True,0.665641842636781,1,0.665641842636781,0,2018-2022,Weeks 4-6,Home field,Conference
401114209,2019,6,Stanford,Washington,1,False,True,0.2277256930979831,0,0.7722743069020169,0,2018-2022,Weeks 4-6,Home field,Conference
401114274,2019,6,Florida International,UMass,1,False,False,0.9472417185265045,1,0.9472417185265045,1,2018-2022,Weeks 4-6,Home field,Non-conference
401114275,2019,6,Middle Tennessee,Marshall,1,False,True,0.40879672815696877,0,0.5912032718430312,0,2018-2022,Weeks 4-6,Home field,Conference
401114276,2019,6,Old Dominion,Western Kentucky,0,False,True,0.4429390794879102,0,0.5570609205120898,1,2018-2022,Weeks 4-6,Home field,Conference
401114277,2019,6,UAB,Rice,1,False,True,0.7043159857687601,1,0.7043159857687601,1,2018-2022,Weeks 4-6,Home field,Conference
401114278,2019,6,UTEP,UT San Antonio,0,False,True,0.5886282738092489,1,0.5886282738092489,0,2018-2022,Weeks 4-6,Home field,Conference
401114328,2019,6,Army,Tulane,0,False,False,0.7847145991440557,1,0.7847145991440557,0,2018-2022,Weeks 4-6,Home field,Non-conference
401114337,2019,6,Notre Dame,Bowling Green,1,False,False,0.9956032777137387,1,0.9956032777137387,1,2018-2022,Weeks 4-6,Home field,Non-conference
401114342,2019,6,New Mexico State,Liberty,0,False,False,0.33532821640662,0,0.66467178359338,1,2018-2022,Weeks 4-6,Home field,Non-conference
401117516,2019,6,Navy,Air Force,1,False,False,0.48364884404674513,0,0.5163511559532549,0,2018-2022,Weeks 4-6,Home field,Non-conference
401117517,2019,6,UNLV,Boise State,0,False,True,0.17367796524871093,0,0.8263220347512891,1,2018-2022,Weeks 4-6,Home field,Conference
401117518,2019,6,Colorado State,San Diego State,0,False,True,0.23868820813188027,0,0.7613117918681197,1,2018-2022,Weeks 4-6,Home field,Conference
401117519,2019,6,San José State,New Mexico,1,False,True,0.7734404869980287,1,0.7734404869980287,1,2018-2022,Weeks 4-6,Home field,Conference
401117874,2019,6,East Carolina,Temple,0,False,True,0.1969169964901239,0,0.8030830035098762,1,2018-2022,Weeks 4-6,Home field,Conference
401117875,2019,6,Cincinnati,UCF,1,False,True,0.4641453902891448,0,0.5358546097108552,0,2018-2022,Weeks 4-6,Home field,Conference
401117876,2019,6,Connecticut,South Florida,0,False,True,0.2570214122853477,0,0.7429785877146523,1,2018-2022,Weeks 4-6,Home field,Conference
401117877,2019,6,Louisiana Monroe,Memphis,0,False,False,0.11977561029444758,0,0.8802243897055524,1,2018-2022,Weeks 4-6,Home field,Non-conference
401117878,2019,6,SMU,Tulsa,1,False,True,0.7760063397066977,1,0.7760063397066977,1,2018-2022,Weeks 4-6,Home field,Conference
401119272,2019,6,Northern Illinois,Ball State,0,False,True,0.5231168659982091,1,0.5231168659982091,0,2018-2022,Weeks 4-6,Home field,Conference
401119273,2019,6,Central Michigan,Eastern Michigan,1,False,True,0.4351942504263583,0,0.5648057495736417,0,2018-2022,Weeks 4-6,Home field,Conference
401119274,2019,6,Buffalo,Ohio,0,False,True,0.3711237595481846,0,0.6288762404518153,1,2018-2022,Weeks 4-6,Home field,Conference
401119275,2019,6,Toledo,Western Michigan,1,False,True,0.39011368654001183,0,0.6098863134599881,0,2018-2022,Weeks 4-6,Home field,Conference
401121948,2019,6,South Alabama,Georgia Southern,0,False,True,0.24927730573771625,0,0.7507226942622838,1,2018-2022,Weeks 4-6,Home field,Conference
401121949,2019,6,Georgia State,Arkansas State,1,False,True,0.27111089995056803,0,0.728889100049432,0,2018-2022,Weeks 4-6,Home field,Conference
401110817,2019,7,Georgia,South Carolina,0,False,True,0.9432391701563438,1,0.9432391701563438,0,2018-2022,Weeks 7-9,Home field,Conference
401110818,2019,7,Kentucky,Arkansas,1,False,True,0.6842526550753556,1,0.6842526550753556,1,2018-2022,Weeks 7-9,Home field,Conference
401110819,2019,7,LSU,Florida,1,False,True,0.8412638026546914,1,0.8412638026546914,1,2018-2022,Weeks 7-9,Home field,Conference
401110820,2019,7,Missouri,Ole Miss,1,False,True,0.8816924096773178,1,0.8816924096773178,1,2018-2022,Weeks 7-9,Home field,Conference
401110821,2019,7,Tennessee,Mississippi State,1,False,True,0.47258988880942243,0,0.5274101111905776,0,2018-2022,Weeks 7-9,Home field,Conference
401110822,2019,7,Texas A&M,Alabama,0,False,True,0.11555362349402762,0,0.8844463765059724,1,2018-2022,Weeks 7-9,Home field,Conference
401110823,2019,7,Vanderbilt,UNLV,0,False,False,0.7317435805078412,1,0.7317435805078412,0,2018-2022,Weeks 7-9,Home field,Non-conference
401112078,2019,7,Baylor,Texas Tech,1,False,True,0.8136461417537929,1,0.8136461417537929,1,2018-2022,Weeks 7-9,Home field,Conference
401112089,2019,7,West Virginia,Iowa State,0,False,True,0.24105972812939516,0,0.7589402718706049,1,2018-2022,Weeks 7-9,Home field,Conference
401112118,2019,7,Texas,Oklahoma,0,True,True,0.24741217524999815,0,0.7525878247500019,1,2018-2022,Weeks 7-9,Neutral,Conference
401112150,2019,7,Illinois,Michigan,0,False,True,0.1357534285724551,0,0.8642465714275449,1,2018-2022,Weeks 7-9,Home field,Conference
401112162,2019,7,Indiana,Rutgers,1,False,True,0.9467721013066535,1,0.9467721013066535,1,2018-2022,Weeks 7-9,Home field,Conference
401112195,2019,7,Iowa,Penn State,0,False,True,0.2831919015690899,0,0.7168080984309101,1,2018-2022,Weeks 7-9,Home field,Conference
401112206,2019,7,Purdue,Maryland,1,False,True,0.4155765587026755,0,0.5844234412973245,0,2018-2022,Weeks 7-9,Home field,Conference
401112217,2019,7,Wisconsin,Michigan State,1,False,True,0.8135551570519858,1,0.8135551570519858,1,2018-2022,Weeks 7-9,Home field,Conference
401112233,2019,7,Minnesota,Nebraska,1,False,True,0.7330483638772773,1,0.7330483638772773,1,2018-2022,Weeks 7-9,Home field,Conference
401112477,2019,7,NC State,Syracuse,1,False,True,0.7612446644742064,1,0.7612446644742064,1,2018-2022,Weeks 7-9,Home field,Conference
401112478,2019,7,Miami,Virginia,1,False,True,0.6582412949844472,1,0.6582412949844472,1,2018-2022,Weeks 7-9,Home field,Conference
401112479,2019,7,Clemson,Florida State,1,False,True,0.953951394233923,1,0.953951394233923,1,2018-2022,Weeks 7-9,Home field,Conference
401112480,2019,7,Duke,Georgia Tech,1,False,True,0.8500147230986376,1,0.8500147230986376,1,2018-2022,Weeks 7-9,Home field,Conference
401112481,2019,7,Wake Forest,Louisville,0,False,True,0.7323679001479937,1,0.7323679001479937,0,2018-2022,Weeks 7-9,Home field,Conference
401114157,2019,7,Arizona State,Washington State,1,False,True,0.529532792919828,1,0.529532792919828,1,2018-2022,Weeks 7-9,Home field,Conference
401114168,2019,7,Arizona,Washington,0,False,True,0.2949839882580405,0,0.7050160117419595,1,2018-2022,Weeks 7-9,Home field,Conference
401114186,2019,7,Oregon,Colorado,1,False,True,0.9234888373336899,1,0.9234888373336899,1,2018-2022,Weeks 7-9,Home field,Conference
401114204,2019,7,Oregon State,Utah,0,False,True,0.1555929924030695,0,0.8444070075969305,1,2018-2022,Weeks 7-9,Home field,Conference
401114222,2019,7,Notre Dame,USC,1,False,False,0.7689800362164293,1,0.7689800362164293,1,2018-2022,Weeks 7-9,Home field,Non-conference
401114279,2019,7,Florida International,Charlotte,1,False,True,0.8217629807840219,1,0.8217629807840219,1,2018-2022,Weeks 7-9,Home field,Conference
401114280,2019,7,Florida Atlantic,Middle Tennessee,1,False,True,0.7302159250568256,1,0.7302159250568256,1,2018-2022,Weeks 7-9,Home field,Conference
401114281,2019,7,Louisiana Tech,UMass,1,False,False,0.9706477389296921,1,0.9706477389296921,1,2018-2022,Weeks 7-9,Home field,Non-conference
401114282,2019,7,Southern Mississippi,North Texas,1,False,True,0.5693904710650426,1,0.5693904710650426,1,2018-2022,Weeks 7-9,Home field,Conference
401114283,2019,7,Marshall,Old Dominion,1,False,True,0.8405087143562247,1,0.8405087143562247,1,2018-2022,Weeks 7-9,Home field,Conference
401114284,2019,7,UT San Antonio,UAB,0,False,True,0.22037859642625957,0,0.7796214035737404,1,2018-2022,Weeks 7-9,Home field,Conference
401114285,2019,7,Western Kentucky,Army,1,False,False,0.3918317078324031,0,0.6081682921675968,0,2018-2022,Weeks 7-9,Home field,Non-conference
401114343,2019,7,Central Michigan,New Mexico State,1,False,False,0.8649517196477925,1,0.8649517196477925,1,2018-2022,Weeks 7-9,Home field,Non-conference
401117214,2019,7,South Florida,BYU,1,False,False,0.5085214509323982,1,0.5085214509323982,1,2018-2022,Weeks 7-9,Home field,Non-conference
401117520,2019,7,Air Force,Fresno State,1,False,True,0.44551014180815934,0,0.5544898581918407,0,2018-2022,Weeks 7-9,Home field,Conference
401117521,2019,7,Boise State,Hawai'i,1,False,True,0.6581728489778135,1,0.6581728489778135,1,2018-2022,Weeks 7-9,Home field,Conference
401117522,2019,7,New Mexico,Colorado State,0,False,True,0.3826820990598958,0,0.6173179009401042,1,2018-2022,Weeks 7-9,Home field,Conference
401117523,2019,7,San Diego State,Wyoming,1,False,True,0.7129782172669077,1,0.7129782172669077,1,2018-2022,Weeks 7-9,Home field,Conference
401117524,2019,7,Nevada,San José State,1,False,True,0.40972279609282924,0,0.5902772039071708,0,2018-2022,Weeks 7-9,Home field,Conference
401117879,2019,7,Houston,Cincinnati,0,False,True,0.3259548611156981,0,0.6740451388843018,1,2018-2022,Weeks 7-9,Home field,Conference
401117880,2019,7,Tulane,Connecticut,1,False,True,0.9565284384239143,1,0.9565284384239143,1,2018-2022,Weeks 7-9,Home field,Conference
401117881,2019,7,Temple,Memphis,1,False,True,0.37943269357388976,0,0.6205673064261102,0,2018-2022,Weeks 7-9,Home field,Conference
401117882,2019,7,Tulsa,Navy,0,False,True,0.5633363746544291,1,0.5633363746544291,0,2018-2022,Weeks 7-9,Home field,Conference
401119276,2019,7,Eastern Michigan,Ball State,0,False,True,0.5008299568057955,1,0.5008299568057955,0,2018-2022,Weeks 7-9,Home field,Conference
401119277,2019,7,Akron,Kent State,0,False,True,0.3402712955466193,0,0.6597287044533807,1,2018-2022,Weeks 7-9,Home field,Conference
401119278,2019,7,Western Michigan,Miami (OH),1,False,True,0.8741889716717057,1,0.8741889716717057,1,2018-2022,Weeks 7-9,Home field,Conference
401119279,2019,7,Ohio,Northern Illinois,0,False,True,0.7477966948781225,1,0.7477966948781225,0,2018-2022,Weeks 7-9,Home field,Conference
401119280,2019,7,Bowling Green,Toledo,1,False,True,0.09818631222075824,0,0.9018136877792418,0,2018-2022,Weeks 7-9,Home field,Conference
401121950,2019,7,Louisiana,App State,0,False,True,0.42406635982799795,0,0.5759336401720021,1,2018-2022,Weeks 7-9,Home field,Conference
401121951,2019,7,Texas State,Louisiana Monroe,0,False,True,0.5766361561318814,1,0.5766361561318814,0,2018-2022,Weeks 7-9,Home field,Conference
401121952,2019,7,Coastal Carolina,Georgia State,0,False,True,0.7726185252856171,1,0.7726185252856171,0,2018-2022,Weeks 7-9,Home field,Conference
401110824,2019,8,Alabama,Tennessee,1,False,True,0.973626160724876,1,0.973626160724876,1,2018-2022,Weeks 7-9,Home field,Conference
401110825,2019,8,Arkansas,Auburn,0,False,True,0.08671751587663015,0,0.9132824841233699,1,2018-2022,Weeks 7-9,Home field,Conference
401110826,2019,8,Georgia,Kentucky,1,False,True,0.9651318775773272,1,0.9651318775773272,1,2018-2022,Weeks 7-9,Home field,Conference
401110827,2019,8,Ole Miss,Texas A&M,0,False,True,0.20177498930564314,0,0.7982250106943569,1,2018-2022,Weeks 7-9,Home field,Conference
401110828,2019,8,Mississippi State,LSU,0,False,True,0.05740395616857862,0,0.9425960438314214,1,2018-2022,Weeks 7-9,Home field,Conference
401110829,2019,8,South Carolina,Florida,0,False,True,0.3238750333152601,0,0.67612496668474,1,2018-2022,Weeks 7-9,Home field,Conference
401110830,2019,8,Vanderbilt,Missouri,1,False,True,0.0446743537800194,0,0.9553256462199806,0,2018-2022,Weeks 7-9,Home field,Conference
401112079,2019,8,Oklahoma State,Baylor,0,False,True,0.4811432109975723,0,0.5188567890024277,1,2018-2022,Weeks 7-9,Home field,Conference
401112090,2019,8,Texas Tech,Iowa State,0,False,True,0.20853148332963498,0,0.791468516670365,1,2018-2022,Weeks 7-9,Home field,Conference
401112102,2019,8,Texas,Kansas,1,False,True,0.9505554222523469,1,0.9505554222523469,1,2018-2022,Weeks 7-9,Home field,Conference
401112109,2019,8,Kansas State,TCU,1,False,True,0.30050237770870486,0,0.6994976222912952,0,2018-2022,Weeks 7-9,Home field,Conference
401112119,2019,8,Oklahoma,West Virginia,1,False,True,0.9643943112901874,1,0.9643943112901874,1,2018-2022,Weeks 7-9,Home field,Conference
401112151,2019,8,Illinois,Wisconsin,1,False,True,0.047053641142969886,0,0.9529463588570302,0,2018-2022,Weeks 7-9,Home field,Conference
401112163,2019,8,Maryland,Indiana,0,False,True,0.34017746100585433,0,0.6598225389941457,1,2018-2022,Weeks 7-9,Home field,Conference
401112196,2019,8,Iowa,Purdue,1,False,True,0.922536810305443,1,0.922536810305443,1,2018-2022,Weeks 7-9,Home field,Conference
401112226,2019,8,Penn State,Michigan,1,False,True,0.8523627291728906,1,0.8523627291728906,1,2018-2022,Weeks 7-9,Home field,Conference
401112234,2019,8,Rutgers,Minnesota,0,False,True,0.035480458256520755,0,0.9645195417434792,1,2018-2022,Weeks 7-9,Home field,Conference
401112248,2019,8,Northwestern,Ohio State,0,False,True,0.030186174524609553,0,0.9698138254753904,1,2018-2022,Weeks 7-9,Home field,Conference
401112483,2019,8,Syracuse,Pittsburgh,0,False,True,0.3397134911291154,0,0.6602865088708846,1,2018-2022,Weeks 7-9,Home field,Conference
401112484,2019,8,Boston College,NC State,1,False,True,0.48993428243088366,0,0.5100657175691163,0,2018-2022,Weeks 7-9,Home field,Conference
401112485,2019,8,Louisville,Clemson,0,False,True,0.02911776308455799,0,0.970882236915442,1,2018-2022,Weeks 7-9,Home field,Conference
401112486,2019,8,Virginia,Duke,1,False,True,0.5064354516190375,1,0.5064354516190375,1,2018-2022,Weeks 7-9,Home field,Conference
401112487,2019,8,Wake Forest,Florida State,1,False,True,0.491219309287073,0,0.508780690712927,0,2018-2022,Weeks 7-9,Home field,Conference
401112488,2019,8,Miami,Georgia Tech,0,False,True,0.9216488608653205,1,0.9216488608653205,0,2018-2022,Weeks 7-9,Home field,Conference
401112489,2019,8,Virginia Tech,North Carolina,1,False,True,0.5844761274158484,1,0.5844761274158484,1,2018-2022,Weeks 7-9,Home field,Conference
401114158,2019,8,Utah,Arizona State,1,False,True,0.8618786203091684,1,0.8618786203091684,1,2018-2022,Weeks 7-9,Home field,Conference
401114169,2019,8,USC,Arizona,1,False,True,0.8551765497811725,1,0.8551765497811725,1,2018-2022,Weeks 7-9,Home field,Conference
401114178,2019,8,California,Oregon State,0,False,True,0.620927924921707,1,0.620927924921707,0,2018-2022,Weeks 7-9,Home field,Conference
401114187,2019,8,Washington State,Colorado,1,False,True,0.8074276946348231,1,0.8074276946348231,1,2018-2022,Weeks 7-9,Home field,Conference
401114196,2019,8,Washington,Oregon,0,False,True,0.3333021764235164,0,0.6666978235764836,1,2018-2022,Weeks 7-9,Home field,Conference
401114210,2019,8,Stanford,UCLA,0,False,True,0.6569082323072486,1,0.6569082323072486,0,2018-2022,Weeks 7-9,Home field,Conference
401114286,2019,8,Western Kentucky,Charlotte,1,False,True,0.7835703705241692,1,0.7835703705241692,1,2018-2022,Weeks 7-9,Home field,Conference
401114287,2019,8,Florida International,UTEP,1,False,True,0.9622320130739171,1,0.9622320130739171,1,2018-2022,Weeks 7-9,Home field,Conference
401114288,2019,8,Florida Atlantic,Marshall,0,False,True,0.6096677848882643,1,0.6096677848882643,0,2018-2022,Weeks 7-9,Home field,Conference
401114289,2019,8,Louisiana Tech,Southern Mississippi,1,False,True,0.6784554328700927,1,0.6784554328700927,1,2018-2022,Weeks 7-9,Home field,Conference
401114290,2019,8,North Texas,Middle Tennessee,1,False,True,0.6994184103954069,1,0.6994184103954069,1,2018-2022,Weeks 7-9,Home field,Conference
401114291,2019,8,UAB,Old Dominion,1,False,True,0.8117690069229853,1,0.8117690069229853,1,2018-2022,Weeks 7-9,Home field,Conference
401114292,2019,8,UT San Antonio,Rice,1,False,True,0.3252337497542227,0,0.6747662502457773,0,2018-2022,Weeks 7-9,Home field,Conference
401114329,2019,8,Georgia State,Army,1,False,False,0.30103055262558387,0,0.6989694473744161,0,2018-2022,Weeks 7-9,Home field,Non-conference
401117215,2019,8,BYU,Boise State,1,False,False,0.395532480954719,0,0.6044675190452811,0,2018-2022,Weeks 7-9,Home field,Non-conference
401117525,2019,8,Hawai'i,Air Force,0,False,True,0.612736908905259,1,0.612736908905259,0,2018-2022,Weeks 7-9,Home field,Conference
401117526,2019,8,Wyoming,New Mexico,1,False,True,0.8694052314099936,1,0.8694052314099936,1,2018-2022,Weeks 7-9,Home field,Conference
401117527,2019,8,Utah State,Nevada,1,False,True,0.9183925249268143,1,0.9183925249268143,1,2018-2022,Weeks 7-9,Home field,Conference
401117528,2019,8,Fresno State,UNLV,1,False,True,0.7826264058401081,1,0.7826264058401081,1,2018-2022,Weeks 7-9,Home field,Conference
401117529,2019,8,San José State,San Diego State,0,False,True,0.2549942437401155,0,0.7450057562598845,1,2018-2022,Weeks 7-9,Home field,Conference
401117883,2019,8,Navy,South Florida,1,False,True,0.6709884242729716,1,0.6709884242729716,1,2018-2022,Weeks 7-9,Home field,Conference
401117884,2019,8,UCF,East Carolina,1,False,True,0.9630354788876904,1,0.9630354788876904,1,2018-2022,Weeks 7-9,Home field,Conference
401117885,2019,8,Cincinnati,Tulsa,1,False,True,0.9008549656608906,1,0.9008549656608906,1,2018-2022,Weeks 7-9,Home field,Conference
401117886,2019,8,Connecticut,Houston,0,False,True,0.10804016397148454,0,0.8919598360285155,1,2018-2022,Weeks 7-9,Home field,Conference
401117887,2019,8,SMU,Temple,1,False,True,0.6644553657863506,1,0.6644553657863506,1,2018-2022,Weeks 7-9,Home field,Conference
401117888,2019,8,Memphis,Tulane,1,False,True,0.7212829240833619,1,0.7212829240833619,1,2018-2022,Weeks 7-9,Home field,Conference
401119281,2019,8,Akron,Buffalo,0,False,True,0.20371623620928597,0,0.7962837637907141,1,2018-2022,Weeks 7-9,Home field,Conference
401119282,2019,8,Bowling Green,Central Michigan,0,False,True,0.180541666202015,0,0.819458333797985,1,2018-2022,Weeks 7-9,Home field,Conference
401119283,2019,8,Ohio,Kent State,1,False,True,0.7540878237952546,1,0.7540878237952546,1,2018-2022,Weeks 7-9,Home field,Conference
401119284,2019,8,Miami (OH),Northern Illinois,1,False,True,0.4078571002287906,0,0.5921428997712094,0,2018-2022,Weeks 7-9,Home field,Conference
401119285,2019,8,Ball State,Toledo,1,False,True,0.5677966059081663,1,0.5677966059081663,1,2018-2022,Weeks 7-9,Home field,Conference
401119286,2019,8,Eastern Michigan,Western Michigan,1,False,True,0.22669435095360524,0,0.7733056490463948,0,2018-2022,Weeks 7-9,Home field,Conference
401121953,2019,8,Troy,South Alabama,1,False,True,0.9304137302098485,1,0.9304137302098485,1,2018-2022,Weeks 7-9,Home field,Conference
401121954,2019,8,Arkansas State,Louisiana,0,False,True,0.388164154179297,0,0.6118358458207029,1,2018-2022,Weeks 7-9,Home field,Conference
401121955,2019,8,App State,Louisiana Monroe,1,False,True,0.9324245740103112,1,0.9324245740103112,1,2018-2022,Weeks 7-9,Home field,Conference
401121956,2019,8,Georgia Southern,Coastal Carolina,1,False,True,0.46125564443048883,0,0.5387443555695112,0,2018-2022,Weeks 7-9,Home field,Conference
401110831,2019,9,Alabama,Arkansas,1,False,True,0.9919845091424507,1,0.9919845091424507,1,2018-2022,Weeks 7-9,Home field,Conference
401110832,2019,9,Kentucky,Missouri,1,False,True,0.23559513410703564,0,0.7644048658929643,0,2018-2022,Weeks 7-9,Home field,Conference
401110833,2019,9,LSU,Auburn,1,False,True,0.7996741452530992,1,0.7996741452530992,1,2018-2022,Weeks 7-9,Home field,Conference
401110834,2019,9,Tennessee,South Carolina,1,False,True,0.5097817688349375,1,0.5097817688349375,1,2018-2022,Weeks 7-9,Home field,Conference
401110835,2019,9,Texas A&M,Mississippi State,1,False,True,0.7860300378902707,1,0.7860300378902707,1,2018-2022,Weeks 7-9,Home field,Conference
401112091,2019,9,Iowa State,Oklahoma State,0,False,True,0.7430890437739571,1,0.7430890437739571,0,2018-2022,Weeks 7-9,Home field,Conference
401112103,2019,9,Kansas,Texas Tech,1,False,True,0.3135423205553351,0,0.6864576794446648,0,2018-2022,Weeks 7-9,Home field,Conference
401112110,2019,9,Kansas State,Oklahoma,1,False,True,0.05451648821909896,0,0.9454835117809011,0,2018-2022,Weeks 7-9,Home field,Conference
401112132,2019,9,TCU,Texas,1,False,True,0.4605474943832276,0,0.5394525056167724,0,2018-2022,Weeks 7-9,Home field,Conference
401112152,2019,9,Purdue,Illinois,0,False,True,0.608664367847144,1,0.608664367847144,0,2018-2022,Weeks 7-9,Home field,Conference
401112164,2019,9,Nebraska,Indiana,0,False,True,0.3776640047016027,0,0.6223359952983973,1,2018-2022,Weeks 7-9,Home field,Conference
401112197,2019,9,Northwestern,Iowa,0,False,True,0.14884626583556654,0,0.8511537341644335,1,2018-2022,Weeks 7-9,Home field,Conference
401112207,2019,9,Minnesota,Maryland,1,False,True,0.8484196441359777,1,0.8484196441359777,1,2018-2022,Weeks 7-9,Home field,Conference
401112218,2019,9,Michigan State,Penn State,0,False,True,0.14738712598026243,0,0.8526128740197376,1,2018-2022,Weeks 7-9,Home field,Conference
401112227,2019,9,Michigan,Notre Dame,1,False,False,0.5278709716945376,1,0.5278709716945376,1,2018-2022,Weeks 7-9,Home field,Non-conference
401112254,2019,9,Ohio State,Wisconsin,1,False,True,0.8530982111393227,1,0.8530982111393227,1,2018-2022,Weeks 7-9,Home field,Conference
401112266,2019,9,Rutgers,Liberty,1,False,False,0.374604455778708,0,0.625395544221292,0,2018-2022,Weeks 7-9,Home field,Non-conference
401112490,2019,9,Clemson,Boston College,1,False,True,0.9656831485138196,1,0.9656831485138196,1,2018-2022,Weeks 7-9,Home field,Conference
401112491,2019,9,North Carolina,Duke,1,False,True,0.5583029257308678,1,0.5583029257308678,1,2018-2022,Weeks 7-9,Home field,Conference
401112492,2019,9,Florida State,Syracuse,1,False,True,0.8140003568520742,1,0.8140003568520742,1,2018-2022,Weeks 7-9,Home field,Conference
401112493,2019,9,Louisville,Virginia,1,False,True,0.2948809803033625,0,0.7051190196966375,0,2018-2022,Weeks 7-9,Home field,Conference
401112494,2019,9,Pittsburgh,Miami,0,False,True,0.43200793617957084,0,0.5679920638204292,1,2018-2022,Weeks 7-9,Home field,Conference
401114159,2019,9,UCLA,Arizona State,1,False,True,0.45009385986959777,0,0.5499061401304022,0,2018-2022,Weeks 7-9,Home field,Conference
401114170,2019,9,Stanford,Arizona,1,False,True,0.5739872384307997,1,0.5739872384307997,1,2018-2022,Weeks 7-9,Home field,Conference
401114179,2019,9,Utah,California,1,False,True,0.9469283119909634,1,0.9469283119909634,1,2018-2022,Weeks 7-9,Home field,Conference
401114188,2019,9,Colorado,USC,0,False,True,0.1157499656471532,0,0.8842500343528468,1,2018-2022,Weeks 7-9,Home field,Conference
401114197,2019,9,Oregon,Washington State,1,False,True,0.8483708524536061,1,0.8483708524536061,1,2018-2022,Weeks 7-9,Home field,Conference
401114293,2019,9,Charlotte,North Texas,1,False,True,0.3200614035754684,0,0.6799385964245316,0,2018-2022,Weeks 7-9,Home field,Conference
401114294,2019,9,Middle Tennessee,Florida International,1,False,True,0.31932571162442513,0,0.6806742883755749,0,2018-2022,Weeks 7-9,Home field,Conference
401114295,2019,9,Old Dominion,Florida Atlantic,0,False,True,0.19034646085321721,0,0.8096535391467827,1,2018-2022,Weeks 7-9,Home field,Conference
401114296,2019,9,UTEP,Louisiana Tech,0,False,True,0.0544469785423911,0,0.9455530214576089,1,2018-2022,Weeks 7-9,Home field,Conference
401114297,2019,9,Marshall,Western Kentucky,1,False,True,0.5288620380666762,1,0.5288620380666762,1,2018-2022,Weeks 7-9,Home field,Conference
401114298,2019,9,Rice,Southern Mississippi,0,False,True,0.31117514092188747,0,0.6888248590781125,1,2018-2022,Weeks 7-9,Home field,Conference
401114330,2019,9,Army,San José State,0,False,False,0.8067066263684126,1,0.8067066263684126,0,2018-2022,Weeks 7-9,Home field,Non-conference
401114344,2019,9,Georgia Southern,New Mexico State,1,False,False,0.8588167105999258,1,0.8588167105999258,1,2018-2022,Weeks 7-9,Home field,Non-conference
401114357,2019,9,UMass,Connecticut,0,False,False,0.3461512232572035,0,0.6538487767427965,1,2018-2022,Weeks 7-9,Home field,Non-conference
401117530,2019,9,Air Force,Utah State,1,False,True,0.5627287817345674,1,0.5627287817345674,1,2018-2022,Weeks 7-9,Home field,Conference
401117531,2019,9,Fresno State,Colorado State,0,False,True,0.795136768825943,1,0.795136768825943,0,2018-2022,Weeks 7-9,Home field,Conference
401117532,2019,9,New Mexico,Hawai'i,0,False,True,0.18205455293890382,0,0.8179454470610962,1,2018-2022,Weeks 7-9,Home field,Conference
401117533,2019,9,Wyoming,Nevada,1,False,True,0.8652740771831923,1,0.8652740771831923,1,2018-2022,Weeks 7-9,Home field,Conference
401117534,2019,9,UNLV,San Diego State,0,False,True,0.19963206418413307,0,0.800367935815867,1,2018-2022,Weeks 7-9,Home field,Conference
401117889,2019,9,Houston,SMU,0,False,True,0.3210791138035129,0,0.678920886196487,1,2018-2022,Weeks 7-9,Home field,Conference
401117890,2019,9,Navy,Tulane,1,False,True,0.5630664981020397,1,0.5630664981020397,1,2018-2022,Weeks 7-9,Home field,Conference
401117891,2019,9,Temple,UCF,0,False,True,0.2738767307358861,0,0.726123269264114,1,2018-2022,Weeks 7-9,Home field,Conference
401117892,2019,9,East Carolina,South Florida,0,False,True,0.4269876769823736,0,0.5730123230176264,1,2018-2022,Weeks 7-9,Home field,Conference
401117893,2019,9,Tulsa,Memphis,0,False,True,0.14542983283128424,0,0.8545701671687158,1,2018-2022,Weeks 7-9,Home field,Conference
401119287,2019,9,Northern Illinois,Akron,1,False,True,0.8962943204749262,1,0.8962943204749262,1,2018-2022,Weeks 7-9,Home field,Conference
401119288,2019,9,Western Michigan,Bowling Green,1,False,True,0.9602085568970246,1,0.9602085568970246,1,2018-2022,Weeks 7-9,Home field,Conference
401119289,2019,9,Buffalo,Central Michigan,1,False,True,0.5348284821618623,1,0.5348284821618623,1,2018-2022,Weeks 7-9,Home field,Conference
401119290,2019,9,Toledo,Eastern Michigan,1,False,True,0.5205979331136218,1,0.5205979331136218,1,2018-2022,Weeks 7-9,Home field,Conference
401119291,2019,9,Kent State,Miami (OH),0,False,True,0.7312179867326059,1,0.7312179867326059,0,2018-2022,Weeks 7-9,Home field,Conference
401119292,2019,9,Ball State,Ohio,0,False,True,0.5359071088550281,1,0.5359071088550281,0,2018-2022,Weeks 7-9,Home field,Conference
401121957,2019,9,South Alabama,App State,0,False,True,0.043179277335117776,0,0.9568207226648823,1,2018-2022,Weeks 7-9,Home field,Conference
401121958,2019,9,Arkansas State,Texas State,1,False,True,0.7790198576320335,1,0.7790198576320335,1,2018-2022,Weeks 7-9,Home field,Conference
401121959,2019,9,Georgia State,Troy,1,False,True,0.3970084838048051,0,0.6029915161951949,0,2018-2022,Weeks 7-9,Home field,Conference
401110836,2019,10,Arkansas,Mississippi State,0,False,True,0.31252392136591955,0,0.6874760786340804,1,2018-2022,Weeks 10+,Home field,Conference
401110837,2019,10,Auburn,Ole Miss,1,False,True,0.9412809877866702,1,0.9412809877866702,1,2018-2022,Weeks 10+,Home field,Conference
401110838,2019,10,Florida,Georgia,0,True,True,0.28324412341404975,0,0.7167558765859503,1,2018-2022,Weeks 10+,Neutral,Conference
401110839,2019,10,South Carolina,Vanderbilt,1,False,True,0.9058495952123402,1,0.9058495952123402,1,2018-2022,Weeks 10+,Home field,Conference
401110840,2019,10,Tennessee,UAB,1,False,False,0.8974311752499378,1,0.8974311752499378,1,2018-2022,Weeks 10+,Home field,Non-conference
401110841,2019,10,Texas A&M,UT San Antonio,1,False,False,0.9887697245652243,1,0.9887697245652243,1,2018-2022,Weeks 10+,Home field,Non-conference
401112080,2019,10,Baylor,West Virginia,1,False,True,0.9034698273861557,1,0.9034698273861557,1,2018-2022,Weeks 10+,Home field,Conference
401112104,2019,10,Kansas,Kansas State,0,False,True,0.30385948805224017,0,0.6961405119477598,1,2018-2022,Weeks 10+,Home field,Conference
401112127,2019,10,Oklahoma State,TCU,1,False,True,0.4365738761869716,0,0.5634261238130285,0,2018-2022,Weeks 10+,Home field,Conference
401112153,2019,10,Illinois,Rutgers,1,False,True,0.9137351528322217,1,0.9137351528322217,1,2018-2022,Weeks 10+,Home field,Conference
401112165,2019,10,Indiana,Northwestern,1,False,True,0.7279585502744947,1,0.7279585502744947,1,2018-2022,Weeks 10+,Home field,Conference
401112208,2019,10,Maryland,Michigan,0,False,True,0.07866237335991137,0,0.9213376266400887,1,2018-2022,Weeks 10+,Home field,Conference
401112243,2019,10,Purdue,Nebraska,1,False,True,0.47346646932878106,0,0.5265335306712189,0,2018-2022,Weeks 10+,Home field,Conference
401112495,2019,10,Syracuse,Boston College,0,False,True,0.4311254597724051,0,0.568874540227595,1,2018-2022,Weeks 10+,Home field,Conference
401112497,2019,10,Florida State,Miami,0,False,True,0.5526565507021114,1,0.5526565507021114,0,2018-2022,Weeks 10+,Home field,Conference
401112498,2019,10,Georgia Tech,Pittsburgh,0,False,True,0.27986946439665034,0,0.7201305356033496,1,2018-2022,Weeks 10+,Home field,Conference
401112499,2019,10,North Carolina,Virginia,0,False,True,0.5169085152354324,1,0.5169085152354324,0,2018-2022,Weeks 10+,Home field,Conference
401112500,2019,10,Wake Forest,NC State,1,False,True,0.6361342907941161,1,0.6361342907941161,1,2018-2022,Weeks 10+,Home field,Conference
401112501,2019,10,Notre Dame,Virginia Tech,1,False,False,0.824540731687378,1,0.824540731687378,1,2018-2022,Weeks 10+,Home field,Non-conference
401114171,2019,10,Arizona,Oregon State,0,False,True,0.6275728428106515,1,0.6275728428106515,0,2018-2022,Weeks 10+,Home field,Conference
401114189,2019,10,UCLA,Colorado,1,False,True,0.740083012173412,1,0.740083012173412,1,2018-2022,Weeks 10+,Home field,Conference
401114198,2019,10,USC,Oregon,0,False,True,0.39288522500780887,0,0.6071147749921911,1,2018-2022,Weeks 10+,Home field,Conference
401114227,2019,10,Washington,Utah,0,False,True,0.35057529788234676,0,0.6494247021176532,1,2018-2022,Weeks 10+,Home field,Conference
401114299,2019,10,Charlotte,Middle Tennessee,1,False,True,0.3592674405647977,0,0.6407325594352022,0,2018-2022,Weeks 10+,Home field,Conference
401114300,2019,10,Florida International,Old Dominion,1,False,True,0.9104142175554735,1,0.9104142175554735,1,2018-2022,Weeks 10+,Home field,Conference
401114301,2019,10,Western Kentucky,Florida Atlantic,0,False,True,0.5463602123811426,1,0.5463602123811426,0,2018-2022,Weeks 10+,Home field,Conference
401114302,2019,10,Rice,Marshall,0,False,True,0.34016570277012625,0,0.6598342972298737,1,2018-2022,Weeks 10+,Home field,Conference
401114303,2019,10,North Texas,UTEP,1,False,True,0.9165672684205104,1,0.9165672684205104,1,2018-2022,Weeks 10+,Home field,Conference
401114331,2019,10,Air Force,Army,1,False,False,0.7508216287344649,1,0.7508216287344649,1,2018-2022,Weeks 10+,Home field,Non-conference
401114352,2019,10,UMass,Liberty,0,False,False,0.13039118567555757,0,0.8696088143244425,1,2018-2022,Weeks 10+,Home field,Non-conference
401117216,2019,10,Utah State,BYU,0,False,False,0.5923993568565641,1,0.5923993568565641,0,2018-2022,Weeks 10+,Home field,Non-conference
401117535,2019,10,San José State,Boise State,0,False,True,0.18291853759342372,0,0.8170814624065763,1,2018-2022,Weeks 10+,Home field,Conference
401117536,2019,10,Nevada,New Mexico,1,False,True,0.5739300281722258,1,0.5739300281722258,1,2018-2022,Weeks 10+,Home field,Conference
401117537,2019,10,Hawai'i,Fresno State,0,False,True,0.6250337120788962,1,0.6250337120788962,0,2018-2022,Weeks 10+,Home field,Conference
401117538,2019,10,Colorado State,UNLV,1,False,True,0.6377473561789121,1,0.6377473561789121,1,2018-2022,Weeks 10+,Home field,Conference
401117894,2019,10,Connecticut,Navy,0,False,True,0.11349576328201577,0,0.8865042367179843,1,2018-2022,Weeks 10+,Home field,Conference
401117895,2019,10,UCF,Houston,1,False,True,0.8949529804982148,1,0.8949529804982148,1,2018-2022,Weeks 10+,Home field,Conference
401117896,2019,10,East Carolina,Cincinnati,0,False,True,0.08723719896449239,0,0.9127628010355076,1,2018-2022,Weeks 10+,Home field,Conference
401117897,2019,10,Memphis,SMU,1,False,True,0.7147463173624596,1,0.7147463173624596,1,2018-2022,Weeks 10+,Home field,Conference
401117898,2019,10,Tulane,Tulsa,1,False,True,0.7818634672673951,1,0.7818634672673951,1,2018-2022,Weeks 10+,Home field,Conference
401119293,2019,10,Bowling Green,Akron,1,False,True,0.6437555560636439,1,0.6437555560636439,1,2018-2022,Weeks 10+,Home field,Conference
401119294,2019,10,Eastern Michigan,Buffalo,0,False,True,0.5223439350646516,1,0.5223439350646516,0,2018-2022,Weeks 10+,Home field,Conference
401119295,2019,10,Central Michigan,Northern Illinois,1,False,True,0.4820593165085649,0,0.5179406834914351,0,2018-2022,Weeks 10+,Home field,Conference
401121960,2019,10,App State,Georgia Southern,0,False,True,0.8844972938249582,1,0.8844972938249582,0,2018-2022,Weeks 10+,Home field,Conference
401121961,2019,10,Louisiana Monroe,Arkansas State,0,False,True,0.32608428092528474,0,0.6739157190747153,1,2018-2022,Weeks 10+,Home field,Conference
401121962,2019,10,Coastal Carolina,Troy,1,False,True,0.4665965208034397,0,0.5334034791965603,0,2018-2022,Weeks 10+,Home field,Conference
401121963,2019,10,Louisiana,Texas State,1,False,True,0.9264116528086138,1,0.9264116528086138,1,2018-2022,Weeks 10+,Home field,Conference
401110842,2019,11,Alabama,LSU,0,False,True,0.6515635175847576,1,0.6515635175847576,0,2018-2022,Weeks 10+,Home field,Conference
401110843,2019,11,Arkansas,Western Kentucky,0,False,False,0.5178974801666143,1,0.5178974801666143,0,2018-2022,Weeks 10+,Home field,Non-conference
401110844,2019,11,Florida,Vanderbilt,1,False,True,0.9750504260827317,1,0.9750504260827317,1,2018-2022,Weeks 10+,Home field,Conference
401110845,2019,11,Georgia,Missouri,1,False,True,0.9043588433201046,1,0.9043588433201046,1,2018-2022,Weeks 10+,Home field,Conference
401110846,2019,11,Kentucky,Tennessee,0,False,True,0.3600641380650871,0,0.6399358619349129,1,2018-2022,Weeks 10+,Home field,Conference
401110847,2019,11,Ole Miss,New Mexico State,1,False,False,0.9687246350291141,1,0.9687246350291141,1,2018-2022,Weeks 10+,Home field,Non-conference
401110848,2019,11,South Carolina,App State,0,False,False,0.6630294958893521,1,0.6630294958893521,0,2018-2022,Weeks 10+,Home field,Non-conference
401111654,2019,11,Duke,Notre Dame,0,False,False,0.28548417222445005,0,0.7145158277755499,1,2018-2022,Weeks 10+,Home field,Non-conference
401112081,2019,11,TCU,Baylor,0,False,True,0.5122775846930477,1,0.5122775846930477,0,2018-2022,Weeks 10+,Home field,Conference
401112092,2019,11,Oklahoma,Iowa State,1,False,True,0.87952434353411,1,0.87952434353411,1,2018-2022,Weeks 10+,Home field,Conference
401112111,2019,11,Texas,Kansas State,1,False,True,0.7930862423214796,1,0.7930862423214796,1,2018-2022,Weeks 10+,Home field,Conference
401112142,2019,11,West Virginia,Texas Tech,0,False,True,0.41793136773667305,0,0.582068632263327,1,2018-2022,Weeks 10+,Home field,Conference
401112154,2019,11,Michigan State,Illinois,0,False,True,0.7735873945159573,1,0.7735873945159573,0,2018-2022,Weeks 10+,Home field,Conference
401112198,2019,11,Wisconsin,Iowa,1,False,True,0.6509765827575478,1,0.6509765827575478,1,2018-2022,Weeks 10+,Home field,Conference
401112209,2019,11,Ohio State,Maryland,1,False,True,0.9940468347555935,1,0.9940468347555935,1,2018-2022,Weeks 10+,Home field,Conference
401112235,2019,11,Minnesota,Penn State,1,False,True,0.25937926383768317,0,0.7406207361623168,0,2018-2022,Weeks 10+,Home field,Conference
401112249,2019,11,Northwestern,Purdue,0,False,True,0.5674580255899557,1,0.5674580255899557,0,2018-2022,Weeks 10+,Home field,Conference
401112502,2019,11,Boston College,Florida State,0,False,True,0.43282278199044166,0,0.5671772180095583,1,2018-2022,Weeks 10+,Home field,Conference
401112503,2019,11,NC State,Clemson,0,False,True,0.024679793889755337,0,0.9753202061102446,1,2018-2022,Weeks 10+,Home field,Conference
401112504,2019,11,Virginia,Georgia Tech,1,False,True,0.8527726545177619,1,0.8527726545177619,1,2018-2022,Weeks 10+,Home field,Conference
401112505,2019,11,Miami,Louisville,1,False,True,0.8263336197971483,1,0.8263336197971483,1,2018-2022,Weeks 10+,Home field,Conference
401112506,2019,11,Virginia Tech,Wake Forest,1,False,True,0.5391588890646616,1,0.5391588890646616,1,2018-2022,Weeks 10+,Home field,Conference
401114160,2019,11,Arizona State,USC,0,False,True,0.3509488354130764,0,0.6490511645869236,1,2018-2022,Weeks 10+,Home field,Conference
401114180,2019,11,California,Washington State,1,False,True,0.22698121252543435,0,0.7730187874745656,0,2018-2022,Weeks 10+,Home field,Conference
401114190,2019,11,Colorado,Stanford,1,False,True,0.3931542701793531,0,0.6068457298206469,0,2018-2022,Weeks 10+,Home field,Conference
401114205,2019,11,Oregon State,Washington,0,False,True,0.208988071197864,0,0.791011928802136,1,2018-2022,Weeks 10+,Home field,Conference
401114304,2019,11,UTEP,Charlotte,0,False,True,0.24348018297382937,0,0.7565198170261707,1,2018-2022,Weeks 10+,Home field,Conference
401114305,2019,11,Florida Atlantic,Florida International,1,False,True,0.6469704288167688,1,0.6469704288167688,1,2018-2022,Weeks 10+,Home field,Conference
401114306,2019,11,Louisiana Tech,North Texas,1,False,True,0.8016452358204149,1,0.8016452358204149,1,2018-2022,Weeks 10+,Home field,Conference
401114307,2019,11,Old Dominion,UT San Antonio,0,False,True,0.5556056107573057,1,0.5556056107573057,0,2018-2022,Weeks 10+,Home field,Conference
401114308,2019,11,Southern Mississippi,UAB,1,False,True,0.7816458394221331,1,0.7816458394221331,1,2018-2022,Weeks 10+,Home field,Conference
401114332,2019,11,Army,UMass,1,False,False,0.9861611645020226,1,0.9861611645020226,1,2018-2022,Weeks 10+,Home field,Non-conference
401114353,2019,11,BYU,Liberty,1,False,False,0.8644964156745045,1,0.8644964156745045,1,2018-2022,Weeks 10+,Home field,Non-conference
401117540,2019,11,Fresno State,Utah State,0,False,True,0.6146075361111087,1,0.6146075361111087,0,2018-2022,Weeks 10+,Home field,Conference
401117541,2019,11,Boise State,Wyoming,1,False,True,0.7742645607654997,1,0.7742645607654997,1,2018-2022,Weeks 10+,Home field,Conference
401117542,2019,11,San Diego State,Nevada,0,False,True,0.9070765269941549,1,0.9070765269941549,0,2018-2022,Weeks 10+,Home field,Conference
401117543,2019,11,Hawai'i,San José State,1,False,True,0.7299027346329305,1,0.7299027346329305,1,2018-2022,Weeks 10+,Home field,Conference
401117899,2019,11,South Florida,Temple,0,False,True,0.566000287933175,1,0.566000287933175,0,2018-2022,Weeks 10+,Home field,Conference
401117900,2019,11,Tulsa,UCF,1,False,True,0.12337284039875718,0,0.8766271596012428,0,2018-2022,Weeks 10+,Home field,Conference
401117901,2019,11,Cincinnati,Connecticut,1,False,True,0.980009395509313,1,0.980009395509313,1,2018-2022,Weeks 10+,Home field,Conference
401117902,2019,11,SMU,East Carolina,1,False,True,0.9331507578794369,1,0.9331507578794369,1,2018-2022,Weeks 10+,Home field,Conference
401119296,2019,11,Western Michigan,Ball State,1,False,True,0.7618547694817909,1,0.7618547694817909,1,2018-2022,Weeks 10+,Home field,Conference
401119297,2019,11,Toledo,Kent State,1,False,True,0.5163600310064018,1,0.5163600310064018,1,2018-2022,Weeks 10+,Home field,Conference
401119298,2019,11,Ohio,Miami (OH),0,False,True,0.8422205885812807,1,0.8422205885812807,0,2018-2022,Weeks 10+,Home field,Conference
401121964,2019,11,Coastal Carolina,Louisiana,0,False,True,0.2846838752019306,0,0.7153161247980694,1,2018-2022,Weeks 10+,Home field,Conference
401121965,2019,11,Troy,Georgia Southern,1,False,True,0.641608737329928,1,0.641608737329928,1,2018-2022,Weeks 10+,Home field,Conference
401121966,2019,11,Louisiana Monroe,Georgia State,1,False,True,0.296852573910994,0,0.703147426089006,0,2018-2022,Weeks 10+,Home field,Conference
401121967,2019,11,Texas State,South Alabama,1,False,True,0.7085618561927924,1,0.7085618561927924,1,2018-2022,Weeks 10+,Home field,Conference
401110849,2019,12,Auburn,Georgia,0,False,True,0.38337684828533436,0,0.6166231517146656,1,2018-2022,Weeks 10+,Home field,Conference
401110850,2019,12,Ole Miss,LSU,0,False,True,0.03846095840217924,0,0.9615390415978208,1,2018-2022,Weeks 10+,Home field,Conference
401110851,2019,12,Mississippi State,Alabama,0,False,True,0.0545430381287461,0,0.9454569618712539,1,2018-2022,Weeks 10+,Home field,Conference
401110852,2019,12,Missouri,Florida,0,False,True,0.22593379645719167,0,0.7740662035428083,1,2018-2022,Weeks 10+,Home field,Conference
401110853,2019,12,Texas A&M,South Carolina,1,False,True,0.7860061374770062,1,0.7860061374770062,1,2018-2022,Weeks 10+,Home field,Conference
401110854,2019,12,Vanderbilt,Kentucky,0,False,True,0.15908221279671436,0,0.8409177872032856,1,2018-2022,Weeks 10+,Home field,Conference
401112082,2019,12,Baylor,Oklahoma,0,False,True,0.22244653683282894,0,0.777553463167171,1,2018-2022,Weeks 10+,Home field,Conference
401112093,2019,12,Iowa State,Texas,1,False,True,0.5308741191314539,1,0.5308741191314539,1,2018-2022,Weeks 10+,Home field,Conference
401112105,2019,12,Oklahoma State,Kansas,1,False,True,0.8986998803008539,1,0.8986998803008539,1,2018-2022,Weeks 10+,Home field,Conference
401112112,2019,12,Kansas State,West Virginia,0,False,True,0.7813937826190702,1,0.7813937826190702,0,2018-2022,Weeks 10+,Home field,Conference
401112133,2019,12,Texas Tech,TCU,0,False,True,0.3313763472845416,0,0.6686236527154584,1,2018-2022,Weeks 10+,Home field,Conference
401112166,2019,12,Penn State,Indiana,1,False,True,0.9091240570520531,1,0.9091240570520531,1,2018-2022,Weeks 10+,Home field,Conference
401112199,2019,12,Iowa,Minnesota,1,False,True,0.624829419343813,1,0.624829419343813,1,2018-2022,Weeks 10+,Home field,Conference
401112219,2019,12,Michigan,Michigan State,1,False,True,0.8284820387653957,1,0.8284820387653957,1,2018-2022,Weeks 10+,Home field,Conference
401112244,2019,12,Nebraska,Wisconsin,0,False,True,0.11034209576732538,0,0.8896579042326747,1,2018-2022,Weeks 10+,Home field,Conference
401112250,2019,12,Northwestern,UMass,1,False,False,0.9912183522532709,1,0.9912183522532709,1,2018-2022,Weeks 10+,Home field,Non-conference
401112255,2019,12,Rutgers,Ohio State,0,False,True,0.0017891498818473589,0,0.9982108501181527,1,2018-2022,Weeks 10+,Home field,Conference
401112507,2019,12,Pittsburgh,North Carolina,1,False,True,0.5944590864811006,1,0.5944590864811006,1,2018-2022,Weeks 10+,Home field,Conference
401112508,2019,12,Clemson,Wake Forest,1,False,True,0.9801344308571841,1,0.9801344308571841,1,2018-2022,Weeks 10+,Home field,Conference
401112509,2019,12,Duke,Syracuse,0,False,True,0.7759195980081011,1,0.7759195980081011,0,2018-2022,Weeks 10+,Home field,Conference
401112511,2019,12,Georgia Tech,Virginia Tech,0,False,True,0.23192093585847987,0,0.7680790641415202,1,2018-2022,Weeks 10+,Home field,Conference
401112512,2019,12,NC State,Louisville,0,False,True,0.5850142136155622,1,0.5850142136155622,0,2018-2022,Weeks 10+,Home field,Conference
401114161,2019,12,Oregon State,Arizona State,1,False,True,0.42193235259472855,0,0.5780676474052715,0,2018-2022,Weeks 10+,Home field,Conference
401114172,2019,12,Oregon,Arizona,1,False,True,0.9630540574406691,1,0.9630540574406691,1,2018-2022,Weeks 10+,Home field,Conference
401114181,2019,12,California,USC,0,False,True,0.18235316376737337,0,0.8176468362326266,1,2018-2022,Weeks 10+,Home field,Conference
401114216,2019,12,Utah,UCLA,1,False,True,0.9153358382734262,1,0.9153358382734262,1,2018-2022,Weeks 10+,Home field,Conference
401114231,2019,12,Washington State,Stanford,1,False,True,0.7207929209114835,1,0.7207929209114835,1,2018-2022,Weeks 10+,Home field,Conference
401114309,2019,12,Marshall,Louisiana Tech,1,False,True,0.24436681327128906,0,0.7556331867287109,0,2018-2022,Weeks 10+,Home field,Conference
401114310,2019,12,Middle Tennessee,Rice,0,False,True,0.744232268658798,1,0.744232268658798,0,2018-2022,Weeks 10+,Home field,Conference
401114311,2019,12,UT San Antonio,Southern Mississippi,0,False,True,0.11187167003978349,0,0.8881283299602165,1,2018-2022,Weeks 10+,Home field,Conference
401114312,2019,12,UAB,UTEP,1,False,True,0.8030768126359872,1,0.8030768126359872,1,2018-2022,Weeks 10+,Home field,Conference
401114338,2019,12,Notre Dame,Navy,1,False,False,0.8991909956554672,1,0.8991909956554672,1,2018-2022,Weeks 10+,Home field,Non-conference
401117544,2019,12,Colorado State,Air Force,0,False,True,0.2510444684325064,0,0.7489555315674936,1,2018-2022,Weeks 10+,Home field,Conference
401117545,2019,12,Boise State,New Mexico,1,False,True,0.9598335584616865,1,0.9598335584616865,1,2018-2022,Weeks 10+,Home field,Conference
401117546,2019,12,Utah State,Wyoming,1,False,True,0.4935956184412048,0,0.5064043815587952,0,2018-2022,Weeks 10+,Home field,Conference
401117547,2019,12,San Diego State,Fresno State,1,False,True,0.66424179371061,1,0.66424179371061,1,2018-2022,Weeks 10+,Home field,Conference
401117548,2019,12,UNLV,Hawai'i,0,False,True,0.28686761357965235,0,0.7131323864203476,1,2018-2022,Weeks 10+,Home field,Conference
401117903,2019,12,South Florida,Cincinnati,0,False,True,0.1957364218726498,0,0.8042635781273502,1,2018-2022,Weeks 10+,Home field,Conference
401117904,2019,12,Houston,Memphis,0,False,True,0.234673853830181,0,0.765326146169819,1,2018-2022,Weeks 10+,Home field,Conference
401117905,2019,12,Temple,Tulane,1,False,True,0.4345283859555781,0,0.5654716140444219,0,2018-2022,Weeks 10+,Home field,Conference
401119299,2019,12,Akron,Eastern Michigan,0,False,True,0.1548402603909395,0,0.8451597396090604,1,2018-2022,Weeks 10+,Home field,Conference
401119300,2019,12,Ohio,Western Michigan,0,False,True,0.43270221015578614,0,0.5672977898442139,1,2018-2022,Weeks 10+,Home field,Conference
401119301,2019,12,Miami (OH),Bowling Green,1,False,True,0.7924121908181,1,0.7924121908181,1,2018-2022,Weeks 10+,Home field,Conference
401119302,2019,12,Toledo,Northern Illinois,0,False,True,0.558361717157093,1,0.558361717157093,0,2018-2022,Weeks 10+,Home field,Conference
401119303,2019,12,Kent State,Buffalo,1,False,True,0.4670541826454224,0,0.5329458173545776,0,2018-2022,Weeks 10+,Home field,Conference
401119304,2019,12,Ball State,Central Michigan,0,False,True,0.5763357650794398,1,0.5763357650794398,0,2018-2022,Weeks 10+,Home field,Conference
401121968,2019,12,Georgia State,App State,0,False,True,0.2510662548680003,0,0.7489337451319997,1,2018-2022,Weeks 10+,Home field,Conference
401121969,2019,12,Arkansas State,Coastal Carolina,1,False,True,0.6693662285495168,1,0.6693662285495168,1,2018-2022,Weeks 10+,Home field,Conference
401121970,2019,12,Georgia Southern,Louisiana Monroe,1,False,True,0.7489524458112711,1,0.7489524458112711,1,2018-2022,Weeks 10+,Home field,Conference
401121971,2019,12,South Alabama,Louisiana,0,False,True,0.04950131053045238,0,0.9504986894695476,1,2018-2022,Weeks 10+,Home field,Conference
401121972,2019,12,Texas State,Troy,0,False,True,0.17908624732233594,0,0.8209137526776641,1,2018-2022,Weeks 10+,Home field,Conference
401110857,2019,13,Georgia,Texas A&M,1,False,True,0.815706901399845,1,0.815706901399845,1,2018-2022,Weeks 10+,Home field,Conference
401110859,2019,13,LSU,Arkansas,1,False,True,0.9929542594101819,1,0.9929542594101819,1,2018-2022,Weeks 10+,Home field,Conference
401110861,2019,13,Missouri,Tennessee,0,False,True,0.49373934843366973,0,0.5062606515663303,1,2018-2022,Weeks 10+,Home field,Conference
401112083,2019,13,Baylor,Texas,1,False,True,0.591331353563197,1,0.591331353563197,1,2018-2022,Weeks 10+,Home field,Conference
401112094,2019,13,Iowa State,Kansas,1,False,True,0.9458919938335744,1,0.9458919938335744,1,2018-2022,Weeks 10+,Home field,Conference
401112113,2019,13,Texas Tech,Kansas State,0,False,True,0.5684321259114659,1,0.5684321259114659,0,2018-2022,Weeks 10+,Home field,Conference
401112120,2019,13,Oklahoma,TCU,1,False,True,0.8852662917900589,1,0.8852662917900589,1,2018-2022,Weeks 10+,Home field,Conference
401112128,2019,13,West Virginia,Oklahoma State,0,False,True,0.22864574425114603,0,0.771354255748854,1,2018-2022,Weeks 10+,Home field,Conference
401112155,2019,13,Iowa,Illinois,1,False,True,0.8953467733749575,1,0.8953467733749575,1,2018-2022,Weeks 10+,Home field,Conference
401112167,2019,13,Indiana,Michigan,0,False,True,0.22684014645418574,0,0.7731598535458143,1,2018-2022,Weeks 10+,Home field,Conference
401112210,2019,13,Maryland,Nebraska,0,False,True,0.3733887832378247,0,0.6266112167621753,1,2018-2022,Weeks 10+,Home field,Conference
401112220,2019,13,Rutgers,Michigan State,0,False,True,0.07225205842254494,0,0.9277479415774551,1,2018-2022,Weeks 10+,Home field,Conference
401112236,2019,13,Northwestern,Minnesota,0,False,True,0.16626538657371262,0,0.8337346134262874,1,2018-2022,Weeks 10+,Home field,Conference
401112256,2019,13,Ohio State,Penn State,1,False,True,0.868875397375465,1,0.868875397375465,1,2018-2022,Weeks 10+,Home field,Conference
401112263,2019,13,Wisconsin,Purdue,1,False,True,0.949312870257236,1,0.949312870257236,1,2018-2022,Weeks 10+,Home field,Conference
401112513,2019,13,Georgia Tech,NC State,1,False,True,0.36666777494317576,0,0.6333322250568243,0,2018-2022,Weeks 10+,Home field,Conference
401112514,2019,13,Notre Dame,Boston College,1,False,False,0.9071636034919046,1,0.9071636034919046,1,2018-2022,Weeks 10+,Home field,Non-conference
401112515,2019,13,Wake Forest,Duke,1,False,True,0.7130132359668,1,0.7130132359668,1,2018-2022,Weeks 10+,Home field,Conference
401112516,2019,13,Louisville,Syracuse,1,False,True,0.5967600887289379,1,0.5967600887289379,1,2018-2022,Weeks 10+,Home field,Conference
401112517,2019,13,Florida International,Miami,1,False,False,0.204047599133853,0,0.7959524008661469,0,2018-2022,Weeks 10+,Home field,Non-conference
401112519,2019,13,Virginia Tech,Pittsburgh,1,False,True,0.7119601884833554,1,0.7119601884833554,1,2018-2022,Weeks 10+,Home field,Conference
401112520,2019,13,Virginia,Liberty,1,False,False,0.9216172121101086,1,0.9216172121101086,1,2018-2022,Weeks 10+,Home field,Non-conference
401114162,2019,13,Arizona State,Oregon,1,False,True,0.14168570909472938,0,0.8583142909052706,0,2018-2022,Weeks 10+,Home field,Conference
401114173,2019,13,Arizona,Utah,0,False,True,0.05147707170040115,0,0.9485229282995988,1,2018-2022,Weeks 10+,Home field,Conference
401114182,2019,13,Stanford,California,0,False,True,0.6701490725853155,1,0.6701490725853155,0,2018-2022,Weeks 10+,Home field,Conference
401114191,2019,13,Colorado,Washington,1,False,True,0.14679822974217827,0,0.8532017702578217,0,2018-2022,Weeks 10+,Home field,Conference
401114206,2019,13,Washington State,Oregon State,1,False,True,0.7731703563997225,1,0.7731703563997225,1,2018-2022,Weeks 10+,Home field,Conference
401114217,2019,13,USC,UCLA,1,False,True,0.8626009543535,1,0.8626009543535,1,2018-2022,Weeks 10+,Home field,Conference
401114313,2019,13,Charlotte,Marshall,1,False,True,0.32584950519438083,0,0.6741504948056192,0,2018-2022,Weeks 10+,Home field,Conference
401114314,2019,13,UT San Antonio,Florida Atlantic,0,False,True,0.13878083815665598,0,0.861219161843344,1,2018-2022,Weeks 10+,Home field,Conference
401114315,2019,13,UAB,Louisiana Tech,1,False,True,0.16519243057995675,0,0.8348075694200432,0,2018-2022,Weeks 10+,Home field,Conference
401114316,2019,13,Middle Tennessee,Old Dominion,1,False,True,0.8585152143596493,1,0.8585152143596493,1,2018-2022,Weeks 10+,Home field,Conference
401114317,2019,13,Rice,North Texas,1,False,True,0.4112321042337298,0,0.5887678957662702,0,2018-2022,Weeks 10+,Home field,Conference
401114318,2019,13,Southern Mississippi,Western Kentucky,0,False,True,0.6771297259523198,1,0.6771297259523198,0,2018-2022,Weeks 10+,Home field,Conference
401114319,2019,13,New Mexico State,UTEP,1,False,False,0.5911036046250986,1,0.5911036046250986,1,2018-2022,Weeks 10+,Home field,Non-conference
401114358,2019,13,UMass,BYU,0,False,False,0.014270969267111404,0,0.9857290307328886,1,2018-2022,Weeks 10+,Home field,Non-conference
401117549,2019,13,Utah State,Boise State,0,False,True,0.2456523277873698,0,0.7543476722126302,1,2018-2022,Weeks 10+,Home field,Conference
401117550,2019,13,Wyoming,Colorado State,1,False,True,0.7322905610807118,1,0.7322905610807118,1,2018-2022,Weeks 10+,Home field,Conference
401117551,2019,13,Fresno State,Nevada,0,False,True,0.8290850755808984,1,0.8290850755808984,0,2018-2022,Weeks 10+,Home field,Conference
401117552,2019,13,Hawai'i,San Diego State,1,False,True,0.5161975895318214,1,0.5161975895318214,1,2018-2022,Weeks 10+,Home field,Conference
401117553,2019,13,UNLV,San José State,1,False,True,0.4156512474473393,0,0.5843487525526607,0,2018-2022,Weeks 10+,Home field,Conference
401117906,2019,13,Tulane,UCF,0,False,True,0.28838467174741067,0,0.7116153282525893,1,2018-2022,Weeks 10+,Home field,Conference
401117907,2019,13,Cincinnati,Temple,1,False,True,0.8377538045814773,1,0.8377538045814773,1,2018-2022,Weeks 10+,Home field,Conference
401117908,2019,13,Connecticut,East Carolina,0,False,True,0.2784084156180165,0,0.7215915843819836,1,2018-2022,Weeks 10+,Home field,Conference
401117909,2019,13,South Florida,Memphis,0,False,True,0.16329254186612793,0,0.836707458133872,1,2018-2022,Weeks 10+,Home field,Conference
401117910,2019,13,Tulsa,Houston,0,False,True,0.45428541192122973,0,0.5457145880787703,1,2018-2022,Weeks 10+,Home field,Conference
401117911,2019,13,Navy,SMU,1,False,True,0.41280393862382125,0,0.5871960613761787,0,2018-2022,Weeks 10+,Home field,Conference
401119305,2019,13,Northern Illinois,Eastern Michigan,0,False,True,0.6285204833637235,1,0.6285204833637235,0,2018-2022,Weeks 10+,Home field,Conference
401119306,2019,13,Bowling Green,Ohio,0,False,True,0.07722927666131252,0,0.9227707233386875,1,2018-2022,Weeks 10+,Home field,Conference
401119307,2019,13,Miami (OH),Akron,1,False,True,0.9298696792028838,1,0.9298696792028838,1,2018-2022,Weeks 10+,Home field,Conference
401119308,2019,13,Buffalo,Toledo,1,False,True,0.6815237792837561,1,0.6815237792837561,1,2018-2022,Weeks 10+,Home field,Conference
401119309,2019,13,Kent State,Ball State,1,False,True,0.4334718311893431,0,0.5665281688106569,0,2018-2022,Weeks 10+,Home field,Conference
401121973,2019,13,App State,Texas State,1,False,True,0.9618934785308176,1,0.9618934785308176,1,2018-2022,Weeks 10+,Home field,Conference
401121974,2019,13,Arkansas State,Georgia Southern,1,False,True,0.5573669479424069,1,0.5573669479424069,1,2018-2022,Weeks 10+,Home field,Conference
401121975,2019,13,Louisiana Monroe,Coastal Carolina,1,False,True,0.4585025886335319,0,0.5414974113664681,0,2018-2022,Weeks 10+,Home field,Conference
401121976,2019,13,Georgia State,South Alabama,1,False,True,0.8728580332728565,1,0.8728580332728565,1,2018-2022,Weeks 10+,Home field,Conference
401121977,2019,13,Louisiana,Troy,1,False,True,0.7076780740841678,1,0.7076780740841678,1,2018-2022,Weeks 10+,Home field,Conference
401183793,2019,13,New Mexico,Air Force,0,False,True,0.09422570023544916,0,0.9057742997645508,1,2018-2022,Weeks 10+,Home field,Conference
401110863,2019,14,Mississippi State,Ole Miss,1,False,True,0.6952863648798407,1,0.6952863648798407,1,2018-2022,Weeks 10+,Home field,Conference
401110864,2019,14,Arkansas,Missouri,0,False,True,0.16717387819552584,0,0.8328261218044741,1,2018-2022,Weeks 10+,Home field,Conference
401110865,2019,14,Auburn,Alabama,1,False,True,0.20729185824252006,0,0.79270814175748,0,2018-2022,Weeks 10+,Home field,Conference
401110866,2019,14,Florida,Florida State,1,False,False,0.8761216706536328,1,0.8761216706536328,1,2018-2022,Weeks 10+,Home field,Non-conference
401110867,2019,14,Georgia Tech,Georgia,0,False,False,0.023572449961524588,0,0.9764275500384754,1,2018-2022,Weeks 10+,Home field,Non-conference
401110868,2019,14,Kentucky,Louisville,1,False,False,0.7133950407208862,1,0.7133950407208862,1,2018-2022,Weeks 10+,Home field,Non-conference
401110869,2019,14,LSU,Texas A&M,1,False,True,0.8920589144721772,1,0.8920589144721772,1,2018-2022,Weeks 10+,Home field,Conference
401110870,2019,14,South Carolina,Clemson,0,False,False,0.03991194844799184,0,0.9600880515520082,1,2018-2022,Weeks 10+,Home field,Non-conference
401110871,2019,14,Tennessee,Vanderbilt,1,False,True,0.9603512817888002,1,0.9603512817888002,1,2018-2022,Weeks 10+,Home field,Conference
401112084,2019,14,Kansas,Baylor,0,False,True,0.09163318838564402,0,0.908366811614356,1,2018-2022,Weeks 10+,Home field,Conference
401112095,2019,14,Kansas State,Iowa State,1,False,True,0.3141273727132464,0,0.6858726272867536,0,2018-2022,Weeks 10+,Home field,Conference
401112121,2019,14,Oklahoma State,Oklahoma,0,False,True,0.16907668927924585,0,0.8309233107207541,1,2018-2022,Weeks 10+,Home field,Conference
401112134,2019,14,TCU,West Virginia,0,False,True,0.8731717933424659,1,0.8731717933424659,0,2018-2022,Weeks 10+,Home field,Conference
401112138,2019,14,Texas,Texas Tech,1,False,True,0.7843347168615505,1,0.7843347168615505,1,2018-2022,Weeks 10+,Home field,Conference
401112156,2019,14,Illinois,Northwestern,0,False,True,0.6429068951304644,1,0.6429068951304644,0,2018-2022,Weeks 10+,Home field,Conference
401112168,2019,14,Purdue,Indiana,0,False,True,0.2687617863771192,0,0.7312382136228808,1,2018-2022,Weeks 10+,Home field,Conference
401112200,2019,14,Nebraska,Iowa,0,False,True,0.2319330814741636,0,0.7680669185258364,1,2018-2022,Weeks 10+,Home field,Conference
401112221,2019,14,Michigan State,Maryland,1,False,True,0.9083755869450589,1,0.9083755869450589,1,2018-2022,Weeks 10+,Home field,Conference
401112228,2019,14,Michigan,Ohio State,0,False,True,0.20309524478389895,0,0.796904755216101,1,2018-2022,Weeks 10+,Home field,Conference
401112237,2019,14,Minnesota,Wisconsin,0,False,True,0.43425628304779573,0,0.5657437169522043,1,2018-2022,Weeks 10+,Home field,Conference
401112261,2019,14,Penn State,Rutgers,1,False,True,0.9946850583879769,1,0.9946850583879769,1,2018-2022,Weeks 10+,Home field,Conference
401112521,2019,14,Virginia,Virginia Tech,1,False,True,0.4414053082336178,0,0.5585946917663822,0,2018-2022,Weeks 10+,Home field,Conference
401112522,2019,14,Pittsburgh,Boston College,0,False,True,0.6229030968097498,1,0.6229030968097498,0,2018-2022,Weeks 10+,Home field,Conference
401112523,2019,14,Duke,Miami,1,False,True,0.18730272942456908,0,0.812697270575431,0,2018-2022,Weeks 10+,Home field,Conference
401112524,2019,14,NC State,North Carolina,0,False,True,0.3426417213497755,0,0.6573582786502246,1,2018-2022,Weeks 10+,Home field,Conference
401112525,2019,14,Syracuse,Wake Forest,1,False,True,0.4196590367511465,0,0.5803409632488534,0,2018-2022,Weeks 10+,Home field,Conference
401114163,2019,14,Arizona State,Arizona,1,False,True,0.7886216194864684,1,0.7886216194864684,1,2018-2022,Weeks 10+,Home field,Conference
401114183,2019,14,UCLA,California,0,False,True,0.6190065039203156,1,0.6190065039203156,0,2018-2022,Weeks 10+,Home field,Conference
401114192,2019,14,Utah,Colorado,1,False,True,0.9692562292555158,1,0.9692562292555158,1,2018-2022,Weeks 10+,Home field,Conference
401114199,2019,14,Oregon,Oregon State,1,False,True,0.9447635513811268,1,0.9447635513811268,1,2018-2022,Weeks 10+,Home field,Conference
401114212,2019,14,Stanford,Notre Dame,0,False,False,0.1542830607261934,0,0.8457169392738066,1,2018-2022,Weeks 10+,Home field,Non-conference
401114232,2019,14,Washington,Washington State,1,False,True,0.6709660709813401,1,0.6709660709813401,1,2018-2022,Weeks 10+,Home field,Conference
401114320,2019,14,Old Dominion,Charlotte,0,False,True,0.278462460043517,0,0.721537539956483,1,2018-2022,Weeks 10+,Home field,Conference
401114321,2019,14,Marshall,Florida International,1,False,True,0.6350584733006469,1,0.6350584733006469,1,2018-2022,Weeks 10+,Home field,Conference
401114322,2019,14,Florida Atlantic,Southern Mississippi,1,False,True,0.597762158197091,1,0.597762158197091,1,2018-2022,Weeks 10+,Home field,Conference
401114323,2019,14,Louisiana Tech,UT San Antonio,1,False,True,0.943501628801666,1,0.943501628801666,1,2018-2022,Weeks 10+,Home field,Conference
401114324,2019,14,Western Kentucky,Middle Tennessee,1,False,True,0.7217575779950578,1,0.7217575779950578,1,2018-2022,Weeks 10+,Home field,Conference
401114325,2019,14,North Texas,UAB,0,False,True,0.6745616002872737,1,0.6745616002872737,0,2018-2022,Weeks 10+,Home field,Conference
401114326,2019,14,UTEP,Rice,0,False,True,0.2314583663504009,0,0.7685416336495992,1,2018-2022,Weeks 10+,Home field,Conference
401114334,2019,14,Hawai'i,Army,1,False,False,0.5672760343454942,1,0.5672760343454942,1,2018-2022,Weeks 10+,Home field,Non-conference
401114346,2019,14,Liberty,New Mexico State,1,False,False,0.863962992336058,1,0.863962992336058,1,2018-2022,Weeks 10+,Home field,Non-conference
401117218,2019,14,San Diego State,BYU,1,False,False,0.5570865608859908,1,0.5570865608859908,1,2018-2022,Weeks 10+,Home field,Non-conference
401117554,2019,14,Colorado State,Boise State,0,False,True,0.14403044428356065,0,0.8559695557164393,1,2018-2022,Weeks 10+,Home field,Conference
401117555,2019,14,New Mexico,Utah State,0,False,True,0.26194184001834486,0,0.7380581599816551,1,2018-2022,Weeks 10+,Home field,Conference
401117556,2019,14,Air Force,Wyoming,1,False,True,0.6543526742062207,1,0.6543526742062207,1,2018-2022,Weeks 10+,Home field,Conference
401117557,2019,14,San José State,Fresno State,1,False,True,0.501795070543287,1,0.501795070543287,1,2018-2022,Weeks 10+,Home field,Conference
401117558,2019,14,Nevada,UNLV,0,False,True,0.5578411703226293,1,0.5578411703226293,0,2018-2022,Weeks 10+,Home field,Conference
401117912,2019,14,UCF,South Florida,1,False,True,0.9237795341246542,1,0.9237795341246542,1,2018-2022,Weeks 10+,Home field,Conference
401117913,2019,14,Memphis,Cincinnati,1,False,True,0.744242170425445,1,0.744242170425445,1,2018-2022,Weeks 10+,Home field,Conference
401117914,2019,14,Temple,Connecticut,1,False,True,0.94553780000654,1,0.94553780000654,1,2018-2022,Weeks 10+,Home field,Conference
401117915,2019,14,East Carolina,Tulsa,0,False,True,0.4183697957681603,0,0.5816302042318398,1,2018-2022,Weeks 10+,Home field,Conference
401117916,2019,14,Houston,Navy,0,False,True,0.5108528704056106,1,0.5108528704056106,0,2018-2022,Weeks 10+,Home field,Conference
401117917,2019,14,SMU,Tulane,1,False,True,0.6900796797511146,1,0.6900796797511146,1,2018-2022,Weeks 10+,Home field,Conference
401119310,2019,14,Akron,Ohio,0,False,True,0.04414432040667207,0,0.955855679593328,1,2018-2022,Weeks 10+,Home field,Conference
401119311,2019,14,Northern Illinois,Western Michigan,1,False,True,0.20253882491322864,0,0.7974611750867714,0,2018-2022,Weeks 10+,Home field,Conference
401119312,2019,14,Buffalo,Bowling Green,1,False,True,0.9372736281804832,1,0.9372736281804832,1,2018-2022,Weeks 10+,Home field,Conference
401119313,2019,14,Eastern Michigan,Kent State,0,False,True,0.5856034479446894,1,0.5856034479446894,0,2018-2022,Weeks 10+,Home field,Conference
401119314,2019,14,Ball State,Miami (OH),1,False,True,0.7228009919383547,1,0.7228009919383547,1,2018-2022,Weeks 10+,Home field,Conference
401119315,2019,14,Central Michigan,Toledo,1,False,True,0.7496437940020513,1,0.7496437940020513,1,2018-2022,Weeks 10+,Home field,Conference
401121978,2019,14,Troy,App State,0,False,True,0.29782274130180414,0,0.7021772586981958,1,2018-2022,Weeks 10+,Home field,Conference
401121979,2019,14,South Alabama,Arkansas State,1,False,True,0.18913727089309706,0,0.8108627291069029,0,2018-2022,Weeks 10+,Home field,Conference
401121980,2019,14,Coastal Carolina,Texas State,1,False,True,0.7670647580712281,1,0.7670647580712281,1,2018-2022,Weeks 10+,Home field,Conference
401121981,2019,14,Georgia Southern,Georgia State,1,False,True,0.5911916467472467,1,0.5911916467472467,1,2018-2022,Weeks 10+,Home field,Conference
401121982,2019,14,Louisiana,Louisiana Monroe,1,False,True,0.9514345479088002,1,0.9514345479088002,1,2018-2022,Weeks 10+,Home field,Conference
401114335,2019,15,Navy,Army,1,True,False,0.6283939921048688,1,0.6283939921048688,1,2018-2022,Weeks 10+,Neutral,Non-conference
401132973,2019,15,Oregon,Utah,1,True,True,0.4455747791774022,0,0.5544252208225978,0,2018-2022,Weeks 10+,Neutral,Conference
401132974,2019,15,Oklahoma,Baylor,1,True,True,0.7585199723074155,1,0.7585199723074155,1,2018-2022,Weeks 10+,Neutral,Conference
401132975,2019,15,Clemson,Virginia,1,True,True,0.9730116394429383,1,0.9730116394429383,1,2018-2022,Weeks 10+,Neutral,Conference
401132976,2019,15,Memphis,Cincinnati,1,False,True,0.7676927618994853,1,0.7676927618994853,1,2018-2022,Weeks 10+,Home field,Conference
401132979,2019,15,Boise State,Hawai'i,1,False,True,0.7648160801546813,1,0.7648160801546813,1,2018-2022,Weeks 10+,Home field,Conference
401132980,2019,15,Florida Atlantic,UAB,1,False,True,0.8260934004402611,1,0.8260934004402611,1,2018-2022,Weeks 10+,Home field,Conference
401132981,2019,15,LSU,Georgia,1,True,True,0.7475124285082033,1,0.7475124285082033,1,2018-2022,Weeks 10+,Neutral,Conference
401132982,2019,15,Central Michigan,Miami (OH),0,True,True,0.8123511805988402,1,0.8123511805988402,0,2018-2022,Weeks 10+,Neutral,Conference
401132983,2019,15,Wisconsin,Ohio State,0,True,True,0.17016497161254027,0,0.8298350283874597,1,2018-2022,Weeks 10+,Neutral,Conference
401132984,2019,15,App State,Louisiana,1,False,True,0.632022529417229,1,0.632022529417229,1,2018-2022,Weeks 10+,Home field,Conference
401207101,2020,1,Southern Mississippi,South Alabama,0,False,False,0.875223964483755,1,0.875223964483755,0,2018-2022,Weeks 1-3,Home field,Non-conference
401212484,2020,1,Texas State,SMU,0,False,False,0.09265394684086864,0,0.9073460531591313,1,2018-2022,Weeks 1-3,Home field,Non-conference
401212553,2020,1,Memphis,Arkansas State,1,False,False,0.9239576250995101,1,0.9239576250995101,1,2018-2022,Weeks 1-3,Home field,Non-conference
401234576,2020,1,Navy,BYU,0,False,False,0.6451803554468014,1,0.6451803554468014,0,2018-2022,Weeks 1-3,Home field,Non-conference
401235700,2020,1,Army,Middle Tennessee,1,False,False,0.4270613434761399,0,0.5729386565238601,0,2018-2022,Weeks 1-3,Home field,Non-conference
401240174,2020,1,Alabama,Ohio State,1,True,False,0.7803149579050646,1,0.7803149579050646,1,2018-2022,Weeks 1-3,Neutral,Non-conference
401207113,2020,2,Texas State,UT San Antonio,0,False,False,0.38081448881992264,0,0.6191855111800774,1,2018-2022,Weeks 1-3,Home field,Non-conference
401234559,2020,2,Miami,UAB,1,False,False,0.7190512688897757,1,0.7190512688897757,1,2018-2022,Weeks 1-3,Home field,Non-conference
401234562,2020,2,Wake Forest,Clemson,0,False,True,0.027327059746570313,0,0.9726729402534297,1,2018-2022,Weeks 1-3,Home field,Conference
401234563,2020,2,Florida State,Georgia Tech,0,False,True,0.720610374284311,1,0.720610374284311,0,2018-2022,Weeks 1-3,Home field,Conference
401234564,2020,2,Louisville,Western Kentucky,1,False,False,0.5834377047887165,1,0.5834377047887165,1,2018-2022,Weeks 1-3,Home field,Non-conference
401234565,2020,2,North Carolina,Syracuse,1,False,True,0.8520138722836857,1,0.8520138722836857,1,2018-2022,Weeks 1-3,Home field,Conference
401234574,2020,2,Notre Dame,Duke,1,False,True,0.904880801192089,1,0.904880801192089,1,2018-2022,Weeks 1-3,Home field,Conference
401236053,2020,2,Kansas State,Arkansas State,0,False,False,0.6913730323894809,1,0.6913730323894809,0,2018-2022,Weeks 1-3,Home field,Non-conference
401236081,2020,2,App State,Charlotte,1,False,False,0.8258181577664616,1,0.8258181577664616,1,2018-2022,Weeks 1-3,Home field,Non-conference
401236221,2020,2,Iowa State,Louisiana,0,False,False,0.6581625281642954,1,0.6581625281642954,0,2018-2022,Weeks 1-3,Home field,Non-conference
401236222,2020,2,Texas,UTEP,1,False,False,0.9897912324105107,1,0.9897912324105107,1,2018-2022,Weeks 1-3,Home field,Non-conference
401236658,2020,2,Kansas,Coastal Carolina,0,False,False,0.44724438122634136,0,0.5527556187736586,1,2018-2022,Weeks 1-3,Home field,Non-conference
401239973,2020,2,South Alabama,Tulane,0,False,False,0.25674471627703643,0,0.7432552837229636,1,2018-2022,Weeks 1-3,Home field,Non-conference
401240113,2020,2,Army,Louisiana Monroe,1,False,False,0.889712891394877,1,0.889712891394877,1,2018-2022,Weeks 1-3,Home field,Non-conference
401207106,2020,3,Southern Mississippi,Louisiana Tech,0,False,True,0.3817942281782932,0,0.6182057718217068,1,2018-2022,Weeks 1-3,Home field,Conference
401207120,2020,3,North Texas,SMU,0,False,False,0.27854845526768146,0,0.7214515447323185,1,2018-2022,Weeks 1-3,Home field,Non-conference
401207124,2020,3,Western Kentucky,Liberty,0,False,False,0.7656316735361943,1,0.7656316735361943,0,2018-2022,Weeks 1-3,Home field,Non-conference
401212522,2020,3,Tulane,Navy,0,False,True,0.8057443953146881,1,0.8057443953146881,0,2018-2022,Weeks 1-3,Home field,Conference
401215301,2020,3,Georgia State,Louisiana,0,False,True,0.23656445288962766,0,0.7634355471103723,1,2018-2022,Weeks 1-3,Home field,Conference
401215302,2020,3,Louisiana Monroe,Texas State,0,False,True,0.4902906871085762,0,0.5097093128914238,1,2018-2022,Weeks 1-3,Home field,Conference
401234567,2020,3,Duke,Boston College,0,False,True,0.4054860639863168,0,0.5945139360136832,1,2018-2022,Weeks 1-3,Home field,Conference
401234568,2020,3,Georgia Tech,UCF,0,False,False,0.2573787797364232,0,0.7426212202635768,1,2018-2022,Weeks 1-3,Home field,Non-conference
401234569,2020,3,Louisville,Miami,0,False,True,0.5463971659919761,1,0.5463971659919761,0,2018-2022,Weeks 1-3,Home field,Conference
401234570,2020,3,NC State,Wake Forest,1,False,True,0.6596378455466684,1,0.6596378455466684,1,2018-2022,Weeks 1-3,Home field,Conference
401234571,2020,3,Pittsburgh,Syracuse,1,False,True,0.9183532377158383,1,0.9183532377158383,1,2018-2022,Weeks 1-3,Home field,Conference
401236041,2020,3,Oklahoma State,Tulsa,1,False,False,0.8740251723292419,1,0.8740251723292419,1,2018-2022,Weeks 1-3,Home field,Non-conference
401236939,2020,3,Marshall,App State,1,False,False,0.43285521558425155,0,0.5671447844157484,0,2018-2022,Weeks 1-3,Home field,Non-conference
401240640,2020,3,Middle Tennessee,Troy,0,False,False,0.602681481154268,1,0.602681481154268,0,2018-2022,Weeks 1-3,Home field,Non-conference
401241282,2020,3,Notre Dame,South Florida,1,False,False,0.9300628807824269,1,0.9300628807824269,1,2018-2022,Weeks 1-3,Home field,Non-conference
401207126,2020,4,Liberty,Florida International,1,False,False,0.5049184044452744,1,0.5049184044452744,1,2018-2022,Weeks 4-6,Home field,Non-conference
401207132,2020,4,South Alabama,UAB,0,False,False,0.33471108119117304,0,0.6652889188088269,1,2018-2022,Weeks 4-6,Home field,Non-conference
401207134,2020,4,UT San Antonio,Middle Tennessee,1,False,False,0.49286552667941474,0,0.5071344733205853,0,2018-2022,Weeks 4-6,Home field,Non-conference
401212536,2020,4,East Carolina,UCF,0,False,True,0.10477232800745523,0,0.8952276719925447,1,2018-2022,Weeks 4-6,Home field,Conference
401215303,2020,4,Louisiana,Georgia Southern,1,False,True,0.7444170226001731,1,0.7444170226001731,1,2018-2022,Weeks 4-6,Home field,Conference
401234566,2020,4,Virginia Tech,NC State,1,False,True,0.7514275787884874,1,0.7514275787884874,1,2018-2022,Weeks 4-6,Home field,Conference
401234593,2020,4,Miami,Florida State,1,False,True,0.5623875071676954,1,0.5623875071676954,1,2018-2022,Weeks 4-6,Home field,Conference
401234594,2020,4,Syracuse,Georgia Tech,1,False,True,0.28161708740933267,0,0.7183829125906673,0,2018-2022,Weeks 4-6,Home field,Conference
401234595,2020,4,Pittsburgh,Louisville,1,False,True,0.6371153451394342,1,0.6371153451394342,1,2018-2022,Weeks 4-6,Home field,Conference
401234638,2020,4,Virginia,Duke,1,False,True,0.7078589356330182,1,0.7078589356330182,1,2018-2022,Weeks 4-6,Home field,Conference
401234734,2020,4,Southern Mississippi,Tulane,0,False,False,0.6199474885469594,1,0.6199474885469594,0,2018-2022,Weeks 4-6,Home field,Non-conference
401235993,2020,4,Baylor,Kansas,1,False,True,0.9055914766839006,1,0.9055914766839006,1,2018-2022,Weeks 4-6,Home field,Conference
401235994,2020,4,TCU,Iowa State,0,False,True,0.5684909089887398,1,0.5684909089887398,0,2018-2022,Weeks 4-6,Home field,Conference
401235995,2020,4,Texas Tech,Texas,0,False,True,0.09130166250064428,0,0.9086983374993557,1,2018-2022,Weeks 4-6,Home field,Conference
401235996,2020,4,Oklahoma,Kansas State,0,False,True,0.919144890915014,1,0.919144890915014,0,2018-2022,Weeks 4-6,Home field,Conference
401235997,2020,4,Oklahoma State,West Virginia,1,False,True,0.5675387399830529,1,0.5675387399830529,1,2018-2022,Weeks 4-6,Home field,Conference
401236223,2020,4,BYU,Troy,1,False,False,0.9118873704514636,1,0.9118873704514636,1,2018-2022,Weeks 4-6,Home field,Non-conference
401236951,2020,4,Missouri,Alabama,0,False,True,0.04927812903416287,0,0.9507218709658372,1,2018-2022,Weeks 4-6,Home field,Conference
401236952,2020,4,Ole Miss,Florida,0,False,True,0.20009337975642674,0,0.7999066202435733,1,2018-2022,Weeks 4-6,Home field,Conference
401237033,2020,4,Arkansas,Georgia,0,False,True,0.039082828825039925,0,0.9609171711749601,1,2018-2022,Weeks 4-6,Home field,Conference
401237034,2020,4,Auburn,Kentucky,1,False,True,0.6941220215715436,1,0.6941220215715436,1,2018-2022,Weeks 4-6,Home field,Conference
401237035,2020,4,LSU,Mississippi State,0,False,True,0.931603302995615,1,0.931603302995615,0,2018-2022,Weeks 4-6,Home field,Conference
401237036,2020,4,South Carolina,Tennessee,0,False,True,0.41078580438664947,0,0.5892141956133505,1,2018-2022,Weeks 4-6,Home field,Conference
401237037,2020,4,Texas A&M,Vanderbilt,1,False,True,0.9478508651715135,1,0.9478508651715135,1,2018-2022,Weeks 4-6,Home field,Conference
401240194,2020,4,Louisiana Monroe,UTEP,0,False,False,0.6898724547860765,1,0.6898724547860765,0,2018-2022,Weeks 4-6,Home field,Non-conference
401240996,2020,4,Cincinnati,Army,1,False,False,0.8538348822906309,1,0.8538348822906309,1,2018-2022,Weeks 4-6,Home field,Non-conference
401241303,2020,4,Boston College,Texas State,1,False,False,0.9474918456447451,1,0.9474918456447451,1,2018-2022,Weeks 4-6,Home field,Non-conference
401207136,2020,5,Florida Atlantic,Charlotte,1,False,True,0.8664165470489391,1,0.8664165470489391,1,2018-2022,Weeks 4-6,Home field,Conference
401207138,2020,5,Middle Tennessee,Western Kentucky,0,False,True,0.5127920476109449,1,0.5127920476109449,0,2018-2022,Weeks 4-6,Home field,Conference
401207139,2020,5,North Texas,Southern Mississippi,0,False,True,0.6173948912201306,1,0.6173948912201306,0,2018-2022,Weeks 4-6,Home field,Conference
401207141,2020,5,UAB,UT San Antonio,1,False,True,0.8833679466521563,1,0.8833679466521563,1,2018-2022,Weeks 4-6,Home field,Conference
401212476,2020,5,Cincinnati,South Florida,1,False,True,0.9523042429808832,1,0.9523042429808832,1,2018-2022,Weeks 4-6,Home field,Conference
401212486,2020,5,SMU,Memphis,1,False,True,0.49860203892386934,0,0.5013979610761307,0,2018-2022,Weeks 4-6,Home field,Conference
401212531,2020,5,UCF,Tulsa,0,False,True,0.9317412903696422,1,0.9317412903696422,0,2018-2022,Weeks 4-6,Home field,Conference
401212547,2020,5,Georgia State,East Carolina,1,False,False,0.5566699001568808,1,0.5566699001568808,1,2018-2022,Weeks 4-6,Home field,Non-conference
401212557,2020,5,Air Force,Navy,1,False,False,0.8062709728183542,1,0.8062709728183542,1,2018-2022,Weeks 4-6,Home field,Non-conference
401215304,2020,5,Coastal Carolina,Arkansas State,1,False,True,0.469245853215341,0,0.530754146784659,0,2018-2022,Weeks 4-6,Home field,Conference
401215305,2020,5,Louisiana Monroe,Georgia Southern,0,False,True,0.09956819028268762,0,0.9004318097173124,1,2018-2022,Weeks 4-6,Home field,Conference
401234597,2020,5,Boston College,North Carolina,0,False,True,0.25887415180270096,0,0.7411258481972991,1,2018-2022,Weeks 4-6,Home field,Conference
401234598,2020,5,Clemson,Virginia,1,False,True,0.9564517968688191,1,0.9564517968688191,1,2018-2022,Weeks 4-6,Home field,Conference
401234599,2020,5,Duke,Virginia Tech,0,False,True,0.2058121522541774,0,0.7941878477458226,1,2018-2022,Weeks 4-6,Home field,Conference
401234600,2020,5,Pittsburgh,NC State,0,False,True,0.7904825448638604,1,0.7904825448638604,0,2018-2022,Weeks 4-6,Home field,Conference
401235998,2020,5,West Virginia,Baylor,1,False,True,0.48622061693540497,0,0.513779383064595,0,2018-2022,Weeks 4-6,Home field,Conference
401235999,2020,5,Iowa State,Oklahoma,1,False,True,0.2507166798304541,0,0.7492833201695459,0,2018-2022,Weeks 4-6,Home field,Conference
401236000,2020,5,Kansas,Oklahoma State,0,False,True,0.09099480945665729,0,0.9090051905433427,1,2018-2022,Weeks 4-6,Home field,Conference
401236001,2020,5,Kansas State,Texas Tech,1,False,True,0.45677898634398467,0,0.5432210136560154,0,2018-2022,Weeks 4-6,Home field,Conference
401236002,2020,5,Texas,TCU,0,False,True,0.892264291792053,1,0.892264291792053,0,2018-2022,Weeks 4-6,Home field,Conference
401237093,2020,5,Alabama,Texas A&M,1,False,True,0.8398873121634616,1,0.8398873121634616,1,2018-2022,Weeks 4-6,Home field,Conference
401237094,2020,5,Mississippi State,Arkansas,0,False,True,0.8722442912103336,1,0.8722442912103336,0,2018-2022,Weeks 4-6,Home field,Conference
401237095,2020,5,Georgia,Auburn,1,False,True,0.516832595195084,1,0.516832595195084,1,2018-2022,Weeks 4-6,Home field,Conference
401237096,2020,5,Florida,South Carolina,1,False,True,0.8898327268944967,1,0.8898327268944967,1,2018-2022,Weeks 4-6,Home field,Conference
401237097,2020,5,Kentucky,Ole Miss,0,False,True,0.6220330334209561,1,0.6220330334209561,0,2018-2022,Weeks 4-6,Home field,Conference
401237098,2020,5,Vanderbilt,LSU,0,False,True,0.06392378187437744,0,0.9360762181256226,1,2018-2022,Weeks 4-6,Home field,Conference
401237099,2020,5,Tennessee,Missouri,1,False,True,0.6198634474554017,1,0.6198634474554017,1,2018-2022,Weeks 4-6,Home field,Conference
401246275,2020,5,BYU,Louisiana Tech,1,False,False,0.9152984657630259,1,0.9152984657630259,1,2018-2022,Weeks 4-6,Home field,Non-conference
401207142,2020,6,North Texas,Charlotte,0,False,True,0.5321143247745773,1,0.5321143247745773,0,2018-2022,Weeks 4-6,Home field,Conference
401207143,2020,6,Florida International,Middle Tennessee,0,False,True,0.647917467547418,1,0.647917467547418,0,2018-2022,Weeks 4-6,Home field,Conference
401207145,2020,6,Louisiana Tech,UTEP,1,False,True,0.9264266291543641,1,0.9264266291543641,1,2018-2022,Weeks 4-6,Home field,Conference
401207146,2020,6,Western Kentucky,Marshall,0,False,True,0.23713559266495393,0,0.7628644073350461,1,2018-2022,Weeks 4-6,Home field,Conference
401207215,2020,6,Liberty,Louisiana Monroe,1,False,False,0.9037023929106159,1,0.9037023929106159,1,2018-2022,Weeks 4-6,Home field,Non-conference
401212477,2020,6,South Florida,East Carolina,0,False,True,0.6243361305656253,1,0.6243361305656253,0,2018-2022,Weeks 4-6,Home field,Conference
401212515,2020,6,Navy,Temple,1,False,True,0.20706507507337718,0,0.7929349249266229,0,2018-2022,Weeks 4-6,Home field,Conference
401212523,2020,6,Houston,Tulane,1,False,True,0.5157048371426812,1,0.5157048371426812,1,2018-2022,Weeks 4-6,Home field,Conference
401215308,2020,6,Troy,Texas State,1,False,True,0.7365953214906745,1,0.7365953214906745,1,2018-2022,Weeks 4-6,Home field,Conference
401234601,2020,6,Georgia Tech,Louisville,1,False,True,0.45977511874006244,0,0.5402248812599375,0,2018-2022,Weeks 4-6,Home field,Conference
401234603,2020,6,Boston College,Pittsburgh,1,False,True,0.5074490430621073,1,0.5074490430621073,1,2018-2022,Weeks 4-6,Home field,Conference
401234604,2020,6,Clemson,Miami,1,False,True,0.9358115676187283,1,0.9358115676187283,1,2018-2022,Weeks 4-6,Home field,Conference
401234605,2020,6,Syracuse,Duke,0,False,True,0.38558110667014267,0,0.6144188933298573,1,2018-2022,Weeks 4-6,Home field,Conference
401234606,2020,6,Notre Dame,Florida State,1,False,True,0.9162085118304037,1,0.9162085118304037,1,2018-2022,Weeks 4-6,Home field,Conference
401234607,2020,6,North Carolina,Virginia Tech,1,False,True,0.7147651344626869,1,0.7147651344626869,1,2018-2022,Weeks 4-6,Home field,Conference
401234608,2020,6,Virginia,NC State,0,False,True,0.8165308878638686,1,0.8165308878638686,0,2018-2022,Weeks 4-6,Home field,Conference
401236003,2020,6,Iowa State,Texas Tech,1,False,True,0.6960443965718022,1,0.6960443965718022,1,2018-2022,Weeks 4-6,Home field,Conference
401236004,2020,6,TCU,Kansas State,0,False,True,0.781224389668968,1,0.781224389668968,0,2018-2022,Weeks 4-6,Home field,Conference
401236005,2020,6,Oklahoma,Texas,1,True,True,0.5396191079527302,1,0.5396191079527302,1,2018-2022,Weeks 4-6,Neutral,Conference
401237100,2020,6,Ole Miss,Alabama,0,False,True,0.07167027607850071,0,0.9283297239214993,1,2018-2022,Weeks 4-6,Home field,Conference
401237101,2020,6,Auburn,Arkansas,1,False,True,0.8947293591344739,1,0.8947293591344739,1,2018-2022,Weeks 4-6,Home field,Conference
401237102,2020,6,Texas A&M,Florida,1,False,True,0.4813626908478962,0,0.5186373091521038,0,2018-2022,Weeks 4-6,Home field,Conference
401237103,2020,6,Georgia,Tennessee,1,False,True,0.8429031418307203,1,0.8429031418307203,1,2018-2022,Weeks 4-6,Home field,Conference
401237104,2020,6,Kentucky,Mississippi State,1,False,True,0.7688201425627901,1,0.7688201425627901,1,2018-2022,Weeks 4-6,Home field,Conference
401237105,2020,6,LSU,Missouri,0,False,True,0.9330216542330534,1,0.9330216542330534,0,2018-2022,Weeks 4-6,Home field,Conference
401237106,2020,6,Vanderbilt,South Carolina,0,False,True,0.25004491947481045,0,0.7499550805251896,1,2018-2022,Weeks 4-6,Home field,Conference
401240997,2020,6,BYU,UT San Antonio,1,False,False,0.9873549620826334,1,0.9873549620826334,1,2018-2022,Weeks 4-6,Home field,Non-conference
401207149,2020,7,Louisiana Tech,Marshall,0,False,True,0.27200344645353197,0,0.7279965535464681,1,2018-2022,Weeks 7-9,Home field,Conference
401207150,2020,7,Middle Tennessee,North Texas,0,False,True,0.7333749843036417,1,0.7333749843036417,0,2018-2022,Weeks 7-9,Home field,Conference
401207153,2020,7,UAB,Western Kentucky,1,False,True,0.7585992230329797,1,0.7585992230329797,1,2018-2022,Weeks 7-9,Home field,Conference
401212478,2020,7,Temple,South Florida,1,False,True,0.8003113197344498,1,0.8003113197344498,1,2018-2022,Weeks 7-9,Home field,Conference
401212487,2020,7,Tulane,SMU,0,False,True,0.3192031588491332,0,0.6807968411508668,1,2018-2022,Weeks 7-9,Home field,Conference
401212537,2020,7,Memphis,UCF,1,False,True,0.6306039490705901,1,0.6306039490705901,1,2018-2022,Weeks 7-9,Home field,Conference
401212548,2020,7,East Carolina,Navy,0,False,True,0.7835081802841636,1,0.7835081802841636,0,2018-2022,Weeks 7-9,Home field,Conference
401212551,2020,7,Houston,BYU,0,False,False,0.36020974981391896,0,0.639790250186081,1,2018-2022,Weeks 7-9,Home field,Non-conference
401215310,2020,7,Arkansas State,Georgia State,1,False,True,0.6917826357774208,1,0.6917826357774208,1,2018-2022,Weeks 7-9,Home field,Conference
401215311,2020,7,Louisiana,Coastal Carolina,0,False,True,0.608358546934669,1,0.608358546934669,0,2018-2022,Weeks 7-9,Home field,Conference
401215313,2020,7,South Alabama,Texas State,1,False,True,0.61819371636026,1,0.61819371636026,1,2018-2022,Weeks 7-9,Home field,Conference
401234609,2020,7,Virginia Tech,Boston College,1,False,True,0.6899266110857317,1,0.6899266110857317,1,2018-2022,Weeks 7-9,Home field,Conference
401234610,2020,7,Georgia Tech,Clemson,0,False,True,0.05529017829925044,0,0.9447098217007496,1,2018-2022,Weeks 7-9,Home field,Conference
401234611,2020,7,NC State,Duke,1,False,True,0.6713990723485412,1,0.6713990723485412,1,2018-2022,Weeks 7-9,Home field,Conference
401234612,2020,7,Florida State,North Carolina,1,False,True,0.2156319021559303,0,0.7843680978440697,0,2018-2022,Weeks 7-9,Home field,Conference
401234613,2020,7,Notre Dame,Louisville,1,False,True,0.9348041248027934,1,0.9348041248027934,1,2018-2022,Weeks 7-9,Home field,Conference
401234614,2020,7,Miami,Pittsburgh,1,False,True,0.5976082430323237,1,0.5976082430323237,1,2018-2022,Weeks 7-9,Home field,Conference
401234615,2020,7,Syracuse,Liberty,0,False,False,0.5839741759423154,1,0.5839741759423154,0,2018-2022,Weeks 7-9,Home field,Non-conference
401234616,2020,7,Wake Forest,Virginia,1,False,True,0.5239611013490799,1,0.5239611013490799,1,2018-2022,Weeks 7-9,Home field,Conference
401236007,2020,7,West Virginia,Kansas,1,False,True,0.9452390611475359,1,0.9452390611475359,1,2018-2022,Weeks 7-9,Home field,Conference
401237107,2020,7,Alabama,Georgia,1,False,True,0.7707533783964533,1,0.7707533783964533,1,2018-2022,Weeks 7-9,Home field,Conference
401237108,2020,7,Arkansas,Ole Miss,1,False,True,0.38044595676653825,0,0.6195540432334617,0,2018-2022,Weeks 7-9,Home field,Conference
401237109,2020,7,South Carolina,Auburn,1,False,True,0.37169820073014714,0,0.6283017992698529,0,2018-2022,Weeks 7-9,Home field,Conference
401237111,2020,7,Tennessee,Kentucky,0,False,True,0.5748414748342772,1,0.5748414748342772,0,2018-2022,Weeks 7-9,Home field,Conference
401237112,2020,7,Mississippi State,Texas A&M,0,False,True,0.17190055283965838,0,0.8280994471603416,1,2018-2022,Weeks 7-9,Home field,Conference
401240115,2020,7,UT San Antonio,Army,0,False,False,0.3245962081052404,0,0.6754037918947595,1,2018-2022,Weeks 7-9,Home field,Non-conference
401250215,2020,7,Georgia Southern,UMass,1,False,False,0.9718007573127777,1,0.9718007573127777,1,2018-2022,Weeks 7-9,Home field,Non-conference
401207154,2020,8,Charlotte,UTEP,1,False,True,0.8849199089196342,1,0.8849199089196342,1,2018-2022,Weeks 7-9,Home field,Conference
401207156,2020,8,Marshall,Florida Atlantic,1,False,True,0.75927550600697,1,0.75927550600697,1,2018-2022,Weeks 7-9,Home field,Conference
401207157,2020,8,UT San Antonio,Louisiana Tech,1,False,True,0.40720838637108236,0,0.5927916136289176,0,2018-2022,Weeks 7-9,Home field,Conference
401207158,2020,8,Rice,Middle Tennessee,0,False,True,0.5440220483535216,1,0.5440220483535216,0,2018-2022,Weeks 7-9,Home field,Conference
401207160,2020,8,Liberty,Southern Mississippi,1,False,False,0.6602167609590324,1,0.6602167609590324,1,2018-2022,Weeks 7-9,Home field,Non-conference
401212479,2020,8,South Florida,Tulsa,0,False,True,0.3912588937887958,0,0.6087411062112043,1,2018-2022,Weeks 7-9,Home field,Conference
401212488,2020,8,SMU,Cincinnati,0,False,True,0.43445410023414777,0,0.5655458997658522,1,2018-2022,Weeks 7-9,Home field,Conference
401212516,2020,8,Memphis,Temple,1,False,True,0.8849679727436742,1,0.8849679727436742,1,2018-2022,Weeks 7-9,Home field,Conference
401212524,2020,8,UCF,Tulane,1,False,True,0.8777281522476743,1,0.8777281522476743,1,2018-2022,Weeks 7-9,Home field,Conference
401212552,2020,8,Navy,Houston,0,False,True,0.09918293108222867,0,0.9008170689177714,1,2018-2022,Weeks 7-9,Home field,Conference
401215316,2020,8,Coastal Carolina,Georgia Southern,1,False,True,0.5753413805032643,1,0.5753413805032643,1,2018-2022,Weeks 7-9,Home field,Conference
401215317,2020,8,Troy,Georgia State,0,False,True,0.5572874226065105,1,0.5572874226065105,0,2018-2022,Weeks 7-9,Home field,Conference
401234617,2020,8,Boston College,Georgia Tech,1,False,True,0.5984363455897355,1,0.5984363455897355,1,2018-2022,Weeks 7-9,Home field,Conference
401234618,2020,8,Clemson,Syracuse,1,False,True,0.9963575152832719,1,0.9963575152832719,1,2018-2022,Weeks 7-9,Home field,Conference
401234619,2020,8,Louisville,Florida State,1,False,True,0.5745069929938758,1,0.5745069929938758,1,2018-2022,Weeks 7-9,Home field,Conference
401234620,2020,8,Miami,Virginia,1,False,True,0.6886162808684368,1,0.6886162808684368,1,2018-2022,Weeks 7-9,Home field,Conference
401234621,2020,8,North Carolina,NC State,1,False,True,0.8457325845293052,1,0.8457325845293052,1,2018-2022,Weeks 7-9,Home field,Conference
401234622,2020,8,Pittsburgh,Notre Dame,0,False,True,0.17487301366181762,0,0.8251269863381824,1,2018-2022,Weeks 7-9,Home field,Conference
401234623,2020,8,Wake Forest,Virginia Tech,1,False,True,0.31484946575141837,0,0.6851505342485816,0,2018-2022,Weeks 7-9,Home field,Conference
401236008,2020,8,Texas,Baylor,1,False,True,0.9209441673734069,1,0.9209441673734069,1,2018-2022,Weeks 7-9,Home field,Conference
401236009,2020,8,Oklahoma State,Iowa State,1,False,True,0.6444215412930359,1,0.6444215412930359,1,2018-2022,Weeks 7-9,Home field,Conference
401236010,2020,8,Kansas State,Kansas,1,False,True,0.9220733828201163,1,0.9220733828201163,1,2018-2022,Weeks 7-9,Home field,Conference
401236011,2020,8,TCU,Oklahoma,0,False,True,0.33877176014994786,0,0.6612282398500522,1,2018-2022,Weeks 7-9,Home field,Conference
401236012,2020,8,Texas Tech,West Virginia,1,False,True,0.4692988687919515,0,0.5307011312080485,0,2018-2022,Weeks 7-9,Home field,Conference
401237114,2020,8,Tennessee,Alabama,0,False,True,0.07426440309180699,0,0.9257355969081931,1,2018-2022,Weeks 7-9,Home field,Conference
401237115,2020,8,Ole Miss,Auburn,0,False,True,0.34439336674682863,0,0.6556066332531714,1,2018-2022,Weeks 7-9,Home field,Conference
401237118,2020,8,LSU,South Carolina,1,False,True,0.7517272299195832,1,0.7517272299195832,1,2018-2022,Weeks 7-9,Home field,Conference
401237122,2020,8,Missouri,Kentucky,1,False,True,0.3025659332032214,0,0.6974340667967787,0,2018-2022,Weeks 7-9,Home field,Conference
401238036,2020,8,UAB,Louisiana,0,False,False,0.6836152814687873,1,0.6836152814687873,0,2018-2022,Weeks 7-9,Home field,Non-conference
401240642,2020,8,App State,Arkansas State,1,False,True,0.8064336527233845,1,0.8064336527233845,1,2018-2022,Weeks 7-9,Home field,Conference
401240998,2020,8,BYU,Texas State,1,False,False,0.9887173326260458,1,0.9887173326260458,1,2018-2022,Weeks 7-9,Home field,Non-conference
401247293,2020,8,Ohio State,Nebraska,1,False,True,0.931881911315775,1,0.931881911315775,1,2018-2022,Weeks 7-9,Home field,Conference
401247294,2020,8,Minnesota,Michigan,0,False,True,0.4236121620130618,0,0.5763878379869383,1,2018-2022,Weeks 7-9,Home field,Conference
401247295,2020,8,Indiana,Penn State,1,False,True,0.19005537363689692,0,0.809944626363103,0,2018-2022,Weeks 7-9,Home field,Conference
401247296,2020,8,Purdue,Iowa,1,False,True,0.24830256164940306,0,0.751697438350597,0,2018-2022,Weeks 7-9,Home field,Conference
401247297,2020,8,Wisconsin,Illinois,1,False,True,0.8831376262920595,1,0.8831376262920595,1,2018-2022,Weeks 7-9,Home field,Conference
401247298,2020,8,Northwestern,Maryland,1,False,True,0.8517484615862904,1,0.8517484615862904,1,2018-2022,Weeks 7-9,Home field,Conference
401247299,2020,8,Michigan State,Rutgers,0,False,True,0.7742003652642938,1,0.7742003652642938,0,2018-2022,Weeks 7-9,Home field,Conference
401248993,2020,8,San José State,Air Force,1,False,True,0.20822835115462085,0,0.7917716488453792,0,2018-2022,Weeks 7-9,Home field,Conference
401248994,2020,8,Fresno State,Hawai'i,0,False,True,0.5160848035479316,1,0.5160848035479316,0,2018-2022,Weeks 7-9,Home field,Conference
401248996,2020,8,San Diego State,UNLV,1,False,True,0.7907607272687361,1,0.7907607272687361,1,2018-2022,Weeks 7-9,Home field,Conference
401248997,2020,8,Boise State,Utah State,1,False,True,0.8520808153572217,1,0.8520808153572217,1,2018-2022,Weeks 7-9,Home field,Conference
401248998,2020,8,Nevada,Wyoming,1,False,True,0.2875814906136829,0,0.7124185093863171,0,2018-2022,Weeks 7-9,Home field,Conference
401250784,2020,8,South Alabama,Louisiana Monroe,1,False,True,0.8574240261180512,1,0.8574240261180512,1,2018-2022,Weeks 7-9,Home field,Conference
401207162,2020,9,Florida Atlantic,UT San Antonio,1,False,True,0.8177923765733346,1,0.8177923765733346,1,2018-2022,Weeks 7-9,Home field,Conference
401207163,2020,9,Louisiana Tech,UAB,1,False,True,0.31200708391357357,0,0.6879929160864264,0,2018-2022,Weeks 7-9,Home field,Conference
401207166,2020,9,Southern Mississippi,Rice,0,False,True,0.45856192515913496,0,0.541438074840865,1,2018-2022,Weeks 7-9,Home field,Conference
401212489,2020,9,SMU,Navy,1,False,True,0.9230483136846861,1,0.9230483136846861,1,2018-2022,Weeks 7-9,Home field,Conference
401212517,2020,9,Tulane,Temple,1,False,True,0.6070631121174008,1,0.6070631121174008,1,2018-2022,Weeks 7-9,Home field,Conference
401212533,2020,9,Tulsa,East Carolina,1,False,True,0.7964114196690213,1,0.7964114196690213,1,2018-2022,Weeks 7-9,Home field,Conference
401212538,2020,9,Houston,UCF,0,False,True,0.5353388590269008,1,0.5353388590269008,0,2018-2022,Weeks 7-9,Home field,Conference
401212543,2020,9,Cincinnati,Memphis,1,False,True,0.7354340592059827,1,0.7354340592059827,1,2018-2022,Weeks 7-9,Home field,Conference
401215318,2020,9,Georgia State,Coastal Carolina,0,False,True,0.42087628136794897,0,0.579123718632051,1,2018-2022,Weeks 7-9,Home field,Conference
401215319,2020,9,Louisiana Monroe,App State,0,False,True,0.028159463157381104,0,0.9718405368426188,1,2018-2022,Weeks 7-9,Home field,Conference
401215320,2020,9,Arkansas State,Troy,0,False,True,0.6467106770230726,1,0.6467106770230726,0,2018-2022,Weeks 7-9,Home field,Conference
401215321,2020,9,Georgia Southern,South Alabama,1,False,True,0.8256132603887487,1,0.8256132603887487,1,2018-2022,Weeks 7-9,Home field,Conference
401215322,2020,9,Texas State,Louisiana,0,False,True,0.1742541758985774,0,0.8257458241014226,1,2018-2022,Weeks 7-9,Home field,Conference
401234624,2020,9,Clemson,Boston College,1,False,True,0.9811667043284745,1,0.9811667043284745,1,2018-2022,Weeks 7-9,Home field,Conference
401234625,2020,9,Duke,Charlotte,1,False,False,0.7168796968079326,1,0.7168796968079326,1,2018-2022,Weeks 7-9,Home field,Non-conference
401234626,2020,9,Georgia Tech,Notre Dame,0,False,True,0.07659899700677478,0,0.9234010029932253,1,2018-2022,Weeks 7-9,Home field,Conference
401234627,2020,9,Louisville,Virginia Tech,0,False,True,0.4200803936076162,0,0.5799196063923838,1,2018-2022,Weeks 7-9,Home field,Conference
401234628,2020,9,Virginia,North Carolina,1,False,True,0.21350460333250776,0,0.7864953966674922,0,2018-2022,Weeks 7-9,Home field,Conference
401234629,2020,9,Syracuse,Wake Forest,0,False,True,0.24017056294612293,0,0.7598294370538771,1,2018-2022,Weeks 7-9,Home field,Conference
401236013,2020,9,Baylor,TCU,0,False,True,0.41222999311732705,0,0.587770006882673,1,2018-2022,Weeks 7-9,Home field,Conference
401236014,2020,9,Kansas,Iowa State,0,False,True,0.04322540796150965,0,0.9567745920384904,1,2018-2022,Weeks 7-9,Home field,Conference
401236015,2020,9,West Virginia,Kansas State,1,False,True,0.6628403352297015,1,0.6628403352297015,1,2018-2022,Weeks 7-9,Home field,Conference
401236016,2020,9,Texas Tech,Oklahoma,0,False,True,0.1729121871195553,0,0.8270878128804446,1,2018-2022,Weeks 7-9,Home field,Conference
401236017,2020,9,Oklahoma State,Texas,0,False,True,0.37778666266732774,0,0.6222133373326723,1,2018-2022,Weeks 7-9,Home field,Conference
401237116,2020,9,Florida,Missouri,1,False,True,0.8631730404050033,1,0.8631730404050033,1,2018-2022,Weeks 7-9,Home field,Conference
401237117,2020,9,Kentucky,Georgia,0,False,True,0.32118223542925795,0,0.678817764570742,1,2018-2022,Weeks 7-9,Home field,Conference
401237119,2020,9,Alabama,Mississippi State,1,False,True,0.986628846458138,1,0.986628846458138,1,2018-2022,Weeks 7-9,Home field,Conference
401237120,2020,9,Texas A&M,Arkansas,1,False,True,0.9123148932779943,1,0.9123148932779943,1,2018-2022,Weeks 7-9,Home field,Conference
401237121,2020,9,Auburn,LSU,1,False,True,0.4523852904043811,0,0.547614709595619,0,2018-2022,Weeks 7-9,Home field,Conference
401237123,2020,9,Vanderbilt,Ole Miss,0,False,True,0.19871814583941774,0,0.8012818541605823,1,2018-2022,Weeks 7-9,Home field,Conference
401239887,2020,9,BYU,Western Kentucky,1,False,False,0.9719353206074637,1,0.9719353206074637,1,2018-2022,Weeks 7-9,Home field,Non-conference
401247300,2020,9,Rutgers,Indiana,0,False,True,0.44440476734340717,0,0.5555952326565928,1,2018-2022,Weeks 7-9,Home field,Conference
401247301,2020,9,Illinois,Purdue,0,False,True,0.1991459282651708,0,0.8008540717348291,1,2018-2022,Weeks 7-9,Home field,Conference
401247302,2020,9,Maryland,Minnesota,1,False,True,0.1976293510883951,0,0.8023706489116049,0,2018-2022,Weeks 7-9,Home field,Conference
401247303,2020,9,Iowa,Northwestern,0,False,True,0.342845209763898,0,0.657154790236102,1,2018-2022,Weeks 7-9,Home field,Conference
401247305,2020,9,Michigan,Michigan State,0,False,True,0.9426056040048141,1,0.9426056040048141,0,2018-2022,Weeks 7-9,Home field,Conference
401247306,2020,9,Penn State,Ohio State,0,False,True,0.350128981668431,0,0.649871018331569,1,2018-2022,Weeks 7-9,Home field,Conference
401248999,2020,9,Air Force,Boise State,0,False,True,0.08524129764278598,0,0.914758702357214,1,2018-2022,Weeks 7-9,Home field,Conference
401249000,2020,9,Fresno State,Colorado State,1,False,True,0.3112800311211291,0,0.6887199688788709,0,2018-2022,Weeks 7-9,Home field,Conference
401249001,2020,9,Wyoming,Hawai'i,1,False,True,0.2703757704023064,0,0.7296242295976936,0,2018-2022,Weeks 7-9,Home field,Conference
401249002,2020,9,UNLV,Nevada,0,False,True,0.19874169577926065,0,0.8012583042207393,1,2018-2022,Weeks 7-9,Home field,Conference
401249003,2020,9,New Mexico,San José State,0,False,True,0.22480170454333337,0,0.7751982954566666,1,2018-2022,Weeks 7-9,Home field,Conference
401249004,2020,9,Utah State,San Diego State,0,False,True,0.1205300202445909,0,0.8794699797554091,1,2018-2022,Weeks 7-9,Home field,Conference
401207169,2020,10,Florida Atlantic,Western Kentucky,1,False,True,0.7580572345034179,1,0.7580572345034179,1,2018-2022,Weeks 10+,Home field,Conference
401212480,2020,10,Memphis,South Florida,1,False,True,0.9136564155105193,1,0.9136564155105193,1,2018-2022,Weeks 10+,Home field,Conference
401212490,2020,10,Temple,SMU,0,False,True,0.22668044500880818,0,0.7733195549911918,1,2018-2022,Weeks 10+,Home field,Conference
401212525,2020,10,East Carolina,Tulane,0,False,True,0.42147649321555924,0,0.5785235067844408,1,2018-2022,Weeks 10+,Home field,Conference
401212544,2020,10,Cincinnati,Houston,1,False,True,0.8640900239541099,1,0.8640900239541099,1,2018-2022,Weeks 10+,Home field,Conference
401215324,2020,10,Texas State,App State,0,False,True,0.0781751193699318,0,0.9218248806300682,1,2018-2022,Weeks 10+,Home field,Conference
401215325,2020,10,Coastal Carolina,South Alabama,1,False,True,0.8972049148692497,1,0.8972049148692497,1,2018-2022,Weeks 10+,Home field,Conference
401215326,2020,10,Georgia Southern,Troy,1,False,True,0.6513737564218154,1,0.6513737564218154,1,2018-2022,Weeks 10+,Home field,Conference
401215327,2020,10,Georgia State,Louisiana Monroe,1,False,True,0.8738733069077304,1,0.8738733069077304,1,2018-2022,Weeks 10+,Home field,Conference
401234630,2020,10,NC State,Miami,0,False,True,0.40497246258190966,0,0.5950275374180903,1,2018-2022,Weeks 10+,Home field,Conference
401234631,2020,10,Syracuse,Boston College,0,False,True,0.21695238821427257,0,0.7830476117857275,1,2018-2022,Weeks 10+,Home field,Conference
401234632,2020,10,Notre Dame,Clemson,1,False,True,0.34265101453765584,0,0.6573489854623442,0,2018-2022,Weeks 10+,Home field,Conference
401234633,2020,10,Duke,North Carolina,0,False,True,0.2086334596054455,0,0.7913665403945545,1,2018-2022,Weeks 10+,Home field,Conference
401234634,2020,10,Florida State,Pittsburgh,0,False,True,0.486605734358717,0,0.513394265641283,1,2018-2022,Weeks 10+,Home field,Conference
401234636,2020,10,Virginia Tech,Liberty,0,False,False,0.9420862457913628,1,0.9420862457913628,0,2018-2022,Weeks 10+,Home field,Non-conference
401236018,2020,10,Iowa State,Baylor,1,False,True,0.8319046562148147,1,0.8319046562148147,1,2018-2022,Weeks 10+,Home field,Conference
401236019,2020,10,Oklahoma,Kansas,1,False,True,0.9937606418382107,1,0.9937606418382107,1,2018-2022,Weeks 10+,Home field,Conference
401236020,2020,10,Kansas State,Oklahoma State,0,False,True,0.23221051326670816,0,0.7677894867332918,1,2018-2022,Weeks 10+,Home field,Conference
401236021,2020,10,TCU,Texas Tech,1,False,True,0.8020160328127948,1,0.8020160328127948,1,2018-2022,Weeks 10+,Home field,Conference
401236022,2020,10,Texas,West Virginia,1,False,True,0.8166120343609409,1,0.8166120343609409,1,2018-2022,Weeks 10+,Home field,Conference
401237124,2020,10,Arkansas,Tennessee,1,False,True,0.49114300912305964,0,0.5088569908769404,0,2018-2022,Weeks 10+,Home field,Conference
401237125,2020,10,Georgia,Florida,0,True,True,0.6980794364179882,1,0.6980794364179882,0,2018-2022,Weeks 10+,Neutral,Conference
401237126,2020,10,Mississippi State,Vanderbilt,1,False,True,0.8033069659624664,1,0.8033069659624664,1,2018-2022,Weeks 10+,Home field,Conference
401237127,2020,10,South Carolina,Texas A&M,0,False,True,0.28308597315554085,0,0.7169140268444592,1,2018-2022,Weeks 10+,Home field,Conference
401247307,2020,10,Northwestern,Nebraska,1,False,True,0.6452652521680892,1,0.6452652521680892,1,2018-2022,Weeks 10+,Home field,Conference
401247308,2020,10,Illinois,Minnesota,0,False,True,0.4904287274210043,0,0.5095712725789957,1,2018-2022,Weeks 10+,Home field,Conference
401247309,2020,10,Indiana,Michigan,1,False,True,0.28208419452818706,0,0.7179158054718129,0,2018-2022,Weeks 10+,Home field,Conference
401247310,2020,10,Ohio State,Rutgers,1,False,True,0.9876941441322711,1,0.9876941441322711,1,2018-2022,Weeks 10+,Home field,Conference
401247312,2020,10,Penn State,Maryland,0,False,True,0.9638107769072042,1,0.9638107769072042,0,2018-2022,Weeks 10+,Home field,Conference
401247313,2020,10,Iowa,Michigan State,1,False,True,0.8388902792629187,1,0.8388902792629187,1,2018-2022,Weeks 10+,Home field,Conference
401249005,2020,10,Boise State,BYU,0,False,False,0.5679979669838124,1,0.5679979669838124,0,2018-2022,Weeks 10+,Home field,Non-conference
401249006,2020,10,UNLV,Fresno State,0,False,True,0.21531289935276499,0,0.784687100647235,1,2018-2022,Weeks 10+,Home field,Conference
401249007,2020,10,Hawai'i,New Mexico,1,False,True,0.8141841218419255,1,0.8141841218419255,1,2018-2022,Weeks 10+,Home field,Conference
401249008,2020,10,San Diego State,San José State,0,False,True,0.8083996853805934,1,0.8083996853805934,0,2018-2022,Weeks 10+,Home field,Conference
401249009,2020,10,Nevada,Utah State,1,False,True,0.8888067192488354,1,0.8888067192488354,1,2018-2022,Weeks 10+,Home field,Conference
401249010,2020,10,Colorado State,Wyoming,1,False,True,0.4794263392303704,0,0.5205736607696296,0,2018-2022,Weeks 10+,Home field,Conference
401249397,2020,10,Oregon State,Washington State,0,False,True,0.37564865371131473,0,0.6243513462886853,1,2018-2022,Weeks 10+,Home field,Conference
401249399,2020,10,Oregon,Stanford,1,False,True,0.7943632446815047,1,0.7943632446815047,1,2018-2022,Weeks 10+,Home field,Conference
401249400,2020,10,USC,Arizona State,1,False,True,0.74701420152645,1,0.74701420152645,1,2018-2022,Weeks 10+,Home field,Conference
401249402,2020,10,Colorado,UCLA,1,False,True,0.39247823117277136,0,0.6075217688272286,0,2018-2022,Weeks 10+,Home field,Conference
401249856,2020,10,Kent State,Eastern Michigan,1,False,True,0.5380512538473359,1,0.5380512538473359,1,2018-2022,Weeks 10+,Home field,Conference
401249857,2020,10,Akron,Western Michigan,0,False,True,0.11552071493097277,0,0.8844792850690273,1,2018-2022,Weeks 10+,Home field,Conference
401249858,2020,10,Toledo,Bowling Green,1,False,True,0.8895311463529199,1,0.8895311463529199,1,2018-2022,Weeks 10+,Home field,Conference
401249859,2020,10,Northern Illinois,Buffalo,0,False,True,0.1388760852155138,0,0.8611239147844862,1,2018-2022,Weeks 10+,Home field,Conference
401249860,2020,10,Central Michigan,Ohio,1,False,True,0.403747326019121,0,0.596252673980879,0,2018-2022,Weeks 10+,Home field,Conference
401249889,2020,10,Miami (OH),Ball State,1,False,True,0.3691873883790556,0,0.6308126116209444,0,2018-2022,Weeks 10+,Home field,Conference
401251931,2020,10,Marshall,UMass,1,False,False,0.9964799709371862,1,0.9964799709371862,1,2018-2022,Weeks 10+,Home field,Non-conference
401253924,2020,10,Louisiana,Arkansas State,1,False,True,0.748589597501261,1,0.748589597501261,1,2018-2022,Weeks 10+,Home field,Conference
401207174,2020,11,Florida International,Florida Atlantic,0,False,True,0.2629494736553266,0,0.7370505263446734,1,2018-2022,Weeks 10+,Home field,Conference
401207176,2020,11,Marshall,Middle Tennessee,1,False,True,0.9308122372591298,1,0.9308122372591298,1,2018-2022,Weeks 10+,Home field,Conference
401207178,2020,11,Western Kentucky,Southern Mississippi,1,False,True,0.6812201167184835,1,0.6812201167184835,1,2018-2022,Weeks 10+,Home field,Conference
401207179,2020,11,UT San Antonio,UTEP,1,False,True,0.7968634475212546,1,0.7968634475212546,1,2018-2022,Weeks 10+,Home field,Conference
401207200,2020,11,Tulane,Army,1,False,False,0.685962541130526,1,0.685962541130526,1,2018-2022,Weeks 10+,Home field,Non-conference
401212481,2020,11,Houston,South Florida,1,False,True,0.8938817908522017,1,0.8938817908522017,1,2018-2022,Weeks 10+,Home field,Conference
401212491,2020,11,Tulsa,SMU,1,False,True,0.4325575523613666,0,0.5674424476386334,0,2018-2022,Weeks 10+,Home field,Conference
401212518,2020,11,UCF,Temple,1,False,True,0.9557751410710086,1,0.9557751410710086,1,2018-2022,Weeks 10+,Home field,Conference
401212545,2020,11,Cincinnati,East Carolina,1,False,True,0.9706734012379845,1,0.9706734012379845,1,2018-2022,Weeks 10+,Home field,Conference
401215328,2020,11,App State,Georgia State,1,False,True,0.9166406175847241,1,0.9166406175847241,1,2018-2022,Weeks 10+,Home field,Conference
401215331,2020,11,Georgia Southern,Texas State,1,False,True,0.9021846045029559,1,0.9021846045029559,1,2018-2022,Weeks 10+,Home field,Conference
401215332,2020,11,Louisiana,South Alabama,1,False,True,0.8622685662206351,1,0.8622685662206351,1,2018-2022,Weeks 10+,Home field,Conference
401234637,2020,11,Boston College,Notre Dame,0,False,True,0.1183854600556222,0,0.8816145399443778,1,2018-2022,Weeks 10+,Home field,Conference
401234639,2020,11,NC State,Florida State,1,False,True,0.6977449213592555,1,0.6977449213592555,1,2018-2022,Weeks 10+,Home field,Conference
401234641,2020,11,Virginia Tech,Miami,0,False,True,0.6930808592196837,1,0.6930808592196837,0,2018-2022,Weeks 10+,Home field,Conference
401234642,2020,11,North Carolina,Wake Forest,1,False,True,0.8986229302517985,1,0.8986229302517985,1,2018-2022,Weeks 10+,Home field,Conference
401236023,2020,11,Texas Tech,Baylor,1,False,True,0.5284837122979614,1,0.5284837122979614,1,2018-2022,Weeks 10+,Home field,Conference
401236024,2020,11,West Virginia,TCU,1,False,True,0.5628014962926724,1,0.5628014962926724,1,2018-2022,Weeks 10+,Home field,Conference
401237129,2020,11,Florida,Arkansas,1,False,True,0.8899121962250325,1,0.8899121962250325,1,2018-2022,Weeks 10+,Home field,Conference
401237132,2020,11,Kentucky,Vanderbilt,1,False,True,0.9522292760056336,1,0.9522292760056336,1,2018-2022,Weeks 10+,Home field,Conference
401237133,2020,11,Ole Miss,South Carolina,1,False,True,0.7327197169340498,1,0.7327197169340498,1,2018-2022,Weeks 10+,Home field,Conference
401247314,2020,11,Rutgers,Illinois,0,False,True,0.649068153280367,1,0.649068153280367,0,2018-2022,Weeks 10+,Home field,Conference
401247315,2020,11,Purdue,Northwestern,0,False,True,0.43357574011172967,0,0.5664242598882703,1,2018-2022,Weeks 10+,Home field,Conference
401247316,2020,11,Michigan State,Indiana,0,False,True,0.2351542268840191,0,0.7648457731159809,1,2018-2022,Weeks 10+,Home field,Conference
401247317,2020,11,Minnesota,Iowa,0,False,True,0.2640529428997553,0,0.7359470571002447,1,2018-2022,Weeks 10+,Home field,Conference
401247319,2020,11,Michigan,Wisconsin,0,False,True,0.27683696501348976,0,0.7231630349865102,1,2018-2022,Weeks 10+,Home field,Conference
401247320,2020,11,Nebraska,Penn State,1,False,True,0.42901217582044143,0,0.5709878241795585,0,2018-2022,Weeks 10+,Home field,Conference
401249012,2020,11,Boise State,Colorado State,1,False,True,0.8789920131184837,1,0.8789920131184837,1,2018-2022,Weeks 10+,Home field,Conference
401249013,2020,11,Utah State,Fresno State,0,False,True,0.17028235744498166,0,0.8297176425550183,1,2018-2022,Weeks 10+,Home field,Conference
401249014,2020,11,San Diego State,Hawai'i,1,False,True,0.8122475811322102,1,0.8122475811322102,1,2018-2022,Weeks 10+,Home field,Conference
401249015,2020,11,New Mexico,Nevada,0,False,True,0.21503349447659334,0,0.7849665055234066,1,2018-2022,Weeks 10+,Home field,Conference
401249016,2020,11,San José State,UNLV,1,False,True,0.8957221107560251,1,0.8957221107560251,1,2018-2022,Weeks 10+,Home field,Conference
401249403,2020,11,Arizona,USC,0,False,True,0.16189591838680267,0,0.8381040816131973,1,2018-2022,Weeks 10+,Home field,Conference
401249404,2020,11,Washington,Oregon State,1,False,True,0.787825304178289,1,0.787825304178289,1,2018-2022,Weeks 10+,Home field,Conference
401249405,2020,11,Washington State,Oregon,0,False,True,0.11767853341621212,0,0.8823214665837879,1,2018-2022,Weeks 10+,Home field,Conference
401249406,2020,11,Stanford,Colorado,0,False,True,0.73272165788946,1,0.73272165788946,0,2018-2022,Weeks 10+,Home field,Conference
401249861,2020,11,Ohio,Akron,1,False,True,0.9510504003493954,1,0.9510504003493954,1,2018-2022,Weeks 10+,Home field,Conference
401249862,2020,11,Bowling Green,Kent State,0,False,True,0.048021911142367826,0,0.9519780888576321,1,2018-2022,Weeks 10+,Home field,Conference
401249864,2020,11,Northern Illinois,Central Michigan,0,False,True,0.15702446152178806,0,0.8429755384782119,1,2018-2022,Weeks 10+,Home field,Conference
401249865,2020,11,Ball State,Eastern Michigan,1,False,True,0.8769951320758285,1,0.8769951320758285,1,2018-2022,Weeks 10+,Home field,Conference
401249866,2020,11,Western Michigan,Toledo,1,False,True,0.7641975835899564,1,0.7641975835899564,1,2018-2022,Weeks 10+,Home field,Conference
401249890,2020,11,Buffalo,Miami (OH),1,False,True,0.805906142444925,1,0.805906142444925,1,2018-2022,Weeks 10+,Home field,Conference
401257934,2020,11,Virginia,Louisville,1,False,True,0.5386920332976444,1,0.5386920332976444,1,2018-2022,Weeks 10+,Home field,Conference
401261454,2020,11,UCLA,California,1,False,True,0.28221279025252677,0,0.7177872097474732,0,2018-2022,Weeks 10+,Home field,Conference
401207181,2020,12,Western Kentucky,Florida International,1,False,True,0.7646371227157058,1,0.7646371227157058,1,2018-2022,Weeks 10+,Home field,Conference
401207184,2020,12,North Texas,Rice,1,False,True,0.38668772970673165,0,0.6133122702932683,0,2018-2022,Weeks 10+,Home field,Conference
401207185,2020,12,Southern Mississippi,UT San Antonio,0,False,True,0.5264752693356638,1,0.5264752693356638,0,2018-2022,Weeks 10+,Home field,Conference
401212519,2020,12,Temple,East Carolina,0,False,True,0.47147615652213903,0,0.528523843477861,1,2018-2022,Weeks 10+,Home field,Conference
401212526,2020,12,Tulsa,Tulane,1,False,True,0.5459086269983527,1,0.5459086269983527,1,2018-2022,Weeks 10+,Home field,Conference
401212540,2020,12,UCF,Cincinnati,0,False,True,0.38831561522877556,0,0.6116843847712244,1,2018-2022,Weeks 10+,Home field,Conference
401215333,2020,12,Coastal Carolina,App State,1,False,True,0.510891391393433,1,0.510891391393433,1,2018-2022,Weeks 10+,Home field,Conference
401215334,2020,12,Texas State,Arkansas State,1,False,True,0.27246591303081413,0,0.7275340869691859,0,2018-2022,Weeks 10+,Home field,Conference
401215335,2020,12,South Alabama,Georgia State,0,False,True,0.46099631093251614,0,0.5390036890674839,1,2018-2022,Weeks 10+,Home field,Conference
401234643,2020,12,Louisville,Syracuse,1,False,True,0.8825404468568896,1,0.8825404468568896,1,2018-2022,Weeks 10+,Home field,Conference
401234647,2020,12,NC State,Liberty,1,False,False,0.8359181712491767,1,0.8359181712491767,1,2018-2022,Weeks 10+,Home field,Non-conference
401234648,2020,12,Pittsburgh,Virginia Tech,1,False,True,0.3564395313202706,0,0.6435604686797294,0,2018-2022,Weeks 10+,Home field,Conference
401235975,2020,12,Army,Georgia Southern,1,False,False,0.5713309087083351,1,0.5713309087083351,1,2018-2022,Weeks 10+,Home field,Non-conference
401236025,2020,12,Iowa State,Kansas State,1,False,True,0.8207656553164426,1,0.8207656553164426,1,2018-2022,Weeks 10+,Home field,Conference
401236027,2020,12,Oklahoma,Oklahoma State,1,False,True,0.8128528612414787,1,0.8128528612414787,1,2018-2022,Weeks 10+,Home field,Conference
401237135,2020,12,Alabama,Kentucky,1,False,True,0.9448946517228306,1,0.9448946517228306,1,2018-2022,Weeks 10+,Home field,Conference
401237136,2020,12,Arkansas,LSU,0,False,True,0.30224920222165047,0,0.6977507977783495,1,2018-2022,Weeks 10+,Home field,Conference
401237137,2020,12,Auburn,Tennessee,1,False,True,0.8816215455952674,1,0.8816215455952674,1,2018-2022,Weeks 10+,Home field,Conference
401237138,2020,12,Vanderbilt,Florida,0,False,True,0.039235881051322814,0,0.9607641189486772,1,2018-2022,Weeks 10+,Home field,Conference
401237139,2020,12,Georgia,Mississippi State,1,False,True,0.9559589910340973,1,0.9559589910340973,1,2018-2022,Weeks 10+,Home field,Conference
401237141,2020,12,South Carolina,Missouri,0,False,True,0.5807678796250637,1,0.5807678796250637,0,2018-2022,Weeks 10+,Home field,Conference
401240641,2020,12,Troy,Middle Tennessee,0,False,False,0.7332222183970937,1,0.7332222183970937,0,2018-2022,Weeks 10+,Home field,Non-conference
401247321,2020,12,Nebraska,Illinois,0,False,True,0.8792044186834261,1,0.8792044186834261,0,2018-2022,Weeks 10+,Home field,Conference
401247323,2020,12,Northwestern,Wisconsin,1,False,True,0.15841055111906524,0,0.8415894488809348,0,2018-2022,Weeks 10+,Home field,Conference
401247324,2020,12,Rutgers,Michigan,0,False,True,0.30828253549850115,0,0.6917174645014988,1,2018-2022,Weeks 10+,Home field,Conference
401247325,2020,12,Minnesota,Purdue,1,False,True,0.4415012272906311,0,0.5584987727093689,0,2018-2022,Weeks 10+,Home field,Conference
401247326,2020,12,Ohio State,Indiana,1,False,True,0.9452837130599335,1,0.9452837130599335,1,2018-2022,Weeks 10+,Home field,Conference
401247327,2020,12,Penn State,Iowa,0,False,True,0.5422457939509984,1,0.5422457939509984,0,2018-2022,Weeks 10+,Home field,Conference
401249017,2020,12,Hawai'i,Boise State,0,False,True,0.133497832630497,0,0.866502167369503,1,2018-2022,Weeks 10+,Home field,Conference
401249018,2020,12,Air Force,New Mexico,1,False,True,0.7675879881752528,1,0.7675879881752528,1,2018-2022,Weeks 10+,Home field,Conference
401249019,2020,12,Nevada,San Diego State,1,False,True,0.4622605014127419,0,0.5377394985872581,0,2018-2022,Weeks 10+,Home field,Conference
401249410,2020,12,Utah,USC,0,False,True,0.4584974671145516,0,0.5415025328854484,1,2018-2022,Weeks 10+,Home field,Conference
401249411,2020,12,Oregon State,California,1,False,True,0.8704167412447275,1,0.8704167412447275,1,2018-2022,Weeks 10+,Home field,Conference
401249413,2020,12,Washington,Arizona,1,False,True,0.7774910730316551,1,0.7774910730316551,1,2018-2022,Weeks 10+,Home field,Conference
401249415,2020,12,Oregon,UCLA,1,False,True,0.9306836347802314,1,0.9306836347802314,1,2018-2022,Weeks 10+,Home field,Conference
401249867,2020,12,Kent State,Akron,1,False,True,0.9291666384296928,1,0.9291666384296928,1,2018-2022,Weeks 10+,Home field,Conference
401249868,2020,12,Bowling Green,Buffalo,0,False,True,0.014429083524184393,0,0.9855709164758156,1,2018-2022,Weeks 10+,Home field,Conference
401249870,2020,12,Ball State,Northern Illinois,1,False,True,0.930010344895505,1,0.930010344895505,1,2018-2022,Weeks 10+,Home field,Conference
401249871,2020,12,Eastern Michigan,Toledo,0,False,True,0.3540907841840141,0,0.6459092158159859,1,2018-2022,Weeks 10+,Home field,Conference
401249872,2020,12,Central Michigan,Western Michigan,0,False,True,0.5643952876692152,1,0.5643952876692152,0,2018-2022,Weeks 10+,Home field,Conference
401261674,2020,12,Florida Atlantic,UMass,1,False,False,0.9901235028635742,1,0.9901235028635742,1,2018-2022,Weeks 10+,Home field,Non-conference
401207191,2020,13,UT San Antonio,North Texas,1,False,True,0.616180186272905,1,0.616180186272905,1,2018-2022,Weeks 10+,Home field,Conference
401212483,2020,13,South Florida,UCF,0,False,True,0.07015190233932547,0,0.9298480976606746,1,2018-2022,Weeks 10+,Home field,Conference
401212513,2020,13,East Carolina,SMU,1,False,True,0.3081142964376759,0,0.691885703562324,0,2018-2022,Weeks 10+,Home field,Conference
401215336,2020,13,App State,Troy,1,False,True,0.85491542100287,1,0.85491542100287,1,2018-2022,Weeks 10+,Home field,Conference
401215337,2020,13,Arkansas State,South Alabama,0,False,True,0.8250630233817002,1,0.8250630233817002,0,2018-2022,Weeks 10+,Home field,Conference
401215338,2020,13,Texas State,Coastal Carolina,0,False,True,0.11906460037466372,0,0.8809353996253363,1,2018-2022,Weeks 10+,Home field,Conference
401215339,2020,13,Georgia State,Georgia Southern,1,False,True,0.3832337973656988,0,0.6167662026343013,0,2018-2022,Weeks 10+,Home field,Conference
401215340,2020,13,Louisiana Monroe,Louisiana,0,False,True,0.060183345283826586,0,0.9398166547161734,1,2018-2022,Weeks 10+,Home field,Conference
401234649,2020,13,Boston College,Louisville,1,False,True,0.4854797252508838,0,0.5145202747491162,0,2018-2022,Weeks 10+,Home field,Conference
401234650,2020,13,North Carolina,Notre Dame,0,False,True,0.43586533001428646,0,0.5641346699857135,1,2018-2022,Weeks 10+,Home field,Conference
401234651,2020,13,Clemson,Pittsburgh,1,False,True,0.949623834274258,1,0.949623834274258,1,2018-2022,Weeks 10+,Home field,Conference
401234652,2020,13,Georgia Tech,Duke,1,False,True,0.5850559222335361,1,0.5850559222335361,1,2018-2022,Weeks 10+,Home field,Conference
401234655,2020,13,Syracuse,NC State,0,False,True,0.17807254345837528,0,0.8219274565416247,1,2018-2022,Weeks 10+,Home field,Conference
401236028,2020,13,Baylor,Kansas State,1,False,True,0.6749574217955207,1,0.6749574217955207,1,2018-2022,Weeks 10+,Home field,Conference
401236029,2020,13,Texas,Iowa State,0,False,True,0.6529080098282907,1,0.6529080098282907,0,2018-2022,Weeks 10+,Home field,Conference
401236030,2020,13,Kansas,TCU,0,False,True,0.03554226250396965,0,0.9644577374960304,1,2018-2022,Weeks 10+,Home field,Conference
401236032,2020,13,Oklahoma State,Texas Tech,1,False,True,0.81355247372889,1,0.81355247372889,1,2018-2022,Weeks 10+,Home field,Conference
401237142,2020,13,Alabama,Auburn,1,False,True,0.9319771421143703,1,0.9319771421143703,1,2018-2022,Weeks 10+,Home field,Conference
401237143,2020,13,Missouri,Vanderbilt,1,False,True,0.8299115924880766,1,0.8299115924880766,1,2018-2022,Weeks 10+,Home field,Conference
401237144,2020,13,Florida,Kentucky,1,False,True,0.8473853496682169,1,0.8473853496682169,1,2018-2022,Weeks 10+,Home field,Conference
401237145,2020,13,South Carolina,Georgia,0,False,True,0.14503927838728825,0,0.8549607216127117,1,2018-2022,Weeks 10+,Home field,Conference
401237146,2020,13,Texas A&M,LSU,1,False,True,0.829794027973737,1,0.829794027973737,1,2018-2022,Weeks 10+,Home field,Conference
401237147,2020,13,Ole Miss,Mississippi State,1,False,True,0.7837340681791084,1,0.7837340681791084,1,2018-2022,Weeks 10+,Home field,Conference
401247328,2020,13,Purdue,Rutgers,0,False,True,0.7862430342845912,1,0.7862430342845912,0,2018-2022,Weeks 10+,Home field,Conference
401247329,2020,13,Indiana,Maryland,1,False,True,0.8443757955837674,1,0.8443757955837674,1,2018-2022,Weeks 10+,Home field,Conference
401247330,2020,13,Michigan State,Northwestern,1,False,True,0.1409873110836541,0,0.8590126889163459,0,2018-2022,Weeks 10+,Home field,Conference
401247332,2020,13,Iowa,Nebraska,1,False,True,0.8387934460917794,1,0.8387934460917794,1,2018-2022,Weeks 10+,Home field,Conference
401247333,2020,13,Michigan,Penn State,0,False,True,0.39722434980132926,0,0.6027756501986707,1,2018-2022,Weeks 10+,Home field,Conference
401249024,2020,13,Hawai'i,Nevada,1,False,True,0.378398649435929,0,0.621601350564071,0,2018-2022,Weeks 10+,Home field,Conference
401249025,2020,13,Utah State,New Mexico,1,False,True,0.4337407965456226,0,0.5662592034543774,0,2018-2022,Weeks 10+,Home field,Conference
401249028,2020,13,UNLV,Wyoming,0,False,True,0.22177222093045038,0,0.7782277790695497,1,2018-2022,Weeks 10+,Home field,Conference
401249417,2020,13,California,Stanford,0,False,True,0.27871984367497404,0,0.721280156325026,1,2018-2022,Weeks 10+,Home field,Conference
401249418,2020,13,Oregon State,Oregon,1,False,True,0.1401959517323267,0,0.8598040482676733,0,2018-2022,Weeks 10+,Home field,Conference
401249421,2020,13,UCLA,Arizona,1,False,True,0.7139276815468492,1,0.7139276815468492,1,2018-2022,Weeks 10+,Home field,Conference
401249873,2020,13,Toledo,Ball State,0,False,True,0.6423244890081454,1,0.6423244890081454,0,2018-2022,Weeks 10+,Home field,Conference
401249874,2020,13,Eastern Michigan,Central Michigan,0,False,True,0.2359083477658018,0,0.7640916522341982,1,2018-2022,Weeks 10+,Home field,Conference
401249875,2020,13,Western Michigan,Northern Illinois,1,False,True,0.9106332152776948,1,0.9106332152776948,1,2018-2022,Weeks 10+,Home field,Conference
401249876,2020,13,Ohio,Bowling Green,1,False,True,0.9590978421555569,1,0.9590978421555569,1,2018-2022,Weeks 10+,Home field,Conference
401249877,2020,13,Buffalo,Kent State,1,False,True,0.6891396255310619,1,0.6891396255310619,1,2018-2022,Weeks 10+,Home field,Conference
401249892,2020,13,Akron,Miami (OH),0,False,True,0.2209845599430222,0,0.7790154400569778,1,2018-2022,Weeks 10+,Home field,Conference
401251926,2020,13,Liberty,UMass,1,False,False,0.9728191761396631,1,0.9728191761396631,1,2018-2022,Weeks 10+,Home field,Non-conference
401264080,2020,13,Navy,Memphis,0,False,True,0.13083516583957577,0,0.8691648341604242,1,2018-2022,Weeks 10+,Home field,Conference
401265458,2020,13,Washington,Utah,1,False,True,0.7624507851397054,1,0.7624507851397054,1,2018-2022,Weeks 10+,Home field,Conference
401265734,2020,13,Colorado,San Diego State,1,False,False,0.5807727728183426,1,0.5807727728183426,1,2018-2022,Weeks 10+,Home field,Non-conference
401234656,2020,14,Virginia,Boston College,1,False,True,0.6479506664414649,1,0.6479506664414649,1,2018-2022,Weeks 10+,Home field,Conference
401234657,2020,14,Virginia Tech,Clemson,0,False,True,0.09171527232829861,0,0.9082847276717014,1,2018-2022,Weeks 10+,Home field,Conference
401234659,2020,14,NC State,Georgia Tech,1,False,True,0.6400882380460632,1,0.6400882380460632,1,2018-2022,Weeks 10+,Home field,Conference
401234662,2020,14,Notre Dame,Syracuse,1,False,True,0.9888499861031808,1,0.9888499861031808,1,2018-2022,Weeks 10+,Home field,Conference
401236033,2020,14,Oklahoma,Baylor,1,False,True,0.95163071829302,1,0.95163071829302,1,2018-2022,Weeks 10+,Home field,Conference
401236034,2020,14,Iowa State,West Virginia,1,False,True,0.7379593172191622,1,0.7379593172191622,1,2018-2022,Weeks 10+,Home field,Conference
401236035,2020,14,Texas Tech,Kansas,1,False,True,0.9625656076747362,1,0.9625656076747362,1,2018-2022,Weeks 10+,Home field,Conference
401236036,2020,14,Kansas State,Texas,0,False,True,0.11971997295433595,0,0.8802800270456641,1,2018-2022,Weeks 10+,Home field,Conference
401236037,2020,14,TCU,Oklahoma State,1,False,True,0.5612386606048797,1,0.5612386606048797,1,2018-2022,Weeks 10+,Home field,Conference
401237150,2020,14,Auburn,Texas A&M,0,False,True,0.4361174482797013,0,0.5638825517202988,1,2018-2022,Weeks 10+,Home field,Conference
401237151,2020,14,Tennessee,Florida,0,False,True,0.20630598679678328,0,0.7936940132032168,1,2018-2022,Weeks 10+,Home field,Conference
401237153,2020,14,Kentucky,South Carolina,1,False,True,0.7355961193229127,1,0.7355961193229127,1,2018-2022,Weeks 10+,Home field,Conference
401237514,2020,14,Coastal Carolina,BYU,1,False,False,0.18781468478787455,0,0.8121853152121254,0,2018-2022,Weeks 10+,Home field,Non-conference
401247335,2020,14,Purdue,Nebraska,0,False,True,0.5141049709709011,1,0.5141049709709011,0,2018-2022,Weeks 10+,Home field,Conference
401247336,2020,14,Rutgers,Penn State,0,False,True,0.17599409963244605,0,0.824005900367554,1,2018-2022,Weeks 10+,Home field,Conference
401247337,2020,14,Illinois,Iowa,0,False,True,0.15947049283794212,0,0.8405295071620579,1,2018-2022,Weeks 10+,Home field,Conference
401247338,2020,14,Wisconsin,Indiana,0,False,True,0.9026798931994169,1,0.9026798931994169,0,2018-2022,Weeks 10+,Home field,Conference
401247340,2020,14,Michigan State,Ohio State,0,False,True,0.024355298834125634,0,0.9756447011658743,1,2018-2022,Weeks 10+,Home field,Conference
401249029,2020,14,Utah State,Air Force,0,False,True,0.2310505883973798,0,0.7689494116026202,1,2018-2022,Weeks 10+,Home field,Conference
401249031,2020,14,San Diego State,Colorado State,1,False,True,0.7618588767124422,1,0.7618588767124422,1,2018-2022,Weeks 10+,Home field,Conference
401249032,2020,14,Nevada,Fresno State,1,False,True,0.6017188577246171,1,0.6017188577246171,1,2018-2022,Weeks 10+,Home field,Conference
401249033,2020,14,San José State,Hawai'i,1,False,True,0.7659034294549992,1,0.7659034294549992,1,2018-2022,Weeks 10+,Home field,Conference
401249034,2020,14,New Mexico,Wyoming,1,False,True,0.18240628759664743,0,0.8175937124033525,0,2018-2022,Weeks 10+,Home field,Conference
401249422,2020,14,Utah,Oregon State,1,False,True,0.6613792028868297,1,0.6613792028868297,1,2018-2022,Weeks 10+,Home field,Conference
401249423,2020,14,California,Oregon,1,False,True,0.1194122962182195,0,0.8805877037817805,0,2018-2022,Weeks 10+,Home field,Conference
401249424,2020,14,Washington,Stanford,0,False,True,0.6280917918956757,1,0.6280917918956757,0,2018-2022,Weeks 10+,Home field,Conference
401249425,2020,14,Arizona State,UCLA,0,False,True,0.5927410386642512,1,0.5927410386642512,0,2018-2022,Weeks 10+,Home field,Conference
401249426,2020,14,Arizona,Colorado,0,False,True,0.46193997691102884,0,0.5380600230889712,1,2018-2022,Weeks 10+,Home field,Conference
401249427,2020,14,USC,Washington State,1,False,True,0.8773752213396123,1,0.8773752213396123,1,2018-2022,Weeks 10+,Home field,Conference
401249878,2020,14,Central Michigan,Ball State,0,False,True,0.6233841144863954,1,0.6233841144863954,0,2018-2022,Weeks 10+,Home field,Conference
401249879,2020,14,Western Michigan,Eastern Michigan,0,False,True,0.8740841860308954,1,0.8740841860308954,0,2018-2022,Weeks 10+,Home field,Conference
401249880,2020,14,Northern Illinois,Toledo,0,False,True,0.1570226138223218,0,0.8429773861776781,1,2018-2022,Weeks 10+,Home field,Conference
401249881,2020,14,Akron,Bowling Green,1,False,True,0.6993937482636131,1,0.6993937482636131,1,2018-2022,Weeks 10+,Home field,Conference
401252117,2020,14,App State,Louisiana,0,False,True,0.7001321088746679,1,0.7001321088746679,0,2018-2022,Weeks 10+,Home field,Conference
401257812,2020,14,Marshall,Rice,0,False,True,0.8889963964748944,1,0.8889963964748944,0,2018-2022,Weeks 10+,Home field,Conference
401261675,2020,14,Georgia Southern,Florida Atlantic,1,False,False,0.5632417100563719,1,0.5632417100563719,1,2018-2022,Weeks 10+,Home field,Non-conference
401262493,2020,14,Arkansas State,Louisiana Monroe,1,False,True,0.9437130162226308,1,0.9437130162226308,1,2018-2022,Weeks 10+,Home field,Conference
401262494,2020,14,South Alabama,Troy,0,False,True,0.4103160223798989,0,0.589683977620101,1,2018-2022,Weeks 10+,Home field,Conference
401264082,2020,14,Tulane,Memphis,1,False,True,0.5055364044253041,1,0.5055364044253041,1,2018-2022,Weeks 10+,Home field,Conference
401264083,2020,14,Navy,Tulsa,0,False,True,0.2064838452235251,0,0.7935161547764749,1,2018-2022,Weeks 10+,Home field,Conference
401265703,2020,14,North Texas,Louisiana Tech,0,False,True,0.41430917207642504,0,0.585690827923575,1,2018-2022,Weeks 10+,Home field,Conference
401265817,2020,14,LSU,Alabama,0,False,True,0.04516061682098161,0,0.9548393831790184,1,2018-2022,Weeks 10+,Home field,Conference
401265818,2020,14,Missouri,Arkansas,1,False,True,0.5791520081252883,1,0.5791520081252883,1,2018-2022,Weeks 10+,Home field,Conference
401266134,2020,14,Duke,Miami,0,False,True,0.29274323285654397,0,0.707256767143456,1,2018-2022,Weeks 10+,Home field,Conference
401266789,2020,14,Charlotte,Western Kentucky,0,False,True,0.4942499550887843,0,0.5057500449112158,1,2018-2022,Weeks 10+,Home field,Conference
401207203,2020,15,Army,Navy,1,True,False,0.8185142232507994,1,0.8185142232507994,1,2018-2022,Weeks 10+,Neutral,Non-conference
401215309,2020,15,Georgia Southern,App State,0,False,True,0.3320109037343766,0,0.6679890962656234,1,2018-2022,Weeks 10+,Home field,Conference
401234572,2020,15,Virginia Tech,Virginia,1,False,True,0.628372467163382,1,0.628372467163382,1,2018-2022,Weeks 10+,Home field,Conference
401234661,2020,15,Miami,North Carolina,0,False,True,0.38805383867977145,0,0.6119461613202286,1,2018-2022,Weeks 10+,Home field,Conference
401247342,2020,15,Maryland,Rutgers,0,False,True,0.5633008550545102,1,0.5633008550545102,0,2018-2022,Weeks 10+,Home field,Conference
401247344,2020,15,Northwestern,Illinois,1,False,True,0.8409135639407317,1,0.8409135639407317,1,2018-2022,Weeks 10+,Home field,Conference
401247345,2020,15,Nebraska,Minnesota,0,False,True,0.7549103458502142,1,0.7549103458502142,0,2018-2022,Weeks 10+,Home field,Conference
401247346,2020,15,Penn State,Michigan State,1,False,True,0.9347751846028469,1,0.9347751846028469,1,2018-2022,Weeks 10+,Home field,Conference
401247347,2020,15,Iowa,Wisconsin,1,False,True,0.41530514774883376,0,0.5846948522511662,0,2018-2022,Weeks 10+,Home field,Conference
401249035,2020,15,Wyoming,Boise State,0,False,True,0.2557898333784337,0,0.7442101666215664,1,2018-2022,Weeks 10+,Home field,Conference
401249036,2020,15,New Mexico,Fresno State,1,False,True,0.18952284810257475,0,0.8104771518974252,0,2018-2022,Weeks 10+,Home field,Conference
401249037,2020,15,San José State,Nevada,1,False,True,0.5733343478709629,1,0.5733343478709629,1,2018-2022,Weeks 10+,Home field,Conference
401249038,2020,15,Hawai'i,UNLV,1,False,True,0.8050818020361606,1,0.8050818020361606,1,2018-2022,Weeks 10+,Home field,Conference
401249428,2020,15,Colorado,Utah,0,False,True,0.389785243860972,0,0.610214756139028,1,2018-2022,Weeks 10+,Home field,Conference
401249429,2020,15,Arizona,Arizona State,0,False,True,0.23862499275629984,0,0.7613750072437002,1,2018-2022,Weeks 10+,Home field,Conference
401249431,2020,15,UCLA,USC,0,False,True,0.25368275708204147,0,0.7463172429179585,1,2018-2022,Weeks 10+,Home field,Conference
401249432,2020,15,Oregon State,Stanford,0,False,True,0.31429687884726343,0,0.6857031211527366,1,2018-2022,Weeks 10+,Home field,Conference
401249435,2020,15,BYU,San Diego State,1,False,False,0.9495035386363139,1,0.9495035386363139,1,2018-2022,Weeks 10+,Home field,Non-conference
401249883,2020,15,Toledo,Central Michigan,1,False,True,0.6678461737376259,1,0.6678461737376259,1,2018-2022,Weeks 10+,Home field,Conference
401249884,2020,15,Eastern Michigan,Northern Illinois,1,False,True,0.7192938620568456,1,0.7192938620568456,1,2018-2022,Weeks 10+,Home field,Conference
401249885,2020,15,Ball State,Western Michigan,1,False,True,0.591244360825832,1,0.591244360825832,1,2018-2022,Weeks 10+,Home field,Conference
401249886,2020,15,Buffalo,Akron,1,False,True,0.9774452222000238,1,0.9774452222000238,1,2018-2022,Weeks 10+,Home field,Conference
401250713,2020,15,Baylor,Oklahoma State,0,False,True,0.3595764665891943,0,0.6404235334108057,1,2018-2022,Weeks 10+,Home field,Conference
401251100,2020,15,Florida,LSU,0,False,True,0.8454250065206026,1,0.8454250065206026,0,2018-2022,Weeks 10+,Home field,Conference
401257813,2020,15,Southern Mississippi,Florida Atlantic,1,False,True,0.32994863253954704,0,0.6700513674604529,0,2018-2022,Weeks 10+,Home field,Conference
401257815,2020,15,Rice,UAB,0,False,True,0.47755930399142255,0,0.5224406960085775,1,2018-2022,Weeks 10+,Home field,Conference
401257816,2020,15,UTEP,North Texas,0,False,True,0.30680936194000036,0,0.6931906380599997,1,2018-2022,Weeks 10+,Home field,Conference
401259671,2020,15,Troy,Coastal Carolina,0,False,True,0.2462400377174428,0,0.7537599622825573,1,2018-2022,Weeks 10+,Home field,Conference
401260157,2020,15,Mississippi State,Auburn,0,False,True,0.1923266854381033,0,0.8076733145618967,1,2018-2022,Weeks 10+,Home field,Conference
401261245,2020,15,Georgia Tech,Pittsburgh,0,False,True,0.4690101895839508,0,0.5309898104160492,1,2018-2022,Weeks 10+,Home field,Conference
401264084,2020,15,Memphis,Houston,1,False,True,0.5159140885591899,1,0.5159140885591899,1,2018-2022,Weeks 10+,Home field,Conference
401266694,2020,15,Florida State,Duke,1,False,True,0.6645852558373836,1,0.6645852558373836,1,2018-2022,Weeks 10+,Home field,Conference
401266696,2020,15,Louisville,Wake Forest,1,False,True,0.6594582774262747,1,0.6594582774262747,1,2018-2022,Weeks 10+,Home field,Conference
401266711,2020,15,TCU,Louisiana Tech,1,False,False,0.9253448741004205,1,0.9253448741004205,1,2018-2022,Weeks 10+,Home field,Non-conference
401267161,2020,15,Missouri,Georgia,0,False,True,0.135798602149106,0,0.864201397850894,1,2018-2022,Weeks 10+,Home field,Conference
401267163,2020,15,Vanderbilt,Tennessee,0,False,True,0.13888742009062466,0,0.8611125799093753,1,2018-2022,Weeks 10+,Home field,Conference
401267164,2020,15,Arkansas,Alabama,0,False,True,0.019469717492970686,0,0.9805302825070293,1,2018-2022,Weeks 10+,Home field,Conference
401237074,2020,16,Florida,Alabama,0,True,True,0.09020514351526894,0,0.909794856484731,1,2018-2022,Weeks 10+,Neutral,Conference
401240101,2020,16,Marshall,UAB,0,False,True,0.6654097750146012,1,0.6654097750146012,0,2018-2022,Weeks 10+,Home field,Conference
401247349,2020,16,Ohio State,Northwestern,1,True,True,0.9148781929686076,1,0.9148781929686076,1,2018-2022,Weeks 10+,Neutral,Conference
401249043,2020,16,San José State,Boise State,1,True,True,0.26209183047616114,0,0.7379081695238389,0,2018-2022,Weeks 10+,Neutral,Conference
401249434,2020,16,USC,Oregon,0,False,True,0.5608664132199168,1,0.5608664132199168,0,2018-2022,Weeks 10+,Home field,Conference
401249854,2020,16,Buffalo,Ball State,0,True,True,0.7742497119280989,1,0.7742497119280989,0,2018-2022,Weeks 10+,Neutral,Conference
401256001,2020,16,Notre Dame,Clemson,0,True,True,0.31295411983068766,0,0.6870458801693123,1,2018-2022,Weeks 10+,Neutral,Conference
401260158,2020,16,Tennessee,Texas A&M,0,False,True,0.18485498781542134,0,0.8151450121845787,1,2018-2022,Weeks 10+,Home field,Conference
401262060,2020,16,Iowa State,Oklahoma,0,True,True,0.39747707690599077,0,0.6025229230940092,1,2018-2022,Weeks 10+,Neutral,Conference
401264085,2020,16,Cincinnati,Tulsa,1,False,True,0.9329626929872117,1,0.9329626929872117,1,2018-2022,Weeks 10+,Home field,Conference
401265699,2020,16,Army,Air Force,1,False,False,0.4964064000200036,0,0.5035935999799964,0,2018-2022,Weeks 10+,Home field,Non-conference
401267165,2020,16,LSU,Ole Miss,1,False,True,0.6048053785244962,1,0.6048053785244962,1,2018-2022,Weeks 10+,Home field,Conference
401267166,2020,16,Mississippi State,Missouri,1,False,True,0.5488965780137269,1,0.5488965780137269,1,2018-2022,Weeks 10+,Home field,Conference
401269375,2020,16,Utah,Washington State,1,False,True,0.7230037134409671,1,0.7230037134409671,1,2018-2022,Weeks 10+,Home field,Conference
401269376,2020,16,UCLA,Stanford,0,False,True,0.48318243692789864,0,0.5168175630721014,1,2018-2022,Weeks 10+,Home field,Conference
401269378,2020,16,Oregon State,Arizona State,0,False,True,0.24777980288341023,0,0.7522201971165898,1,2018-2022,Weeks 10+,Home field,Conference
401269381,2020,16,Penn State,Illinois,1,False,True,0.880589586575515,1,0.880589586575515,1,2018-2022,Weeks 10+,Home field,Conference
401269382,2020,16,Rutgers,Nebraska,0,False,True,0.25374830245975716,0,0.7462516975402429,1,2018-2022,Weeks 10+,Home field,Conference
401269384,2020,16,Wisconsin,Minnesota,1,False,True,0.9070290507581675,1,0.9070290507581675,1,2018-2022,Weeks 10+,Home field,Conference
401281942,2021,1,Miami,Alabama,0,True,False,0.09539307993288898,0,0.904606920067111,1,2018-2022,Weeks 1-3,Neutral,Non-conference
401281943,2021,1,Arkansas,Rice,1,False,False,0.8184022465770602,1,0.8184022465770602,1,2018-2022,Weeks 1-3,Home field,Non-conference
401281944,2021,1,Auburn,Akron,1,False,False,0.9861072591100517,1,0.9861072591100517,1,2018-2022,Weeks 1-3,Home field,Non-conference
401281945,2021,1,Florida,Florida Atlantic,1,False,False,0.9147690919246968,1,0.9147690919246968,1,2018-2022,Weeks 1-3,Home field,Non-conference
401281946,2021,1,Clemson,Georgia,0,True,False,0.7864492448831296,1,0.7864492448831296,0,2018-2022,Weeks 1-3,Neutral,Non-conference
401281947,2021,1,Kentucky,Louisiana Monroe,1,False,False,0.9734446413871851,1,0.9734446413871851,1,2018-2022,Weeks 1-3,Home field,Non-conference
401281948,2021,1,UCLA,LSU,1,False,False,0.5894360527880061,1,0.5894360527880061,1,2018-2022,Weeks 1-3,Home field,Non-conference
401281949,2021,1,Mississippi State,Louisiana Tech,1,False,False,0.8781337726653571,1,0.8781337726653571,1,2018-2022,Weeks 1-3,Home field,Non-conference
401281950,2021,1,Missouri,Central Michigan,1,False,False,0.7889273589574234,1,0.7889273589574234,1,2018-2022,Weeks 1-3,Home field,Non-conference
401281952,2021,1,Tennessee,Bowling Green,1,False,False,0.9602669038789293,1,0.9602669038789293,1,2018-2022,Weeks 1-3,Home field,Non-conference
401282049,2021,1,New Mexico State,UTEP,0,False,False,0.763679056761829,1,0.763679056761829,0,2018-2022,Weeks 1-3,Home field,Non-conference
401282052,2021,1,Charlotte,Duke,1,False,False,0.5188841562548123,1,0.5188841562548123,1,2018-2022,Weeks 1-3,Home field,Non-conference
401282053,2021,1,Texas A&M,Kent State,1,False,False,0.9561941996860883,1,0.9561941996860883,1,2018-2022,Weeks 1-3,Home field,Non-conference
401282055,2021,1,Ole Miss,Louisville,1,True,False,0.7580081967800731,1,0.7580081967800731,1,2018-2022,Weeks 1-3,Neutral,Non-conference
401282174,2021,1,Navy,Marshall,0,False,False,0.251414365602947,0,0.748585634397053,1,2018-2022,Weeks 1-3,Home field,Non-conference
401282177,2021,1,South Alabama,Southern Mississippi,1,False,False,0.5456671069145687,1,0.5456671069145687,1,2018-2022,Weeks 1-3,Home field,Non-conference
401282179,2021,1,Illinois,UT San Antonio,0,False,False,0.5417681452687861,1,0.5417681452687861,0,2018-2022,Weeks 1-3,Home field,Non-conference
401282607,2021,1,NC State,South Florida,1,False,False,0.9087674612181044,1,0.9087674612181044,1,2018-2022,Weeks 1-3,Home field,Non-conference
401282608,2021,1,Wake Forest,Old Dominion,1,False,False,0.9408221362283693,1,0.9408221362283693,1,2018-2022,Weeks 1-3,Home field,Non-conference
401282610,2021,1,Georgia Tech,Northern Illinois,0,False,False,0.890581407399382,1,0.890581407399382,0,2018-2022,Weeks 1-3,Home field,Non-conference
401282611,2021,1,Ohio,Syracuse,0,False,False,0.58371487969231,1,0.58371487969231,0,2018-2022,Weeks 1-3,Home field,Non-conference
401282612,2021,1,Pittsburgh,UMass,1,False,False,0.9843335208388646,1,0.9843335208388646,1,2018-2022,Weeks 1-3,Home field,Non-conference
401282614,2021,1,Florida State,Notre Dame,0,False,True,0.16331603861672744,0,0.8366839613832726,1,2018-2022,Weeks 1-3,Home field,Conference
401282714,2021,1,Illinois,Nebraska,1,False,True,0.2766515599228705,0,0.7233484400771295,0,2018-2022,Weeks 1-3,Home field,Conference
401282723,2021,1,Iowa,Indiana,1,False,True,0.7780326926844799,1,0.7780326926844799,1,2018-2022,Weeks 1-3,Home field,Conference
401282764,2021,1,Maryland,West Virginia,1,False,False,0.4673369913962818,0,0.5326630086037182,0,2018-2022,Weeks 1-3,Home field,Non-conference
401282772,2021,1,Michigan,Western Michigan,1,False,False,0.8506457414841654,1,0.8506457414841654,1,2018-2022,Weeks 1-3,Home field,Non-conference
401282782,2021,1,Northwestern,Michigan State,0,False,True,0.710803118968843,1,0.710803118968843,0,2018-2022,Weeks 1-3,Home field,Conference
401282789,2021,1,Minnesota,Ohio State,0,False,True,0.1447606655262599,0,0.8552393344737401,1,2018-2022,Weeks 1-3,Home field,Conference
401282815,2021,1,Wisconsin,Penn State,0,False,True,0.6938324804765549,1,0.6938324804765549,0,2018-2022,Weeks 1-3,Home field,Conference
401282819,2021,1,Purdue,Oregon State,1,False,False,0.6113520193152452,1,0.6113520193152452,1,2018-2022,Weeks 1-3,Home field,Non-conference
401282822,2021,1,Rutgers,Temple,1,False,False,0.8236427440725016,1,0.8236427440725016,1,2018-2022,Weeks 1-3,Home field,Non-conference
401286187,2021,1,Fresno State,Connecticut,1,False,False,0.9208875888895998,1,0.9208875888895998,1,2018-2022,Weeks 1-3,Home field,Non-conference
401287886,2021,1,Houston,Texas Tech,0,True,False,0.6467963098986427,1,0.6467963098986427,0,2018-2022,Weeks 1-3,Neutral,Non-conference
401287889,2021,1,Kansas State,Stanford,1,True,False,0.4533001322450184,0,0.5466998677549816,0,2018-2022,Weeks 1-3,Neutral,Non-conference
401287892,2021,1,Texas,Louisiana,1,False,False,0.7301185908052356,1,0.7301185908052356,1,2018-2022,Weeks 1-3,Home field,Non-conference
401287893,2021,1,Texas State,Baylor,0,False,False,0.3345878360119473,0,0.6654121639880527,1,2018-2022,Weeks 1-3,Home field,Non-conference
401287894,2021,1,Oklahoma,Tulane,1,False,False,0.9556353021844048,1,0.9556353021844048,1,2018-2022,Weeks 1-3,Home field,Non-conference
401300993,2021,1,App State,East Carolina,1,False,False,0.8585088058476725,1,0.8585088058476725,1,2018-2022,Weeks 1-3,Home field,Non-conference
401300995,2021,1,UCF,Boise State,1,False,False,0.7213524581586364,1,0.7213524581586364,1,2018-2022,Weeks 1-3,Home field,Non-conference
401300996,2021,1,Cincinnati,Miami (OH),1,False,False,0.9621521183336211,1,0.9621521183336211,1,2018-2022,Weeks 1-3,Home field,Non-conference
401309601,2021,1,Georgia State,Army,0,False,False,0.5896365693894039,1,0.5896365693894039,0,2018-2022,Weeks 1-3,Home field,Non-conference
401309833,2021,1,UCLA,Hawai'i,1,False,False,0.9246008656619139,1,0.9246008656619139,1,2018-2022,Weeks 1-3,Home field,Non-conference
401309837,2021,1,California,Nevada,0,False,False,0.6466293632897634,1,0.6466293632897634,0,2018-2022,Weeks 1-3,Home field,Non-conference
401309838,2021,1,Oregon,Fresno State,1,False,False,0.9268765227790817,1,0.9268765227790817,1,2018-2022,Weeks 1-3,Home field,Non-conference
401309840,2021,1,Washington State,Utah State,0,False,False,0.95229690898753,1,0.95229690898753,0,2018-2022,Weeks 1-3,Home field,Non-conference
401309841,2021,1,Arizona,BYU,0,True,False,0.18689546876271218,0,0.8131045312372878,1,2018-2022,Weeks 1-3,Neutral,Non-conference
401309842,2021,1,USC,San José State,1,False,False,0.8765042956529994,1,0.8765042956529994,1,2018-2022,Weeks 1-3,Home field,Non-conference
401309937,2021,1,Virginia Tech,North Carolina,1,False,True,0.22745296505252882,0,0.7725470349474712,0,2018-2022,Weeks 1-3,Home field,Conference
401310699,2021,1,San Diego State,New Mexico State,1,False,False,0.9640684884881747,1,0.9640684884881747,1,2018-2022,Weeks 1-3,Home field,Non-conference
401331242,2021,1,Alabama,Georgia,0,True,False,0.7585231838682697,1,0.7585231838682697,0,2018-2022,Weeks 1-3,Neutral,Non-conference
401282057,2021,2,Arkansas,Texas,1,False,False,0.8978227241745903,1,0.8978227241745903,1,2018-2022,Weeks 1-3,Home field,Non-conference
401282059,2021,2,South Florida,Florida,0,False,False,0.04391993562395038,0,0.9560800643760496,1,2018-2022,Weeks 1-3,Home field,Non-conference
401282060,2021,2,Georgia,UAB,1,False,False,0.9267812015755552,1,0.9267812015755552,1,2018-2022,Weeks 1-3,Home field,Non-conference
401282061,2021,2,Kentucky,Missouri,1,False,True,0.7151989896229437,1,0.7151989896229437,1,2018-2022,Weeks 1-3,Home field,Conference
401282064,2021,2,Mississippi State,NC State,1,False,False,0.5345989655005369,1,0.5345989655005369,1,2018-2022,Weeks 1-3,Home field,Non-conference
401282065,2021,2,East Carolina,South Carolina,0,False,False,0.47069569112531945,0,0.5293043088746805,1,2018-2022,Weeks 1-3,Home field,Non-conference
401282066,2021,2,Tennessee,Pittsburgh,0,False,False,0.40943747590489266,0,0.5905625240951073,1,2018-2022,Weeks 1-3,Home field,Non-conference
401282067,2021,2,Colorado,Texas A&M,0,True,False,0.20059959943850914,0,0.7994004005614909,1,2018-2022,Weeks 1-3,Neutral,Non-conference
401282068,2021,2,Colorado State,Vanderbilt,0,False,False,0.9673638462584426,1,0.9673638462584426,0,2018-2022,Weeks 1-3,Home field,Non-conference
401282182,2021,2,Florida International,Texas State,0,False,False,0.32462057032122754,0,0.6753794296787725,1,2018-2022,Weeks 1-3,Home field,Non-conference
401282183,2021,2,Florida Atlantic,Georgia Southern,1,False,False,0.9571051547556164,1,0.9571051547556164,1,2018-2022,Weeks 1-3,Home field,Non-conference
401282186,2021,2,Virginia Tech,Middle Tennessee,1,False,False,0.7913599168839562,1,0.7913599168839562,1,2018-2022,Weeks 1-3,Home field,Non-conference
401282187,2021,2,SMU,North Texas,1,False,False,0.7400937729193922,1,0.7400937729193922,1,2018-2022,Weeks 1-3,Home field,Non-conference
401282189,2021,2,Rice,Houston,0,False,False,0.4014150575291896,0,0.5985849424708104,1,2018-2022,Weeks 1-3,Home field,Non-conference
401282191,2021,2,Boise State,UTEP,1,False,False,0.9096582591649873,1,0.9096582591649873,1,2018-2022,Weeks 1-3,Home field,Non-conference
401282193,2021,2,Army,Western Kentucky,1,False,False,0.6837986874308153,1,0.6837986874308153,1,2018-2022,Weeks 1-3,Home field,Non-conference
401282620,2021,2,Miami,App State,1,False,False,0.7709471192048397,1,0.7709471192048397,1,2018-2022,Weeks 1-3,Home field,Non-conference
401282621,2021,2,North Carolina,Georgia State,1,False,False,0.8948359984889096,1,0.8948359984889096,1,2018-2022,Weeks 1-3,Home field,Non-conference
401282622,2021,2,Syracuse,Rutgers,0,False,False,0.6048780066669555,1,0.6048780066669555,0,2018-2022,Weeks 1-3,Home field,Non-conference
401282623,2021,2,UMass,Boston College,0,False,False,0.026325062183407,0,0.973674937816593,1,2018-2022,Weeks 1-3,Home field,Non-conference
401282624,2021,2,Virginia,Illinois,1,False,False,0.8034560773624329,1,0.8034560773624329,1,2018-2022,Weeks 1-3,Home field,Non-conference
401282705,2021,2,Notre Dame,Toledo,1,False,False,0.7558892290560781,1,0.7558892290560781,1,2018-2022,Weeks 1-3,Home field,Non-conference
401282754,2021,2,Iowa State,Iowa,0,False,False,0.5049414291857548,1,0.5049414291857548,0,2018-2022,Weeks 1-3,Home field,Non-conference
401282773,2021,2,Michigan,Washington,1,False,False,0.648498375617089,1,0.648498375617089,1,2018-2022,Weeks 1-3,Home field,Non-conference
401282790,2021,2,Minnesota,Miami (OH),1,False,False,0.9481776050613159,1,0.9481776050613159,1,2018-2022,Weeks 1-3,Home field,Non-conference
401282797,2021,2,Nebraska,Buffalo,1,False,False,0.6315235278597515,1,0.6315235278597515,1,2018-2022,Weeks 1-3,Home field,Non-conference
401282809,2021,2,Ohio State,Oregon,0,False,False,0.7412372363060631,1,0.7412372363060631,0,2018-2022,Weeks 1-3,Home field,Non-conference
401282816,2021,2,Penn State,Ball State,1,False,False,0.8286946586216256,1,0.8286946586216256,1,2018-2022,Weeks 1-3,Home field,Non-conference
401282820,2021,2,Connecticut,Purdue,0,False,False,0.11092584906394544,0,0.8890741509360546,1,2018-2022,Weeks 1-3,Home field,Non-conference
401282825,2021,2,Wisconsin,Eastern Michigan,1,False,False,0.9953096150572545,1,0.9953096150572545,1,2018-2022,Weeks 1-3,Home field,Non-conference
401286295,2021,2,Troy,Liberty,0,False,False,0.6456523080336087,1,0.6456523080336087,0,2018-2022,Weeks 1-3,Home field,Non-conference
401287896,2021,2,Coastal Carolina,Kansas,1,False,False,0.9625565443075942,1,0.9625565443075942,1,2018-2022,Weeks 1-3,Home field,Non-conference
401287899,2021,2,Oklahoma State,Tulsa,1,False,False,0.7117896047475847,1,0.7117896047475847,1,2018-2022,Weeks 1-3,Home field,Non-conference
401287900,2021,2,TCU,California,1,False,False,0.8644467060302483,1,0.8644467060302483,1,2018-2022,Weeks 1-3,Home field,Non-conference
401300999,2021,2,Akron,Temple,0,False,False,0.660240248862036,1,0.660240248862036,0,2018-2022,Weeks 1-3,Home field,Non-conference
401301003,2021,2,Arkansas State,Memphis,0,False,False,0.365446265345914,0,0.6345537346540859,1,2018-2022,Weeks 1-3,Home field,Non-conference
401301004,2021,2,Navy,Air Force,0,False,False,0.6823587277365866,1,0.6823587277365866,0,2018-2022,Weeks 1-3,Home field,Non-conference
401309546,2021,2,Bowling Green,South Alabama,0,False,False,0.13256627350588288,0,0.8674337264941171,1,2018-2022,Weeks 1-3,Home field,Non-conference
401309547,2021,2,Northern Illinois,Wyoming,0,False,False,0.2830192707515575,0,0.7169807292484425,1,2018-2022,Weeks 1-3,Home field,Non-conference
401309843,2021,2,USC,Stanford,0,False,True,0.9911382293235718,1,0.9911382293235718,0,2018-2022,Weeks 1-3,Home field,Conference
401309844,2021,2,Oregon State,Hawai'i,1,False,False,0.8616640374079467,1,0.8616640374079467,1,2018-2022,Weeks 1-3,Home field,Non-conference
401309846,2021,2,Arizona,San Diego State,0,False,False,0.6388122488086416,1,0.6388122488086416,0,2018-2022,Weeks 1-3,Home field,Non-conference
401309847,2021,2,Arizona State,UNLV,1,False,False,0.9987960367060551,1,0.9987960367060551,1,2018-2022,Weeks 1-3,Home field,Non-conference
401309848,2021,2,BYU,Utah,1,False,False,0.2949515698345375,0,0.7050484301654625,0,2018-2022,Weeks 1-3,Home field,Non-conference
401310700,2021,2,New Mexico,New Mexico State,1,False,False,0.8754969003268144,1,0.8754969003268144,1,2018-2022,Weeks 1-3,Home field,Non-conference
401282069,2021,3,Arkansas,Georgia Southern,1,False,False,0.9103054018628721,1,0.9103054018628721,1,2018-2022,Weeks 1-3,Home field,Non-conference
401282070,2021,3,Penn State,Auburn,1,False,False,0.6898605687981924,1,0.6898605687981924,1,2018-2022,Weeks 1-3,Home field,Non-conference
401282071,2021,3,Florida,Alabama,0,False,True,0.1002894819475059,0,0.8997105180524941,1,2018-2022,Weeks 1-3,Home field,Conference
401282072,2021,3,Georgia,South Carolina,1,False,True,0.9767418623458733,1,0.9767418623458733,1,2018-2022,Weeks 1-3,Home field,Conference
401282074,2021,3,LSU,Central Michigan,1,False,False,0.9326993026819055,1,0.9326993026819055,1,2018-2022,Weeks 1-3,Home field,Non-conference
401282075,2021,3,Ole Miss,Tulane,1,False,False,0.71396804102255,1,0.71396804102255,1,2018-2022,Weeks 1-3,Home field,Non-conference
401282076,2021,3,Memphis,Mississippi State,1,False,False,0.4781947497390714,0,0.5218052502609286,0,2018-2022,Weeks 1-3,Home field,Non-conference
401282079,2021,3,Texas A&M,New Mexico,1,False,False,0.9840821492701612,1,0.9840821492701612,1,2018-2022,Weeks 1-3,Home field,Non-conference
401282080,2021,3,Vanderbilt,Stanford,0,False,False,0.266048999508117,0,0.733951000491883,1,2018-2022,Weeks 1-3,Home field,Non-conference
401282194,2021,3,UT San Antonio,Middle Tennessee,1,False,True,0.7613692099611544,1,0.7613692099611544,1,2018-2022,Weeks 1-3,Home field,Conference
401282195,2021,3,North Texas,UAB,0,False,True,0.5233816573630832,1,0.5233816573630832,0,2018-2022,Weeks 1-3,Home field,Conference
401282196,2021,3,Georgia State,Charlotte,1,False,False,0.7766241792285876,1,0.7766241792285876,1,2018-2022,Weeks 1-3,Home field,Non-conference
401282197,2021,3,Texas Tech,Florida International,1,False,False,0.939007827104012,1,0.939007827104012,1,2018-2022,Weeks 1-3,Home field,Non-conference
401282199,2021,3,Louisiana Tech,SMU,0,False,False,0.3259782086640327,0,0.6740217913359673,1,2018-2022,Weeks 1-3,Home field,Non-conference
401282200,2021,3,Marshall,East Carolina,0,False,False,0.8633419372203102,1,0.8633419372203102,0,2018-2022,Weeks 1-3,Home field,Non-conference
401282201,2021,3,Liberty,Old Dominion,1,False,False,0.7515040849477883,1,0.7515040849477883,1,2018-2022,Weeks 1-3,Home field,Non-conference
401282202,2021,3,Texas,Rice,1,False,False,0.959205277448342,1,0.959205277448342,1,2018-2022,Weeks 1-3,Home field,Non-conference
401282203,2021,3,Southern Mississippi,Troy,0,False,False,0.28478209694873474,0,0.7152179030512653,1,2018-2022,Weeks 1-3,Home field,Non-conference
401282626,2021,3,Louisville,UCF,1,False,False,0.28412724427399644,0,0.7158727557260036,0,2018-2022,Weeks 1-3,Home field,Non-conference
401282627,2021,3,Clemson,Georgia Tech,1,False,True,0.9633849257248359,1,0.9633849257248359,1,2018-2022,Weeks 1-3,Home field,Conference
401282628,2021,3,Duke,Northwestern,1,False,False,0.5502936701798378,1,0.5502936701798378,1,2018-2022,Weeks 1-3,Home field,Non-conference
401282629,2021,3,Miami,Michigan State,0,False,False,0.8050193626877383,1,0.8050193626877383,0,2018-2022,Weeks 1-3,Home field,Non-conference
401282631,2021,3,North Carolina,Virginia,1,False,True,0.8324721549036157,1,0.8324721549036157,1,2018-2022,Weeks 1-3,Home field,Conference
401282632,2021,3,Pittsburgh,Western Michigan,0,False,False,0.8375933697447014,1,0.8375933697447014,0,2018-2022,Weeks 1-3,Home field,Non-conference
401282634,2021,3,Temple,Boston College,0,False,False,0.10287984119641454,0,0.8971201588035854,1,2018-2022,Weeks 1-3,Home field,Non-conference
401282635,2021,3,Wake Forest,Florida State,1,False,True,0.7023231852016727,1,0.7023231852016727,1,2018-2022,Weeks 1-3,Home field,Conference
401282636,2021,3,West Virginia,Virginia Tech,1,False,False,0.6019591374934468,1,0.6019591374934468,1,2018-2022,Weeks 1-3,Home field,Non-conference
401282706,2021,3,Notre Dame,Purdue,1,False,False,0.7712408613893807,1,0.7712408613893807,1,2018-2022,Weeks 1-3,Home field,Non-conference
401282715,2021,3,Illinois,Maryland,0,False,True,0.281588105976542,0,0.7184118940234581,1,2018-2022,Weeks 1-3,Home field,Conference
401282725,2021,3,Indiana,Cincinnati,0,False,False,0.286509591133659,0,0.713490408866341,1,2018-2022,Weeks 1-3,Home field,Non-conference
401282755,2021,3,Iowa,Kent State,1,False,False,0.9551792435761028,1,0.9551792435761028,1,2018-2022,Weeks 1-3,Home field,Non-conference
401282774,2021,3,Michigan,Northern Illinois,1,False,False,0.9709319786521718,1,0.9709319786521718,1,2018-2022,Weeks 1-3,Home field,Non-conference
401282791,2021,3,Colorado,Minnesota,0,False,False,0.6264668732717287,1,0.6264668732717287,0,2018-2022,Weeks 1-3,Home field,Non-conference
401282798,2021,3,Oklahoma,Nebraska,1,False,False,0.9256715902542587,1,0.9256715902542587,1,2018-2022,Weeks 1-3,Home field,Non-conference
401282810,2021,3,Ohio State,Tulsa,1,False,False,0.941969105227686,1,0.941969105227686,1,2018-2022,Weeks 1-3,Home field,Non-conference
401286189,2021,3,Army,Connecticut,1,False,False,0.9787520856978043,1,0.9787520856978043,1,2018-2022,Weeks 1-3,Home field,Non-conference
401286300,2021,3,UMass,Eastern Michigan,0,False,False,0.18788938115381718,0,0.8121106188461829,1,2018-2022,Weeks 1-3,Home field,Non-conference
401287903,2021,3,Boise State,Oklahoma State,0,False,False,0.5346566164474701,1,0.5346566164474701,0,2018-2022,Weeks 1-3,Home field,Non-conference
401287904,2021,3,Kansas,Baylor,0,False,True,0.13777391769554864,0,0.8622260823044514,1,2018-2022,Weeks 1-3,Home field,Conference
401287905,2021,3,Kansas State,Nevada,1,False,False,0.6566842570030891,1,0.6566842570030891,1,2018-2022,Weeks 1-3,Home field,Non-conference
401287906,2021,3,UNLV,Iowa State,0,False,False,0.03159475855392128,0,0.9684052414460788,1,2018-2022,Weeks 1-3,Home field,Non-conference
401309549,2021,3,Wyoming,Ball State,1,False,False,0.6776839761435707,1,0.6776839761435707,1,2018-2022,Weeks 1-3,Home field,Non-conference
401309552,2021,3,Buffalo,Coastal Carolina,0,False,False,0.37846774559418195,0,0.621532254405818,1,2018-2022,Weeks 1-3,Home field,Non-conference
401309553,2021,3,Toledo,Colorado State,0,False,False,0.8434895443991834,1,0.8434895443991834,0,2018-2022,Weeks 1-3,Home field,Non-conference
401309605,2021,3,Washington,Arkansas State,1,False,False,0.8934785250800193,1,0.8934785250800193,1,2018-2022,Weeks 1-3,Home field,Non-conference
401309606,2021,3,Louisiana,Ohio,1,False,False,0.9347669245971321,1,0.9347669245971321,1,2018-2022,Weeks 1-3,Home field,Non-conference
401309852,2021,3,Washington State,USC,0,False,True,0.32807414156511494,0,0.6719258584348851,1,2018-2022,Weeks 1-3,Home field,Conference
401309854,2021,3,BYU,Arizona State,1,False,False,0.3113900371915177,0,0.6886099628084823,0,2018-2022,Weeks 1-3,Home field,Non-conference
401309855,2021,3,UCLA,Fresno State,0,False,False,0.8306576314824282,1,0.8306576314824282,0,2018-2022,Weeks 1-3,Home field,Non-conference
401309856,2021,3,San Diego State,Utah,1,False,False,0.143736923987825,0,0.856263076012175,0,2018-2022,Weeks 1-3,Home field,Non-conference
401310704,2021,3,Air Force,Utah State,0,False,True,0.8600293446331957,1,0.8600293446331957,0,2018-2022,Weeks 1-3,Home field,Conference
401310705,2021,3,Hawai'i,San José State,0,False,True,0.2969996902489018,0,0.7030003097510982,1,2018-2022,Weeks 1-3,Home field,Conference
401282081,2021,4,Alabama,Southern Mississippi,1,False,False,0.9945463606664529,1,0.9945463606664529,1,2018-2022,Weeks 4-6,Home field,Non-conference
401282082,2021,4,Arkansas,Texas A&M,1,True,True,0.4340284397699502,0,0.5659715602300498,0,2018-2022,Weeks 4-6,Neutral,Conference
401282083,2021,4,Auburn,Georgia State,1,False,False,0.9426513438577203,1,0.9426513438577203,1,2018-2022,Weeks 4-6,Home field,Non-conference
401282084,2021,4,Florida,Tennessee,1,False,True,0.8295880986234392,1,0.8295880986234392,1,2018-2022,Weeks 4-6,Home field,Conference
401282085,2021,4,Mississippi State,LSU,0,False,True,0.3374220038988095,0,0.6625779961011905,1,2018-2022,Weeks 4-6,Home field,Conference
401282086,2021,4,Boston College,Missouri,1,False,False,0.6644522708680346,1,0.6644522708680346,1,2018-2022,Weeks 4-6,Home field,Non-conference
401282087,2021,4,South Carolina,Kentucky,0,False,True,0.3029491904763559,0,0.6970508095236441,1,2018-2022,Weeks 4-6,Home field,Conference
401282088,2021,4,Vanderbilt,Georgia,0,False,True,0.01711456590255752,0,0.9828854340974424,1,2018-2022,Weeks 4-6,Home field,Conference
401282204,2021,4,Charlotte,Middle Tennessee,1,False,True,0.3501697998164025,0,0.6498302001835975,0,2018-2022,Weeks 4-6,Home field,Conference
401282205,2021,4,Louisiana Tech,North Texas,1,False,True,0.6075889456249914,1,0.6075889456249914,1,2018-2022,Weeks 4-6,Home field,Conference
401282206,2021,4,Central Michigan,Florida International,1,False,False,0.8569724635860135,1,0.8569724635860135,1,2018-2022,Weeks 4-6,Home field,Non-conference
401282207,2021,4,Air Force,Florida Atlantic,1,False,False,0.45555954759696254,0,0.5444404524030375,0,2018-2022,Weeks 4-6,Home field,Non-conference
401282208,2021,4,App State,Marshall,1,False,False,0.7831431077060399,1,0.7831431077060399,1,2018-2022,Weeks 4-6,Home field,Non-conference
401282209,2021,4,Old Dominion,Buffalo,0,False,False,0.36443354922939497,0,0.635566450770605,1,2018-2022,Weeks 4-6,Home field,Non-conference
401282211,2021,4,Tulane,UAB,0,False,False,0.7136957842983909,1,0.7136957842983909,0,2018-2022,Weeks 4-6,Home field,Non-conference
401282212,2021,4,UTEP,New Mexico,1,False,False,0.6263723819534831,1,0.6263723819534831,1,2018-2022,Weeks 4-6,Home field,Non-conference
401282213,2021,4,Memphis,UT San Antonio,0,False,False,0.60575943786164,1,0.60575943786164,0,2018-2022,Weeks 4-6,Home field,Non-conference
401282214,2021,4,Western Kentucky,Indiana,0,False,False,0.3492386213302374,0,0.6507613786697626,1,2018-2022,Weeks 4-6,Home field,Non-conference
401282637,2021,4,Syracuse,Liberty,1,False,False,0.5220177494748997,1,0.5220177494748997,1,2018-2022,Weeks 4-6,Home field,Non-conference
401282638,2021,4,Virginia,Wake Forest,0,False,True,0.4877210857850227,0,0.5122789142149773,1,2018-2022,Weeks 4-6,Home field,Conference
401282639,2021,4,Duke,Kansas,1,False,False,0.9143846921570242,1,0.9143846921570242,1,2018-2022,Weeks 4-6,Home field,Non-conference
401282640,2021,4,Florida State,Louisville,0,False,True,0.6194231026701837,1,0.6194231026701837,0,2018-2022,Weeks 4-6,Home field,Conference
401282641,2021,4,Georgia Tech,North Carolina,1,True,True,0.18256484721122618,0,0.8174351527887738,0,2018-2022,Weeks 4-6,Neutral,Conference
401282643,2021,4,NC State,Clemson,1,False,True,0.14265300841326717,0,0.8573469915867329,0,2018-2022,Weeks 4-6,Home field,Conference
401282707,2021,4,Wisconsin,Notre Dame,0,True,False,0.7189664486892756,1,0.7189664486892756,0,2018-2022,Weeks 4-6,Neutral,Non-conference
401282716,2021,4,Purdue,Illinois,1,False,True,0.8681725450654789,1,0.8681725450654789,1,2018-2022,Weeks 4-6,Home field,Conference
401282756,2021,4,Iowa,Colorado State,1,False,False,0.9706131504080064,1,0.9706131504080064,1,2018-2022,Weeks 4-6,Home field,Non-conference
401282765,2021,4,Maryland,Kent State,1,False,False,0.8459666756636158,1,0.8459666756636158,1,2018-2022,Weeks 4-6,Home field,Non-conference
401282775,2021,4,Michigan,Rutgers,1,False,True,0.9245411055019641,1,0.9245411055019641,1,2018-2022,Weeks 4-6,Home field,Conference
401282784,2021,4,Michigan State,Nebraska,1,False,True,0.5392037032301449,1,0.5392037032301449,1,2018-2022,Weeks 4-6,Home field,Conference
401282792,2021,4,Minnesota,Bowling Green,0,False,False,0.9809535568012868,1,0.9809535568012868,0,2018-2022,Weeks 4-6,Home field,Non-conference
401282805,2021,4,Northwestern,Ohio,1,False,False,0.8300463905184637,1,0.8300463905184637,1,2018-2022,Weeks 4-6,Home field,Non-conference
401282811,2021,4,Ohio State,Akron,1,False,False,0.9956144510503999,1,0.9956144510503999,1,2018-2022,Weeks 4-6,Home field,Non-conference
401286190,2021,4,Connecticut,Wyoming,0,False,False,0.06332833365032553,0,0.9366716663496745,1,2018-2022,Weeks 4-6,Home field,Non-conference
401286301,2021,4,Coastal Carolina,UMass,1,False,False,0.98361189299839,1,0.98361189299839,1,2018-2022,Weeks 4-6,Home field,Non-conference
401287907,2021,4,Baylor,Iowa State,1,False,True,0.19084410610198954,0,0.8091558938980105,0,2018-2022,Weeks 4-6,Home field,Conference
401287908,2021,4,Oklahoma,West Virginia,1,False,True,0.9287545220319449,1,0.9287545220319449,1,2018-2022,Weeks 4-6,Home field,Conference
401287909,2021,4,Oklahoma State,Kansas State,1,False,True,0.7360702316691885,1,0.7360702316691885,1,2018-2022,Weeks 4-6,Home field,Conference
401287910,2021,4,TCU,SMU,0,False,False,0.8755477298572724,1,0.8755477298572724,0,2018-2022,Weeks 4-6,Home field,Non-conference
401287911,2021,4,Texas,Texas Tech,1,False,True,0.755896160202352,1,0.755896160202352,1,2018-2022,Weeks 4-6,Home field,Conference
401301008,2021,4,Houston,Navy,1,False,True,0.9531745751433623,1,0.9531745751433623,1,2018-2022,Weeks 4-6,Home field,Conference
401301009,2021,4,BYU,South Florida,1,False,False,0.9370672036263294,1,0.9370672036263294,1,2018-2022,Weeks 4-6,Home field,Non-conference
401301011,2021,4,Tulsa,Arkansas State,1,False,False,0.8558510535357718,1,0.8558510535357718,1,2018-2022,Weeks 4-6,Home field,Non-conference
401308834,2021,4,Army,Miami (OH),1,False,False,0.8418660407747198,1,0.8418660407747198,1,2018-2022,Weeks 4-6,Home field,Non-conference
401309554,2021,4,Western Michigan,San José State,1,False,False,0.5639554277815029,1,0.5639554277815029,1,2018-2022,Weeks 4-6,Home field,Non-conference
401309555,2021,4,Ball State,Toledo,0,False,True,0.5592021417204076,1,0.5592021417204076,0,2018-2022,Weeks 4-6,Home field,Conference
401309557,2021,4,Eastern Michigan,Texas State,1,False,False,0.582890653643148,1,0.582890653643148,1,2018-2022,Weeks 4-6,Home field,Non-conference
401309610,2021,4,Georgia Southern,Louisiana,0,False,True,0.06782213147537706,0,0.9321778685246229,1,2018-2022,Weeks 4-6,Home field,Conference
401309611,2021,4,Louisiana Monroe,Troy,1,False,True,0.07856250671686439,0,0.9214374932831356,0,2018-2022,Weeks 4-6,Home field,Conference
401309857,2021,4,Washington,California,1,False,True,0.7900973590347107,1,0.7900973590347107,1,2018-2022,Weeks 4-6,Home field,Conference
401309858,2021,4,Stanford,UCLA,0,False,True,0.2422146632822027,0,0.7577853367177974,1,2018-2022,Weeks 4-6,Home field,Conference
401309859,2021,4,Oregon,Arizona,1,False,True,0.9766840671755934,1,0.9766840671755934,1,2018-2022,Weeks 4-6,Home field,Conference
401309860,2021,4,USC,Oregon State,0,False,True,0.7559116477522753,1,0.7559116477522753,0,2018-2022,Weeks 4-6,Home field,Conference
401309861,2021,4,Utah,Washington State,1,False,True,0.8404821675323747,1,0.8404821675323747,1,2018-2022,Weeks 4-6,Home field,Conference
401309862,2021,4,Arizona State,Colorado,1,False,True,0.8724659498358972,1,0.8724659498358972,1,2018-2022,Weeks 4-6,Home field,Conference
401310706,2021,4,Utah State,Boise State,0,False,True,0.18234565407760883,0,0.8176543459223912,1,2018-2022,Weeks 4-6,Home field,Conference
401310707,2021,4,Fresno State,UNLV,1,False,True,0.941925733559197,1,0.941925733559197,1,2018-2022,Weeks 4-6,Home field,Conference
401310708,2021,4,New Mexico State,Hawai'i,0,False,False,0.3362266578641452,0,0.6637733421358548,1,2018-2022,Weeks 4-6,Home field,Non-conference
401282089,2021,5,Alabama,Ole Miss,1,False,True,0.9130806065265298,1,0.9130806065265298,1,2018-2022,Weeks 4-6,Home field,Conference
401282090,2021,5,Georgia,Arkansas,1,False,True,0.9046894218263793,1,0.9046894218263793,1,2018-2022,Weeks 4-6,Home field,Conference
401282091,2021,5,Kentucky,Florida,1,False,True,0.3515843638321157,0,0.6484156361678843,0,2018-2022,Weeks 4-6,Home field,Conference
401282092,2021,5,LSU,Auburn,0,False,True,0.6476382979759696,1,0.6476382979759696,0,2018-2022,Weeks 4-6,Home field,Conference
401282093,2021,5,Missouri,Tennessee,0,False,True,0.6312978343435371,1,0.6312978343435371,0,2018-2022,Weeks 4-6,Home field,Conference
401282094,2021,5,South Carolina,Troy,1,False,False,0.5333373339967467,1,0.5333373339967467,1,2018-2022,Weeks 4-6,Home field,Non-conference
401282095,2021,5,Texas A&M,Mississippi State,0,False,True,0.7049868389977392,1,0.7049868389977392,0,2018-2022,Weeks 4-6,Home field,Conference
401282096,2021,5,Vanderbilt,Connecticut,1,False,False,0.8743382612784113,1,0.8743382612784113,1,2018-2022,Weeks 4-6,Home field,Non-conference
401282215,2021,5,Florida Atlantic,Florida International,1,False,True,0.9066870724708536,1,0.9066870724708536,1,2018-2022,Weeks 4-6,Home field,Conference
401282216,2021,5,Middle Tennessee,Marshall,1,False,True,0.3414815759318142,0,0.6585184240681858,0,2018-2022,Weeks 4-6,Home field,Conference
401282217,2021,5,UTEP,Old Dominion,1,False,True,0.5028151323234517,1,0.5028151323234517,1,2018-2022,Weeks 4-6,Home field,Conference
401282218,2021,5,Rice,Southern Mississippi,1,False,True,0.5595771602918133,1,0.5595771602918133,1,2018-2022,Weeks 4-6,Home field,Conference
401282219,2021,5,Illinois,Charlotte,1,False,False,0.7748651398782044,1,0.7748651398782044,1,2018-2022,Weeks 4-6,Home field,Non-conference
401282220,2021,5,NC State,Louisiana Tech,1,False,False,0.9285964546182581,1,0.9285964546182581,1,2018-2022,Weeks 4-6,Home field,Non-conference
401282221,2021,5,UAB,Liberty,0,False,False,0.5625908164299636,1,0.5625908164299636,0,2018-2022,Weeks 4-6,Home field,Non-conference
401282222,2021,5,UT San Antonio,UNLV,1,False,False,0.9309458014928805,1,0.9309458014928805,1,2018-2022,Weeks 4-6,Home field,Non-conference
401282223,2021,5,Michigan State,Western Kentucky,1,False,False,0.7779818863892776,1,0.7779818863892776,1,2018-2022,Weeks 4-6,Home field,Non-conference
401282646,2021,5,Miami,Virginia,0,False,True,0.8088551044175597,1,0.8088551044175597,0,2018-2022,Weeks 4-6,Home field,Conference
401282647,2021,5,Clemson,Boston College,1,False,True,0.8956056494106335,1,0.8956056494106335,1,2018-2022,Weeks 4-6,Home field,Conference
401282648,2021,5,Florida State,Syracuse,1,False,True,0.6264797916638962,1,0.6264797916638962,1,2018-2022,Weeks 4-6,Home field,Conference
401282649,2021,5,Georgia Tech,Pittsburgh,0,False,True,0.5063686652249054,1,0.5063686652249054,0,2018-2022,Weeks 4-6,Home field,Conference
401282650,2021,5,North Carolina,Duke,1,False,True,0.9114381856408336,1,0.9114381856408336,1,2018-2022,Weeks 4-6,Home field,Conference
401282651,2021,5,Wake Forest,Louisville,1,False,True,0.8112516727702768,1,0.8112516727702768,1,2018-2022,Weeks 4-6,Home field,Conference
401282708,2021,5,Notre Dame,Cincinnati,0,False,False,0.48318001465759947,0,0.5168199853424005,1,2018-2022,Weeks 4-6,Home field,Non-conference
401282729,2021,5,Penn State,Indiana,1,False,True,0.8687989903770218,1,0.8687989903770218,1,2018-2022,Weeks 4-6,Home field,Conference
401282759,2021,5,Maryland,Iowa,0,False,True,0.30041203699039115,0,0.6995879630096089,1,2018-2022,Weeks 4-6,Home field,Conference
401282776,2021,5,Wisconsin,Michigan,0,False,True,0.47726333293371903,0,0.522736667066281,1,2018-2022,Weeks 4-6,Home field,Conference
401282793,2021,5,Purdue,Minnesota,0,False,True,0.5969071869560316,1,0.5969071869560316,0,2018-2022,Weeks 4-6,Home field,Conference
401282800,2021,5,Nebraska,Northwestern,1,False,True,0.7791782900414351,1,0.7791782900414351,1,2018-2022,Weeks 4-6,Home field,Conference
401282813,2021,5,Rutgers,Ohio State,0,False,True,0.09993816225277882,0,0.9000618377472211,1,2018-2022,Weeks 4-6,Home field,Conference
401286302,2021,5,UMass,Toledo,0,False,False,0.1465231458798802,0,0.8534768541201199,1,2018-2022,Weeks 4-6,Home field,Non-conference
401287912,2021,5,Iowa State,Kansas,1,False,True,0.9909466097362173,1,0.9909466097362173,1,2018-2022,Weeks 4-6,Home field,Conference
401287913,2021,5,Kansas State,Oklahoma,0,False,True,0.10482434495589218,0,0.8951756550441078,1,2018-2022,Weeks 4-6,Home field,Conference
401287914,2021,5,Oklahoma State,Baylor,1,False,True,0.6642051468356456,1,0.6642051468356456,1,2018-2022,Weeks 4-6,Home field,Conference
401287915,2021,5,TCU,Texas,0,False,True,0.4231792545915291,0,0.5768207454084708,1,2018-2022,Weeks 4-6,Home field,Conference
401287916,2021,5,West Virginia,Texas Tech,0,False,True,0.6595184183229648,1,0.6595184183229648,0,2018-2022,Weeks 4-6,Home field,Conference
401301012,2021,5,Tulsa,Houston,0,False,True,0.5076815200973488,1,0.5076815200973488,0,2018-2022,Weeks 4-6,Home field,Conference
401301013,2021,5,Navy,UCF,1,False,True,0.04620214539343724,0,0.9537978546065627,0,2018-2022,Weeks 4-6,Home field,Conference
401301014,2021,5,East Carolina,Tulane,1,False,True,0.46528916714061186,0,0.5347108328593881,0,2018-2022,Weeks 4-6,Home field,Conference
401301015,2021,5,Temple,Memphis,1,False,True,0.10996709313338797,0,0.8900329068666121,0,2018-2022,Weeks 4-6,Home field,Conference
401301016,2021,5,SMU,South Florida,1,False,True,0.905412530310354,1,0.905412530310354,1,2018-2022,Weeks 4-6,Home field,Conference
401308835,2021,5,Miami (OH),Central Michigan,1,False,True,0.5284927888329611,1,0.5284927888329611,1,2018-2022,Weeks 4-6,Home field,Conference
401309558,2021,5,Northern Illinois,Eastern Michigan,1,False,True,0.33674152348518793,0,0.6632584765148121,0,2018-2022,Weeks 4-6,Home field,Conference
401309559,2021,5,Ball State,Army,1,False,False,0.37571241944857886,0,0.6242875805514212,0,2018-2022,Weeks 4-6,Home field,Non-conference
401309560,2021,5,Akron,Ohio,0,False,True,0.2983534997166961,0,0.7016465002833039,1,2018-2022,Weeks 4-6,Home field,Conference
401309561,2021,5,Buffalo,Western Michigan,0,False,True,0.5690214221017198,1,0.5690214221017198,0,2018-2022,Weeks 4-6,Home field,Conference
401309562,2021,5,Kent State,Bowling Green,1,False,True,0.8320445655833462,1,0.8320445655833462,1,2018-2022,Weeks 4-6,Home field,Conference
401309612,2021,5,Georgia State,App State,0,False,True,0.22440582314998195,0,0.7755941768500181,1,2018-2022,Weeks 4-6,Home field,Conference
401309613,2021,5,Georgia Southern,Arkansas State,1,False,True,0.5834104851498673,1,0.5834104851498673,1,2018-2022,Weeks 4-6,Home field,Conference
401309614,2021,5,Coastal Carolina,Louisiana Monroe,1,False,True,0.9833965742282393,1,0.9833965742282393,1,2018-2022,Weeks 4-6,Home field,Conference
401309615,2021,5,South Alabama,Louisiana,0,False,True,0.16348062760887683,0,0.8365193723911232,1,2018-2022,Weeks 4-6,Home field,Conference
401309863,2021,5,California,Washington State,0,False,True,0.6984553673485665,1,0.6984553673485665,0,2018-2022,Weeks 4-6,Home field,Conference
401309864,2021,5,Stanford,Oregon,1,False,True,0.1059022955903001,0,0.8940977044096999,0,2018-2022,Weeks 4-6,Home field,Conference
401309865,2021,5,Oregon State,Washington,1,False,True,0.49804553132899443,0,0.5019544686710056,0,2018-2022,Weeks 4-6,Home field,Conference
401309866,2021,5,UCLA,Arizona State,0,False,True,0.5241884092815398,1,0.5241884092815398,0,2018-2022,Weeks 4-6,Home field,Conference
401309867,2021,5,Colorado,USC,0,False,True,0.28100917567532674,0,0.7189908243246732,1,2018-2022,Weeks 4-6,Home field,Conference
401309912,2021,5,Utah State,BYU,0,False,False,0.23858539320858946,0,0.7614146067914105,1,2018-2022,Weeks 4-6,Home field,Non-conference
401310710,2021,5,New Mexico,Air Force,0,False,True,0.19984707315449612,0,0.8001529268455039,1,2018-2022,Weeks 4-6,Home field,Conference
401310711,2021,5,Boise State,Nevada,0,False,True,0.783040678314953,1,0.783040678314953,0,2018-2022,Weeks 4-6,Home field,Conference
401310712,2021,5,Hawai'i,Fresno State,1,False,True,0.22185686923867387,0,0.7781431307613261,0,2018-2022,Weeks 4-6,Home field,Conference
401310713,2021,5,San José State,New Mexico State,1,False,False,0.9303814688123465,1,0.9303814688123465,1,2018-2022,Weeks 4-6,Home field,Non-conference
401282097,2021,6,Auburn,Georgia,0,False,True,0.174891114402389,0,0.825108885597611,1,2018-2022,Weeks 4-6,Home field,Conference
401282098,2021,6,Florida,Vanderbilt,1,False,True,0.9735371101875228,1,0.9735371101875228,1,2018-2022,Weeks 4-6,Home field,Conference
401282099,2021,6,Kentucky,LSU,1,False,True,0.3639267819714045,0,0.6360732180285955,0,2018-2022,Weeks 4-6,Home field,Conference
401282100,2021,6,Ole Miss,Arkansas,1,False,True,0.7170953607970734,1,0.7170953607970734,1,2018-2022,Weeks 4-6,Home field,Conference
401282101,2021,6,Missouri,North Texas,1,False,False,0.8416025982146425,1,0.8416025982146425,1,2018-2022,Weeks 4-6,Home field,Non-conference
401282102,2021,6,Tennessee,South Carolina,1,False,True,0.8210714507720364,1,0.8210714507720364,1,2018-2022,Weeks 4-6,Home field,Conference
401282103,2021,6,Texas A&M,Alabama,1,False,True,0.13521796181473383,0,0.8647820381852662,0,2018-2022,Weeks 4-6,Home field,Conference
401282224,2021,6,Florida International,Charlotte,0,False,True,0.4341432861799657,0,0.5658567138200343,1,2018-2022,Weeks 4-6,Home field,Conference
401282225,2021,6,UAB,Florida Atlantic,1,False,True,0.38087389072147043,0,0.6191261092785296,0,2018-2022,Weeks 4-6,Home field,Conference
401282226,2021,6,Marshall,Old Dominion,1,False,True,0.8775901363824349,1,0.8775901363824349,1,2018-2022,Weeks 4-6,Home field,Conference
401282227,2021,6,Southern Mississippi,UTEP,0,False,True,0.6681460207517141,1,0.6681460207517141,0,2018-2022,Weeks 4-6,Home field,Conference
401282228,2021,6,Western Kentucky,UT San Antonio,0,False,True,0.516240090748098,1,0.516240090748098,0,2018-2022,Weeks 4-6,Home field,Conference
401282229,2021,6,Liberty,Middle Tennessee,1,False,False,0.8300205723764253,1,0.8300205723764253,1,2018-2022,Weeks 4-6,Home field,Non-conference
401282652,2021,6,Duke,Georgia Tech,0,False,True,0.3492174491366206,0,0.6507825508633793,1,2018-2022,Weeks 4-6,Home field,Conference
401282653,2021,6,Louisville,Virginia,0,False,True,0.5014814539302762,1,0.5014814539302762,0,2018-2022,Weeks 4-6,Home field,Conference
401282654,2021,6,North Carolina,Florida State,0,False,True,0.8870246740143478,1,0.8870246740143478,0,2018-2022,Weeks 4-6,Home field,Conference
401282655,2021,6,Syracuse,Wake Forest,0,False,True,0.3210893665605499,0,0.6789106334394501,1,2018-2022,Weeks 4-6,Home field,Conference
401282656,2021,6,Virginia Tech,Notre Dame,0,False,True,0.3936482736068865,0,0.6063517263931135,1,2018-2022,Weeks 4-6,Home field,Conference
401282718,2021,6,Illinois,Wisconsin,0,False,True,0.12411441138529423,0,0.8758855886147058,1,2018-2022,Weeks 4-6,Home field,Conference
401282758,2021,6,Iowa,Penn State,1,False,True,0.5292510833577819,1,0.5292510833577819,1,2018-2022,Weeks 4-6,Home field,Conference
401282769,2021,6,Ohio State,Maryland,1,False,True,0.9228503511371472,1,0.9228503511371472,1,2018-2022,Weeks 4-6,Home field,Conference
401282778,2021,6,Nebraska,Michigan,0,False,True,0.4017808205655726,0,0.5982191794344274,1,2018-2022,Weeks 4-6,Home field,Conference
401282788,2021,6,Rutgers,Michigan State,0,False,True,0.37941579172412143,0,0.6205842082758786,1,2018-2022,Weeks 4-6,Home field,Conference
401286191,2021,6,UMass,Connecticut,1,False,False,0.5609933303484897,1,0.5609933303484897,1,2018-2022,Weeks 4-6,Home field,Non-conference
401287917,2021,6,Baylor,West Virginia,1,False,True,0.5452894873205422,1,0.5452894873205422,1,2018-2022,Weeks 4-6,Home field,Conference
401287918,2021,6,Texas,Oklahoma,0,True,True,0.33939453217167165,0,0.6606054678283284,1,2018-2022,Weeks 4-6,Neutral,Conference
401287919,2021,6,Texas Tech,TCU,0,False,True,0.32437364542683483,0,0.6756263545731651,1,2018-2022,Weeks 4-6,Home field,Conference
401301017,2021,6,Tulane,Houston,0,False,True,0.3095561103818398,0,0.6904438896181602,1,2018-2022,Weeks 4-6,Home field,Conference
401301018,2021,6,Cincinnati,Temple,1,False,True,0.9923260564206702,1,0.9923260564206702,1,2018-2022,Weeks 4-6,Home field,Conference
401301019,2021,6,UCF,East Carolina,1,False,True,0.8348678018077532,1,0.8348678018077532,1,2018-2022,Weeks 4-6,Home field,Conference
401301020,2021,6,Tulsa,Memphis,1,False,True,0.4437004270635389,0,0.556299572936461,0,2018-2022,Weeks 4-6,Home field,Conference
401301021,2021,6,Navy,SMU,0,False,True,0.10992567639631835,0,0.8900743236036817,1,2018-2022,Weeks 4-6,Home field,Conference
401308836,2021,6,Eastern Michigan,Miami (OH),1,False,True,0.6298730456514952,1,0.6298730456514952,1,2018-2022,Weeks 4-6,Home field,Conference
401309563,2021,6,Western Michigan,Ball State,0,False,True,0.67489914839087,1,0.67489914839087,0,2018-2022,Weeks 4-6,Home field,Conference
401309564,2021,6,Toledo,Northern Illinois,0,False,True,0.7788734293408758,1,0.7788734293408758,0,2018-2022,Weeks 4-6,Home field,Conference
401309565,2021,6,Kent State,Buffalo,1,False,True,0.4673809629619149,0,0.5326190370380851,0,2018-2022,Weeks 4-6,Home field,Conference
401309566,2021,6,Bowling Green,Akron,0,False,True,0.6820318574097721,1,0.6820318574097721,0,2018-2022,Weeks 4-6,Home field,Conference
401309567,2021,6,Ohio,Central Michigan,0,False,True,0.4342836659676157,0,0.5657163340323843,1,2018-2022,Weeks 4-6,Home field,Conference
401309616,2021,6,Arkansas State,Coastal Carolina,0,False,True,0.051358409927517515,0,0.9486415900724825,1,2018-2022,Weeks 4-6,Home field,Conference
401309617,2021,6,Troy,Georgia Southern,1,False,True,0.7935203246538376,1,0.7935203246538376,1,2018-2022,Weeks 4-6,Home field,Conference
401309618,2021,6,Louisiana Monroe,Georgia State,0,False,True,0.15562838565684217,0,0.8443716143431579,1,2018-2022,Weeks 4-6,Home field,Conference
401309619,2021,6,Texas State,South Alabama,1,False,True,0.4946100219638817,0,0.5053899780361183,0,2018-2022,Weeks 4-6,Home field,Conference
401309868,2021,6,Arizona State,Stanford,1,False,True,0.9206754199459071,1,0.9206754199459071,1,2018-2022,Weeks 4-6,Home field,Conference
401309869,2021,6,Washington State,Oregon State,1,False,True,0.32805003493141605,0,0.671949965068584,0,2018-2022,Weeks 4-6,Home field,Conference
401309870,2021,6,Arizona,UCLA,0,False,True,0.13796517064401595,0,0.8620348293559841,1,2018-2022,Weeks 4-6,Home field,Conference
401309871,2021,6,USC,Utah,0,False,True,0.5426688914452463,1,0.5426688914452463,0,2018-2022,Weeks 4-6,Home field,Conference
401309913,2021,6,BYU,Boise State,0,False,False,0.5885879541885475,1,0.5885879541885475,0,2018-2022,Weeks 4-6,Home field,Non-conference
401310714,2021,6,Air Force,Wyoming,1,False,True,0.45472164495806,0,0.54527835504194,0,2018-2022,Weeks 4-6,Home field,Conference
401310715,2021,6,Colorado State,San José State,1,False,True,0.5831090385586947,1,0.5831090385586947,1,2018-2022,Weeks 4-6,Home field,Conference
401310716,2021,6,San Diego State,New Mexico,1,False,True,0.8954616711359933,1,0.8954616711359933,1,2018-2022,Weeks 4-6,Home field,Conference
401310717,2021,6,Nevada,New Mexico State,1,False,False,0.940724141189891,1,0.940724141189891,1,2018-2022,Weeks 4-6,Home field,Non-conference
401282104,2021,7,Arkansas,Auburn,0,False,True,0.4739365188383955,0,0.5260634811616045,1,2018-2022,Weeks 7-9,Home field,Conference
401282105,2021,7,Georgia,Kentucky,1,False,True,0.9506180259516077,1,0.9506180259516077,1,2018-2022,Weeks 7-9,Home field,Conference
401282106,2021,7,LSU,Florida,1,False,True,0.5554226385685299,1,0.5554226385685299,1,2018-2022,Weeks 7-9,Home field,Conference
401282107,2021,7,Mississippi State,Alabama,0,False,True,0.12782392626091219,0,0.8721760737390878,1,2018-2022,Weeks 7-9,Home field,Conference
401282108,2021,7,Missouri,Texas A&M,0,False,True,0.1943264339836484,0,0.8056735660163516,1,2018-2022,Weeks 7-9,Home field,Conference
401282109,2021,7,South Carolina,Vanderbilt,1,False,True,0.8396610016060833,1,0.8396610016060833,1,2018-2022,Weeks 7-9,Home field,Conference
401282110,2021,7,Tennessee,Ole Miss,0,False,True,0.406554528297817,0,0.593445471702183,1,2018-2022,Weeks 7-9,Home field,Conference
401282230,2021,7,UTEP,Louisiana Tech,1,False,True,0.4497495775813539,0,0.5502504224186461,0,2018-2022,Weeks 7-9,Home field,Conference
401282231,2021,7,North Texas,Marshall,0,False,True,0.2873868100399257,0,0.7126131899600743,1,2018-2022,Weeks 7-9,Home field,Conference
401282232,2021,7,Old Dominion,Western Kentucky,0,False,True,0.3342461224825424,0,0.6657538775174576,1,2018-2022,Weeks 7-9,Home field,Conference
401282233,2021,7,UT San Antonio,Rice,1,False,True,0.8726687547225067,1,0.8726687547225067,1,2018-2022,Weeks 7-9,Home field,Conference
401282234,2021,7,Southern Mississippi,UAB,0,False,True,0.29157918941444894,0,0.7084208105855511,1,2018-2022,Weeks 7-9,Home field,Conference
401282657,2021,7,Syracuse,Clemson,0,False,True,0.1331448259219804,0,0.8668551740780196,1,2018-2022,Weeks 7-9,Home field,Conference
401282658,2021,7,Boston College,NC State,0,False,True,0.5467259995726412,1,0.5467259995726412,0,2018-2022,Weeks 7-9,Home field,Conference
401282659,2021,7,North Carolina,Miami,1,False,True,0.6102675708654468,1,0.6102675708654468,1,2018-2022,Weeks 7-9,Home field,Conference
401282660,2021,7,Virginia,Duke,1,False,True,0.7531544993681635,1,0.7531544993681635,1,2018-2022,Weeks 7-9,Home field,Conference
401282661,2021,7,Virginia Tech,Pittsburgh,0,False,True,0.3485976485782921,0,0.6514023514217079,1,2018-2022,Weeks 7-9,Home field,Conference
401282731,2021,7,Indiana,Michigan State,0,False,True,0.4751435504858082,0,0.5248564495141919,1,2018-2022,Weeks 7-9,Home field,Conference
401282760,2021,7,Iowa,Purdue,0,False,True,0.82487934844516,1,0.82487934844516,0,2018-2022,Weeks 7-9,Home field,Conference
401282796,2021,7,Minnesota,Nebraska,1,False,True,0.40389418432646096,0,0.596105815673539,0,2018-2022,Weeks 7-9,Home field,Conference
401282807,2021,7,Northwestern,Rutgers,1,False,True,0.43729068011696326,0,0.5627093198830367,0,2018-2022,Weeks 7-9,Home field,Conference
401282826,2021,7,Wisconsin,Army,1,False,False,0.9251015123648092,1,0.9251015123648092,1,2018-2022,Weeks 7-9,Home field,Non-conference
401286296,2021,7,Louisiana Monroe,Liberty,1,False,False,0.040688475140355035,0,0.959311524859645,0,2018-2022,Weeks 7-9,Home field,Non-conference
401287920,2021,7,Baylor,BYU,1,False,False,0.7845038299950688,1,0.7845038299950688,1,2018-2022,Weeks 7-9,Home field,Non-conference
401287921,2021,7,Kansas,Texas Tech,0,False,True,0.07558553756313105,0,0.924414462436869,1,2018-2022,Weeks 7-9,Home field,Conference
401287922,2021,7,Kansas State,Iowa State,0,False,True,0.21764880136515466,0,0.7823511986348454,1,2018-2022,Weeks 7-9,Home field,Conference
401287923,2021,7,Oklahoma,TCU,1,False,True,0.8138053093140611,1,0.8138053093140611,1,2018-2022,Weeks 7-9,Home field,Conference
401287924,2021,7,Texas,Oklahoma State,0,False,True,0.7489738872820562,1,0.7489738872820562,0,2018-2022,Weeks 7-9,Home field,Conference
401301022,2021,7,Memphis,Navy,1,False,True,0.9224669413692359,1,0.9224669413692359,1,2018-2022,Weeks 7-9,Home field,Conference
401301023,2021,7,Cincinnati,UCF,1,False,True,0.8788484749843483,1,0.8788484749843483,1,2018-2022,Weeks 7-9,Home field,Conference
401301024,2021,7,South Florida,Tulsa,0,False,True,0.3081105592851268,0,0.6918894407148732,1,2018-2022,Weeks 7-9,Home field,Conference
401308837,2021,7,Miami (OH),Akron,1,False,True,0.8594629357014262,1,0.8594629357014262,1,2018-2022,Weeks 7-9,Home field,Conference
401309568,2021,7,Eastern Michigan,Ball State,0,False,True,0.5462615949377033,1,0.5462615949377033,0,2018-2022,Weeks 7-9,Home field,Conference
401309569,2021,7,Central Michigan,Toledo,1,False,True,0.5054101902749804,1,0.5054101902749804,1,2018-2022,Weeks 7-9,Home field,Conference
401309570,2021,7,Northern Illinois,Bowling Green,1,False,True,0.7939489525569239,1,0.7939489525569239,1,2018-2022,Weeks 7-9,Home field,Conference
401309571,2021,7,Buffalo,Ohio,1,False,True,0.6777627442793142,1,0.6777627442793142,1,2018-2022,Weeks 7-9,Home field,Conference
401309572,2021,7,Western Michigan,Kent State,1,False,True,0.6703393476087472,1,0.6703393476087472,1,2018-2022,Weeks 7-9,Home field,Conference
401309620,2021,7,Louisiana,App State,1,False,True,0.6080810477375416,1,0.6080810477375416,1,2018-2022,Weeks 7-9,Home field,Conference
401309621,2021,7,South Alabama,Georgia Southern,1,False,True,0.744884040747813,1,0.744884040747813,1,2018-2022,Weeks 7-9,Home field,Conference
401309622,2021,7,Texas State,Troy,0,False,True,0.36773261332252977,0,0.6322673866774702,1,2018-2022,Weeks 7-9,Home field,Conference
401309872,2021,7,Oregon,California,1,False,True,0.8762150695272987,1,0.8762150695272987,1,2018-2022,Weeks 7-9,Home field,Conference
401309873,2021,7,Washington State,Stanford,1,False,True,0.6844247920481876,1,0.6844247920481876,1,2018-2022,Weeks 7-9,Home field,Conference
401309874,2021,7,Washington,UCLA,0,False,True,0.5808560385223176,1,0.5808560385223176,0,2018-2022,Weeks 7-9,Home field,Conference
401309875,2021,7,Colorado,Arizona,1,False,True,0.707179813243739,1,0.707179813243739,1,2018-2022,Weeks 7-9,Home field,Conference
401309876,2021,7,Utah,Arizona State,1,False,True,0.4401431930479014,0,0.5598568069520986,0,2018-2022,Weeks 7-9,Home field,Conference
401310718,2021,7,Boise State,Air Force,0,False,True,0.7335501700548692,1,0.7335501700548692,0,2018-2022,Weeks 7-9,Home field,Conference
401310719,2021,7,New Mexico,Colorado State,0,False,True,0.213243732263237,0,0.786756267736763,1,2018-2022,Weeks 7-9,Home field,Conference
401310720,2021,7,UNLV,Utah State,0,False,True,0.4050870576076417,0,0.5949129423923583,1,2018-2022,Weeks 7-9,Home field,Conference
401310721,2021,7,Wyoming,Fresno State,0,False,True,0.5360775142869648,1,0.5360775142869648,0,2018-2022,Weeks 7-9,Home field,Conference
401310722,2021,7,Nevada,Hawai'i,1,False,True,0.7707243568939822,1,0.7707243568939822,1,2018-2022,Weeks 7-9,Home field,Conference
401310723,2021,7,San José State,San Diego State,0,False,True,0.43074563592057463,0,0.5692543640794254,1,2018-2022,Weeks 7-9,Home field,Conference
401282111,2021,8,Alabama,Tennessee,1,False,True,0.9524747695405882,1,0.9524747695405882,1,2018-2022,Weeks 7-9,Home field,Conference
401282113,2021,8,Ole Miss,LSU,1,False,True,0.5616691760037531,1,0.5616691760037531,1,2018-2022,Weeks 7-9,Home field,Conference
401282114,2021,8,Texas A&M,South Carolina,1,False,True,0.9321784164486707,1,0.9321784164486707,1,2018-2022,Weeks 7-9,Home field,Conference
401282115,2021,8,Vanderbilt,Mississippi State,0,False,True,0.06262631168570107,0,0.9373736883142989,1,2018-2022,Weeks 7-9,Home field,Conference
401282235,2021,8,Charlotte,Florida Atlantic,0,False,True,0.2524311570845991,0,0.7475688429154008,1,2018-2022,Weeks 7-9,Home field,Conference
401282236,2021,8,Florida International,Western Kentucky,0,False,True,0.18343098624596826,0,0.8165690137540318,1,2018-2022,Weeks 7-9,Home field,Conference
401282237,2021,8,Louisiana Tech,UT San Antonio,0,False,True,0.20511899892640978,0,0.7948810010735903,1,2018-2022,Weeks 7-9,Home field,Conference
401282238,2021,8,UAB,Rice,0,False,True,0.8975695207138393,1,0.8975695207138393,0,2018-2022,Weeks 7-9,Home field,Conference
401282239,2021,8,Connecticut,Middle Tennessee,0,False,False,0.19563367900162115,0,0.8043663209983789,1,2018-2022,Weeks 7-9,Home field,Non-conference
401282240,2021,8,North Texas,Liberty,0,False,False,0.21714312444273856,0,0.7828568755572615,1,2018-2022,Weeks 7-9,Home field,Non-conference
401282662,2021,8,Army,Wake Forest,0,False,False,0.3308519798262185,0,0.6691480201737815,1,2018-2022,Weeks 7-9,Home field,Non-conference
401282663,2021,8,Florida State,UMass,1,False,False,0.9743331081270575,1,0.9743331081270575,1,2018-2022,Weeks 7-9,Home field,Non-conference
401282664,2021,8,Louisville,Boston College,1,False,True,0.4761814424106964,0,0.5238185575893036,0,2018-2022,Weeks 7-9,Home field,Conference
401282665,2021,8,Miami,NC State,1,False,True,0.6039448476613767,1,0.6039448476613767,1,2018-2022,Weeks 7-9,Home field,Conference
401282666,2021,8,Pittsburgh,Clemson,1,False,True,0.4368495820132501,0,0.5631504179867499,0,2018-2022,Weeks 7-9,Home field,Conference
401282667,2021,8,Virginia,Georgia Tech,1,False,True,0.6638467043328747,1,0.6638467043328747,1,2018-2022,Weeks 7-9,Home field,Conference
401282668,2021,8,Virginia Tech,Syracuse,0,False,True,0.6166185566058076,1,0.6166185566058076,0,2018-2022,Weeks 7-9,Home field,Conference
401282709,2021,8,Notre Dame,USC,1,False,False,0.6374547927521282,1,0.6374547927521282,1,2018-2022,Weeks 7-9,Home field,Non-conference
401282717,2021,8,Penn State,Illinois,0,False,True,0.9733742633411896,1,0.9733742633411896,0,2018-2022,Weeks 7-9,Home field,Conference
401282730,2021,8,Indiana,Ohio State,0,False,True,0.08975923015807491,0,0.910240769841925,1,2018-2022,Weeks 7-9,Home field,Conference
401282767,2021,8,Minnesota,Maryland,1,False,True,0.6316707357731521,1,0.6316707357731521,1,2018-2022,Weeks 7-9,Home field,Conference
401282779,2021,8,Michigan,Northwestern,1,False,True,0.9668091748314249,1,0.9668091748314249,1,2018-2022,Weeks 7-9,Home field,Conference
401282821,2021,8,Purdue,Wisconsin,0,False,True,0.41009039295657346,0,0.5899096070434265,1,2018-2022,Weeks 7-9,Home field,Conference
401287925,2021,8,Iowa State,Oklahoma State,1,False,True,0.7639439291312774,1,0.7639439291312774,1,2018-2022,Weeks 7-9,Home field,Conference
401287926,2021,8,Kansas,Oklahoma,0,False,True,0.0066450811800223735,0,0.9933549188199776,1,2018-2022,Weeks 7-9,Home field,Conference
401287927,2021,8,TCU,West Virginia,0,False,True,0.7921022921514509,1,0.7921022921514509,0,2018-2022,Weeks 7-9,Home field,Conference
401287928,2021,8,Texas Tech,Kansas State,0,False,True,0.516475276209013,1,0.516475276209013,0,2018-2022,Weeks 7-9,Home field,Conference
401301025,2021,8,SMU,Tulane,1,False,True,0.7994036618163225,1,0.7994036618163225,1,2018-2022,Weeks 7-9,Home field,Conference
401301026,2021,8,UCF,Memphis,1,False,True,0.6552751623043358,1,0.6552751623043358,1,2018-2022,Weeks 7-9,Home field,Conference
401301027,2021,8,Navy,Cincinnati,0,False,True,0.011089439192705003,0,0.988910560807295,1,2018-2022,Weeks 7-9,Home field,Conference
401301028,2021,8,Houston,East Carolina,1,False,True,0.8139754186532052,1,0.8139754186532052,1,2018-2022,Weeks 7-9,Home field,Conference
401301029,2021,8,South Florida,Temple,1,False,True,0.7581547880504136,1,0.7581547880504136,1,2018-2022,Weeks 7-9,Home field,Conference
401308838,2021,8,Ball State,Miami (OH),0,False,True,0.6911265037637375,1,0.6911265037637375,0,2018-2022,Weeks 7-9,Home field,Conference
401309573,2021,8,Toledo,Western Michigan,1,False,True,0.49481693376892244,0,0.5051830662310776,0,2018-2022,Weeks 7-9,Home field,Conference
401309574,2021,8,Bowling Green,Eastern Michigan,0,False,True,0.18652850968139217,0,0.8134714903186078,1,2018-2022,Weeks 7-9,Home field,Conference
401309575,2021,8,Akron,Buffalo,0,False,True,0.3035035334599334,0,0.6964964665400666,1,2018-2022,Weeks 7-9,Home field,Conference
401309576,2021,8,Ohio,Kent State,0,False,True,0.5837650307485978,1,0.5837650307485978,0,2018-2022,Weeks 7-9,Home field,Conference
401309577,2021,8,Central Michigan,Northern Illinois,0,False,True,0.6829748518268316,1,0.6829748518268316,0,2018-2022,Weeks 7-9,Home field,Conference
401309623,2021,8,App State,Coastal Carolina,1,False,True,0.3378665575188794,0,0.6621334424811206,0,2018-2022,Weeks 7-9,Home field,Conference
401309624,2021,8,Arkansas State,Louisiana,0,False,True,0.047682317410976525,0,0.9523176825890235,1,2018-2022,Weeks 7-9,Home field,Conference
401309625,2021,8,Georgia State,Texas State,1,False,True,0.704487548278828,1,0.704487548278828,1,2018-2022,Weeks 7-9,Home field,Conference
401309626,2021,8,Louisiana Monroe,South Alabama,1,False,True,0.08639678211089141,0,0.9136032178891086,0,2018-2022,Weeks 7-9,Home field,Conference
401309877,2021,8,Arizona,Washington,0,False,True,0.10415091270409747,0,0.8958490872959025,1,2018-2022,Weeks 7-9,Home field,Conference
401309878,2021,8,California,Colorado,1,False,True,0.6938219673146983,1,0.6938219673146983,1,2018-2022,Weeks 7-9,Home field,Conference
401309879,2021,8,UCLA,Oregon,0,False,True,0.4482671288106299,0,0.5517328711893701,1,2018-2022,Weeks 7-9,Home field,Conference
401309880,2021,8,Oregon State,Utah,1,False,True,0.4376698830627811,0,0.5623301169372189,0,2018-2022,Weeks 7-9,Home field,Conference
401309881,2021,8,Washington State,BYU,0,False,False,0.6983984737510693,1,0.6983984737510693,0,2018-2022,Weeks 7-9,Home field,Non-conference
401310724,2021,8,Air Force,San Diego State,0,False,True,0.614719878265734,1,0.614719878265734,0,2018-2022,Weeks 7-9,Home field,Conference
401310725,2021,8,Utah State,Colorado State,1,False,True,0.3645226658578366,0,0.6354773341421633,0,2018-2022,Weeks 7-9,Home field,Conference
401310726,2021,8,Wyoming,New Mexico,0,False,True,0.9504157954459125,1,0.9504157954459125,0,2018-2022,Weeks 7-9,Home field,Conference
401310727,2021,8,Fresno State,Nevada,1,False,True,0.7678217506312054,1,0.7678217506312054,1,2018-2022,Weeks 7-9,Home field,Conference
401310728,2021,8,Hawai'i,New Mexico State,1,False,False,0.8945012842297595,1,0.8945012842297595,1,2018-2022,Weeks 7-9,Home field,Non-conference
401310729,2021,8,UNLV,San José State,0,False,True,0.32952279662309425,0,0.6704772033769058,1,2018-2022,Weeks 7-9,Home field,Conference
401282116,2021,9,Auburn,Ole Miss,1,False,True,0.6041815105073214,1,0.6041815105073214,1,2018-2022,Weeks 7-9,Home field,Conference
401282117,2021,9,Florida,Georgia,0,True,True,0.11502442128571204,0,0.884975578714288,1,2018-2022,Weeks 7-9,Neutral,Conference
401282118,2021,9,Mississippi State,Kentucky,1,False,True,0.6418105447302463,1,0.6418105447302463,1,2018-2022,Weeks 7-9,Home field,Conference
401282119,2021,9,Vanderbilt,Missouri,0,False,True,0.16248925240147166,0,0.8375107475985284,1,2018-2022,Weeks 7-9,Home field,Conference
401282241,2021,9,Western Kentucky,Charlotte,1,False,True,0.862792582405913,1,0.862792582405913,1,2018-2022,Weeks 7-9,Home field,Conference
401282242,2021,9,Marshall,Florida International,1,False,True,0.9075856928631124,1,0.9075856928631124,1,2018-2022,Weeks 7-9,Home field,Conference
401282243,2021,9,Florida Atlantic,UTEP,1,False,True,0.8911124256491992,1,0.8911124256491992,1,2018-2022,Weeks 7-9,Home field,Conference
401282244,2021,9,Old Dominion,Louisiana Tech,1,False,True,0.5525228912413265,1,0.5525228912413265,1,2018-2022,Weeks 7-9,Home field,Conference
401282245,2021,9,Middle Tennessee,Southern Mississippi,1,False,True,0.7857543313302336,1,0.7857543313302336,1,2018-2022,Weeks 7-9,Home field,Conference
401282246,2021,9,Rice,North Texas,0,False,True,0.4655535077173278,0,0.5344464922826722,1,2018-2022,Weeks 7-9,Home field,Conference
401282669,2021,9,BYU,Virginia,1,False,False,0.3936722777811009,0,0.6063277222188991,0,2018-2022,Weeks 7-9,Home field,Non-conference
401282670,2021,9,Clemson,Florida State,1,False,True,0.8525972097365624,1,0.8525972097365624,1,2018-2022,Weeks 7-9,Home field,Conference
401282671,2021,9,Georgia Tech,Virginia Tech,0,False,True,0.6176808495642394,1,0.6176808495642394,0,2018-2022,Weeks 7-9,Home field,Conference
401282672,2021,9,NC State,Louisville,1,False,True,0.7955565778922006,1,0.7955565778922006,1,2018-2022,Weeks 7-9,Home field,Conference
401282673,2021,9,Notre Dame,North Carolina,1,False,True,0.5943011498023641,1,0.5943011498023641,1,2018-2022,Weeks 7-9,Home field,Conference
401282674,2021,9,Pittsburgh,Miami,0,False,True,0.6750354440105639,1,0.6750354440105639,0,2018-2022,Weeks 7-9,Home field,Conference
401282675,2021,9,Syracuse,Boston College,1,False,True,0.6070418133697384,1,0.6070418133697384,1,2018-2022,Weeks 7-9,Home field,Conference
401282676,2021,9,Wake Forest,Duke,1,False,True,0.906660496199265,1,0.906660496199265,1,2018-2022,Weeks 7-9,Home field,Conference
401282719,2021,9,Illinois,Rutgers,0,False,True,0.49692974374801674,0,0.5030702562519833,1,2018-2022,Weeks 7-9,Home field,Conference
401282726,2021,9,Maryland,Indiana,1,False,True,0.6313996670223352,1,0.6313996670223352,1,2018-2022,Weeks 7-9,Home field,Conference
401282763,2021,9,Wisconsin,Iowa,1,False,True,0.6279250835586929,1,0.6279250835586929,1,2018-2022,Weeks 7-9,Home field,Conference
401282777,2021,9,Michigan State,Michigan,1,False,True,0.2551880769304189,0,0.7448119230695811,0,2018-2022,Weeks 7-9,Home field,Conference
401282795,2021,9,Northwestern,Minnesota,0,False,True,0.17347250948292733,0,0.8265274905170726,1,2018-2022,Weeks 7-9,Home field,Conference
401282801,2021,9,Nebraska,Purdue,0,False,True,0.6859357437186479,1,0.6859357437186479,0,2018-2022,Weeks 7-9,Home field,Conference
401282814,2021,9,Ohio State,Penn State,1,False,True,0.8690725975155282,1,0.8690725975155282,1,2018-2022,Weeks 7-9,Home field,Conference
401286297,2021,9,Liberty,UMass,1,False,False,0.9822206015608824,1,0.9822206015608824,1,2018-2022,Weeks 7-9,Home field,Non-conference
401287929,2021,9,Baylor,Texas,1,False,True,0.4448853211662997,0,0.5551146788337002,0,2018-2022,Weeks 7-9,Home field,Conference
401287930,2021,9,Kansas State,TCU,1,False,True,0.41873374086811294,0,0.5812662591318871,0,2018-2022,Weeks 7-9,Home field,Conference
401287931,2021,9,Oklahoma,Texas Tech,1,False,True,0.9332187610503274,1,0.9332187610503274,1,2018-2022,Weeks 7-9,Home field,Conference
401287932,2021,9,Oklahoma State,Kansas,1,False,True,0.9780558806110892,1,0.9780558806110892,1,2018-2022,Weeks 7-9,Home field,Conference
401287933,2021,9,West Virginia,Iowa State,1,False,True,0.2477644861777526,0,0.7522355138222474,0,2018-2022,Weeks 7-9,Home field,Conference
401301030,2021,9,Tulsa,Navy,0,False,True,0.863332718658317,1,0.863332718658317,0,2018-2022,Weeks 7-9,Home field,Conference
401301031,2021,9,Temple,UCF,0,False,True,0.05578963900430012,0,0.9442103609956999,1,2018-2022,Weeks 7-9,Home field,Conference
401301032,2021,9,Tulane,Cincinnati,0,False,True,0.04881139037747179,0,0.9511886096225282,1,2018-2022,Weeks 7-9,Home field,Conference
401301033,2021,9,East Carolina,South Florida,1,False,True,0.8104025372766976,1,0.8104025372766976,1,2018-2022,Weeks 7-9,Home field,Conference
401301034,2021,9,Houston,SMU,1,False,True,0.6130992952610144,1,0.6130992952610144,1,2018-2022,Weeks 7-9,Home field,Conference
401309578,2021,9,Buffalo,Bowling Green,0,False,True,0.8522891740583209,1,0.8522891740583209,0,2018-2022,Weeks 7-9,Home field,Conference
401309627,2021,9,Coastal Carolina,Troy,1,False,True,0.9046184289067769,1,0.9046184289067769,1,2018-2022,Weeks 7-9,Home field,Conference
401309628,2021,9,App State,Louisiana Monroe,1,False,True,0.9764552419211358,1,0.9764552419211358,1,2018-2022,Weeks 7-9,Home field,Conference
401309629,2021,9,South Alabama,Arkansas State,1,False,True,0.8306403926635247,1,0.8306403926635247,1,2018-2022,Weeks 7-9,Home field,Conference
401309630,2021,9,Georgia Southern,Georgia State,0,False,True,0.24553019923080793,0,0.7544698007691921,1,2018-2022,Weeks 7-9,Home field,Conference
401309631,2021,9,Louisiana,Texas State,1,False,True,0.9505016983840306,1,0.9505016983840306,1,2018-2022,Weeks 7-9,Home field,Conference
401309882,2021,9,California,Oregon State,1,False,True,0.4065155452843573,0,0.5934844547156427,0,2018-2022,Weeks 7-9,Home field,Conference
401309883,2021,9,Stanford,Washington,0,False,True,0.25658734409720807,0,0.7434126559027919,1,2018-2022,Weeks 7-9,Home field,Conference
401309884,2021,9,Oregon,Colorado,1,False,True,0.9394384459000945,1,0.9394384459000945,1,2018-2022,Weeks 7-9,Home field,Conference
401309885,2021,9,Arizona State,Washington State,0,False,True,0.8785375960619066,1,0.8785375960619066,0,2018-2022,Weeks 7-9,Home field,Conference
401309886,2021,9,USC,Arizona,1,False,True,0.9409191032906989,1,0.9409191032906989,1,2018-2022,Weeks 7-9,Home field,Conference
401309887,2021,9,Utah,UCLA,1,False,True,0.6076946290151306,1,0.6076946290151306,1,2018-2022,Weeks 7-9,Home field,Conference
401310730,2021,9,Colorado State,Boise State,0,False,True,0.39387557383454663,0,0.6061244261654534,1,2018-2022,Weeks 7-9,Home field,Conference
401310731,2021,9,Utah State,Hawai'i,1,False,True,0.5024117581183001,1,0.5024117581183001,1,2018-2022,Weeks 7-9,Home field,Conference
401310732,2021,9,San José State,Wyoming,1,False,True,0.4042727679467382,0,0.5957272320532618,0,2018-2022,Weeks 7-9,Home field,Conference
401310733,2021,9,San Diego State,Fresno State,0,False,True,0.3601409570756058,0,0.6398590429243942,1,2018-2022,Weeks 7-9,Home field,Conference
401310734,2021,9,Nevada,UNLV,1,False,True,0.8852885864735097,1,0.8852885864735097,1,2018-2022,Weeks 7-9,Home field,Conference
401282120,2021,10,Alabama,LSU,1,False,True,0.9126083332428814,1,0.9126083332428814,1,2018-2022,Weeks 10+,Home field,Conference
401282121,2021,10,Arkansas,Mississippi State,1,False,True,0.49290944955208693,0,0.5070905504479131,0,2018-2022,Weeks 10+,Home field,Conference
401282122,2021,10,Georgia,Missouri,1,False,True,0.9886786821147114,1,0.9886786821147114,1,2018-2022,Weeks 10+,Home field,Conference
401282123,2021,10,Kentucky,Tennessee,0,False,True,0.5764787085953352,1,0.5764787085953352,0,2018-2022,Weeks 10+,Home field,Conference
401282124,2021,10,Ole Miss,Liberty,1,False,False,0.8508707643265029,1,0.8508707643265029,1,2018-2022,Weeks 10+,Home field,Non-conference
401282125,2021,10,South Carolina,Florida,1,False,True,0.12471051968635614,0,0.8752894803136438,0,2018-2022,Weeks 10+,Home field,Conference
401282126,2021,10,Texas A&M,Auburn,1,False,True,0.5687205847748035,1,0.5687205847748035,1,2018-2022,Weeks 10+,Home field,Conference
401282247,2021,10,Charlotte,Rice,1,False,True,0.5837832787930455,1,0.5837832787930455,1,2018-2022,Weeks 10+,Home field,Conference
401282248,2021,10,Florida International,Old Dominion,0,False,True,0.525223858057718,1,0.525223858057718,0,2018-2022,Weeks 10+,Home field,Conference
401282249,2021,10,Florida Atlantic,Marshall,0,False,True,0.6251727381424319,1,0.6251727381424319,0,2018-2022,Weeks 10+,Home field,Conference
401282250,2021,10,UAB,Louisiana Tech,1,False,True,0.7986299783585322,1,0.7986299783585322,1,2018-2022,Weeks 10+,Home field,Conference
401282251,2021,10,Western Kentucky,Middle Tennessee,1,False,True,0.778186972532772,1,0.778186972532772,1,2018-2022,Weeks 10+,Home field,Conference
401282252,2021,10,Southern Mississippi,North Texas,0,False,True,0.4060985293067701,0,0.59390147069323,1,2018-2022,Weeks 10+,Home field,Conference
401282253,2021,10,UTEP,UT San Antonio,0,False,True,0.14085068940379333,0,0.8591493105962067,1,2018-2022,Weeks 10+,Home field,Conference
401282677,2021,10,Boston College,Virginia Tech,1,False,True,0.4953672429226204,0,0.5046327570773796,0,2018-2022,Weeks 10+,Home field,Conference
401282678,2021,10,Duke,Pittsburgh,0,False,True,0.08372878049227644,0,0.9162712195077236,1,2018-2022,Weeks 10+,Home field,Conference
401282679,2021,10,Florida State,NC State,0,False,True,0.455172713061281,0,0.544827286938719,1,2018-2022,Weeks 10+,Home field,Conference
401282680,2021,10,Louisville,Clemson,0,False,True,0.13425342074348198,0,0.865746579256518,1,2018-2022,Weeks 10+,Home field,Conference
401282681,2021,10,Miami,Georgia Tech,1,False,True,0.8088355434833161,1,0.8088355434833161,1,2018-2022,Weeks 10+,Home field,Conference
401282682,2021,10,North Carolina,Wake Forest,1,False,True,0.6254128107361192,1,0.6254128107361192,1,2018-2022,Weeks 10+,Home field,Conference
401282710,2021,10,Notre Dame,Navy,1,False,False,0.9780811010796109,1,0.9780811010796109,1,2018-2022,Weeks 10+,Home field,Non-conference
401282720,2021,10,Minnesota,Illinois,0,False,True,0.899446920965976,1,0.899446920965976,0,2018-2022,Weeks 10+,Home field,Conference
401282727,2021,10,Michigan,Indiana,1,False,True,0.9143377644432402,1,0.9143377644432402,1,2018-2022,Weeks 10+,Home field,Conference
401282757,2021,10,Northwestern,Iowa,0,False,True,0.10260433027037288,0,0.8973956697296271,1,2018-2022,Weeks 10+,Home field,Conference
401282768,2021,10,Maryland,Penn State,0,False,True,0.21623197078683004,0,0.7837680292131699,1,2018-2022,Weeks 10+,Home field,Conference
401282787,2021,10,Purdue,Michigan State,1,False,True,0.5734630531607879,1,0.5734630531607879,1,2018-2022,Weeks 10+,Home field,Conference
401282799,2021,10,Nebraska,Ohio State,0,False,True,0.15380146881273704,0,0.846198531187263,1,2018-2022,Weeks 10+,Home field,Conference
401282824,2021,10,Rutgers,Wisconsin,0,False,True,0.10387727591262612,0,0.8961227240873739,1,2018-2022,Weeks 10+,Home field,Conference
401287934,2021,10,Iowa State,Texas,1,False,True,0.6581097417382206,1,0.6581097417382206,1,2018-2022,Weeks 10+,Home field,Conference
401287935,2021,10,Kansas,Kansas State,0,False,True,0.04731949961416051,0,0.9526805003858395,1,2018-2022,Weeks 10+,Home field,Conference
401287936,2021,10,TCU,Baylor,1,False,True,0.5228305974035372,1,0.5228305974035372,1,2018-2022,Weeks 10+,Home field,Conference
401287937,2021,10,West Virginia,Oklahoma State,0,False,True,0.3918161296527553,0,0.6081838703472446,1,2018-2022,Weeks 10+,Home field,Conference
401301035,2021,10,East Carolina,Temple,1,False,True,0.9426221627876689,1,0.9426221627876689,1,2018-2022,Weeks 10+,Home field,Conference
401301036,2021,10,UCF,Tulane,1,False,True,0.8743516254539324,1,0.8743516254539324,1,2018-2022,Weeks 10+,Home field,Conference
401301037,2021,10,Cincinnati,Tulsa,1,False,True,0.9660192889557505,1,0.9660192889557505,1,2018-2022,Weeks 10+,Home field,Conference
401301038,2021,10,South Florida,Houston,0,False,True,0.1356325473666199,0,0.8643674526333801,1,2018-2022,Weeks 10+,Home field,Conference
401301039,2021,10,Memphis,SMU,1,False,True,0.44518439340500815,0,0.5548156065949919,0,2018-2022,Weeks 10+,Home field,Conference
401308839,2021,10,Ohio,Miami (OH),1,False,True,0.4252192505764052,0,0.5747807494235948,0,2018-2022,Weeks 10+,Home field,Conference
401309579,2021,10,Akron,Ball State,0,False,True,0.1627032310978661,0,0.8372967689021339,1,2018-2022,Weeks 10+,Home field,Conference
401309580,2021,10,Toledo,Eastern Michigan,0,False,True,0.5768534594075172,1,0.5768534594075172,0,2018-2022,Weeks 10+,Home field,Conference
401309581,2021,10,Western Michigan,Central Michigan,0,False,True,0.6606814170138766,1,0.6606814170138766,0,2018-2022,Weeks 10+,Home field,Conference
401309582,2021,10,Kent State,Northern Illinois,1,False,True,0.5883361320066095,1,0.5883361320066095,1,2018-2022,Weeks 10+,Home field,Conference
401309632,2021,10,Louisiana,Georgia State,1,False,True,0.9049629171496766,1,0.9049629171496766,1,2018-2022,Weeks 10+,Home field,Conference
401309633,2021,10,Arkansas State,App State,0,False,True,0.08787788089048623,0,0.9121221191095138,1,2018-2022,Weeks 10+,Home field,Conference
401309634,2021,10,Georgia Southern,Coastal Carolina,0,False,True,0.0508977110354012,0,0.9491022889645988,1,2018-2022,Weeks 10+,Home field,Conference
401309635,2021,10,Texas State,Louisiana Monroe,1,False,True,0.8257834779857752,1,0.8257834779857752,1,2018-2022,Weeks 10+,Home field,Conference
401309636,2021,10,Troy,South Alabama,1,False,True,0.6242288409759562,1,0.6242288409759562,1,2018-2022,Weeks 10+,Home field,Conference
401309888,2021,10,Stanford,Utah,0,False,True,0.1497281763509507,0,0.8502718236490493,1,2018-2022,Weeks 10+,Home field,Conference
401309889,2021,10,Arizona,California,1,False,True,0.1866895551928119,0,0.8133104448071881,0,2018-2022,Weeks 10+,Home field,Conference
401309890,2021,10,Washington,Oregon,0,False,True,0.31436283254324726,0,0.6856371674567527,1,2018-2022,Weeks 10+,Home field,Conference
401309891,2021,10,Colorado,Oregon State,1,False,True,0.23037915682551557,0,0.7696208431744844,0,2018-2022,Weeks 10+,Home field,Conference
401309892,2021,10,Arizona State,USC,1,False,True,0.7001697494483956,1,0.7001697494483956,1,2018-2022,Weeks 10+,Home field,Conference
401310253,2021,10,Air Force,Army,0,True,False,0.5694601339996123,1,0.5694601339996123,0,2018-2022,Weeks 10+,Neutral,Non-conference
401310735,2021,10,Fresno State,Boise State,0,False,True,0.6429081763818875,1,0.6429081763818875,0,2018-2022,Weeks 10+,Home field,Conference
401310736,2021,10,Wyoming,Colorado State,1,False,True,0.6060833401024026,1,0.6060833401024026,1,2018-2022,Weeks 10+,Home field,Conference
401310737,2021,10,New Mexico,UNLV,0,False,True,0.5145990202881822,1,0.5145990202881822,0,2018-2022,Weeks 10+,Home field,Conference
401310738,2021,10,New Mexico State,Utah State,0,False,False,0.2798969238465701,0,0.7201030761534299,1,2018-2022,Weeks 10+,Home field,Non-conference
401310739,2021,10,Hawai'i,San Diego State,0,False,True,0.35240321170209177,0,0.6475967882979082,1,2018-2022,Weeks 10+,Home field,Conference
401310740,2021,10,Nevada,San José State,1,False,True,0.7531100341511408,1,0.7531100341511408,1,2018-2022,Weeks 10+,Home field,Conference
401282127,2021,11,Alabama,New Mexico State,1,False,False,0.999148492173691,1,0.999148492173691,1,2018-2022,Weeks 10+,Home field,Non-conference
401282128,2021,11,Auburn,Mississippi State,0,False,True,0.6374361070189859,1,0.6374361070189859,0,2018-2022,Weeks 10+,Home field,Conference
401282130,2021,11,LSU,Arkansas,0,False,True,0.6927821416360922,1,0.6927821416360922,0,2018-2022,Weeks 10+,Home field,Conference
401282131,2021,11,Ole Miss,Texas A&M,1,False,True,0.5211254850325548,1,0.5211254850325548,1,2018-2022,Weeks 10+,Home field,Conference
401282132,2021,11,Missouri,South Carolina,1,False,True,0.6032935580709444,1,0.6032935580709444,1,2018-2022,Weeks 10+,Home field,Conference
401282133,2021,11,Tennessee,Georgia,0,False,True,0.0687639171143493,0,0.9312360828856507,1,2018-2022,Weeks 10+,Home field,Conference
401282134,2021,11,Vanderbilt,Kentucky,0,False,True,0.05941104499281864,0,0.9405889550071813,1,2018-2022,Weeks 10+,Home field,Conference
401282254,2021,11,Louisiana Tech,Charlotte,1,False,True,0.6687264277681055,1,0.6687264277681055,1,2018-2022,Weeks 10+,Home field,Conference
401282255,2021,11,Middle Tennessee,Florida International,1,False,True,0.8581987608715967,1,0.8581987608715967,1,2018-2022,Weeks 10+,Home field,Conference
401282256,2021,11,Old Dominion,Florida Atlantic,1,False,True,0.28330642040254883,0,0.7166935795974512,0,2018-2022,Weeks 10+,Home field,Conference
401282257,2021,11,Marshall,UAB,0,False,True,0.7133968605223011,1,0.7133968605223011,0,2018-2022,Weeks 10+,Home field,Conference
401282258,2021,11,North Texas,UTEP,1,False,True,0.6779356612962296,1,0.6779356612962296,1,2018-2022,Weeks 10+,Home field,Conference
401282259,2021,11,Rice,Western Kentucky,0,False,True,0.13376991809210376,0,0.8662300819078963,1,2018-2022,Weeks 10+,Home field,Conference
401282260,2021,11,UT San Antonio,Southern Mississippi,1,False,True,0.9646218077653989,1,0.9646218077653989,1,2018-2022,Weeks 10+,Home field,Conference
401282683,2021,11,Pittsburgh,North Carolina,1,False,True,0.6090942113122981,1,0.6090942113122981,1,2018-2022,Weeks 10+,Home field,Conference
401282684,2021,11,Clemson,Connecticut,1,False,False,0.9971077808672106,1,0.9971077808672106,1,2018-2022,Weeks 10+,Home field,Non-conference
401282685,2021,11,Florida State,Miami,1,False,True,0.3743695900365937,0,0.6256304099634062,0,2018-2022,Weeks 10+,Home field,Conference
401282686,2021,11,Georgia Tech,Boston College,0,False,True,0.5976476931387039,1,0.5976476931387039,0,2018-2022,Weeks 10+,Home field,Conference
401282687,2021,11,Louisville,Syracuse,1,False,True,0.47978075577895607,0,0.5202192442210439,0,2018-2022,Weeks 10+,Home field,Conference
401282688,2021,11,Virginia,Notre Dame,0,False,True,0.35363278285593414,0,0.6463672171440659,1,2018-2022,Weeks 10+,Home field,Conference
401282689,2021,11,Virginia Tech,Duke,1,False,True,0.8436275066528252,1,0.8436275066528252,1,2018-2022,Weeks 10+,Home field,Conference
401282690,2021,11,Wake Forest,NC State,1,False,True,0.5498990086949126,1,0.5498990086949126,1,2018-2022,Weeks 10+,Home field,Conference
401282728,2021,11,Indiana,Rutgers,0,False,True,0.7823849962857033,1,0.7823849962857033,0,2018-2022,Weeks 10+,Home field,Conference
401282762,2021,11,Iowa,Minnesota,1,False,True,0.6781572821132331,1,0.6781572821132331,1,2018-2022,Weeks 10+,Home field,Conference
401282771,2021,11,Michigan State,Maryland,1,False,True,0.6960113953543674,1,0.6960113953543674,1,2018-2022,Weeks 10+,Home field,Conference
401282780,2021,11,Penn State,Michigan,0,False,True,0.497592626803256,0,0.502407373196744,1,2018-2022,Weeks 10+,Home field,Conference
401282806,2021,11,Wisconsin,Northwestern,1,False,True,0.9774971587088257,1,0.9774971587088257,1,2018-2022,Weeks 10+,Home field,Conference
401282812,2021,11,Ohio State,Purdue,1,False,True,0.9153293570084255,1,0.9153293570084255,1,2018-2022,Weeks 10+,Home field,Conference
401287938,2021,11,Baylor,Oklahoma,1,False,True,0.2472380639544256,0,0.7527619360455744,0,2018-2022,Weeks 10+,Home field,Conference
401287939,2021,11,Kansas State,West Virginia,1,False,True,0.6428801288391809,1,0.6428801288391809,1,2018-2022,Weeks 10+,Home field,Conference
401287940,2021,11,Oklahoma State,TCU,1,False,True,0.7032047053165418,1,0.7032047053165418,1,2018-2022,Weeks 10+,Home field,Conference
401287941,2021,11,Texas,Kansas,0,False,True,0.985998958070496,1,0.985998958070496,0,2018-2022,Weeks 10+,Home field,Conference
401287942,2021,11,Texas Tech,Iowa State,1,False,True,0.17340196980423556,0,0.8265980301957645,0,2018-2022,Weeks 10+,Home field,Conference
401301040,2021,11,South Florida,Cincinnati,0,False,True,0.03559971649363762,0,0.9644002835063624,1,2018-2022,Weeks 10+,Home field,Conference
401301041,2021,11,SMU,UCF,1,False,True,0.5350157102060074,1,0.5350157102060074,1,2018-2022,Weeks 10+,Home field,Conference
401301042,2021,11,Memphis,East Carolina,0,False,True,0.5863807378642683,1,0.5863807378642683,0,2018-2022,Weeks 10+,Home field,Conference
401301043,2021,11,Temple,Houston,0,False,True,0.032833289140811316,0,0.9671667108591887,1,2018-2022,Weeks 10+,Home field,Conference
401301044,2021,11,Tulane,Tulsa,0,False,True,0.5110134523282991,1,0.5110134523282991,0,2018-2022,Weeks 10+,Home field,Conference
401308840,2021,11,Miami (OH),Buffalo,1,False,True,0.7185164877328981,1,0.7185164877328981,1,2018-2022,Weeks 10+,Home field,Conference
401309583,2021,11,Eastern Michigan,Ohio,0,False,True,0.7644974358479917,1,0.7644974358479917,0,2018-2022,Weeks 10+,Home field,Conference
401309584,2021,11,Western Michigan,Akron,1,False,True,0.8725422766909909,1,0.8725422766909909,1,2018-2022,Weeks 10+,Home field,Conference
401309585,2021,11,Bowling Green,Toledo,0,False,True,0.19662894319563756,0,0.8033710568043624,1,2018-2022,Weeks 10+,Home field,Conference
401309586,2021,11,Central Michigan,Kent State,1,False,True,0.6818819852145259,1,0.6818819852145259,1,2018-2022,Weeks 10+,Home field,Conference
401309587,2021,11,Northern Illinois,Ball State,1,False,True,0.375158668105207,0,0.624841331894793,0,2018-2022,Weeks 10+,Home field,Conference
401309637,2021,11,App State,South Alabama,1,False,True,0.8529355607351718,1,0.8529355607351718,1,2018-2022,Weeks 10+,Home field,Conference
401309638,2021,11,Louisiana Monroe,Arkansas State,0,False,True,0.4247615966217456,0,0.5752384033782544,1,2018-2022,Weeks 10+,Home field,Conference
401309639,2021,11,Coastal Carolina,Georgia State,0,False,True,0.8827329504204576,1,0.8827329504204576,0,2018-2022,Weeks 10+,Home field,Conference
401309640,2021,11,Texas State,Georgia Southern,0,False,True,0.6504223241620514,1,0.6504223241620514,0,2018-2022,Weeks 10+,Home field,Conference
401309641,2021,11,Troy,Louisiana,0,False,True,0.21588030220983603,0,0.784119697790164,1,2018-2022,Weeks 10+,Home field,Conference
401309894,2021,11,Oregon State,Stanford,1,False,True,0.8846051562936159,1,0.8846051562936159,1,2018-2022,Weeks 10+,Home field,Conference
401309895,2021,11,Oregon,Washington State,1,False,True,0.8979940518931444,1,0.8979940518931444,1,2018-2022,Weeks 10+,Home field,Conference
401309896,2021,11,Arizona,Utah,0,False,True,0.047503963560291115,0,0.9524960364397089,1,2018-2022,Weeks 10+,Home field,Conference
401309897,2021,11,Washington,Arizona State,0,False,True,0.37406197868891455,0,0.6259380213110854,1,2018-2022,Weeks 10+,Home field,Conference
401309898,2021,11,UCLA,Colorado,1,False,True,0.8724099244638523,1,0.8724099244638523,1,2018-2022,Weeks 10+,Home field,Conference
401310741,2021,11,Colorado State,Air Force,0,False,True,0.5853866534490447,1,0.5853866534490447,0,2018-2022,Weeks 10+,Home field,Conference
401310742,2021,11,Boise State,Wyoming,1,False,True,0.7596001918726546,1,0.7596001918726546,1,2018-2022,Weeks 10+,Home field,Conference
401310743,2021,11,Fresno State,New Mexico,1,False,True,0.9636942854505859,1,0.9636942854505859,1,2018-2022,Weeks 10+,Home field,Conference
401310744,2021,11,San José State,Utah State,0,False,True,0.6353030050845894,1,0.6353030050845894,0,2018-2022,Weeks 10+,Home field,Conference
401310745,2021,11,UNLV,Hawai'i,1,False,True,0.3954829228801489,0,0.6045170771198511,0,2018-2022,Weeks 10+,Home field,Conference
401310746,2021,11,San Diego State,Nevada,1,False,True,0.5231966038198965,1,0.5231966038198965,1,2018-2022,Weeks 10+,Home field,Conference
401282135,2021,12,Alabama,Arkansas,1,False,True,0.9499941549624331,1,0.9499941549624331,1,2018-2022,Weeks 10+,Home field,Conference
401282137,2021,12,Kentucky,New Mexico State,1,False,False,0.988855312739962,1,0.988855312739962,1,2018-2022,Weeks 10+,Home field,Non-conference
401282138,2021,12,LSU,Louisiana Monroe,1,False,False,0.991671668129521,1,0.991671668129521,1,2018-2022,Weeks 10+,Home field,Non-conference
401282139,2021,12,Ole Miss,Vanderbilt,1,False,True,0.9833947811320848,1,0.9833947811320848,1,2018-2022,Weeks 10+,Home field,Conference
401282141,2021,12,Missouri,Florida,1,False,True,0.24509881699716768,0,0.7549011830028323,0,2018-2022,Weeks 10+,Home field,Conference
401282142,2021,12,South Carolina,Auburn,1,False,True,0.1459427710896527,0,0.8540572289103473,0,2018-2022,Weeks 10+,Home field,Conference
401282143,2021,12,Tennessee,South Alabama,1,False,False,0.8770880609511466,1,0.8770880609511466,1,2018-2022,Weeks 10+,Home field,Non-conference
401282261,2021,12,Charlotte,Marshall,0,False,True,0.17856654091897836,0,0.8214334590810216,1,2018-2022,Weeks 10+,Home field,Conference
401282262,2021,12,Florida International,North Texas,0,False,True,0.24199305709889013,0,0.7580069429011098,1,2018-2022,Weeks 10+,Home field,Conference
401282263,2021,12,Western Kentucky,Florida Atlantic,1,False,True,0.6795340804993307,1,0.6795340804993307,1,2018-2022,Weeks 10+,Home field,Conference
401282264,2021,12,Louisiana Tech,Southern Mississippi,0,False,True,0.7708240484161099,1,0.7708240484161099,0,2018-2022,Weeks 10+,Home field,Conference
401282265,2021,12,Middle Tennessee,Old Dominion,0,False,True,0.7504724928682697,1,0.7504724928682697,0,2018-2022,Weeks 10+,Home field,Conference
401282266,2021,12,UTEP,Rice,1,False,True,0.6561921156757852,1,0.6561921156757852,1,2018-2022,Weeks 10+,Home field,Conference
401282267,2021,12,UT San Antonio,UAB,1,False,True,0.7819481690615921,1,0.7819481690615921,1,2018-2022,Weeks 10+,Home field,Conference
401282691,2021,12,Duke,Louisville,0,False,True,0.19585774957587643,0,0.8041422504241236,1,2018-2022,Weeks 10+,Home field,Conference
401282692,2021,12,Boston College,Florida State,0,False,True,0.4893127852835947,0,0.5106872147164053,1,2018-2022,Weeks 10+,Home field,Conference
401282693,2021,12,Clemson,Wake Forest,1,False,True,0.7673809969135444,1,0.7673809969135444,1,2018-2022,Weeks 10+,Home field,Conference
401282694,2021,12,Miami,Virginia Tech,1,False,True,0.7991710723796908,1,0.7991710723796908,1,2018-2022,Weeks 10+,Home field,Conference
401282695,2021,12,NC State,Syracuse,1,False,True,0.83293131269352,1,0.83293131269352,1,2018-2022,Weeks 10+,Home field,Conference
401282697,2021,12,Notre Dame,Georgia Tech,1,False,True,0.8675376343521672,1,0.8675376343521672,1,2018-2022,Weeks 10+,Home field,Conference
401282698,2021,12,Pittsburgh,Virginia,1,False,True,0.7959455248500419,1,0.7959455248500419,1,2018-2022,Weeks 10+,Home field,Conference
401282721,2021,12,Iowa,Illinois,1,False,True,0.8995092320458059,1,0.8995092320458059,1,2018-2022,Weeks 10+,Home field,Conference
401282732,2021,12,Indiana,Minnesota,0,False,True,0.2846253595626328,0,0.7153746404373672,1,2018-2022,Weeks 10+,Home field,Conference
401282770,2021,12,Maryland,Michigan,0,False,True,0.1537229192942203,0,0.8462770807057797,1,2018-2022,Weeks 10+,Home field,Conference
401282786,2021,12,Ohio State,Michigan State,1,False,True,0.9298073840436467,1,0.9298073840436467,1,2018-2022,Weeks 10+,Home field,Conference
401282803,2021,12,Wisconsin,Nebraska,1,False,True,0.8331046086381788,1,0.8331046086381788,1,2018-2022,Weeks 10+,Home field,Conference
401282808,2021,12,Northwestern,Purdue,0,True,True,0.1285526933044962,0,0.8714473066955037,1,2018-2022,Weeks 10+,Neutral,Conference
401282818,2021,12,Penn State,Rutgers,1,False,True,0.9332692719843309,1,0.9332692719843309,1,2018-2022,Weeks 10+,Home field,Conference
401286293,2021,12,UCF,Connecticut,1,False,False,0.9857936056440172,1,0.9857936056440172,1,2018-2022,Weeks 10+,Home field,Non-conference
401286298,2021,12,Liberty,Louisiana,0,False,False,0.3280384743576018,0,0.6719615256423982,1,2018-2022,Weeks 10+,Home field,Non-conference
401286305,2021,12,Army,UMass,1,False,False,0.9808331707661545,1,0.9808331707661545,1,2018-2022,Weeks 10+,Home field,Non-conference
401287943,2021,12,Kansas State,Baylor,0,False,True,0.471316840578579,0,0.528683159421421,1,2018-2022,Weeks 10+,Home field,Conference
401287944,2021,12,Oklahoma,Iowa State,1,False,True,0.6938854256991674,1,0.6938854256991674,1,2018-2022,Weeks 10+,Home field,Conference
401287945,2021,12,TCU,Kansas,1,False,True,0.9663643611884103,1,0.9663643611884103,1,2018-2022,Weeks 10+,Home field,Conference
401287946,2021,12,Texas Tech,Oklahoma State,0,False,True,0.1965955086693239,0,0.8034044913306762,1,2018-2022,Weeks 10+,Home field,Conference
401287947,2021,12,West Virginia,Texas,1,False,True,0.3861991636535567,0,0.6138008363464433,0,2018-2022,Weeks 10+,Home field,Conference
401301045,2021,12,Houston,Memphis,1,False,True,0.7298729671403683,1,0.7298729671403683,1,2018-2022,Weeks 10+,Home field,Conference
401301046,2021,12,Cincinnati,SMU,1,False,True,0.8592062166935164,1,0.8592062166935164,1,2018-2022,Weeks 10+,Home field,Conference
401301047,2021,12,Navy,East Carolina,0,False,True,0.15987436148551137,0,0.8401256385144886,1,2018-2022,Weeks 10+,Home field,Conference
401301048,2021,12,Tulane,South Florida,1,False,True,0.6947099560750265,1,0.6947099560750265,1,2018-2022,Weeks 10+,Home field,Conference
401301049,2021,12,Tulsa,Temple,1,False,True,0.9400493893880031,1,0.9400493893880031,1,2018-2022,Weeks 10+,Home field,Conference
401308841,2021,12,Miami (OH),Bowling Green,1,False,True,0.9011975686991068,1,0.9011975686991068,1,2018-2022,Weeks 10+,Home field,Conference
401309588,2021,12,Eastern Michigan,Western Michigan,1,False,True,0.5767867223203089,1,0.5767867223203089,1,2018-2022,Weeks 10+,Home field,Conference
401309589,2021,12,Ohio,Toledo,0,False,True,0.33202268252086964,0,0.6679773174791304,1,2018-2022,Weeks 10+,Home field,Conference
401309590,2021,12,Buffalo,Northern Illinois,0,False,True,0.5174617995707651,1,0.5174617995707651,0,2018-2022,Weeks 10+,Home field,Conference
401309591,2021,12,Ball State,Central Michigan,0,False,True,0.5750188453852753,1,0.5750188453852753,0,2018-2022,Weeks 10+,Home field,Conference
401309592,2021,12,Akron,Kent State,0,False,True,0.3618891177597314,0,0.6381108822402686,1,2018-2022,Weeks 10+,Home field,Conference
401309642,2021,12,Troy,App State,0,False,True,0.28547793723691817,0,0.7145220627630818,1,2018-2022,Weeks 10+,Home field,Conference
401309643,2021,12,Georgia State,Arkansas State,1,False,True,0.9114035645196021,1,0.9114035645196021,1,2018-2022,Weeks 10+,Home field,Conference
401309644,2021,12,Coastal Carolina,Texas State,1,False,True,0.9560760079471516,1,0.9560760079471516,1,2018-2022,Weeks 10+,Home field,Conference
401309645,2021,12,Georgia Southern,BYU,0,False,False,0.2091775296867228,0,0.7908224703132772,1,2018-2022,Weeks 10+,Home field,Non-conference
401309899,2021,12,Washington State,Arizona,1,False,True,0.8488832500107804,1,0.8488832500107804,1,2018-2022,Weeks 10+,Home field,Conference
401309900,2021,12,Stanford,California,0,False,True,0.2861291142442296,0,0.7138708857557704,1,2018-2022,Weeks 10+,Home field,Conference
401309901,2021,12,Utah,Oregon,1,False,True,0.5390399949998836,1,0.5390399949998836,1,2018-2022,Weeks 10+,Home field,Conference
401309902,2021,12,Oregon State,Arizona State,1,False,True,0.4197421185557066,0,0.5802578814442934,0,2018-2022,Weeks 10+,Home field,Conference
401309903,2021,12,Colorado,Washington,1,False,True,0.23873975310583334,0,0.7612602468941667,0,2018-2022,Weeks 10+,Home field,Conference
401309904,2021,12,USC,UCLA,0,False,True,0.5048955104385598,1,0.5048955104385598,0,2018-2022,Weeks 10+,Home field,Conference
401310747,2021,12,Nevada,Air Force,0,False,True,0.6804767320079624,1,0.6804767320079624,0,2018-2022,Weeks 10+,Home field,Conference
401310748,2021,12,Boise State,New Mexico,1,False,True,0.9731234222861694,1,0.9731234222861694,1,2018-2022,Weeks 10+,Home field,Conference
401310749,2021,12,Hawai'i,Colorado State,1,False,True,0.3922529528559885,0,0.6077470471440115,0,2018-2022,Weeks 10+,Home field,Conference
401310750,2021,12,Utah State,Wyoming,0,False,True,0.4516681158387521,0,0.5483318841612479,1,2018-2022,Weeks 10+,Home field,Conference
401310751,2021,12,UNLV,San Diego State,0,False,True,0.23955499173557865,0,0.7604450082644214,1,2018-2022,Weeks 10+,Home field,Conference
401282145,2021,13,Arkansas,Missouri,1,False,True,0.862661112090416,1,0.862661112090416,1,2018-2022,Weeks 10+,Home field,Conference
401282146,2021,13,Auburn,Alabama,0,False,True,0.1356663087103273,0,0.8643336912896726,1,2018-2022,Weeks 10+,Home field,Conference
401282147,2021,13,Florida,Florida State,1,False,False,0.7160455356550931,1,0.7160455356550931,1,2018-2022,Weeks 10+,Home field,Non-conference
401282148,2021,13,Georgia Tech,Georgia,0,False,False,0.02787301588871531,0,0.9721269841112847,1,2018-2022,Weeks 10+,Home field,Non-conference
401282149,2021,13,Louisville,Kentucky,0,False,False,0.4851548458251903,0,0.5148451541748097,1,2018-2022,Weeks 10+,Home field,Non-conference
401282150,2021,13,LSU,Texas A&M,1,False,True,0.4814740728024867,0,0.5185259271975133,0,2018-2022,Weeks 10+,Home field,Conference
401282151,2021,13,Mississippi State,Ole Miss,0,False,True,0.5760480086146281,1,0.5760480086146281,0,2018-2022,Weeks 10+,Home field,Conference
401282152,2021,13,South Carolina,Clemson,0,False,False,0.09816344343518972,0,0.9018365565648103,1,2018-2022,Weeks 10+,Home field,Non-conference
401282153,2021,13,Tennessee,Vanderbilt,1,False,True,0.9736725468252043,1,0.9736725468252043,1,2018-2022,Weeks 10+,Home field,Conference
401282268,2021,13,Old Dominion,Charlotte,1,False,True,0.7326188908474374,1,0.7326188908474374,1,2018-2022,Weeks 10+,Home field,Conference
401282269,2021,13,Southern Mississippi,Florida International,1,False,True,0.8047335996825489,1,0.8047335996825489,1,2018-2022,Weeks 10+,Home field,Conference
401282270,2021,13,Florida Atlantic,Middle Tennessee,0,False,True,0.6441362771503362,1,0.6441362771503362,0,2018-2022,Weeks 10+,Home field,Conference
401282271,2021,13,Rice,Louisiana Tech,1,False,True,0.48626525132060494,0,0.5137347486793951,0,2018-2022,Weeks 10+,Home field,Conference
401282272,2021,13,Marshall,Western Kentucky,0,False,True,0.4268639806933901,0,0.57313601930661,1,2018-2022,Weeks 10+,Home field,Conference
401282273,2021,13,North Texas,UT San Antonio,1,False,True,0.2556038634823399,0,0.7443961365176601,0,2018-2022,Weeks 10+,Home field,Conference
401282274,2021,13,UAB,UTEP,1,False,True,0.8273170931268701,1,0.8273170931268701,1,2018-2022,Weeks 10+,Home field,Conference
401282699,2021,13,NC State,North Carolina,1,False,True,0.5755677723528654,1,0.5755677723528654,1,2018-2022,Weeks 10+,Home field,Conference
401282700,2021,13,Boston College,Wake Forest,0,False,True,0.36172571659773023,0,0.6382742834022698,1,2018-2022,Weeks 10+,Home field,Conference
401282701,2021,13,Duke,Miami,0,False,True,0.060705917375310545,0,0.9392940826246895,1,2018-2022,Weeks 10+,Home field,Conference
401282702,2021,13,Syracuse,Pittsburgh,0,False,True,0.2030281869501428,0,0.7969718130498572,1,2018-2022,Weeks 10+,Home field,Conference
401282703,2021,13,Virginia,Virginia Tech,0,False,True,0.6360086001912046,1,0.6360086001912046,0,2018-2022,Weeks 10+,Home field,Conference
401282711,2021,13,Stanford,Notre Dame,0,False,False,0.07478168290553824,0,0.9252183170944618,1,2018-2022,Weeks 10+,Home field,Non-conference
401282722,2021,13,Illinois,Northwestern,1,False,True,0.7177158051315898,1,0.7177158051315898,1,2018-2022,Weeks 10+,Home field,Conference
401282753,2021,13,Purdue,Indiana,1,False,True,0.8582550297501927,1,0.8582550297501927,1,2018-2022,Weeks 10+,Home field,Conference
401282761,2021,13,Nebraska,Iowa,0,False,True,0.5848787498468353,1,0.5848787498468353,0,2018-2022,Weeks 10+,Home field,Conference
401282766,2021,13,Rutgers,Maryland,0,False,True,0.4137448473782778,0,0.5862551526217221,1,2018-2022,Weeks 10+,Home field,Conference
401282781,2021,13,Michigan,Ohio State,1,False,True,0.32371143668009167,0,0.6762885633199083,0,2018-2022,Weeks 10+,Home field,Conference
401282785,2021,13,Michigan State,Penn State,1,False,True,0.24408294223600013,0,0.7559170577639999,0,2018-2022,Weeks 10+,Home field,Conference
401282794,2021,13,Minnesota,Wisconsin,1,False,True,0.2338594561417104,0,0.7661405438582896,0,2018-2022,Weeks 10+,Home field,Conference
401286299,2021,13,Liberty,Army,0,False,False,0.6806547565273864,1,0.6806547565273864,0,2018-2022,Weeks 10+,Home field,Non-conference
401286306,2021,13,New Mexico State,UMass,1,False,False,0.774864060675099,1,0.774864060675099,1,2018-2022,Weeks 10+,Home field,Non-conference
401287948,2021,13,Baylor,Texas Tech,1,False,True,0.8248688706991565,1,0.8248688706991565,1,2018-2022,Weeks 10+,Home field,Conference
401287949,2021,13,Iowa State,TCU,1,False,True,0.8229149630085422,1,0.8229149630085422,1,2018-2022,Weeks 10+,Home field,Conference
401287950,2021,13,Kansas,West Virginia,0,False,True,0.07838868000855861,0,0.9216113199914414,1,2018-2022,Weeks 10+,Home field,Conference
401287951,2021,13,Oklahoma State,Oklahoma,1,False,True,0.4631906573809249,0,0.5368093426190751,0,2018-2022,Weeks 10+,Home field,Conference
401287952,2021,13,Texas,Kansas State,1,False,True,0.6608485984993633,1,0.6608485984993633,1,2018-2022,Weeks 10+,Home field,Conference
401301050,2021,13,UCF,South Florida,1,False,True,0.9179672007010391,1,0.9179672007010391,1,2018-2022,Weeks 10+,Home field,Conference
401301051,2021,13,East Carolina,Cincinnati,0,False,True,0.11642913704945101,0,0.883570862950549,1,2018-2022,Weeks 10+,Home field,Conference
401301052,2021,13,Connecticut,Houston,0,False,False,0.03973344938289581,0,0.9602665506171042,1,2018-2022,Weeks 10+,Home field,Non-conference
401301053,2021,13,Memphis,Tulane,1,False,True,0.7110573273014572,1,0.7110573273014572,1,2018-2022,Weeks 10+,Home field,Conference
401301054,2021,13,Temple,Navy,0,False,True,0.2804632642645712,0,0.7195367357354288,1,2018-2022,Weeks 10+,Home field,Conference
401301055,2021,13,SMU,Tulsa,0,False,True,0.7802246275721909,1,0.7802246275721909,0,2018-2022,Weeks 10+,Home field,Conference
401308842,2021,13,Kent State,Miami (OH),1,False,True,0.42018249725268336,0,0.5798175027473167,0,2018-2022,Weeks 10+,Home field,Conference
401309593,2021,13,Ball State,Buffalo,1,False,True,0.7774888129040264,1,0.7774888129040264,1,2018-2022,Weeks 10+,Home field,Conference
401309594,2021,13,Northern Illinois,Western Michigan,0,False,True,0.42238210586018937,0,0.5776178941398107,1,2018-2022,Weeks 10+,Home field,Conference
401309595,2021,13,Central Michigan,Eastern Michigan,1,False,True,0.6571955116562567,1,0.6571955116562567,1,2018-2022,Weeks 10+,Home field,Conference
401309596,2021,13,Bowling Green,Ohio,1,False,True,0.296465515558645,0,0.703534484441355,0,2018-2022,Weeks 10+,Home field,Conference
401309597,2021,13,Toledo,Akron,1,False,True,0.9355249985834426,1,0.9355249985834426,1,2018-2022,Weeks 10+,Home field,Conference
401309646,2021,13,App State,Georgia Southern,1,False,True,0.967445371397785,1,0.967445371397785,1,2018-2022,Weeks 10+,Home field,Conference
401309647,2021,13,Arkansas State,Texas State,0,False,True,0.40931419970364735,0,0.5906858002963526,1,2018-2022,Weeks 10+,Home field,Conference
401309648,2021,13,South Alabama,Coastal Carolina,0,False,True,0.1250440257810111,0,0.874955974218989,1,2018-2022,Weeks 10+,Home field,Conference
401309649,2021,13,Georgia State,Troy,1,False,True,0.6809685126425616,1,0.6809685126425616,1,2018-2022,Weeks 10+,Home field,Conference
401309650,2021,13,Louisiana,Louisiana Monroe,1,False,True,0.9907532401493784,1,0.9907532401493784,1,2018-2022,Weeks 10+,Home field,Conference
401309905,2021,13,Washington,Washington State,0,False,True,0.6838734065139893,1,0.6838734065139893,0,2018-2022,Weeks 10+,Home field,Conference
401309906,2021,13,Utah,Colorado,1,False,True,0.9631920298545537,1,0.9631920298545537,1,2018-2022,Weeks 10+,Home field,Conference
401309907,2021,13,UCLA,California,1,False,True,0.77551253849111,1,0.77551253849111,1,2018-2022,Weeks 10+,Home field,Conference
401309908,2021,13,Oregon,Oregon State,1,False,True,0.7525873172012495,1,0.7525873172012495,1,2018-2022,Weeks 10+,Home field,Conference
401309909,2021,13,Arizona State,Arizona,1,False,True,0.9560601001071675,1,0.9560601001071675,1,2018-2022,Weeks 10+,Home field,Conference
401309910,2021,13,USC,BYU,0,False,False,0.776352606668838,1,0.776352606668838,0,2018-2022,Weeks 10+,Home field,Non-conference
401310752,2021,13,Air Force,UNLV,1,False,True,0.8188681393818379,1,0.8188681393818379,1,2018-2022,Weeks 10+,Home field,Conference
401310753,2021,13,San Diego State,Boise State,1,False,True,0.3060566973642533,0,0.6939433026357467,0,2018-2022,Weeks 10+,Home field,Conference
401310754,2021,13,Colorado State,Nevada,0,False,True,0.44345547532038443,0,0.5565445246796156,1,2018-2022,Weeks 10+,Home field,Conference
401310755,2021,13,New Mexico,Utah State,0,False,True,0.19137675938722398,0,0.808623240612776,1,2018-2022,Weeks 10+,Home field,Conference
401310756,2021,13,Wyoming,Hawai'i,0,False,True,0.8408512893433049,1,0.8408512893433049,0,2018-2022,Weeks 10+,Home field,Conference
401310757,2021,13,San José State,Fresno State,0,False,True,0.2184068501985193,0,0.7815931498014808,1,2018-2022,Weeks 10+,Home field,Conference
401282154,2021,14,Alabama,Georgia,1,True,True,0.4453709653051852,0,0.5546290346948148,0,2018-2022,Weeks 10+,Neutral,Conference
401282156,2021,14,UT San Antonio,Western Kentucky,1,False,True,0.4012467921807312,0,0.5987532078192688,0,2018-2022,Weeks 10+,Home field,Conference
401287953,2021,14,Oklahoma State,Baylor,0,True,True,0.7402002678130175,1,0.7402002678130175,0,2018-2022,Weeks 10+,Neutral,Conference
401310676,2021,14,San Diego State,Utah State,0,False,True,0.725716863065429,1,0.725716863065429,0,2018-2022,Weeks 10+,Home field,Conference
401331159,2021,14,Utah,Oregon,1,True,True,0.6331945624348949,1,0.6331945624348949,1,2018-2022,Weeks 10+,Neutral,Conference
401331160,2021,14,Northern Illinois,Kent State,1,True,True,0.46825870994846397,0,0.531741290051536,0,2018-2022,Weeks 10+,Neutral,Conference
401331161,2021,14,Louisiana,App State,1,False,True,0.6522445559583779,1,0.6522445559583779,1,2018-2022,Weeks 10+,Home field,Conference
401331162,2021,14,Cincinnati,Houston,1,False,True,0.8809338291204869,1,0.8809338291204869,1,2018-2022,Weeks 10+,Home field,Conference
401331163,2021,14,Wake Forest,Pittsburgh,0,True,True,0.475177603562209,0,0.5248223964377909,1,2018-2022,Weeks 10+,Neutral,Conference
401331447,2021,14,Iowa,Michigan,0,True,True,0.24502727260968107,0,0.754972727390319,1,2018-2022,Weeks 10+,Neutral,Conference
401387250,2021,14,California,USC,1,False,True,0.5025274060899336,1,0.5025274060899336,1,2018-2022,Weeks 10+,Home field,Conference
401301056,2021,15,Army,Navy,0,False,False,0.9016435215331149,1,0.9016435215331149,0,2018-2022,Weeks 10+,Home field,Non-conference
401403853,2022,1,Hawai'i,Vanderbilt,0,False,False,0.6202546231445958,1,0.6202546231445958,0,2018-2022,Weeks 1-3,Home field,Non-conference
401403854,2022,1,Alabama,Utah State,1,False,False,0.9890301754735379,1,0.9890301754735379,1,2018-2022,Weeks 1-3,Home field,Non-conference
401403855,2022,1,Arkansas,Cincinnati,1,False,False,0.45459471237451693,0,0.5454052876254831,0,2018-2022,Weeks 1-3,Home field,Non-conference
401403857,2022,1,Florida,Utah,1,False,False,0.39424847623475345,0,0.6057515237652465,0,2018-2022,Weeks 1-3,Home field,Non-conference
401403858,2022,1,Georgia,Oregon,1,True,False,0.9043120764460707,1,0.9043120764460707,1,2018-2022,Weeks 1-3,Neutral,Non-conference
401403859,2022,1,Kentucky,Miami (OH),1,False,False,0.8900843890544237,1,0.8900843890544237,1,2018-2022,Weeks 1-3,Home field,Non-conference
401403860,2022,1,Ole Miss,Troy,1,False,False,0.853805911166703,1,0.853805911166703,1,2018-2022,Weeks 1-3,Home field,Non-conference
401403861,2022,1,Mississippi State,Memphis,1,False,False,0.8391785537259876,1,0.8391785537259876,1,2018-2022,Weeks 1-3,Home field,Non-conference
401403863,2022,1,South Carolina,Georgia State,1,False,False,0.5898706293760758,1,0.5898706293760758,1,2018-2022,Weeks 1-3,Home field,Non-conference
401403864,2022,1,Tennessee,Ball State,1,False,False,0.9658735432782105,1,0.9658735432782105,1,2018-2022,Weeks 1-3,Home field,Non-conference
401403867,2022,1,Florida State,LSU,1,True,False,0.6001364586548151,1,0.6001364586548151,1,2018-2022,Weeks 1-3,Neutral,Non-conference
401403966,2022,1,Colorado,TCU,0,False,False,0.34495169976588536,0,0.6550483002341146,1,2018-2022,Weeks 1-3,Home field,Non-conference
401403967,2022,1,San Diego State,Arizona,0,False,False,0.6565903876100133,1,0.6565903876100133,0,2018-2022,Weeks 1-3,Home field,Non-conference
401403969,2022,1,Oregon State,Boise State,1,False,False,0.6548505419042457,1,0.6548505419042457,1,2018-2022,Weeks 1-3,Home field,Non-conference
401403971,2022,1,UCLA,Bowling Green,1,False,False,0.9326971297020453,1,0.9326971297020453,1,2018-2022,Weeks 1-3,Home field,Non-conference
401403973,2022,1,Washington,Kent State,1,False,False,0.8619745649152716,1,0.8619745649152716,1,2018-2022,Weeks 1-3,Home field,Non-conference
401404059,2022,1,Texas,Louisiana Monroe,1,False,False,0.969771383893348,1,0.969771383893348,1,2018-2022,Weeks 1-3,Home field,Non-conference
401404124,2022,1,Ohio State,Notre Dame,1,False,False,0.8577200787603151,1,0.8577200787603151,1,2018-2022,Weeks 1-3,Home field,Non-conference
401404134,2022,1,Coastal Carolina,Army,1,False,False,0.7786304577200706,1,0.7786304577200706,1,2018-2022,Weeks 1-3,Home field,Non-conference
401404146,2022,1,Utah State,Connecticut,1,False,False,0.9141752652845639,1,0.9141752652845639,1,2018-2022,Weeks 1-3,Home field,Non-conference
401404157,2022,1,Southern Mississippi,Liberty,0,False,False,0.5530642002965722,1,0.5530642002965722,0,2018-2022,Weeks 1-3,Home field,Non-conference
401405058,2022,1,Illinois,Wyoming,1,False,False,0.661246287088089,1,0.661246287088089,1,2018-2022,Weeks 1-3,Home field,Non-conference
401405059,2022,1,Northwestern,Nebraska,1,True,True,0.24607069811527285,0,0.7539293018847272,0,2018-2022,Weeks 1-3,Neutral,Conference
401405060,2022,1,Minnesota,New Mexico State,1,False,False,0.9769491430258466,1,0.9769491430258466,1,2018-2022,Weeks 1-3,Home field,Non-conference
401405061,2022,1,Indiana,Illinois,1,False,True,0.5021115370529727,1,0.5021115370529727,1,2018-2022,Weeks 1-3,Home field,Conference
401405064,2022,1,Purdue,Penn State,0,False,True,0.5077885380425622,1,0.5077885380425622,0,2018-2022,Weeks 1-3,Home field,Conference
401405066,2022,1,Maryland,Buffalo,1,False,False,0.8875778346105562,1,0.8875778346105562,1,2018-2022,Weeks 1-3,Home field,Non-conference
401405067,2022,1,Michigan,Colorado State,1,False,False,0.9674541535943091,1,0.9674541535943091,1,2018-2022,Weeks 1-3,Home field,Non-conference
401405069,2022,1,Boston College,Rutgers,0,False,False,0.6561175169766262,1,0.6561175169766262,0,2018-2022,Weeks 1-3,Home field,Non-conference
401409235,2022,1,New Mexico State,Nevada,0,False,False,0.27271383292611484,0,0.7272861670738852,1,2018-2022,Weeks 1-3,Home field,Non-conference
401411092,2022,1,Pittsburgh,West Virginia,1,False,False,0.8433502880897069,1,0.8433502880897069,1,2018-2022,Weeks 1-3,Home field,Non-conference
401411094,2022,1,Duke,Temple,1,False,False,0.6792499392123694,1,0.6792499392123694,1,2018-2022,Weeks 1-3,Home field,Non-conference
401411095,2022,1,App State,North Carolina,0,False,False,0.5881080894208723,1,0.5881080894208723,0,2018-2022,Weeks 1-3,Home field,Non-conference
401411096,2022,1,East Carolina,NC State,0,False,False,0.27091513181359494,0,0.729084868186405,1,2018-2022,Weeks 1-3,Home field,Non-conference
401411099,2022,1,Syracuse,Louisville,1,False,True,0.44687833025141166,0,0.5531216697485883,0,2018-2022,Weeks 1-3,Home field,Conference
401411101,2022,1,Georgia Tech,Clemson,0,True,True,0.07016247897213182,0,0.9298375210278682,1,2018-2022,Weeks 1-3,Neutral,Conference
401414778,2022,1,Tulane,UMass,1,False,False,0.9359766161846579,1,0.9359766161846579,1,2018-2022,Weeks 1-3,Home field,Non-conference
401415211,2022,1,Wyoming,Tulsa,1,False,False,0.43497256671646123,0,0.5650274332835388,0,2018-2022,Weeks 1-3,Home field,Non-conference
401415212,2022,1,Nevada,Texas State,1,False,False,0.5368740166072051,1,0.5368740166072051,1,2018-2022,Weeks 1-3,Home field,Non-conference
401415612,2022,1,South Florida,BYU,0,False,False,0.27252306315865416,0,0.7274769368413458,1,2018-2022,Weeks 1-3,Home field,Non-conference
401416569,2022,1,Oklahoma State,Central Michigan,1,False,False,0.8960067743518356,1,0.8960067743518356,1,2018-2022,Weeks 1-3,Home field,Non-conference
401416591,2022,1,Michigan State,Western Michigan,1,False,False,0.8153220483025287,1,0.8153220483025287,1,2018-2022,Weeks 1-3,Home field,Non-conference
401426330,2022,1,Old Dominion,Virginia Tech,1,False,False,0.5309310089884585,1,0.5309310089884585,1,2018-2022,Weeks 1-3,Home field,Non-conference
401426530,2022,1,Florida Atlantic,Charlotte,1,False,True,0.7318703990097793,1,0.7318703990097793,1,2018-2022,Weeks 1-3,Home field,Conference
401426531,2022,1,UTEP,North Texas,0,False,True,0.3446460622503195,0,0.6553539377496804,1,2018-2022,Weeks 1-3,Home field,Conference
401426536,2022,1,Ohio,Florida Atlantic,1,False,False,0.4309636913359892,0,0.5690363086640108,0,2018-2022,Weeks 1-3,Home field,Non-conference
401426537,2022,1,Missouri,Louisiana Tech,1,False,False,0.8229492330241854,1,0.8229492330241854,1,2018-2022,Weeks 1-3,Home field,Non-conference
401426538,2022,1,James Madison,Middle Tennessee,1,False,False,0.33004160542087535,0,0.6699583945791246,0,2018-2022,Weeks 1-3,Home field,Non-conference
401426539,2022,1,North Texas,SMU,0,False,False,0.40271067450849574,0,0.5972893254915043,1,2018-2022,Weeks 1-3,Home field,Non-conference
401426540,2022,1,USC,Rice,1,False,False,0.9049718699705513,1,0.9049718699705513,1,2018-2022,Weeks 1-3,Home field,Non-conference
401426541,2022,1,Oklahoma,UTEP,1,False,False,0.9622053496774459,1,0.9622053496774459,1,2018-2022,Weeks 1-3,Home field,Non-conference
401426542,2022,1,UT San Antonio,Houston,0,False,False,0.48143930515463523,0,0.5185606948453647,1,2018-2022,Weeks 1-3,Home field,Non-conference
401426543,2022,1,Hawai'i,Western Kentucky,0,False,False,0.08712146054416084,0,0.9128785394558392,1,2018-2022,Weeks 1-3,Home field,Non-conference
401442010,2022,1,Georgia,TCU,1,True,False,0.8770479270655386,1,0.8770479270655386,1,2018-2022,Weeks 1-3,Neutral,Non-conference
401403868,2022,2,Texas,Alabama,0,False,False,0.17204433512242387,0,0.8279556648775761,1,2018-2022,Weeks 1-3,Home field,Non-conference
401403869,2022,2,Arkansas,South Carolina,1,False,True,0.6913552505315235,1,0.6913552505315235,1,2018-2022,Weeks 1-3,Home field,Conference
401403870,2022,2,Auburn,San José State,1,False,False,0.9330254714816976,1,0.9330254714816976,1,2018-2022,Weeks 1-3,Home field,Non-conference
401403871,2022,2,Florida,Kentucky,0,False,True,0.5086812239300533,1,0.5086812239300533,0,2018-2022,Weeks 1-3,Home field,Conference
401403875,2022,2,Arizona,Mississippi State,0,False,False,0.29405719063604996,0,0.70594280936395,1,2018-2022,Weeks 1-3,Home field,Non-conference
401403876,2022,2,Kansas State,Missouri,1,False,False,0.6345793021476651,1,0.6345793021476651,1,2018-2022,Weeks 1-3,Home field,Non-conference
401403877,2022,2,Pittsburgh,Tennessee,0,False,False,0.46217519423451603,0,0.537824805765484,1,2018-2022,Weeks 1-3,Home field,Non-conference
401403878,2022,2,Texas A&M,App State,0,False,False,0.801131305809569,1,0.801131305809569,0,2018-2022,Weeks 1-3,Home field,Non-conference
401403879,2022,2,Vanderbilt,Wake Forest,0,False,False,0.25317272247260264,0,0.7468272775273974,1,2018-2022,Weeks 1-3,Home field,Non-conference
401403975,2022,2,Oklahoma State,Arizona State,1,False,False,0.6148560673153671,1,0.6148560673153671,1,2018-2022,Weeks 1-3,Home field,Non-conference
401403976,2022,2,California,UNLV,1,False,False,0.7185700836046823,1,0.7185700836046823,1,2018-2022,Weeks 1-3,Home field,Non-conference
401403977,2022,2,Air Force,Colorado,1,False,False,0.7628011451114233,1,0.7628011451114233,1,2018-2022,Weeks 1-3,Home field,Non-conference
401403979,2022,2,Fresno State,Oregon State,0,False,False,0.5709434335460658,1,0.5709434335460658,0,2018-2022,Weeks 1-3,Home field,Non-conference
401403980,2022,2,Stanford,USC,0,False,True,0.32648717789087245,0,0.6735128221091276,1,2018-2022,Weeks 1-3,Home field,Conference
401403984,2022,2,Wisconsin,Washington State,0,False,False,0.8830718908540205,1,0.8830718908540205,0,2018-2022,Weeks 1-3,Home field,Non-conference
401404062,2022,2,BYU,Baylor,1,False,False,0.44736485410969407,0,0.5526351458903059,0,2018-2022,Weeks 1-3,Home field,Non-conference
401404063,2022,2,Texas Tech,Houston,1,False,False,0.5676802309167754,1,0.5676802309167754,1,2018-2022,Weeks 1-3,Home field,Non-conference
401404064,2022,2,Iowa,Iowa State,0,False,False,0.40673974529656104,0,0.5932602547034389,1,2018-2022,Weeks 1-3,Home field,Non-conference
401404065,2022,2,West Virginia,Kansas,0,False,True,0.6762482768508431,1,0.6762482768508431,0,2018-2022,Weeks 1-3,Home field,Conference
401404066,2022,2,Oklahoma,Kent State,1,False,False,0.9672201072877191,1,0.9672201072877191,1,2018-2022,Weeks 1-3,Home field,Non-conference
401404125,2022,2,Notre Dame,Marshall,0,False,False,0.6788954986133984,1,0.6788954986133984,0,2018-2022,Weeks 1-3,Home field,Non-conference
401404148,2022,2,Connecticut,Syracuse,0,False,False,0.08646562295732332,0,0.9135343770426767,1,2018-2022,Weeks 1-3,Home field,Non-conference
401405070,2022,2,Illinois,Virginia,1,False,False,0.5601348516402278,1,0.5601348516402278,1,2018-2022,Weeks 1-3,Home field,Non-conference
401405072,2022,2,Nebraska,Georgia Southern,0,False,False,0.8012248721791935,1,0.8012248721791935,0,2018-2022,Weeks 1-3,Home field,Non-conference
401405073,2022,2,Northwestern,Duke,0,False,False,0.7905732662502464,1,0.7905732662502464,0,2018-2022,Weeks 1-3,Home field,Non-conference
401405077,2022,2,Michigan,Hawai'i,1,False,False,0.9939524760674956,1,0.9939524760674956,1,2018-2022,Weeks 1-3,Home field,Non-conference
401405078,2022,2,Michigan State,Akron,1,False,False,0.9557563797066585,1,0.9557563797066585,1,2018-2022,Weeks 1-3,Home field,Non-conference
401405079,2022,2,Ohio State,Arkansas State,1,False,False,0.9877384573974194,1,0.9877384573974194,1,2018-2022,Weeks 1-3,Home field,Non-conference
401405080,2022,2,Penn State,Ohio,1,False,False,0.9124857848966339,1,0.9124857848966339,1,2018-2022,Weeks 1-3,Home field,Non-conference
401411103,2022,2,Georgia State,North Carolina,0,False,False,0.3118943882467494,0,0.6881056117532506,1,2018-2022,Weeks 1-3,Home field,Non-conference
401411105,2022,2,Miami,Southern Mississippi,1,False,False,0.9529482187492815,1,0.9529482187492815,1,2018-2022,Weeks 1-3,Home field,Non-conference
401411108,2022,2,Virginia Tech,Boston College,1,False,True,0.626257817640584,1,0.626257817640584,1,2018-2022,Weeks 1-3,Home field,Conference
401414779,2022,2,Toledo,UMass,1,False,False,0.9438005150301081,1,0.9438005150301081,1,2018-2022,Weeks 1-3,Home field,Non-conference
401415024,2022,2,East Carolina,Old Dominion,1,False,False,0.7700437280019128,1,0.7700437280019128,1,2018-2022,Weeks 1-3,Home field,Non-conference
401415214,2022,2,New Mexico,Boise State,0,False,True,0.1528241519472639,0,0.847175848052736,1,2018-2022,Weeks 1-3,Home field,Conference
401415613,2022,2,UCF,Louisville,0,False,False,0.8705485064473074,1,0.8705485064473074,0,2018-2022,Weeks 1-3,Home field,Non-conference
401415617,2022,2,Navy,Memphis,0,False,True,0.19411667381897368,0,0.8058833261810263,1,2018-2022,Weeks 1-3,Home field,Conference
401415620,2022,2,Tulsa,Northern Illinois,1,False,False,0.6033897241176465,1,0.6033897241176465,1,2018-2022,Weeks 1-3,Home field,Non-conference
401416594,2022,2,Ball State,Western Michigan,0,False,True,0.27083140638205266,0,0.7291685936179473,1,2018-2022,Weeks 1-3,Home field,Conference
401416597,2022,2,Central Michigan,South Alabama,0,False,False,0.6141210095233689,1,0.6141210095233689,0,2018-2022,Weeks 1-3,Home field,Non-conference
401416598,2022,2,Louisiana,Eastern Michigan,1,False,False,0.6765839185577198,1,0.6765839185577198,1,2018-2022,Weeks 1-3,Home field,Non-conference
401426544,2022,2,Texas State,Florida International,1,False,False,0.7168611189259454,1,0.7168611189259454,1,2018-2022,Weeks 1-3,Home field,Non-conference
401426545,2022,2,Charlotte,Maryland,0,False,False,0.28377681126812065,0,0.7162231887318793,1,2018-2022,Weeks 1-3,Home field,Non-conference
401426548,2022,2,Colorado State,Middle Tennessee,0,False,False,0.6568530400616923,1,0.6568530400616923,0,2018-2022,Weeks 1-3,Home field,Non-conference
401426551,2022,2,Liberty,UAB,1,False,False,0.272671693167027,0,0.727328306832973,0,2018-2022,Weeks 1-3,Home field,Non-conference
401426552,2022,2,UTEP,New Mexico State,1,False,False,0.856865886504036,1,0.856865886504036,1,2018-2022,Weeks 1-3,Home field,Non-conference
401426553,2022,2,Army,UT San Antonio,0,False,False,0.2856948367717189,0,0.7143051632282811,1,2018-2022,Weeks 1-3,Home field,Non-conference
401403880,2022,3,Alabama,Louisiana Monroe,1,False,False,0.9969417208911666,1,0.9969417208911666,1,2018-2022,Weeks 1-3,Home field,Non-conference
401403882,2022,3,Auburn,Penn State,0,False,False,0.5686392588340964,1,0.5686392588340964,0,2018-2022,Weeks 1-3,Home field,Non-conference
401403883,2022,3,Florida,South Florida,1,False,False,0.838521936032498,1,0.838521936032498,1,2018-2022,Weeks 1-3,Home field,Non-conference
401403885,2022,3,LSU,Mississippi State,1,False,True,0.37038934379359845,0,0.6296106562064016,0,2018-2022,Weeks 1-3,Home field,Conference
401403886,2022,3,Georgia Tech,Ole Miss,0,False,False,0.19387636060324737,0,0.8061236393967526,1,2018-2022,Weeks 1-3,Home field,Non-conference
401403888,2022,3,South Carolina,Georgia,0,False,True,0.05943121605973093,0,0.9405687839402691,1,2018-2022,Weeks 1-3,Home field,Conference
401403889,2022,3,Tennessee,Akron,1,False,False,0.9902629424312653,1,0.9902629424312653,1,2018-2022,Weeks 1-3,Home field,Non-conference
401403890,2022,3,Texas A&M,Miami,1,False,False,0.582904884877599,1,0.582904884877599,1,2018-2022,Weeks 1-3,Home field,Non-conference
401403891,2022,3,Northern Illinois,Vanderbilt,0,False,False,0.6617560165586162,1,0.6617560165586162,0,2018-2022,Weeks 1-3,Home field,Non-conference
401403986,2022,3,Arizona State,Eastern Michigan,0,False,False,0.8862316911971773,1,0.8862316911971773,0,2018-2022,Weeks 1-3,Home field,Non-conference
401403987,2022,3,Notre Dame,California,1,False,False,0.8653107644975195,1,0.8653107644975195,1,2018-2022,Weeks 1-3,Home field,Non-conference
401403988,2022,3,Minnesota,Colorado,1,False,False,0.9724525540374355,1,0.9724525540374355,1,2018-2022,Weeks 1-3,Home field,Non-conference
401403989,2022,3,Oregon,BYU,1,False,False,0.6331348028987247,1,0.6331348028987247,1,2018-2022,Weeks 1-3,Home field,Non-conference
401403991,2022,3,UCLA,South Alabama,1,False,False,0.8642367163572434,1,0.8642367163572434,1,2018-2022,Weeks 1-3,Home field,Non-conference
401403992,2022,3,USC,Fresno State,1,False,False,0.6499830689365815,1,0.6499830689365815,1,2018-2022,Weeks 1-3,Home field,Non-conference
401403993,2022,3,Utah,San Diego State,1,False,False,0.9544280501070588,1,0.9544280501070588,1,2018-2022,Weeks 1-3,Home field,Non-conference
401403994,2022,3,Washington,Michigan State,1,False,False,0.6459079415115687,1,0.6459079415115687,1,2018-2022,Weeks 1-3,Home field,Non-conference
401403995,2022,3,Washington State,Colorado State,1,False,False,0.8874675646192005,1,0.8874675646192005,1,2018-2022,Weeks 1-3,Home field,Non-conference
401404068,2022,3,Houston,Kansas,0,False,False,0.8116315234608158,1,0.8116315234608158,0,2018-2022,Weeks 1-3,Home field,Non-conference
401404069,2022,3,Iowa State,Ohio,1,False,False,0.8934607336119286,1,0.8934607336119286,1,2018-2022,Weeks 1-3,Home field,Non-conference
401404070,2022,3,Nebraska,Oklahoma,0,False,False,0.33139731080902446,0,0.6686026891909755,1,2018-2022,Weeks 1-3,Home field,Non-conference
401404071,2022,3,Baylor,Texas State,1,False,False,0.924259014741946,1,0.924259014741946,1,2018-2022,Weeks 1-3,Home field,Non-conference
401404072,2022,3,NC State,Texas Tech,1,False,False,0.8176587652868337,1,0.8176587652868337,1,2018-2022,Weeks 1-3,Home field,Non-conference
401404074,2022,3,Kansas State,Tulane,0,False,False,0.7690920983124581,1,0.7690920983124581,0,2018-2022,Weeks 1-3,Home field,Non-conference
401404149,2022,3,Michigan,Connecticut,1,False,False,0.9937623586278413,1,0.9937623586278413,1,2018-2022,Weeks 1-3,Home field,Non-conference
401404159,2022,3,Wake Forest,Liberty,1,False,False,0.9067739634041938,1,0.9067739634041938,1,2018-2022,Weeks 1-3,Home field,Non-conference
401405082,2022,3,Iowa,Nevada,1,False,False,0.929228540807012,1,0.929228540807012,1,2018-2022,Weeks 1-3,Home field,Non-conference
401405084,2022,3,Syracuse,Purdue,1,False,False,0.4300708542081462,0,0.5699291457918538,0,2018-2022,Weeks 1-3,Home field,Non-conference
401405085,2022,3,Wisconsin,New Mexico State,1,False,False,0.9929001637546547,1,0.9929001637546547,1,2018-2022,Weeks 1-3,Home field,Non-conference
401405087,2022,3,Maryland,SMU,1,False,False,0.48045319060684677,0,0.5195468093931532,0,2018-2022,Weeks 1-3,Home field,Non-conference
401405088,2022,3,Ohio State,Toledo,1,False,False,0.9676831905519293,1,0.9676831905519293,1,2018-2022,Weeks 1-3,Home field,Non-conference
401405089,2022,3,Temple,Rutgers,0,False,False,0.130729040600593,0,0.869270959399407,1,2018-2022,Weeks 1-3,Home field,Non-conference
401411109,2022,3,Louisville,Florida State,0,False,True,0.2928779297616627,0,0.7071220702383373,1,2018-2022,Weeks 1-3,Home field,Conference
401411113,2022,3,Virginia,Old Dominion,1,False,False,0.7238061959763281,1,0.7238061959763281,1,2018-2022,Weeks 1-3,Home field,Non-conference
401411115,2022,3,Western Michigan,Pittsburgh,0,False,False,0.20708163980293612,0,0.7929183601970639,1,2018-2022,Weeks 1-3,Home field,Non-conference
401415029,2022,3,Bowling Green,Marshall,1,False,False,0.2807356195410753,0,0.7192643804589247,0,2018-2022,Weeks 1-3,Home field,Non-conference
401415217,2022,3,Wyoming,Air Force,1,False,True,0.3476322103220489,0,0.6523677896779512,0,2018-2022,Weeks 1-3,Home field,Conference
401415622,2022,3,Memphis,Arkansas State,1,False,False,0.865330435914833,1,0.865330435914833,1,2018-2022,Weeks 1-3,Home field,Non-conference
401415623,2022,3,Miami (OH),Cincinnati,0,True,False,0.14516091484395396,0,0.854839085156046,1,2018-2022,Weeks 1-3,Neutral,Non-conference
401416601,2022,3,Coastal Carolina,Buffalo,1,False,False,0.8511534474522238,1,0.8511534474522238,1,2018-2022,Weeks 1-3,Home field,Non-conference
401426333,2022,3,App State,Troy,1,False,True,0.7759042489770012,1,0.7759042489770012,1,2018-2022,Weeks 1-3,Home field,Conference
401426554,2022,3,Georgia State,Charlotte,0,False,False,0.8267362945579125,1,0.8267362945579125,0,2018-2022,Weeks 1-3,Home field,Non-conference
401426555,2022,3,Florida Atlantic,UCF,0,False,False,0.3811548166948658,0,0.6188451833051343,1,2018-2022,Weeks 1-3,Home field,Non-conference
401426556,2022,3,Clemson,Louisiana Tech,1,False,False,0.9885329052658742,1,0.9885329052658742,1,2018-2022,Weeks 1-3,Home field,Non-conference
401426558,2022,3,UNLV,North Texas,1,False,False,0.512978719630673,1,0.512978719630673,1,2018-2022,Weeks 1-3,Home field,Non-conference
401426559,2022,3,Rice,Louisiana,1,False,False,0.15467209771490475,0,0.8453279022850952,0,2018-2022,Weeks 1-3,Home field,Non-conference
401426560,2022,3,UAB,Georgia Southern,1,False,False,0.7122754754510076,1,0.7122754754510076,1,2018-2022,Weeks 1-3,Home field,Non-conference
401426561,2022,3,New Mexico,UTEP,1,False,False,0.48162557778435544,0,0.5183744222156446,0,2018-2022,Weeks 1-3,Home field,Non-conference
401426562,2022,3,Texas,UT San Antonio,1,False,False,0.8324111114029338,1,0.8324111114029338,1,2018-2022,Weeks 1-3,Home field,Non-conference
401426563,2022,3,Indiana,Western Kentucky,1,False,False,0.44971960802524524,0,0.5502803919747548,0,2018-2022,Weeks 1-3,Home field,Non-conference
401403892,2022,4,Alabama,Vanderbilt,1,False,True,0.9864654995213987,1,0.9864654995213987,1,2018-2022,Weeks 4-6,Home field,Conference
401403893,2022,4,Texas A&M,Arkansas,1,True,True,0.6511703948046248,1,0.6511703948046248,1,2018-2022,Weeks 4-6,Neutral,Conference
401403894,2022,4,Auburn,Missouri,1,False,True,0.7626237249476204,1,0.7626237249476204,1,2018-2022,Weeks 4-6,Home field,Conference
401403895,2022,4,Georgia,Kent State,1,False,False,0.9952618171888064,1,0.9952618171888064,1,2018-2022,Weeks 4-6,Home field,Non-conference
401403896,2022,4,Kentucky,Northern Illinois,1,False,False,0.9293183535251817,1,0.9293183535251817,1,2018-2022,Weeks 4-6,Home field,Non-conference
401403897,2022,4,LSU,New Mexico,1,False,False,0.9598282858364907,1,0.9598282858364907,1,2018-2022,Weeks 4-6,Home field,Non-conference
401403898,2022,4,Ole Miss,Tulsa,1,False,False,0.8827323588055965,1,0.8827323588055965,1,2018-2022,Weeks 4-6,Home field,Non-conference
401403899,2022,4,Mississippi State,Bowling Green,1,False,False,0.9208638020268418,1,0.9208638020268418,1,2018-2022,Weeks 4-6,Home field,Non-conference
401403901,2022,4,Tennessee,Florida,1,False,True,0.8572407905102719,1,0.8572407905102719,1,2018-2022,Weeks 4-6,Home field,Conference
401403996,2022,4,California,Arizona,1,False,True,0.6413102929019119,1,0.6413102929019119,1,2018-2022,Weeks 4-6,Home field,Conference
401403997,2022,4,Arizona State,Utah,0,False,True,0.32309261602890754,0,0.6769073839710924,1,2018-2022,Weeks 4-6,Home field,Conference
401403998,2022,4,Colorado,UCLA,0,False,True,0.07660790903696789,0,0.9233920909630321,1,2018-2022,Weeks 4-6,Home field,Conference
401403999,2022,4,Washington State,Oregon,0,False,True,0.34802651052941874,0,0.6519734894705813,1,2018-2022,Weeks 4-6,Home field,Conference
401404000,2022,4,Oregon State,USC,0,False,True,0.5200065412583704,1,0.5200065412583704,0,2018-2022,Weeks 4-6,Home field,Conference
401404001,2022,4,Washington,Stanford,1,False,True,0.7506264968762293,1,0.7506264968762293,1,2018-2022,Weeks 4-6,Home field,Conference
401404078,2022,4,SMU,TCU,0,False,False,0.6801623778752757,1,0.6801623778752757,0,2018-2022,Weeks 4-6,Home field,Non-conference
401404079,2022,4,Kansas,Duke,1,False,False,0.8105382596983457,1,0.8105382596983457,1,2018-2022,Weeks 4-6,Home field,Non-conference
401404080,2022,4,Iowa State,Baylor,0,False,True,0.4267511968970261,0,0.5732488031029739,1,2018-2022,Weeks 4-6,Home field,Conference
401404081,2022,4,Oklahoma,Kansas State,0,False,True,0.8844687613854401,1,0.8844687613854401,0,2018-2022,Weeks 4-6,Home field,Conference
401404082,2022,4,Texas Tech,Texas,1,False,True,0.2305588944414712,0,0.7694411055585288,0,2018-2022,Weeks 4-6,Home field,Conference
401404126,2022,4,North Carolina,Notre Dame,0,False,False,0.5535791444027727,1,0.5535791444027727,0,2018-2022,Weeks 4-6,Home field,Non-conference
401404150,2022,4,NC State,Connecticut,1,False,False,0.9861648269947242,1,0.9861648269947242,1,2018-2022,Weeks 4-6,Home field,Non-conference
401404160,2022,4,Liberty,Akron,1,False,False,0.8989243242728049,1,0.8989243242728049,1,2018-2022,Weeks 4-6,Home field,Non-conference
401405091,2022,4,Rutgers,Iowa,0,False,True,0.21494738946855363,0,0.7850526105314464,1,2018-2022,Weeks 4-6,Home field,Conference
401405092,2022,4,Michigan State,Minnesota,0,False,True,0.4532645153116891,0,0.5467354846883109,1,2018-2022,Weeks 4-6,Home field,Conference
401405093,2022,4,Northwestern,Miami (OH),0,False,False,0.6426356235246804,1,0.6426356235246804,0,2018-2022,Weeks 4-6,Home field,Non-conference
401405095,2022,4,Ohio State,Wisconsin,1,False,True,0.9179799969261333,1,0.9179799969261333,1,2018-2022,Weeks 4-6,Home field,Conference
401405096,2022,4,Cincinnati,Indiana,1,False,False,0.8917039403636418,1,0.8917039403636418,1,2018-2022,Weeks 4-6,Home field,Non-conference
401405097,2022,4,Michigan,Maryland,1,False,True,0.868862307407649,1,0.868862307407649,1,2018-2022,Weeks 4-6,Home field,Conference
401405098,2022,4,Penn State,Central Michigan,1,False,False,0.9142704756896941,1,0.9142704756896941,1,2018-2022,Weeks 4-6,Home field,Non-conference
401409237,2022,4,New Mexico State,Hawai'i,1,False,False,0.4751592760521376,0,0.5248407239478624,0,2018-2022,Weeks 4-6,Home field,Non-conference
401411116,2022,4,Virginia Tech,West Virginia,0,False,False,0.5442860165147642,1,0.5442860165147642,0,2018-2022,Weeks 4-6,Home field,Non-conference
401411117,2022,4,Syracuse,Virginia,1,False,True,0.7939683987322227,1,0.7939683987322227,1,2018-2022,Weeks 4-6,Home field,Conference
401411118,2022,4,Florida State,Boston College,1,False,True,0.840719178315717,1,0.840719178315717,1,2018-2022,Weeks 4-6,Home field,Conference
401411119,2022,4,Louisville,South Florida,1,False,False,0.6943315890329171,1,0.6943315890329171,1,2018-2022,Weeks 4-6,Home field,Non-conference
401411122,2022,4,UCF,Georgia Tech,1,False,False,0.9305413268534137,1,0.9305413268534137,1,2018-2022,Weeks 4-6,Home field,Non-conference
401411123,2022,4,Wake Forest,Clemson,0,False,True,0.2146953698343235,0,0.7853046301656765,1,2018-2022,Weeks 4-6,Home field,Conference
401414781,2022,4,Temple,UMass,1,False,False,0.6979910255283731,1,0.6979910255283731,1,2018-2022,Weeks 4-6,Home field,Non-conference
401415037,2022,4,App State,James Madison,0,False,True,0.72184574232684,1,0.72184574232684,0,2018-2022,Weeks 4-6,Home field,Conference
401415040,2022,4,Tulane,Southern Mississippi,0,False,False,0.7662986099667987,1,0.7662986099667987,0,2018-2022,Weeks 4-6,Home field,Non-conference
401415220,2022,4,Air Force,Nevada,1,False,True,0.7936114522662763,1,0.7936114522662763,1,2018-2022,Weeks 4-6,Home field,Conference
401415222,2022,4,Utah State,UNLV,0,False,True,0.38620598671060047,0,0.6137940132893995,1,2018-2022,Weeks 4-6,Home field,Conference
401415223,2022,4,BYU,Wyoming,1,False,False,0.8910233857179175,1,0.8910233857179175,1,2018-2022,Weeks 4-6,Home field,Non-conference
401415224,2022,4,San Diego State,Toledo,1,False,False,0.29908856598196354,0,0.7009114340180365,0,2018-2022,Weeks 4-6,Home field,Non-conference
401415225,2022,4,San José State,Western Michigan,1,False,False,0.586790771542894,1,0.586790771542894,1,2018-2022,Weeks 4-6,Home field,Non-conference
401415624,2022,4,East Carolina,Navy,0,False,True,0.9270550417326519,1,0.9270550417326519,0,2018-2022,Weeks 4-6,Home field,Conference
401416604,2022,4,Eastern Michigan,Buffalo,0,False,True,0.7249842552954627,1,0.7249842552954627,0,2018-2022,Weeks 4-6,Home field,Conference
401416605,2022,4,Georgia Southern,Ball State,1,False,False,0.833901483548847,1,0.833901483548847,1,2018-2022,Weeks 4-6,Home field,Non-conference
401426334,2022,4,Georgia State,Coastal Carolina,0,False,True,0.48130293356195375,0,0.5186970664380463,1,2018-2022,Weeks 4-6,Home field,Conference
401426335,2022,4,Old Dominion,Arkansas State,1,False,True,0.6915639457975181,1,0.6915639457975181,1,2018-2022,Weeks 4-6,Home field,Conference
401426336,2022,4,Louisiana Monroe,Louisiana,1,False,True,0.1674628957039584,0,0.8325371042960417,0,2018-2022,Weeks 4-6,Home field,Conference
401426393,2022,4,Troy,Marshall,1,False,True,0.38433167661933143,0,0.6156683233806686,0,2018-2022,Weeks 4-6,Home field,Conference
401426564,2022,4,South Carolina,Charlotte,1,False,False,0.856741486947904,1,0.856741486947904,1,2018-2022,Weeks 4-6,Home field,Non-conference
401426565,2022,4,Western Kentucky,Florida International,1,False,True,0.9606585557115477,1,0.9606585557115477,1,2018-2022,Weeks 4-6,Home field,Conference
401426566,2022,4,Purdue,Florida Atlantic,1,False,False,0.8695151066878873,1,0.8695151066878873,1,2018-2022,Weeks 4-6,Home field,Non-conference
401426567,2022,4,South Alabama,Louisiana Tech,1,False,False,0.8568248054596279,1,0.8568248054596279,1,2018-2022,Weeks 4-6,Home field,Non-conference
401426568,2022,4,Miami,Middle Tennessee,0,False,False,0.9421056377323695,1,0.9421056377323695,0,2018-2022,Weeks 4-6,Home field,Non-conference
401426569,2022,4,Memphis,North Texas,1,False,False,0.7813940852640207,1,0.7813940852640207,1,2018-2022,Weeks 4-6,Home field,Non-conference
401426570,2022,4,Houston,Rice,1,False,False,0.9128695077882413,1,0.9128695077882413,1,2018-2022,Weeks 4-6,Home field,Non-conference
401426571,2022,4,UTEP,Boise State,1,False,False,0.17477460852866847,0,0.8252253914713316,0,2018-2022,Weeks 4-6,Home field,Non-conference
401403902,2022,5,Arkansas,Alabama,0,False,True,0.08370427528331527,0,0.9162957247166847,1,2018-2022,Weeks 4-6,Home field,Conference
401403903,2022,5,Auburn,LSU,0,False,True,0.4463334236118197,0,0.5536665763881803,1,2018-2022,Weeks 4-6,Home field,Conference
401403905,2022,5,Ole Miss,Kentucky,1,False,True,0.4708219012264204,0,0.5291780987735796,0,2018-2022,Weeks 4-6,Home field,Conference
401403906,2022,5,Mississippi State,Texas A&M,1,False,True,0.5512815813907581,1,0.5512815813907581,1,2018-2022,Weeks 4-6,Home field,Conference
401403907,2022,5,Missouri,Georgia,0,False,True,0.03853593251013442,0,0.9614640674898656,1,2018-2022,Weeks 4-6,Home field,Conference
401404002,2022,5,Arizona,Colorado,1,False,True,0.8229863988522117,1,0.8229863988522117,1,2018-2022,Weeks 4-6,Home field,Conference
401404003,2022,5,USC,Arizona State,1,False,True,0.7386648413254703,1,0.7386648413254703,1,2018-2022,Weeks 4-6,Home field,Conference
401404004,2022,5,Washington State,California,1,False,True,0.6769136171238171,1,0.6769136171238171,1,2018-2022,Weeks 4-6,Home field,Conference
401404005,2022,5,Oregon,Stanford,1,False,True,0.7858356323395387,1,0.7858356323395387,1,2018-2022,Weeks 4-6,Home field,Conference
401404006,2022,5,Utah,Oregon State,1,False,True,0.8082238192303879,1,0.8082238192303879,1,2018-2022,Weeks 4-6,Home field,Conference
401404007,2022,5,UCLA,Washington,1,False,True,0.5106493238834081,1,0.5106493238834081,1,2018-2022,Weeks 4-6,Home field,Conference
401404083,2022,5,Baylor,Oklahoma State,0,False,True,0.5836081625477616,1,0.5836081625477616,0,2018-2022,Weeks 4-6,Home field,Conference
401404084,2022,5,Kansas,Iowa State,1,False,True,0.3921134642499966,0,0.6078865357500034,0,2018-2022,Weeks 4-6,Home field,Conference
401404085,2022,5,Kansas State,Texas Tech,1,False,True,0.6269229188153111,1,0.6269229188153111,1,2018-2022,Weeks 4-6,Home field,Conference
401404086,2022,5,TCU,Oklahoma,1,False,True,0.343534010917972,0,0.656465989082028,0,2018-2022,Weeks 4-6,Home field,Conference
401404087,2022,5,Texas,West Virginia,1,False,True,0.8626340607509153,1,0.8626340607509153,1,2018-2022,Weeks 4-6,Home field,Conference
401404137,2022,5,Army,Georgia State,0,False,False,0.4662271645793835,0,0.5337728354206165,1,2018-2022,Weeks 4-6,Home field,Non-conference
401404151,2022,5,Connecticut,Fresno State,1,False,False,0.08096955543436557,0,0.9190304445656344,0,2018-2022,Weeks 4-6,Home field,Non-conference
401404161,2022,5,Old Dominion,Liberty,0,False,False,0.6049154798880453,1,0.6049154798880453,0,2018-2022,Weeks 4-6,Home field,Non-conference
401405099,2022,5,Wisconsin,Illinois,0,False,True,0.803521131726654,1,0.803521131726654,0,2018-2022,Weeks 4-6,Home field,Conference
401405100,2022,5,Iowa,Michigan,0,False,True,0.27467713571752767,0,0.7253228642824723,1,2018-2022,Weeks 4-6,Home field,Conference
401405101,2022,5,Minnesota,Purdue,0,False,True,0.759599664151383,1,0.759599664151383,0,2018-2022,Weeks 4-6,Home field,Conference
401405102,2022,5,Nebraska,Indiana,1,False,True,0.7401388398941074,1,0.7401388398941074,1,2018-2022,Weeks 4-6,Home field,Conference
401405103,2022,5,Maryland,Michigan State,1,False,True,0.6769921807360573,1,0.6769921807360573,1,2018-2022,Weeks 4-6,Home field,Conference
401405104,2022,5,Ohio State,Rutgers,1,False,True,0.9905762647929657,1,0.9905762647929657,1,2018-2022,Weeks 4-6,Home field,Conference
401405105,2022,5,Penn State,Northwestern,1,False,True,0.9004181962968986,1,0.9004181962968986,1,2018-2022,Weeks 4-6,Home field,Conference
401411124,2022,5,Boston College,Louisville,1,False,True,0.30636732495962277,0,0.6936326750403772,0,2018-2022,Weeks 4-6,Home field,Conference
401411125,2022,5,Clemson,NC State,1,False,True,0.7638611581007367,1,0.7638611581007367,1,2018-2022,Weeks 4-6,Home field,Conference
401411126,2022,5,Duke,Virginia,1,False,True,0.3763783395055258,0,0.6236216604944742,0,2018-2022,Weeks 4-6,Home field,Conference
401411127,2022,5,Florida State,Wake Forest,0,False,True,0.5965499414912323,1,0.5965499414912323,0,2018-2022,Weeks 4-6,Home field,Conference
401411128,2022,5,North Carolina,Virginia Tech,1,False,True,0.8376891867222055,1,0.8376891867222055,1,2018-2022,Weeks 4-6,Home field,Conference
401411129,2022,5,Pittsburgh,Georgia Tech,0,False,True,0.9529217372721478,1,0.9529217372721478,0,2018-2022,Weeks 4-6,Home field,Conference
401414782,2022,5,Eastern Michigan,UMass,1,False,False,0.9252914126912017,1,0.9252914126912017,1,2018-2022,Weeks 4-6,Home field,Non-conference
401415226,2022,5,BYU,Utah State,1,False,False,0.8965175431412034,1,0.8965175431412034,1,2018-2022,Weeks 4-6,Home field,Non-conference
401415227,2022,5,Air Force,Navy,1,False,False,0.8969176991171648,1,0.8969176991171648,1,2018-2022,Weeks 4-6,Home field,Non-conference
401415228,2022,5,Boise State,San Diego State,1,False,True,0.8254459112426327,1,0.8254459112426327,1,2018-2022,Weeks 4-6,Home field,Conference
401415229,2022,5,UNLV,New Mexico,1,False,True,0.9077834724464181,1,0.9077834724464181,1,2018-2022,Weeks 4-6,Home field,Conference
401415230,2022,5,Wyoming,San José State,0,False,True,0.4691912182528304,0,0.5308087817471696,1,2018-2022,Weeks 4-6,Home field,Conference
401415625,2022,5,Houston,Tulane,0,False,True,0.6457259107640141,1,0.6457259107640141,0,2018-2022,Weeks 4-6,Home field,Conference
401415626,2022,5,South Florida,East Carolina,0,True,True,0.3431468984132737,0,0.6568531015867263,1,2018-2022,Weeks 4-6,Neutral,Conference
401415627,2022,5,Tulsa,Cincinnati,0,False,True,0.196646204911706,0,0.803353795088294,1,2018-2022,Weeks 4-6,Home field,Conference
401415628,2022,5,Memphis,Temple,1,False,True,0.9040781753988896,1,0.9040781753988896,1,2018-2022,Weeks 4-6,Home field,Conference
401416607,2022,5,Toledo,Central Michigan,1,False,True,0.657628219622795,1,0.657628219622795,1,2018-2022,Weeks 4-6,Home field,Conference
401416608,2022,5,Ball State,Northern Illinois,1,False,True,0.24067031730278693,0,0.7593296826972131,0,2018-2022,Weeks 4-6,Home field,Conference
401416609,2022,5,Akron,Bowling Green,0,False,True,0.2625653305464762,0,0.7374346694535239,1,2018-2022,Weeks 4-6,Home field,Conference
401416610,2022,5,Buffalo,Miami (OH),1,False,True,0.5044082768356004,1,0.5044082768356004,1,2018-2022,Weeks 4-6,Home field,Conference
401416611,2022,5,Kent State,Ohio,1,False,True,0.6252626073732005,1,0.6252626073732005,1,2018-2022,Weeks 4-6,Home field,Conference
401426337,2022,5,Coastal Carolina,Georgia Southern,1,False,True,0.7140917223691587,1,0.7140917223691587,1,2018-2022,Weeks 4-6,Home field,Conference
401426338,2022,5,James Madison,Texas State,1,False,True,0.6641366894836985,1,0.6641366894836985,1,2018-2022,Weeks 4-6,Home field,Conference
401426340,2022,5,Arkansas State,Louisiana Monroe,1,False,True,0.7077842481300898,1,0.7077842481300898,1,2018-2022,Weeks 4-6,Home field,Conference
401426341,2022,5,Louisiana,South Alabama,0,False,True,0.5555350596588865,1,0.5555350596588865,0,2018-2022,Weeks 4-6,Home field,Conference
401426573,2022,5,Charlotte,UTEP,0,False,True,0.5468705939818309,1,0.5468705939818309,0,2018-2022,Weeks 4-6,Home field,Conference
401426574,2022,5,New Mexico State,Florida International,0,False,False,0.6221218014394339,1,0.6221218014394339,0,2018-2022,Weeks 4-6,Home field,Non-conference
401426575,2022,5,North Texas,Florida Atlantic,1,False,True,0.44146820948078047,0,0.5585317905192195,0,2018-2022,Weeks 4-6,Home field,Conference
401426576,2022,5,Middle Tennessee,UT San Antonio,0,False,True,0.34771841639137174,0,0.6522815836086282,1,2018-2022,Weeks 4-6,Home field,Conference
401426577,2022,5,Rice,UAB,1,False,True,0.24945627781264268,0,0.7505437221873573,0,2018-2022,Weeks 4-6,Home field,Conference
401426578,2022,5,Western Kentucky,Troy,0,False,False,0.8697699584578684,1,0.8697699584578684,0,2018-2022,Weeks 4-6,Home field,Non-conference
401403909,2022,6,Alabama,Texas A&M,1,False,True,0.9492984525177554,1,0.9492984525177554,1,2018-2022,Weeks 4-6,Home field,Conference
401403910,2022,6,Florida,Missouri,1,False,True,0.7510878116552668,1,0.7510878116552668,1,2018-2022,Weeks 4-6,Home field,Conference
401403911,2022,6,Georgia,Auburn,1,False,True,0.960443257599814,1,0.960443257599814,1,2018-2022,Weeks 4-6,Home field,Conference
401403912,2022,6,Kentucky,South Carolina,0,False,True,0.7922657246303907,1,0.7922657246303907,0,2018-2022,Weeks 4-6,Home field,Conference
401403913,2022,6,LSU,Tennessee,0,False,True,0.32000981558938774,0,0.6799901844106122,1,2018-2022,Weeks 4-6,Home field,Conference
401403914,2022,6,Mississippi State,Arkansas,1,False,True,0.6524909374948373,1,0.6524909374948373,1,2018-2022,Weeks 4-6,Home field,Conference
401403915,2022,6,Vanderbilt,Ole Miss,0,False,True,0.21882244662709288,0,0.7811775533729071,1,2018-2022,Weeks 4-6,Home field,Conference
401404008,2022,6,Arizona,Oregon,0,False,True,0.19723943585611828,0,0.8027605641438817,1,2018-2022,Weeks 4-6,Home field,Conference
401404009,2022,6,Arizona State,Washington,1,False,True,0.35287302973375634,0,0.6471269702662437,0,2018-2022,Weeks 4-6,Home field,Conference
401404010,2022,6,Stanford,Oregon State,0,False,True,0.4483989230322759,0,0.5516010769677241,1,2018-2022,Weeks 4-6,Home field,Conference
401404011,2022,6,UCLA,Utah,1,False,True,0.3427791122257004,0,0.6572208877742995,0,2018-2022,Weeks 4-6,Home field,Conference
401404012,2022,6,USC,Washington State,1,False,True,0.7995072017627274,1,0.7995072017627274,1,2018-2022,Weeks 4-6,Home field,Conference
401404088,2022,6,Iowa State,Kansas State,0,False,True,0.6281520725605123,1,0.6281520725605123,0,2018-2022,Weeks 4-6,Home field,Conference
401404089,2022,6,Kansas,TCU,0,False,True,0.2531912080456767,0,0.7468087919543234,1,2018-2022,Weeks 4-6,Home field,Conference
401404090,2022,6,Oklahoma,Texas,0,True,True,0.35256193203123143,0,0.6474380679687686,1,2018-2022,Weeks 4-6,Neutral,Conference
401404091,2022,6,Oklahoma State,Texas Tech,1,False,True,0.8355568522308601,1,0.8355568522308601,1,2018-2022,Weeks 4-6,Home field,Conference
401404127,2022,6,Notre Dame,BYU,1,True,True,0.7067422065004667,1,0.7067422065004667,1,2018-2022,Weeks 4-6,Neutral,Conference
401404138,2022,6,Wake Forest,Army,1,False,False,0.9290832897490465,1,0.9290832897490465,1,2018-2022,Weeks 4-6,Home field,Non-conference
401404164,2022,6,UMass,Liberty,0,False,True,0.1821122841762749,0,0.8178877158237251,1,2018-2022,Weeks 4-6,Home field,Conference
401405106,2022,6,Illinois,Iowa,1,False,True,0.4327966131392683,0,0.5672033868607317,0,2018-2022,Weeks 4-6,Home field,Conference
401405107,2022,6,Northwestern,Wisconsin,0,False,True,0.28150248080294965,0,0.7184975191970504,1,2018-2022,Weeks 4-6,Home field,Conference
401405108,2022,6,Indiana,Michigan,0,False,True,0.06248436656885049,0,0.9375156334311495,1,2018-2022,Weeks 4-6,Home field,Conference
401405109,2022,6,Maryland,Purdue,0,False,True,0.5882363747574826,1,0.5882363747574826,0,2018-2022,Weeks 4-6,Home field,Conference
401405110,2022,6,Michigan State,Ohio State,0,False,True,0.05234622101238185,0,0.9476537789876182,1,2018-2022,Weeks 4-6,Home field,Conference
401405111,2022,6,Rutgers,Nebraska,0,False,True,0.36137546545478627,0,0.6386245345452137,1,2018-2022,Weeks 4-6,Home field,Conference
401411131,2022,6,Boston College,Clemson,0,False,True,0.06224376727333443,0,0.9377562327266655,1,2018-2022,Weeks 4-6,Home field,Conference
401411132,2022,6,Georgia Tech,Duke,1,False,True,0.461640070865018,0,0.538359929134982,0,2018-2022,Weeks 4-6,Home field,Conference
401411133,2022,6,Miami,North Carolina,0,False,True,0.63206179881008,1,0.63206179881008,0,2018-2022,Weeks 4-6,Home field,Conference
401411134,2022,6,NC State,Florida State,1,False,True,0.6604160222036406,1,0.6604160222036406,1,2018-2022,Weeks 4-6,Home field,Conference
401411135,2022,6,Pittsburgh,Virginia Tech,1,False,True,0.902432859957251,1,0.902432859957251,1,2018-2022,Weeks 4-6,Home field,Conference
401411136,2022,6,Virginia,Louisville,0,False,True,0.3311306303039714,0,0.6688693696960286,1,2018-2022,Weeks 4-6,Home field,Conference
401415231,2022,6,Utah State,Air Force,1,False,True,0.30812632373963833,0,0.6918736762603617,0,2018-2022,Weeks 4-6,Home field,Conference
401415232,2022,6,Boise State,Fresno State,1,False,True,0.5726031749632864,1,0.5726031749632864,1,2018-2022,Weeks 4-6,Home field,Conference
401415233,2022,6,Nevada,Colorado State,0,False,True,0.5975530725245792,1,0.5975530725245792,0,2018-2022,Weeks 4-6,Home field,Conference
401415234,2022,6,New Mexico,Wyoming,0,False,True,0.34445107836124333,0,0.6555489216387567,1,2018-2022,Weeks 4-6,Home field,Conference
401415235,2022,6,San Diego State,Hawai'i,1,False,True,0.852064934943495,1,0.852064934943495,1,2018-2022,Weeks 4-6,Home field,Conference
401415236,2022,6,San José State,UNLV,1,False,True,0.5334989072343013,1,0.5334989072343013,1,2018-2022,Weeks 4-6,Home field,Conference
401415629,2022,6,UCF,SMU,1,False,True,0.6091297219683549,1,0.6091297219683549,1,2018-2022,Weeks 4-6,Home field,Conference
401415630,2022,6,Memphis,Houston,0,False,True,0.5127364381637194,1,0.5127364381637194,0,2018-2022,Weeks 4-6,Home field,Conference
401415631,2022,6,Tulane,East Carolina,1,False,True,0.5920891089625658,1,0.5920891089625658,1,2018-2022,Weeks 4-6,Home field,Conference
401415632,2022,6,Navy,Tulsa,1,False,True,0.23054165508102953,0,0.7694583449189705,0,2018-2022,Weeks 4-6,Home field,Conference
401415633,2022,6,Cincinnati,South Florida,1,False,True,0.9253234206939633,1,0.9253234206939633,1,2018-2022,Weeks 4-6,Home field,Conference
401416613,2022,6,Central Michigan,Ball State,0,False,True,0.8108582913265167,1,0.8108582913265167,0,2018-2022,Weeks 4-6,Home field,Conference
401416614,2022,6,Western Michigan,Eastern Michigan,0,False,True,0.48146427455586727,0,0.5185357254441327,1,2018-2022,Weeks 4-6,Home field,Conference
401416615,2022,6,Northern Illinois,Toledo,0,False,True,0.44228539305176084,0,0.5577146069482392,1,2018-2022,Weeks 4-6,Home field,Conference
401416616,2022,6,Ohio,Akron,1,False,True,0.838745036842901,1,0.838745036842901,1,2018-2022,Weeks 4-6,Home field,Conference
401416617,2022,6,Bowling Green,Buffalo,0,False,True,0.5129642151820496,1,0.5129642151820496,0,2018-2022,Weeks 4-6,Home field,Conference
401416618,2022,6,Miami (OH),Kent State,1,False,True,0.677829949878641,1,0.677829949878641,1,2018-2022,Weeks 4-6,Home field,Conference
401426342,2022,6,Georgia State,Georgia Southern,1,False,True,0.6213747730989007,1,0.6213747730989007,1,2018-2022,Weeks 4-6,Home field,Conference
401426343,2022,6,Arkansas State,James Madison,0,False,True,0.4375216337393393,0,0.5624783662606607,1,2018-2022,Weeks 4-6,Home field,Conference
401426344,2022,6,Louisiana Monroe,Coastal Carolina,0,False,True,0.15469882683580174,0,0.8453011731641983,1,2018-2022,Weeks 4-6,Home field,Conference
401426345,2022,6,Texas State,App State,1,False,True,0.2517334403949393,0,0.7482665596050607,0,2018-2022,Weeks 4-6,Home field,Conference
401426346,2022,6,Troy,Southern Mississippi,1,False,True,0.6788173375725747,1,0.6788173375725747,1,2018-2022,Weeks 4-6,Home field,Conference
401426579,2022,6,Florida International,Connecticut,0,False,False,0.566340465882229,1,0.566340465882229,0,2018-2022,Weeks 4-6,Home field,Non-conference
401426580,2022,6,Louisiana Tech,UTEP,1,False,True,0.46222786970887275,0,0.5377721302911272,0,2018-2022,Weeks 4-6,Home field,Conference
401426581,2022,6,UAB,Middle Tennessee,1,False,True,0.6954014848810312,1,0.6954014848810312,1,2018-2022,Weeks 4-6,Home field,Conference
401426582,2022,6,UT San Antonio,Western Kentucky,1,False,True,0.5674781931260786,1,0.5674781931260786,1,2018-2022,Weeks 4-6,Home field,Conference
401403916,2022,7,BYU,Arkansas,0,False,False,0.5828251569909259,1,0.5828251569909259,0,2018-2022,Weeks 7-9,Home field,Non-conference
401403917,2022,7,Florida,LSU,0,False,True,0.5457974195012718,1,0.5457974195012718,0,2018-2022,Weeks 7-9,Home field,Conference
401403918,2022,7,Georgia,Vanderbilt,1,False,True,0.9856293329837525,1,0.9856293329837525,1,2018-2022,Weeks 7-9,Home field,Conference
401403919,2022,7,Kentucky,Mississippi State,1,False,True,0.5273449314308036,1,0.5273449314308036,1,2018-2022,Weeks 7-9,Home field,Conference
401403920,2022,7,Ole Miss,Auburn,1,False,True,0.7818891069379967,1,0.7818891069379967,1,2018-2022,Weeks 7-9,Home field,Conference
401403921,2022,7,Tennessee,Alabama,1,False,True,0.2791191276668605,0,0.7208808723331395,0,2018-2022,Weeks 7-9,Home field,Conference
401404013,2022,7,Washington,Arizona,1,False,True,0.9031191319715937,1,0.9031191319715937,1,2018-2022,Weeks 7-9,Home field,Conference
401404014,2022,7,Colorado,California,1,False,True,0.20450089451525716,0,0.7954991054847429,0,2018-2022,Weeks 7-9,Home field,Conference
401404015,2022,7,Oregon State,Washington State,1,False,True,0.6610353747804246,1,0.6610353747804246,1,2018-2022,Weeks 7-9,Home field,Conference
401404016,2022,7,Notre Dame,Stanford,0,False,False,0.8233277307882088,1,0.8233277307882088,0,2018-2022,Weeks 7-9,Home field,Non-conference
401404017,2022,7,Utah,USC,1,False,True,0.7088396185737258,1,0.7088396185737258,1,2018-2022,Weeks 7-9,Home field,Conference
401404092,2022,7,West Virginia,Baylor,1,False,True,0.2858460672232207,0,0.7141539327767793,0,2018-2022,Weeks 7-9,Home field,Conference
401404093,2022,7,Texas,Iowa State,1,False,True,0.9123810657642303,1,0.9123810657642303,1,2018-2022,Weeks 7-9,Home field,Conference
401404094,2022,7,Oklahoma,Kansas,1,False,True,0.7242982282963981,1,0.7242982282963981,1,2018-2022,Weeks 7-9,Home field,Conference
401404095,2022,7,TCU,Oklahoma State,1,False,True,0.5576522477274262,1,0.5576522477274262,1,2018-2022,Weeks 7-9,Home field,Conference
401404153,2022,7,Ball State,Connecticut,1,False,False,0.7365583596361859,1,0.7365583596361859,1,2018-2022,Weeks 7-9,Home field,Non-conference
401405112,2022,7,Illinois,Minnesota,1,False,True,0.35752723169531264,0,0.6424727683046874,0,2018-2022,Weeks 7-9,Home field,Conference
401405113,2022,7,Purdue,Nebraska,1,False,True,0.7720329741195668,1,0.7720329741195668,1,2018-2022,Weeks 7-9,Home field,Conference
401405114,2022,7,Indiana,Maryland,0,False,True,0.21521165238870638,0,0.7847883476112936,1,2018-2022,Weeks 7-9,Home field,Conference
401405115,2022,7,Michigan,Penn State,1,False,True,0.80916591579907,1,0.80916591579907,1,2018-2022,Weeks 7-9,Home field,Conference
401405116,2022,7,Michigan State,Wisconsin,1,False,True,0.3911986567297818,0,0.6088013432702182,0,2018-2022,Weeks 7-9,Home field,Conference
401409239,2022,7,New Mexico State,New Mexico,1,False,False,0.39616146866455737,0,0.6038385313354426,0,2018-2022,Weeks 7-9,Home field,Non-conference
401411137,2022,7,Duke,North Carolina,0,False,True,0.19259622465642554,0,0.8074037753435744,1,2018-2022,Weeks 7-9,Home field,Conference
401411138,2022,7,Florida State,Clemson,0,False,True,0.2531519604097225,0,0.7468480395902775,1,2018-2022,Weeks 7-9,Home field,Conference
401411139,2022,7,Syracuse,NC State,1,False,True,0.44824783919893335,0,0.5517521608010667,0,2018-2022,Weeks 7-9,Home field,Conference
401411140,2022,7,Virginia Tech,Miami,0,False,True,0.16414245950570128,0,0.8358575404942987,1,2018-2022,Weeks 7-9,Home field,Conference
401414783,2022,7,UMass,Buffalo,0,False,False,0.17302702760970634,0,0.8269729723902937,1,2018-2022,Weeks 7-9,Home field,Non-conference
401415237,2022,7,UNLV,Air Force,0,False,True,0.45772546411433424,0,0.5422745358856658,1,2018-2022,Weeks 7-9,Home field,Conference
401415238,2022,7,Colorado State,Utah State,0,False,True,0.3978135388569661,0,0.6021864611430339,1,2018-2022,Weeks 7-9,Home field,Conference
401415239,2022,7,Fresno State,San José State,1,False,True,0.6239754100580166,1,0.6239754100580166,1,2018-2022,Weeks 7-9,Home field,Conference
401415240,2022,7,Hawai'i,Nevada,1,False,True,0.32337470100164983,0,0.6766252989983501,0,2018-2022,Weeks 7-9,Home field,Conference
401415634,2022,7,UCF,Temple,1,False,True,0.968355901440684,1,0.968355901440684,1,2018-2022,Weeks 7-9,Home field,Conference
401415635,2022,7,SMU,Navy,1,False,True,0.9063685114904001,1,0.9063685114904001,1,2018-2022,Weeks 7-9,Home field,Conference
401415636,2022,7,South Florida,Tulane,0,False,True,0.3499384339571962,0,0.6500615660428037,1,2018-2022,Weeks 7-9,Home field,Conference
401415637,2022,7,East Carolina,Memphis,1,False,True,0.5764033094507599,1,0.5764033094507599,1,2018-2022,Weeks 7-9,Home field,Conference
401416619,2022,7,Akron,Central Michigan,0,False,True,0.19958154023788469,0,0.8004184597621153,1,2018-2022,Weeks 7-9,Home field,Conference
401416620,2022,7,Eastern Michigan,Northern Illinois,0,False,True,0.5880806008600801,1,0.5880806008600801,0,2018-2022,Weeks 7-9,Home field,Conference
401416621,2022,7,Toledo,Kent State,1,False,True,0.8522758804515937,1,0.8522758804515937,1,2018-2022,Weeks 7-9,Home field,Conference
401416622,2022,7,Bowling Green,Miami (OH),1,False,True,0.398143934983433,0,0.601856065016567,0,2018-2022,Weeks 7-9,Home field,Conference
401416623,2022,7,Western Michigan,Ohio,0,False,True,0.44050341848207814,0,0.5594965815179218,1,2018-2022,Weeks 7-9,Home field,Conference
401426347,2022,7,Marshall,Louisiana,0,False,True,0.7030837791674363,1,0.7030837791674363,0,2018-2022,Weeks 7-9,Home field,Conference
401426348,2022,7,Coastal Carolina,Old Dominion,0,False,True,0.7951809579079621,1,0.7951809579079621,0,2018-2022,Weeks 7-9,Home field,Conference
401426349,2022,7,Georgia Southern,James Madison,1,False,True,0.6297878203977679,1,0.6297878203977679,1,2018-2022,Weeks 7-9,Home field,Conference
401426350,2022,7,South Alabama,Louisiana Monroe,1,False,True,0.8714762499489803,1,0.8714762499489803,1,2018-2022,Weeks 7-9,Home field,Conference
401426351,2022,7,Southern Mississippi,Arkansas State,1,False,True,0.7519809295308274,1,0.7519809295308274,1,2018-2022,Weeks 7-9,Home field,Conference
401426352,2022,7,Troy,Texas State,1,False,True,0.7171450101438458,1,0.7171450101438458,1,2018-2022,Weeks 7-9,Home field,Conference
401426583,2022,7,UAB,Charlotte,1,False,True,0.8741649260097466,1,0.8741649260097466,1,2018-2022,Weeks 7-9,Home field,Conference
401426584,2022,7,Florida International,UT San Antonio,0,False,True,0.04322807681907258,0,0.9567719231809274,1,2018-2022,Weeks 7-9,Home field,Conference
401426585,2022,7,Florida Atlantic,Rice,1,False,True,0.7636154351033942,1,0.7636154351033942,1,2018-2022,Weeks 7-9,Home field,Conference
401426586,2022,7,North Texas,Louisiana Tech,1,False,True,0.8002287254941678,1,0.8002287254941678,1,2018-2022,Weeks 7-9,Home field,Conference
401426587,2022,7,Middle Tennessee,Western Kentucky,0,False,True,0.22768725278214824,0,0.7723127472178517,1,2018-2022,Weeks 7-9,Home field,Conference
401403922,2022,8,Alabama,Mississippi State,1,False,True,0.9226173113865319,1,0.9226173113865319,1,2018-2022,Weeks 7-9,Home field,Conference
401403923,2022,8,LSU,Ole Miss,1,False,True,0.5097967094431837,1,0.5097967094431837,1,2018-2022,Weeks 7-9,Home field,Conference
401403924,2022,8,Missouri,Vanderbilt,1,False,True,0.7648271120567928,1,0.7648271120567928,1,2018-2022,Weeks 7-9,Home field,Conference
401403925,2022,8,South Carolina,Texas A&M,1,False,True,0.4663080008781082,0,0.5336919991218918,0,2018-2022,Weeks 7-9,Home field,Conference
401404018,2022,8,Stanford,Arizona State,1,False,True,0.5782384264012855,1,0.5782384264012855,1,2018-2022,Weeks 7-9,Home field,Conference
401404019,2022,8,California,Washington,0,False,True,0.18923143715245588,0,0.8107685628475441,1,2018-2022,Weeks 7-9,Home field,Conference
401404020,2022,8,Oregon State,Colorado,1,False,True,0.9434911547758611,1,0.9434911547758611,1,2018-2022,Weeks 7-9,Home field,Conference
401404021,2022,8,Oregon,UCLA,1,False,True,0.6124054057480612,1,0.6124054057480612,1,2018-2022,Weeks 7-9,Home field,Conference
401404096,2022,8,Baylor,Kansas,1,False,True,0.8208508450197485,1,0.8208508450197485,1,2018-2022,Weeks 7-9,Home field,Conference
401404097,2022,8,TCU,Kansas State,1,False,True,0.7815946446570855,1,0.7815946446570855,1,2018-2022,Weeks 7-9,Home field,Conference
401404098,2022,8,Oklahoma State,Texas,1,False,True,0.26641776471653594,0,0.733582235283464,0,2018-2022,Weeks 7-9,Home field,Conference
401404099,2022,8,Texas Tech,West Virginia,1,False,True,0.6073801473052179,1,0.6073801473052179,1,2018-2022,Weeks 7-9,Home field,Conference
401404128,2022,8,Notre Dame,UNLV,1,False,False,0.9246477495553558,1,0.9246477495553558,1,2018-2022,Weeks 7-9,Home field,Non-conference
401404140,2022,8,Army,Louisiana Monroe,1,False,False,0.7084701027037599,1,0.7084701027037599,1,2018-2022,Weeks 7-9,Home field,Non-conference
401404163,2022,8,Liberty,BYU,1,False,True,0.2200904758815468,0,0.7799095241184533,0,2018-2022,Weeks 7-9,Home field,Conference
401405117,2022,8,Wisconsin,Purdue,1,False,True,0.6008369600501988,1,0.6008369600501988,1,2018-2022,Weeks 7-9,Home field,Conference
401405118,2022,8,Maryland,Northwestern,1,False,True,0.8766275838103711,1,0.8766275838103711,1,2018-2022,Weeks 7-9,Home field,Conference
401405119,2022,8,Ohio State,Iowa,1,False,True,0.9615936856052566,1,0.9615936856052566,1,2018-2022,Weeks 7-9,Home field,Conference
401405120,2022,8,Penn State,Minnesota,1,False,True,0.5200486810460024,1,0.5200486810460024,1,2018-2022,Weeks 7-9,Home field,Conference
401405121,2022,8,Rutgers,Indiana,1,False,True,0.5533611834720955,1,0.5533611834720955,1,2018-2022,Weeks 7-9,Home field,Conference
401411141,2022,8,Georgia Tech,Virginia,0,False,True,0.5121336133268872,1,0.5121336133268872,0,2018-2022,Weeks 7-9,Home field,Conference
401411142,2022,8,Clemson,Syracuse,1,False,True,0.8333182813607577,1,0.8333182813607577,1,2018-2022,Weeks 7-9,Home field,Conference
401411143,2022,8,Louisville,Pittsburgh,1,False,True,0.4396115221191506,0,0.5603884778808494,0,2018-2022,Weeks 7-9,Home field,Conference
401411144,2022,8,Miami,Duke,0,False,True,0.9093536933489714,1,0.9093536933489714,0,2018-2022,Weeks 7-9,Home field,Conference
401411145,2022,8,Wake Forest,Boston College,1,False,True,0.9340216838220865,1,0.9340216838220865,1,2018-2022,Weeks 7-9,Home field,Conference
401415241,2022,8,Air Force,Boise State,0,False,True,0.4986952430420699,0,0.5013047569579301,1,2018-2022,Weeks 7-9,Home field,Conference
401415242,2022,8,Colorado State,Hawai'i,1,False,True,0.7487567488090163,1,0.7487567488090163,1,2018-2022,Weeks 7-9,Home field,Conference
401415243,2022,8,New Mexico,Fresno State,0,False,True,0.10876775695282262,0,0.8912322430471774,1,2018-2022,Weeks 7-9,Home field,Conference
401415244,2022,8,Wyoming,Utah State,1,False,True,0.46879252309627867,0,0.5312074769037214,0,2018-2022,Weeks 7-9,Home field,Conference
401415245,2022,8,Nevada,San Diego State,0,False,True,0.4483059975702998,0,0.5516940024297001,1,2018-2022,Weeks 7-9,Home field,Conference
401415638,2022,8,Temple,Tulsa,0,False,True,0.212335465863843,0,0.787664534136157,1,2018-2022,Weeks 7-9,Home field,Conference
401415639,2022,8,Tulane,Memphis,1,False,True,0.6585611691422049,1,0.6585611691422049,1,2018-2022,Weeks 7-9,Home field,Conference
401415640,2022,8,Navy,Houston,0,False,True,0.21034001414944775,0,0.7896599858505522,1,2018-2022,Weeks 7-9,Home field,Conference
401415641,2022,8,SMU,Cincinnati,0,False,True,0.38796929106345646,0,0.6120307089365435,1,2018-2022,Weeks 7-9,Home field,Conference
401415642,2022,8,East Carolina,UCF,1,False,True,0.2013312675996624,0,0.7986687324003376,0,2018-2022,Weeks 7-9,Home field,Conference
401416624,2022,8,Ball State,Eastern Michigan,0,False,True,0.3586249412974295,0,0.6413750587025705,1,2018-2022,Weeks 7-9,Home field,Conference
401416625,2022,8,Ohio,Northern Illinois,1,False,True,0.36889313302175714,0,0.6311068669782429,0,2018-2022,Weeks 7-9,Home field,Conference
401416626,2022,8,Buffalo,Toledo,1,False,True,0.32013070508678865,0,0.6798692949132114,0,2018-2022,Weeks 7-9,Home field,Conference
401416627,2022,8,Miami (OH),Western Michigan,0,False,True,0.7751195293504561,1,0.7751195293504561,0,2018-2022,Weeks 7-9,Home field,Conference
401416628,2022,8,Kent State,Akron,1,False,True,0.8197970318874448,1,0.8197970318874448,1,2018-2022,Weeks 7-9,Home field,Conference
401416629,2022,8,Central Michigan,Bowling Green,0,False,True,0.6399262508413508,1,0.6399262508413508,0,2018-2022,Weeks 7-9,Home field,Conference
401426353,2022,8,App State,Georgia State,1,False,True,0.594750736052674,1,0.594750736052674,1,2018-2022,Weeks 7-9,Home field,Conference
401426354,2022,8,South Alabama,Troy,0,False,True,0.5561810149770172,1,0.5561810149770172,0,2018-2022,Weeks 7-9,Home field,Conference
401426355,2022,8,James Madison,Marshall,0,False,True,0.43313175207329746,0,0.5668682479267025,1,2018-2022,Weeks 7-9,Home field,Conference
401426356,2022,8,Old Dominion,Georgia Southern,0,False,True,0.5408622855437971,1,0.5408622855437971,0,2018-2022,Weeks 7-9,Home field,Conference
401426357,2022,8,Louisiana,Arkansas State,1,False,True,0.7567665473509908,1,0.7567665473509908,1,2018-2022,Weeks 7-9,Home field,Conference
401426358,2022,8,Texas State,Southern Mississippi,0,False,True,0.5470993409247659,1,0.5470993409247659,0,2018-2022,Weeks 7-9,Home field,Conference
401426588,2022,8,Charlotte,Florida International,0,False,True,0.8341932193250667,1,0.8341932193250667,0,2018-2022,Weeks 7-9,Home field,Conference
401426589,2022,8,UTEP,Florida Atlantic,1,False,True,0.3500858225003082,0,0.6499141774996918,0,2018-2022,Weeks 7-9,Home field,Conference
401426590,2022,8,Louisiana Tech,Rice,0,False,True,0.4571674254137071,0,0.542832574586293,1,2018-2022,Weeks 7-9,Home field,Conference
401426591,2022,8,UT San Antonio,North Texas,1,False,True,0.7970664101500478,1,0.7970664101500478,1,2018-2022,Weeks 7-9,Home field,Conference
401426592,2022,8,Western Kentucky,UAB,1,False,True,0.7239115910919522,1,0.7239115910919522,1,2018-2022,Weeks 7-9,Home field,Conference
401403927,2022,9,Auburn,Arkansas,0,False,True,0.406754540795162,0,0.593245459204838,1,2018-2022,Weeks 7-9,Home field,Conference
401403928,2022,9,Georgia,Florida,1,True,True,0.9591441357248351,1,0.9591441357248351,1,2018-2022,Weeks 7-9,Neutral,Conference
401403929,2022,9,South Carolina,Missouri,0,False,True,0.7077399645148476,1,0.7077399645148476,0,2018-2022,Weeks 7-9,Home field,Conference
401403930,2022,9,Tennessee,Kentucky,1,False,True,0.7954923332850583,1,0.7954923332850583,1,2018-2022,Weeks 7-9,Home field,Conference
401403931,2022,9,Texas A&M,Ole Miss,0,False,True,0.6126883420865289,1,0.6126883420865289,0,2018-2022,Weeks 7-9,Home field,Conference
401404022,2022,9,Arizona,USC,0,False,True,0.15155837894148055,0,0.8484416210585195,1,2018-2022,Weeks 7-9,Home field,Conference
401404023,2022,9,Colorado,Arizona State,0,False,True,0.11590788007720738,0,0.8840921199227926,1,2018-2022,Weeks 7-9,Home field,Conference
401404024,2022,9,California,Oregon,0,False,True,0.13635492357568563,0,0.8636450764243144,1,2018-2022,Weeks 7-9,Home field,Conference
401404025,2022,9,UCLA,Stanford,1,False,True,0.7697614032501389,1,0.7697614032501389,1,2018-2022,Weeks 7-9,Home field,Conference
401404026,2022,9,Washington State,Utah,0,False,True,0.14912754026910593,0,0.8508724597308941,1,2018-2022,Weeks 7-9,Home field,Conference
401404100,2022,9,Iowa State,Oklahoma,0,False,True,0.4950129921489036,0,0.5049870078510964,1,2018-2022,Weeks 7-9,Home field,Conference
401404101,2022,9,Texas Tech,Baylor,0,False,True,0.4251328444441237,0,0.5748671555558763,1,2018-2022,Weeks 7-9,Home field,Conference
401404102,2022,9,Kansas State,Oklahoma State,1,False,True,0.3589985220097408,0,0.6410014779902592,0,2018-2022,Weeks 7-9,Home field,Conference
401404103,2022,9,West Virginia,TCU,0,False,True,0.20674656592052293,0,0.793253434079477,1,2018-2022,Weeks 7-9,Home field,Conference
401404129,2022,9,Syracuse,Notre Dame,0,False,False,0.5488732715665247,1,0.5488732715665247,0,2018-2022,Weeks 7-9,Home field,Non-conference
401404154,2022,9,Connecticut,Boston College,1,False,False,0.32854865477478157,0,0.6714513452252184,0,2018-2022,Weeks 7-9,Home field,Non-conference
401405122,2022,9,Iowa,Northwestern,1,False,True,0.8266133867775036,1,0.8266133867775036,1,2018-2022,Weeks 7-9,Home field,Conference
401405123,2022,9,Minnesota,Rutgers,1,False,True,0.8656001220125289,1,0.8656001220125289,1,2018-2022,Weeks 7-9,Home field,Conference
401405124,2022,9,Nebraska,Illinois,0,False,True,0.38647909898013755,0,0.6135209010198625,1,2018-2022,Weeks 7-9,Home field,Conference
401405125,2022,9,Michigan,Michigan State,1,False,True,0.9297101823860316,1,0.9297101823860316,1,2018-2022,Weeks 7-9,Home field,Conference
401405126,2022,9,Penn State,Ohio State,0,False,True,0.08507486063440757,0,0.9149251393655924,1,2018-2022,Weeks 7-9,Home field,Conference
401409242,2022,9,UMass,New Mexico State,0,False,True,0.6504660373948635,1,0.6504660373948635,0,2018-2022,Weeks 7-9,Home field,Conference
401411146,2022,9,NC State,Virginia Tech,1,False,True,0.9156908407338792,1,0.9156908407338792,1,2018-2022,Weeks 7-9,Home field,Conference
401411147,2022,9,Florida State,Georgia Tech,1,False,True,0.932962132544926,1,0.932962132544926,1,2018-2022,Weeks 7-9,Home field,Conference
401411148,2022,9,Louisville,Wake Forest,1,False,True,0.37517936771699567,0,0.6248206322830043,0,2018-2022,Weeks 7-9,Home field,Conference
401411149,2022,9,North Carolina,Pittsburgh,1,False,True,0.5671686197375211,1,0.5671686197375211,1,2018-2022,Weeks 7-9,Home field,Conference
401411150,2022,9,Virginia,Miami,0,False,True,0.1995441785509544,0,0.8004558214490456,1,2018-2022,Weeks 7-9,Home field,Conference
401415246,2022,9,Boise State,Colorado State,1,False,True,0.9293217237734638,1,0.9293217237734638,1,2018-2022,Weeks 7-9,Home field,Conference
401415247,2022,9,Hawai'i,Wyoming,0,False,True,0.27267056896954434,0,0.7273294310304557,1,2018-2022,Weeks 7-9,Home field,Conference
401415248,2022,9,Fresno State,San Diego State,1,False,True,0.8817044976465827,1,0.8817044976465827,1,2018-2022,Weeks 7-9,Home field,Conference
401415249,2022,9,San José State,Nevada,1,False,True,0.9156277512746458,1,0.9156277512746458,1,2018-2022,Weeks 7-9,Home field,Conference
401415643,2022,9,Houston,South Florida,1,False,True,0.8070996607882416,1,0.8070996607882416,1,2018-2022,Weeks 7-9,Home field,Conference
401415644,2022,9,UCF,Cincinnati,1,False,True,0.6436770869830958,1,0.6436770869830958,1,2018-2022,Weeks 7-9,Home field,Conference
401415645,2022,9,BYU,East Carolina,0,False,False,0.5625898606232917,1,0.5625898606232917,0,2018-2022,Weeks 7-9,Home field,Non-conference
401415646,2022,9,Navy,Temple,1,False,True,0.7560132980752795,1,0.7560132980752795,1,2018-2022,Weeks 7-9,Home field,Conference
401415647,2022,9,Tulsa,SMU,0,False,True,0.29186243084343194,0,0.7081375691565681,1,2018-2022,Weeks 7-9,Home field,Conference
401416630,2022,9,Eastern Michigan,Toledo,0,False,True,0.30049625803565283,0,0.6995037419643472,1,2018-2022,Weeks 7-9,Home field,Conference
401416631,2022,9,Akron,Miami (OH),0,False,True,0.26076416226528343,0,0.7392358377347166,1,2018-2022,Weeks 7-9,Home field,Conference
401426359,2022,9,Southern Mississippi,Louisiana,1,False,True,0.539019654465309,1,0.539019654465309,1,2018-2022,Weeks 7-9,Home field,Conference
401426361,2022,9,Georgia State,Old Dominion,1,False,True,0.6272866138336791,1,0.6272866138336791,1,2018-2022,Weeks 7-9,Home field,Conference
401426362,2022,9,Marshall,Coastal Carolina,0,False,True,0.7287488824433435,1,0.7287488824433435,0,2018-2022,Weeks 7-9,Home field,Conference
401426363,2022,9,Arkansas State,South Alabama,0,False,True,0.3100953815635436,0,0.6899046184364563,1,2018-2022,Weeks 7-9,Home field,Conference
401426593,2022,9,Rice,Charlotte,0,False,True,0.7058735170503981,1,0.7058735170503981,0,2018-2022,Weeks 7-9,Home field,Conference
401426594,2022,9,Florida International,Louisiana Tech,1,False,True,0.43368122555095245,0,0.5663187744490475,0,2018-2022,Weeks 7-9,Home field,Conference
401426595,2022,9,Florida Atlantic,UAB,1,False,True,0.4565118095522817,0,0.5434881904477182,0,2018-2022,Weeks 7-9,Home field,Conference
401426596,2022,9,UTEP,Middle Tennessee,0,False,True,0.45558623352163485,0,0.5444137664783651,1,2018-2022,Weeks 7-9,Home field,Conference
401426597,2022,9,Western Kentucky,North Texas,0,False,True,0.8208519409514541,1,0.8208519409514541,0,2018-2022,Weeks 7-9,Home field,Conference
401403932,2022,10,Arkansas,Liberty,0,False,False,0.9034292872832029,1,0.9034292872832029,0,2018-2022,Weeks 10+,Home field,Non-conference
401403933,2022,10,Georgia,Tennessee,1,False,True,0.7765155067582397,1,0.7765155067582397,1,2018-2022,Weeks 10+,Home field,Conference
401403934,2022,10,LSU,Alabama,1,False,True,0.14497744057207335,0,0.8550225594279266,0,2018-2022,Weeks 10+,Home field,Conference
401403935,2022,10,Mississippi State,Auburn,1,False,True,0.82623251829147,1,0.82623251829147,1,2018-2022,Weeks 10+,Home field,Conference
401403936,2022,10,Missouri,Kentucky,0,False,True,0.3942508916154489,0,0.6057491083845511,1,2018-2022,Weeks 10+,Home field,Conference
401403937,2022,10,Texas A&M,Florida,0,False,True,0.7152929278860861,1,0.7152929278860861,0,2018-2022,Weeks 10+,Home field,Conference
401403938,2022,10,Vanderbilt,South Carolina,0,False,True,0.2803072283058119,0,0.7196927716941881,1,2018-2022,Weeks 10+,Home field,Conference
401404027,2022,10,Utah,Arizona,1,False,True,0.9414559150817712,1,0.9414559150817712,1,2018-2022,Weeks 10+,Home field,Conference
401404028,2022,10,Arizona State,UCLA,0,False,True,0.3598305515822154,0,0.6401694484177847,1,2018-2022,Weeks 10+,Home field,Conference
401404029,2022,10,USC,California,1,False,True,0.9143265343907809,1,0.9143265343907809,1,2018-2022,Weeks 10+,Home field,Conference
401404030,2022,10,Colorado,Oregon,0,False,True,0.03758012399838937,0,0.9624198760016106,1,2018-2022,Weeks 10+,Home field,Conference
401404031,2022,10,Washington,Oregon State,1,False,True,0.6604731283000717,1,0.6604731283000717,1,2018-2022,Weeks 10+,Home field,Conference
401404032,2022,10,Stanford,Washington State,0,False,True,0.6344606437556469,1,0.6344606437556469,0,2018-2022,Weeks 10+,Home field,Conference
401404104,2022,10,Oklahoma,Baylor,0,False,True,0.4909757281390678,0,0.5090242718609321,1,2018-2022,Weeks 10+,Home field,Conference
401404105,2022,10,Iowa State,West Virginia,1,False,True,0.6904381806464017,1,0.6904381806464017,1,2018-2022,Weeks 10+,Home field,Conference
401404106,2022,10,Kansas,Oklahoma State,1,False,True,0.4190831217758611,0,0.580916878224139,0,2018-2022,Weeks 10+,Home field,Conference
401404107,2022,10,Kansas State,Texas,0,False,True,0.2648818829032456,0,0.7351181170967545,1,2018-2022,Weeks 10+,Home field,Conference
401404108,2022,10,TCU,Texas Tech,1,False,True,0.7963608406566598,1,0.7963608406566598,1,2018-2022,Weeks 10+,Home field,Conference
401404130,2022,10,Notre Dame,Clemson,1,False,False,0.3744279386926489,0,0.6255720613073511,0,2018-2022,Weeks 10+,Home field,Non-conference
401404141,2022,10,Army,Air Force,0,True,False,0.27062651687163974,0,0.7293734831283603,1,2018-2022,Weeks 10+,Neutral,Non-conference
401404155,2022,10,Connecticut,UMass,1,False,False,0.7788347786691395,1,0.7788347786691395,1,2018-2022,Weeks 10+,Home field,Non-conference
401405127,2022,10,Illinois,Michigan State,0,False,True,0.700625418311881,1,0.700625418311881,0,2018-2022,Weeks 10+,Home field,Conference
401405128,2022,10,Nebraska,Minnesota,0,False,True,0.3023267377409212,0,0.6976732622590788,1,2018-2022,Weeks 10+,Home field,Conference
401405129,2022,10,Northwestern,Ohio State,0,False,True,0.012572609951991876,0,0.9874273900480082,1,2018-2022,Weeks 10+,Home field,Conference
401405130,2022,10,Purdue,Iowa,0,False,True,0.5831894089365275,1,0.5831894089365275,0,2018-2022,Weeks 10+,Home field,Conference
401405131,2022,10,Wisconsin,Maryland,1,False,True,0.6486664903246044,1,0.6486664903246044,1,2018-2022,Weeks 10+,Home field,Conference
401405132,2022,10,Indiana,Penn State,0,False,True,0.15040224880860245,0,0.8495977511913976,1,2018-2022,Weeks 10+,Home field,Conference
401405133,2022,10,Rutgers,Michigan,0,False,True,0.03929778849784221,0,0.9607022115021577,1,2018-2022,Weeks 10+,Home field,Conference
401411151,2022,10,Boston College,Duke,0,False,True,0.42881481121171694,0,0.5711851887882831,1,2018-2022,Weeks 10+,Home field,Conference
401411152,2022,10,Louisville,James Madison,1,False,False,0.9189847548188814,1,0.9189847548188814,1,2018-2022,Weeks 10+,Home field,Non-conference
401411153,2022,10,Miami,Florida State,0,False,True,0.442606685051596,0,0.557393314948404,1,2018-2022,Weeks 10+,Home field,Conference
401411154,2022,10,NC State,Wake Forest,1,False,True,0.5916233689848069,1,0.5916233689848069,1,2018-2022,Weeks 10+,Home field,Conference
401411155,2022,10,Pittsburgh,Syracuse,1,False,True,0.5689145965821037,1,0.5689145965821037,1,2018-2022,Weeks 10+,Home field,Conference
401411156,2022,10,Virginia,North Carolina,0,False,True,0.17169566075602027,0,0.8283043392439797,1,2018-2022,Weeks 10+,Home field,Conference
401411157,2022,10,Virginia Tech,Georgia Tech,0,False,True,0.6885731577573844,1,0.6885731577573844,0,2018-2022,Weeks 10+,Home field,Conference
401415250,2022,10,Boise State,BYU,0,False,False,0.742444449722733,1,0.742444449722733,0,2018-2022,Weeks 10+,Home field,Non-conference
401415251,2022,10,San José State,Colorado State,1,False,True,0.8961415712604706,1,0.8961415712604706,1,2018-2022,Weeks 10+,Home field,Conference
401415252,2022,10,Utah State,New Mexico,1,False,True,0.8573271411257073,1,0.8573271411257073,1,2018-2022,Weeks 10+,Home field,Conference
401415253,2022,10,Fresno State,Hawai'i,1,False,True,0.9583687683215362,1,0.9583687683215362,1,2018-2022,Weeks 10+,Home field,Conference
401415254,2022,10,San Diego State,UNLV,1,False,True,0.493609582934707,0,0.506390417065293,0,2018-2022,Weeks 10+,Home field,Conference
401415648,2022,10,Temple,South Florida,1,False,True,0.2289881788877735,0,0.7710118211122265,0,2018-2022,Weeks 10+,Home field,Conference
401415649,2022,10,Tulsa,Tulane,0,False,True,0.33259724019481174,0,0.6674027598051883,1,2018-2022,Weeks 10+,Home field,Conference
401415650,2022,10,Cincinnati,Navy,1,False,True,0.9534856740470404,1,0.9534856740470404,1,2018-2022,Weeks 10+,Home field,Conference
401415651,2022,10,Memphis,UCF,0,False,True,0.23397586204255563,0,0.7660241379574444,1,2018-2022,Weeks 10+,Home field,Conference
401415652,2022,10,SMU,Houston,1,False,True,0.5781366826689441,1,0.5781366826689441,1,2018-2022,Weeks 10+,Home field,Conference
401416632,2022,10,Kent State,Ball State,0,False,True,0.6728951216271968,1,0.6728951216271968,0,2018-2022,Weeks 10+,Home field,Conference
401416633,2022,10,Ohio,Buffalo,1,False,True,0.4663794907716685,0,0.5336205092283315,0,2018-2022,Weeks 10+,Home field,Conference
401416634,2022,10,Northern Illinois,Central Michigan,0,False,True,0.7782668186048196,1,0.7782668186048196,0,2018-2022,Weeks 10+,Home field,Conference
401416635,2022,10,Bowling Green,Western Michigan,1,False,True,0.7657585812138706,1,0.7657585812138706,1,2018-2022,Weeks 10+,Home field,Conference
401426364,2022,10,Coastal Carolina,App State,1,False,True,0.3867800719719732,0,0.6132199280280268,0,2018-2022,Weeks 10+,Home field,Conference
401426365,2022,10,Georgia Southern,South Alabama,0,False,True,0.5874032660546347,1,0.5874032660546347,0,2018-2022,Weeks 10+,Home field,Conference
401426366,2022,10,Old Dominion,Marshall,0,False,True,0.4520596682056789,0,0.5479403317943211,1,2018-2022,Weeks 10+,Home field,Conference
401426367,2022,10,Louisiana,Troy,0,False,True,0.4359534665269901,0,0.5640465334730099,1,2018-2022,Weeks 10+,Home field,Conference
401426368,2022,10,Louisiana Monroe,Texas State,1,False,True,0.3220137145934746,0,0.6779862854065254,0,2018-2022,Weeks 10+,Home field,Conference
401426369,2022,10,Southern Mississippi,Georgia State,0,False,True,0.5556876157279933,1,0.5556876157279933,0,2018-2022,Weeks 10+,Home field,Conference
401426598,2022,10,Charlotte,Western Kentucky,0,False,True,0.23146146880851115,0,0.7685385311914888,1,2018-2022,Weeks 10+,Home field,Conference
401426599,2022,10,North Texas,Florida International,1,False,True,0.9370356804733638,1,0.9370356804733638,1,2018-2022,Weeks 10+,Home field,Conference
401426600,2022,10,Louisiana Tech,Middle Tennessee,1,False,True,0.3511779092792875,0,0.6488220907207125,0,2018-2022,Weeks 10+,Home field,Conference
401426601,2022,10,Rice,UTEP,1,False,True,0.5468883338533506,1,0.5468883338533506,1,2018-2022,Weeks 10+,Home field,Conference
401426602,2022,10,UAB,UT San Antonio,0,False,True,0.4150298637703389,0,0.5849701362296611,1,2018-2022,Weeks 10+,Home field,Conference
401403939,2022,11,Arkansas,LSU,0,False,True,0.43398793699718685,0,0.5660120630028131,1,2018-2022,Weeks 10+,Home field,Conference
401403940,2022,11,Auburn,Texas A&M,1,False,True,0.3742523380842365,0,0.6257476619157635,0,2018-2022,Weeks 10+,Home field,Conference
401403941,2022,11,Florida,South Carolina,1,False,True,0.651758992662988,1,0.651758992662988,1,2018-2022,Weeks 10+,Home field,Conference
401403942,2022,11,Kentucky,Vanderbilt,0,False,True,0.8873432565182002,1,0.8873432565182002,0,2018-2022,Weeks 10+,Home field,Conference
401403943,2022,11,Ole Miss,Alabama,0,False,True,0.09682184351925346,0,0.9031781564807465,1,2018-2022,Weeks 10+,Home field,Conference
401403944,2022,11,Mississippi State,Georgia,0,False,True,0.11715453430417604,0,0.882845465695824,1,2018-2022,Weeks 10+,Home field,Conference
401403945,2022,11,Tennessee,Missouri,1,False,True,0.9342460002133809,1,0.9342460002133809,1,2018-2022,Weeks 10+,Home field,Conference
401404033,2022,11,USC,Colorado,1,False,True,0.9769274285371052,1,0.9769274285371052,1,2018-2022,Weeks 10+,Home field,Conference
401404034,2022,11,UCLA,Arizona,0,False,True,0.8921001091300269,1,0.8921001091300269,0,2018-2022,Weeks 10+,Home field,Conference
401404035,2022,11,Washington State,Arizona State,1,False,True,0.5567997233519736,1,0.5567997233519736,1,2018-2022,Weeks 10+,Home field,Conference
401404036,2022,11,Oregon State,California,1,False,True,0.8656121707008255,1,0.8656121707008255,1,2018-2022,Weeks 10+,Home field,Conference
401404037,2022,11,Oregon,Washington,0,False,True,0.7274910003979113,1,0.7274910003979113,0,2018-2022,Weeks 10+,Home field,Conference
401404038,2022,11,Utah,Stanford,1,False,True,0.9083305523809281,1,0.9083305523809281,1,2018-2022,Weeks 10+,Home field,Conference
401404109,2022,11,Baylor,Kansas State,0,False,True,0.6487372550844404,1,0.6487372550844404,0,2018-2022,Weeks 10+,Home field,Conference
401404110,2022,11,Oklahoma State,Iowa State,1,False,True,0.6276907533309112,1,0.6276907533309112,1,2018-2022,Weeks 10+,Home field,Conference
401404111,2022,11,Texas Tech,Kansas,1,False,True,0.552915880262127,1,0.552915880262127,1,2018-2022,Weeks 10+,Home field,Conference
401404112,2022,11,West Virginia,Oklahoma,1,False,True,0.2616904356021653,0,0.7383095643978347,0,2018-2022,Weeks 10+,Home field,Conference
401404113,2022,11,Texas,TCU,0,False,True,0.806072937755134,1,0.806072937755134,0,2018-2022,Weeks 10+,Home field,Conference
401404131,2022,11,Navy,Notre Dame,0,True,False,0.047412610948639494,0,0.9525873890513605,1,2018-2022,Weeks 10+,Neutral,Non-conference
401404142,2022,11,Troy,Army,1,False,False,0.8593088908913783,1,0.8593088908913783,1,2018-2022,Weeks 10+,Home field,Non-conference
401404156,2022,11,Connecticut,Liberty,1,False,False,0.29283146866683896,0,0.707168531333161,0,2018-2022,Weeks 10+,Home field,Non-conference
401405134,2022,11,Illinois,Purdue,0,False,True,0.6173876113050455,1,0.6173876113050455,0,2018-2022,Weeks 10+,Home field,Conference
401405135,2022,11,Iowa,Wisconsin,1,False,True,0.558964341593811,1,0.558964341593811,1,2018-2022,Weeks 10+,Home field,Conference
401405136,2022,11,Minnesota,Northwestern,1,False,True,0.868031662773907,1,0.868031662773907,1,2018-2022,Weeks 10+,Home field,Conference
401405137,2022,11,Michigan,Nebraska,1,False,True,0.9587423319376023,1,0.9587423319376023,1,2018-2022,Weeks 10+,Home field,Conference
401405138,2022,11,Michigan State,Rutgers,1,False,True,0.842931601254566,1,0.842931601254566,1,2018-2022,Weeks 10+,Home field,Conference
401405139,2022,11,Ohio State,Indiana,1,False,True,0.9914448140966616,1,0.9914448140966616,1,2018-2022,Weeks 10+,Home field,Conference
401405140,2022,11,Penn State,Maryland,1,False,True,0.7845148657364371,1,0.7845148657364371,1,2018-2022,Weeks 10+,Home field,Conference
401411158,2022,11,Clemson,Louisville,1,False,True,0.7729659862226588,1,0.7729659862226588,1,2018-2022,Weeks 10+,Home field,Conference
401411159,2022,11,Duke,Virginia Tech,1,False,True,0.6396881855474612,1,0.6396881855474612,1,2018-2022,Weeks 10+,Home field,Conference
401411160,2022,11,Georgia Tech,Miami,0,False,True,0.21871847597651425,0,0.7812815240234857,1,2018-2022,Weeks 10+,Home field,Conference
401411161,2022,11,NC State,Boston College,0,False,True,0.9259406511405034,1,0.9259406511405034,0,2018-2022,Weeks 10+,Home field,Conference
401411162,2022,11,Syracuse,Florida State,0,False,True,0.343722491080055,0,0.6562775089199451,1,2018-2022,Weeks 10+,Home field,Conference
401411163,2022,11,Virginia,Pittsburgh,0,False,True,0.20913827213819502,0,0.790861727861805,1,2018-2022,Weeks 10+,Home field,Conference
401411164,2022,11,Wake Forest,North Carolina,0,False,True,0.566167496242558,1,0.566167496242558,0,2018-2022,Weeks 10+,Home field,Conference
401414784,2022,11,Arkansas State,UMass,1,False,False,0.838574609933681,1,0.838574609933681,1,2018-2022,Weeks 10+,Home field,Non-conference
401415255,2022,11,Nevada,Boise State,0,False,True,0.06167549897420405,0,0.9383245010257959,1,2018-2022,Weeks 10+,Home field,Conference
401415256,2022,11,Air Force,New Mexico,1,False,True,0.9409748582928165,1,0.9409748582928165,1,2018-2022,Weeks 10+,Home field,Conference
401415257,2022,11,Hawai'i,Utah State,0,False,True,0.2232387333440921,0,0.7767612666559078,1,2018-2022,Weeks 10+,Home field,Conference
401415258,2022,11,Colorado State,Wyoming,0,False,True,0.4021509341690707,0,0.5978490658309292,1,2018-2022,Weeks 10+,Home field,Conference
401415259,2022,11,UNLV,Fresno State,0,False,True,0.22717620976823366,0,0.7728237902317663,1,2018-2022,Weeks 10+,Home field,Conference
401415260,2022,11,San Diego State,San José State,1,False,True,0.3459384272396623,0,0.6540615727603377,0,2018-2022,Weeks 10+,Home field,Conference
401415653,2022,11,Memphis,Tulsa,1,False,True,0.7516695844441927,1,0.7516695844441927,1,2018-2022,Weeks 10+,Home field,Conference
401415654,2022,11,Cincinnati,East Carolina,1,False,True,0.726783545944453,1,0.726783545944453,1,2018-2022,Weeks 10+,Home field,Conference
401415655,2022,11,Houston,Temple,1,False,True,0.9375411451276989,1,0.9375411451276989,1,2018-2022,Weeks 10+,Home field,Conference
401415656,2022,11,South Florida,SMU,0,False,True,0.20838015841083019,0,0.7916198415891698,1,2018-2022,Weeks 10+,Home field,Conference
401415657,2022,11,Tulane,UCF,0,False,True,0.3364557469144701,0,0.6635442530855299,1,2018-2022,Weeks 10+,Home field,Conference
401416636,2022,11,Toledo,Ball State,1,False,True,0.909813787455856,1,0.909813787455856,1,2018-2022,Weeks 10+,Home field,Conference
401416637,2022,11,Akron,Eastern Michigan,0,False,True,0.23509308949374036,0,0.7649069105062596,1,2018-2022,Weeks 10+,Home field,Conference
401416638,2022,11,Miami (OH),Ohio,0,False,True,0.5051155799012462,1,0.5051155799012462,0,2018-2022,Weeks 10+,Home field,Conference
401416639,2022,11,Western Michigan,Northern Illinois,0,False,True,0.2732982095304143,0,0.7267017904695857,1,2018-2022,Weeks 10+,Home field,Conference
401416640,2022,11,Central Michigan,Buffalo,1,False,True,0.5406444748631245,1,0.5406444748631245,1,2018-2022,Weeks 10+,Home field,Conference
401416641,2022,11,Bowling Green,Kent State,0,False,True,0.7066300359614779,1,0.7066300359614779,0,2018-2022,Weeks 10+,Home field,Conference
401426370,2022,11,Louisiana,Georgia Southern,1,False,True,0.4536569310937206,0,0.5463430689062794,0,2018-2022,Weeks 10+,Home field,Conference
401426371,2022,11,Coastal Carolina,Southern Mississippi,1,False,True,0.6398406474882672,1,0.6398406474882672,1,2018-2022,Weeks 10+,Home field,Conference
401426372,2022,11,Georgia State,Louisiana Monroe,0,False,True,0.9093375719948973,1,0.9093375719948973,0,2018-2022,Weeks 10+,Home field,Conference
401426373,2022,11,Marshall,App State,1,False,True,0.5001385263302033,1,0.5001385263302033,1,2018-2022,Weeks 10+,Home field,Conference
401426374,2022,11,Old Dominion,James Madison,0,False,True,0.6875253698295731,1,0.6875253698295731,0,2018-2022,Weeks 10+,Home field,Conference
401426375,2022,11,South Alabama,Texas State,1,False,True,0.7426198767709635,1,0.7426198767709635,1,2018-2022,Weeks 10+,Home field,Conference
401426603,2022,11,Middle Tennessee,Charlotte,1,False,True,0.6927040969753786,1,0.6927040969753786,1,2018-2022,Weeks 10+,Home field,Conference
401426604,2022,11,Florida International,Florida Atlantic,0,False,True,0.15711962725564788,0,0.8428803727443521,1,2018-2022,Weeks 10+,Home field,Conference
401426605,2022,11,UT San Antonio,Louisiana Tech,1,False,True,0.9318384014990122,1,0.9318384014990122,1,2018-2022,Weeks 10+,Home field,Conference
401426606,2022,11,UAB,North Texas,1,False,True,0.48925077408240214,0,0.5107492259175979,0,2018-2022,Weeks 10+,Home field,Conference
401426607,2022,11,Western Kentucky,Rice,1,False,True,0.9196315454045626,1,0.9196315454045626,1,2018-2022,Weeks 10+,Home field,Conference
401403947,2022,12,Arkansas,Ole Miss,1,False,True,0.5598345255882607,1,0.5598345255882607,1,2018-2022,Weeks 10+,Home field,Conference
401403949,2022,12,Kentucky,Georgia,0,False,True,0.07303282876054175,0,0.9269671712394583,1,2018-2022,Weeks 10+,Home field,Conference
401403952,2022,12,Missouri,New Mexico State,1,False,False,0.9647535660886088,1,0.9647535660886088,1,2018-2022,Weeks 10+,Home field,Non-conference
401403953,2022,12,South Carolina,Tennessee,1,False,True,0.08724247435104282,0,0.9127575256489572,0,2018-2022,Weeks 10+,Home field,Conference
401403954,2022,12,Texas A&M,UMass,1,False,False,0.9850632161937473,1,0.9850632161937473,1,2018-2022,Weeks 10+,Home field,Non-conference
401403955,2022,12,Vanderbilt,Florida,1,False,True,0.20298041664370542,0,0.7970195833562945,0,2018-2022,Weeks 10+,Home field,Conference
401404039,2022,12,Arizona,Washington State,0,False,True,0.4601256955587336,0,0.5398743044412664,1,2018-2022,Weeks 10+,Home field,Conference
401404040,2022,12,Arizona State,Oregon State,0,False,True,0.3669864508753159,0,0.6330135491246841,1,2018-2022,Weeks 10+,Home field,Conference
401404041,2022,12,California,Stanford,1,False,True,0.4250639252474315,0,0.5749360747525685,0,2018-2022,Weeks 10+,Home field,Conference
401404042,2022,12,Washington,Colorado,1,False,True,0.9735585019562096,1,0.9735585019562096,1,2018-2022,Weeks 10+,Home field,Conference
401404043,2022,12,Oregon,Utah,1,False,True,0.5157775113824218,1,0.5157775113824218,1,2018-2022,Weeks 10+,Home field,Conference
401404044,2022,12,UCLA,USC,0,False,True,0.4633863712056014,0,0.5366136287943986,1,2018-2022,Weeks 10+,Home field,Conference
401404114,2022,12,Baylor,TCU,0,False,True,0.48261034376240197,0,0.517389656237598,1,2018-2022,Weeks 10+,Home field,Conference
401404115,2022,12,Iowa State,Texas Tech,0,False,True,0.5332028278419345,1,0.5332028278419345,0,2018-2022,Weeks 10+,Home field,Conference
401404116,2022,12,Kansas,Texas,0,False,True,0.1555782765374733,0,0.8444217234625266,1,2018-2022,Weeks 10+,Home field,Conference
401404117,2022,12,West Virginia,Kansas State,0,False,True,0.2148465807262599,0,0.7851534192737402,1,2018-2022,Weeks 10+,Home field,Conference
401404118,2022,12,Oklahoma,Oklahoma State,1,False,True,0.7119503740885876,1,0.7119503740885876,1,2018-2022,Weeks 10+,Home field,Conference
401404132,2022,12,Notre Dame,Boston College,1,False,False,0.9525978678667241,1,0.9525978678667241,1,2018-2022,Weeks 10+,Home field,Non-conference
401404143,2022,12,Army,Connecticut,1,False,False,0.7771959962443309,1,0.7771959962443309,1,2018-2022,Weeks 10+,Home field,Non-conference
401404165,2022,12,Liberty,Virginia Tech,0,False,False,0.6506008709719754,1,0.6506008709719754,0,2018-2022,Weeks 10+,Home field,Non-conference
401405141,2022,12,Minnesota,Iowa,0,False,True,0.5804046516395709,1,0.5804046516395709,0,2018-2022,Weeks 10+,Home field,Conference
401405142,2022,12,Nebraska,Wisconsin,0,False,True,0.28999371355383957,0,0.7100062864461605,1,2018-2022,Weeks 10+,Home field,Conference
401405143,2022,12,Purdue,Northwestern,1,False,True,0.8343482053802764,1,0.8343482053802764,1,2018-2022,Weeks 10+,Home field,Conference
401405144,2022,12,Maryland,Ohio State,0,False,True,0.04561422038023137,0,0.9543857796197687,1,2018-2022,Weeks 10+,Home field,Conference
401405145,2022,12,Michigan,Illinois,1,False,True,0.9353977550035918,1,0.9353977550035918,1,2018-2022,Weeks 10+,Home field,Conference
401405146,2022,12,Michigan State,Indiana,0,False,True,0.8075508857792593,1,0.8075508857792593,0,2018-2022,Weeks 10+,Home field,Conference
401405147,2022,12,Rutgers,Penn State,0,False,True,0.08774741078110598,0,0.912252589218894,1,2018-2022,Weeks 10+,Home field,Conference
401411165,2022,12,Clemson,Miami,1,False,True,0.8864079720915726,1,0.8864079720915726,1,2018-2022,Weeks 10+,Home field,Conference
401411166,2022,12,Florida State,Louisiana,1,False,False,0.9551177102354773,1,0.9551177102354773,1,2018-2022,Weeks 10+,Home field,Non-conference
401411167,2022,12,Louisville,NC State,1,False,True,0.5606899953798433,1,0.5606899953798433,1,2018-2022,Weeks 10+,Home field,Conference
401411168,2022,12,North Carolina,Georgia Tech,0,False,True,0.9404947487305841,1,0.9404947487305841,0,2018-2022,Weeks 10+,Home field,Conference
401411169,2022,12,Pittsburgh,Duke,1,False,True,0.8694458790880327,1,0.8694458790880327,1,2018-2022,Weeks 10+,Home field,Conference
401411171,2022,12,Wake Forest,Syracuse,1,False,True,0.7138594018977494,1,0.7138594018977494,1,2018-2022,Weeks 10+,Home field,Conference
401415261,2022,12,Wyoming,Boise State,0,False,True,0.12057144462385389,0,0.8794285553761461,1,2018-2022,Weeks 10+,Home field,Conference
401415262,2022,12,Air Force,Colorado State,1,False,True,0.8922927159502162,1,0.8922927159502162,1,2018-2022,Weeks 10+,Home field,Conference
401415263,2022,12,Nevada,Fresno State,0,False,True,0.06161535487303149,0,0.9383846451269685,1,2018-2022,Weeks 10+,Home field,Conference
401415264,2022,12,New Mexico,San Diego State,0,False,True,0.1929196287918273,0,0.8070803712081727,1,2018-2022,Weeks 10+,Home field,Conference
401415265,2022,12,Utah State,San José State,1,False,True,0.3563864410853124,0,0.6436135589146876,0,2018-2022,Weeks 10+,Home field,Conference
401415266,2022,12,Hawai'i,UNLV,1,False,True,0.18540354293649838,0,0.8145964570635016,0,2018-2022,Weeks 10+,Home field,Conference
401415658,2022,12,Tulane,SMU,1,False,True,0.5360465238117242,1,0.5360465238117242,1,2018-2022,Weeks 10+,Home field,Conference
401415659,2022,12,Tulsa,South Florida,1,False,True,0.6368624276757149,1,0.6368624276757149,1,2018-2022,Weeks 10+,Home field,Conference
401415660,2022,12,East Carolina,Houston,0,False,True,0.5465816980956599,1,0.5465816980956599,0,2018-2022,Weeks 10+,Home field,Conference
401415661,2022,12,UCF,Navy,0,False,True,0.9617622473933352,1,0.9617622473933352,0,2018-2022,Weeks 10+,Home field,Conference
401415663,2022,12,Temple,Cincinnati,0,False,True,0.08425777073276905,0,0.9157422292672309,1,2018-2022,Weeks 10+,Home field,Conference
401416642,2022,12,Toledo,Bowling Green,0,False,True,0.8617033901947229,1,0.8617033901947229,0,2018-2022,Weeks 10+,Home field,Conference
401416643,2022,12,Ball State,Ohio,0,False,True,0.29925826104348624,0,0.7007417389565138,1,2018-2022,Weeks 10+,Home field,Conference
401416644,2022,12,Kent State,Eastern Michigan,0,False,True,0.5241425259490765,1,0.5241425259490765,0,2018-2022,Weeks 10+,Home field,Conference
401416645,2022,12,Central Michigan,Western Michigan,0,False,True,0.7676252292400252,1,0.7676252292400252,0,2018-2022,Weeks 10+,Home field,Conference
401416646,2022,12,Northern Illinois,Miami (OH),0,False,True,0.7174028502243351,1,0.7174028502243351,0,2018-2022,Weeks 10+,Home field,Conference
401426376,2022,12,App State,Old Dominion,1,False,True,0.824568177013312,1,0.824568177013312,1,2018-2022,Weeks 10+,Home field,Conference
401426377,2022,12,Georgia Southern,Marshall,0,False,True,0.5144759631588498,1,0.5144759631588498,0,2018-2022,Weeks 10+,Home field,Conference
401426378,2022,12,James Madison,Georgia State,1,False,True,0.441119429341178,0,0.558880570658822,0,2018-2022,Weeks 10+,Home field,Conference
401426379,2022,12,Southern Mississippi,South Alabama,0,False,True,0.4607886597257749,0,0.5392113402742251,1,2018-2022,Weeks 10+,Home field,Conference
401426380,2022,12,Texas State,Arkansas State,1,False,True,0.761493097826925,1,0.761493097826925,1,2018-2022,Weeks 10+,Home field,Conference
401426381,2022,12,Troy,Louisiana Monroe,1,False,True,0.8894255364348598,1,0.8894255364348598,1,2018-2022,Weeks 10+,Home field,Conference
401426608,2022,12,Charlotte,Louisiana Tech,1,False,True,0.6659845626099047,1,0.6659845626099047,1,2018-2022,Weeks 10+,Home field,Conference
401426609,2022,12,UTEP,Florida International,1,False,True,0.8163282306777756,1,0.8163282306777756,1,2018-2022,Weeks 10+,Home field,Conference
401426610,2022,12,Middle Tennessee,Florida Atlantic,1,False,True,0.3522797359199829,0,0.647720264080017,0,2018-2022,Weeks 10+,Home field,Conference
401426611,2022,12,Rice,UT San Antonio,0,False,True,0.11361388150365444,0,0.8863861184963455,1,2018-2022,Weeks 10+,Home field,Conference
401426612,2022,12,LSU,UAB,1,False,False,0.8704173212010569,1,0.8704173212010569,1,2018-2022,Weeks 10+,Home field,Non-conference
401426613,2022,12,Auburn,Western Kentucky,1,False,False,0.49451494216267866,0,0.5054850578373213,0,2018-2022,Weeks 10+,Home field,Non-conference
401403956,2022,13,Ole Miss,Mississippi State,0,False,True,0.457421326384917,0,0.542578673615083,1,2018-2022,Weeks 10+,Home field,Conference
401403957,2022,13,Alabama,Auburn,1,False,True,0.9648336509335234,1,0.9648336509335234,1,2018-2022,Weeks 10+,Home field,Conference
401403958,2022,13,Florida State,Florida,1,False,False,0.830058656635698,1,0.830058656635698,1,2018-2022,Weeks 10+,Home field,Non-conference
401403959,2022,13,Georgia,Georgia Tech,1,False,False,0.9950663026408016,1,0.9950663026408016,1,2018-2022,Weeks 10+,Home field,Non-conference
401403960,2022,13,Kentucky,Louisville,1,False,False,0.5799520345874137,1,0.5799520345874137,1,2018-2022,Weeks 10+,Home field,Non-conference
401403961,2022,13,Missouri,Arkansas,1,False,True,0.37611466824305234,0,0.6238853317569477,0,2018-2022,Weeks 10+,Home field,Conference
401403962,2022,13,Clemson,South Carolina,0,False,False,0.8946743183714109,1,0.8946743183714109,0,2018-2022,Weeks 10+,Home field,Non-conference
401403963,2022,13,Texas A&M,LSU,1,False,True,0.33342505204297135,0,0.6665749479570287,0,2018-2022,Weeks 10+,Home field,Conference
401403964,2022,13,Vanderbilt,Tennessee,0,False,True,0.0741843747386457,0,0.9258156252613543,1,2018-2022,Weeks 10+,Home field,Conference
401404045,2022,13,Arizona,Arizona State,1,False,True,0.47882723729490695,0,0.521172762705093,0,2018-2022,Weeks 10+,Home field,Conference
401404046,2022,13,California,UCLA,0,False,True,0.17435032673418094,0,0.8256496732658191,1,2018-2022,Weeks 10+,Home field,Conference
401404047,2022,13,Oregon State,Oregon,1,False,True,0.47063250637995624,0,0.5293674936200438,0,2018-2022,Weeks 10+,Home field,Conference
401404048,2022,13,Colorado,Utah,0,False,True,0.016574965446404362,0,0.9834250345535956,1,2018-2022,Weeks 10+,Home field,Conference
401404049,2022,13,Stanford,BYU,0,False,False,0.5134060281045757,1,0.5134060281045757,0,2018-2022,Weeks 10+,Home field,Non-conference
401404051,2022,13,Washington State,Washington,0,False,True,0.29698487389898065,0,0.7030151261010193,1,2018-2022,Weeks 10+,Home field,Conference
401404119,2022,13,Texas,Baylor,1,False,True,0.8499508831062204,1,0.8499508831062204,1,2018-2022,Weeks 10+,Home field,Conference
401404120,2022,13,TCU,Iowa State,1,False,True,0.8450931610916304,1,0.8450931610916304,1,2018-2022,Weeks 10+,Home field,Conference
401404121,2022,13,Kansas State,Kansas,1,False,True,0.8320999716677745,1,0.8320999716677745,1,2018-2022,Weeks 10+,Home field,Conference
401404122,2022,13,Texas Tech,Oklahoma,1,False,True,0.40722865305871403,0,0.592771346941286,0,2018-2022,Weeks 10+,Home field,Conference
401404123,2022,13,Oklahoma State,West Virginia,0,False,True,0.7030861926447041,1,0.7030861926447041,0,2018-2022,Weeks 10+,Home field,Conference
401404133,2022,13,USC,Notre Dame,1,False,False,0.5477385647593477,1,0.5477385647593477,1,2018-2022,Weeks 10+,Home field,Non-conference
401404144,2022,13,UMass,Army,0,False,True,0.23139268795199355,0,0.7686073120480065,1,2018-2022,Weeks 10+,Home field,Conference
401404166,2022,13,Liberty,New Mexico State,0,False,True,0.9247419319728408,1,0.9247419319728408,0,2018-2022,Weeks 10+,Home field,Conference
401405148,2022,13,Iowa,Nebraska,0,False,True,0.8538054966800738,1,0.8538054966800738,0,2018-2022,Weeks 10+,Home field,Conference
401405149,2022,13,Northwestern,Illinois,0,False,True,0.27615239019516985,0,0.7238476098048301,1,2018-2022,Weeks 10+,Home field,Conference
401405150,2022,13,Wisconsin,Minnesota,0,False,True,0.5420744062932539,1,0.5420744062932539,0,2018-2022,Weeks 10+,Home field,Conference
401405151,2022,13,Indiana,Purdue,0,False,True,0.29539626041529743,0,0.7046037395847026,1,2018-2022,Weeks 10+,Home field,Conference
401405152,2022,13,Maryland,Rutgers,1,False,True,0.8762481462587203,1,0.8762481462587203,1,2018-2022,Weeks 10+,Home field,Conference
401405153,2022,13,Ohio State,Michigan,0,False,True,0.7719673692817228,1,0.7719673692817228,0,2018-2022,Weeks 10+,Home field,Conference
401405154,2022,13,Penn State,Michigan State,1,False,True,0.8929237276674088,1,0.8929237276674088,1,2018-2022,Weeks 10+,Home field,Conference
401411172,2022,13,North Carolina,NC State,0,False,True,0.5350336979692658,1,0.5350336979692658,0,2018-2022,Weeks 10+,Home field,Conference
401411173,2022,13,Boston College,Syracuse,0,False,True,0.23054708795629536,0,0.7694529120437046,1,2018-2022,Weeks 10+,Home field,Conference
401411174,2022,13,Duke,Wake Forest,1,False,True,0.24585033197575315,0,0.7541496680242469,0,2018-2022,Weeks 10+,Home field,Conference
401411175,2022,13,Miami,Pittsburgh,0,False,True,0.4056983842861574,0,0.5943016157138425,1,2018-2022,Weeks 10+,Home field,Conference
401415267,2022,13,San Diego State,Air Force,0,False,True,0.4038416904617699,0,0.5961583095382301,1,2018-2022,Weeks 10+,Home field,Conference
401415268,2022,13,Colorado State,New Mexico,1,False,True,0.7924886866867974,1,0.7924886866867974,1,2018-2022,Weeks 10+,Home field,Conference
401415269,2022,13,Boise State,Utah State,1,False,True,0.9283436076228275,1,0.9283436076228275,1,2018-2022,Weeks 10+,Home field,Conference
401415270,2022,13,Fresno State,Wyoming,1,False,True,0.9037414498797227,1,0.9037414498797227,1,2018-2022,Weeks 10+,Home field,Conference
401415271,2022,13,San José State,Hawai'i,1,False,True,0.9316592942685689,1,0.9316592942685689,1,2018-2022,Weeks 10+,Home field,Conference
401415272,2022,13,UNLV,Nevada,1,False,True,0.8613313491301733,1,0.8613313491301733,1,2018-2022,Weeks 10+,Home field,Conference
401415664,2022,13,Temple,East Carolina,0,False,True,0.22836417580518664,0,0.7716358241948134,1,2018-2022,Weeks 10+,Home field,Conference
401415665,2022,13,Cincinnati,Tulane,0,False,True,0.6107150207759381,1,0.6107150207759381,0,2018-2022,Weeks 10+,Home field,Conference
401415666,2022,13,SMU,Memphis,1,False,True,0.6164415750994907,1,0.6164415750994907,1,2018-2022,Weeks 10+,Home field,Conference
401415667,2022,13,South Florida,UCF,0,False,True,0.11422236190046041,0,0.8857776380995396,1,2018-2022,Weeks 10+,Home field,Conference
401415668,2022,13,Houston,Tulsa,0,False,True,0.8904341092365289,1,0.8904341092365289,0,2018-2022,Weeks 10+,Home field,Conference
401416648,2022,13,Miami (OH),Ball State,1,False,True,0.752433993759299,1,0.752433993759299,1,2018-2022,Weeks 10+,Home field,Conference
401416649,2022,13,Ohio,Bowling Green,1,False,True,0.7043174124905112,1,0.7043174124905112,1,2018-2022,Weeks 10+,Home field,Conference
401416650,2022,13,Eastern Michigan,Central Michigan,1,False,True,0.6212411346422174,1,0.6212411346422174,1,2018-2022,Weeks 10+,Home field,Conference
401416651,2022,13,Western Michigan,Toledo,1,False,True,0.17226226138102124,0,0.8277377386189788,0,2018-2022,Weeks 10+,Home field,Conference
401416652,2022,13,Northern Illinois,Akron,0,False,True,0.881849579705466,1,0.881849579705466,0,2018-2022,Weeks 10+,Home field,Conference
401416653,2022,13,Buffalo,Kent State,0,False,True,0.6443674698374785,1,0.6443674698374785,0,2018-2022,Weeks 10+,Home field,Conference
401426382,2022,13,Georgia Southern,App State,1,False,True,0.4593758611326716,0,0.5406241388673284,0,2018-2022,Weeks 10+,Home field,Conference
401426383,2022,13,James Madison,Coastal Carolina,1,False,True,0.5663763310292399,1,0.5663763310292399,1,2018-2022,Weeks 10+,Home field,Conference
401426384,2022,13,Arkansas State,Troy,0,False,True,0.20372655176840226,0,0.7962734482315977,1,2018-2022,Weeks 10+,Home field,Conference
401426385,2022,13,Louisiana Monroe,Southern Mississippi,0,False,True,0.29850349983227,0,0.70149650016773,1,2018-2022,Weeks 10+,Home field,Conference
401426386,2022,13,Texas State,Louisiana,0,False,True,0.5719581113032416,1,0.5719581113032416,0,2018-2022,Weeks 10+,Home field,Conference
401426389,2022,13,South Alabama,Old Dominion,1,False,True,0.7769123296601572,1,0.7769123296601572,1,2018-2022,Weeks 10+,Home field,Conference
401426390,2022,13,Marshall,Georgia State,1,False,True,0.5972325445501596,1,0.5972325445501596,1,2018-2022,Weeks 10+,Home field,Conference
401426614,2022,13,Florida International,Middle Tennessee,0,False,True,0.1373300061811059,0,0.8626699938188941,1,2018-2022,Weeks 10+,Home field,Conference
401426615,2022,13,Florida Atlantic,Western Kentucky,0,False,True,0.3698218252081831,0,0.6301781747918169,1,2018-2022,Weeks 10+,Home field,Conference
401426616,2022,13,Louisiana Tech,UAB,0,False,True,0.20540698633577698,0,0.794593013664223,1,2018-2022,Weeks 10+,Home field,Conference
401426617,2022,13,North Texas,Rice,1,False,True,0.8944613701569502,1,0.8944613701569502,1,2018-2022,Weeks 10+,Home field,Conference
401426618,2022,13,UT San Antonio,UTEP,1,False,True,0.9377476729762214,1,0.9377476729762214,1,2018-2022,Weeks 10+,Home field,Conference
401437008,2022,14,Tulane,UCF,1,False,True,0.4787209500279687,0,0.5212790499720312,0,2018-2022,Weeks 10+,Home field,Conference
401437009,2022,14,North Carolina,Clemson,0,True,True,0.19324877942918556,0,0.8067512205708145,1,2018-2022,Weeks 10+,Neutral,Conference
401437030,2022,14,TCU,Kansas State,0,True,True,0.6874341015872734,1,0.6874341015872734,0,2018-2022,Weeks 10+,Neutral,Conference
401437031,2022,14,Michigan,Purdue,1,True,True,0.9249645548399789,1,0.9249645548399789,1,2018-2022,Weeks 10+,Neutral,Conference
401437032,2022,14,UT San Antonio,North Texas,1,False,True,0.7702116860062725,1,0.7702116860062725,1,2018-2022,Weeks 10+,Home field,Conference
401437033,2022,14,Ohio,Toledo,0,True,True,0.4221300044898138,0,0.5778699955101863,1,2018-2022,Weeks 10+,Neutral,Conference
401437034,2022,14,Boise State,Fresno State,0,False,True,0.6156964210704168,1,0.6156964210704168,0,2018-2022,Weeks 10+,Home field,Conference
401437035,2022,14,USC,Utah,0,True,True,0.41502026817787796,0,0.584979731822122,1,2018-2022,Weeks 10+,Neutral,Conference
401437036,2022,14,Georgia,LSU,1,True,True,0.8797923179771959,1,0.8797923179771959,1,2018-2022,Weeks 10+,Neutral,Conference
401437037,2022,14,Troy,Coastal Carolina,1,False,True,0.8166531245217089,1,0.8166531245217089,1,2018-2022,Weeks 10+,Home field,Conference
401506450,2022,14,Buffalo,Akron,1,False,True,0.7377116258788645,1,0.7377116258788645,1,2018-2022,Weeks 10+,Home field,Conference
401404145,2022,15,Army,Navy,1,True,False,0.5975916532195357,1,0.5975916532195357,1,2018-2022,Weeks 10+,Neutral,Non-conference
401520145,2023,1,Jacksonville State,UTEP,1,False,True,0.7496571608496738,1,0.7496571608496738,1,2023-2025,Weeks 1-3,Home field,Conference
401520146,2023,1,Louisiana Tech,Florida International,1,False,True,0.6970345482454541,1,0.6970345482454541,1,2023-2025,Weeks 1-3,Home field,Conference
401520147,2023,1,Vanderbilt,Hawai'i,1,False,False,0.8514941916641902,1,0.8514941916641902,1,2023-2025,Weeks 1-3,Home field,Non-conference
401520148,2023,1,Minnesota,Nebraska,1,False,True,0.7371146519441256,1,0.7371146519441256,1,2023-2025,Weeks 1-3,Home field,Conference
401520149,2023,1,Alabama,Middle Tennessee,1,False,False,0.9541370101601818,1,0.9541370101601818,1,2023-2025,Weeks 1-3,Home field,Non-conference
401520151,2023,1,Auburn,UMass,1,False,False,0.9388609436741248,1,0.9388609436741248,1,2023-2025,Weeks 1-3,Home field,Non-conference
401520152,2023,1,BYU,Sam Houston State,1,False,False,0.8768638543752711,1,0.8768638543752711,1,2023-2025,Weeks 1-3,Home field,Non-conference
401520155,2023,1,Illinois,Toledo,1,False,False,0.7890252016191099,1,0.7890252016191099,1,2023-2025,Weeks 1-3,Home field,Non-conference
401520156,2023,1,Indiana,Ohio State,0,False,True,0.06855569501979697,0,0.931444304980203,1,2023-2025,Weeks 1-3,Home field,Conference
401520157,2023,1,Iowa,Utah State,1,False,False,0.9158255425304419,1,0.9158255425304419,1,2023-2025,Weeks 1-3,Home field,Non-conference
401520159,2023,1,Kentucky,Ball State,1,False,False,0.9068118786894896,1,0.9068118786894896,1,2023-2025,Weeks 1-3,Home field,Non-conference
401520160,2023,1,Liberty,Bowling Green,1,False,False,0.7274251560756846,1,0.7274251560756846,1,2023-2025,Weeks 1-3,Home field,Non-conference
401520162,2023,1,Michigan,East Carolina,1,False,False,0.9791367810811729,1,0.9791367810811729,1,2023-2025,Weeks 1-3,Home field,Non-conference
401520163,2023,1,Michigan State,Central Michigan,1,False,False,0.8709427553454114,1,0.8709427553454114,1,2023-2025,Weeks 1-3,Home field,Non-conference
401520167,2023,1,North Carolina,South Carolina,1,True,False,0.6606885468014638,1,0.6606885468014638,1,2023-2025,Weeks 1-3,Neutral,Non-conference
401520169,2023,1,Penn State,West Virginia,1,False,False,0.9058210125702215,1,0.9058210125702215,1,2023-2025,Weeks 1-3,Home field,Non-conference
401520170,2023,1,Purdue,Fresno State,0,False,False,0.5470781466472796,1,0.5470781466472796,0,2023-2025,Weeks 1-3,Home field,Non-conference
401520171,2023,1,Rutgers,Northwestern,1,False,True,0.6145781292232566,1,0.6145781292232566,1,2023-2025,Weeks 1-3,Home field,Conference
401520172,2023,1,SMU,Louisiana Tech,1,False,False,0.8807953841277687,1,0.8807953841277687,1,2023-2025,Weeks 1-3,Home field,Non-conference
401520173,2023,1,Texas A&M,New Mexico,1,False,False,0.9744470533421521,1,0.9744470533421521,1,2023-2025,Weeks 1-3,Home field,Non-conference
401520174,2023,1,Connecticut,NC State,0,False,False,0.2897046595379037,0,0.7102953404620963,1,2023-2025,Weeks 1-3,Home field,Non-conference
401520175,2023,1,Louisiana Monroe,Army,1,False,False,0.4746743767109769,0,0.5253256232890231,0,2023-2025,Weeks 1-3,Home field,Non-conference
401520176,2023,1,Utah,Florida,1,False,False,0.8842458417806666,1,0.8842458417806666,1,2023-2025,Weeks 1-3,Home field,Non-conference
401520179,2023,1,Tennessee,Virginia,1,True,False,0.9519584494116252,1,0.9519584494116252,1,2023-2025,Weeks 1-3,Neutral,Non-conference
401520180,2023,1,Wisconsin,Buffalo,1,False,False,0.9260791130657247,1,0.9260791130657247,1,2023-2025,Weeks 1-3,Home field,Non-conference
401520181,2023,1,Western Kentucky,South Florida,1,False,False,0.8250996409247697,1,0.8250996409247697,1,2023-2025,Weeks 1-3,Home field,Non-conference
401520182,2023,1,Florida State,LSU,1,True,False,0.5198378106687147,1,0.5198378106687147,1,2023-2025,Weeks 1-3,Neutral,Non-conference
401523986,2023,1,USC,San José State,1,False,False,0.9181652430405725,1,0.9181652430405725,1,2023-2025,Weeks 1-3,Home field,Non-conference
401523988,2023,1,Hawai'i,Stanford,0,False,False,0.3942317745699328,0,0.6057682254300671,1,2023-2025,Weeks 1-3,Home field,Non-conference
401523990,2023,1,Colorado State,Washington State,0,False,False,0.27019749862629766,0,0.7298025013737024,1,2023-2025,Weeks 1-3,Home field,Non-conference
401523991,2023,1,North Texas,California,0,False,False,0.5748081220133608,1,0.5748081220133608,0,2023-2025,Weeks 1-3,Home field,Non-conference
401523994,2023,1,TCU,Colorado,0,False,False,0.9471175652046123,1,0.9471175652046123,0,2023-2025,Weeks 1-3,Home field,Non-conference
401523995,2023,1,UCLA,Coastal Carolina,1,False,False,0.8687845471639961,1,0.8687845471639961,1,2023-2025,Weeks 1-3,Home field,Non-conference
401523996,2023,1,USC,Nevada,1,False,False,0.9729390144532637,1,0.9729390144532637,1,2023-2025,Weeks 1-3,Home field,Non-conference
401523997,2023,1,Washington,Boise State,1,False,False,0.7961935187098808,1,0.7961935187098808,1,2023-2025,Weeks 1-3,Home field,Non-conference
401525434,2023,1,Notre Dame,Navy,1,True,False,0.9538507841412649,1,0.9538507841412649,1,2023-2025,Weeks 1-3,Neutral,Non-conference
401525450,2023,1,New Mexico State,UMass,0,False,False,0.7686410192092393,1,0.7686410192092393,0,2023-2025,Weeks 1-3,Home field,Non-conference
401525462,2023,1,Georgia Tech,Louisville,0,True,True,0.2642599612653097,0,0.7357400387346903,1,2023-2025,Weeks 1-3,Neutral,Conference
401525463,2023,1,Miami,Miami (OH),1,False,False,0.8159511218337082,1,0.8159511218337082,1,2023-2025,Weeks 1-3,Home field,Non-conference
401525464,2023,1,Boston College,Northern Illinois,0,False,False,0.6989106798280099,1,0.6989106798280099,0,2023-2025,Weeks 1-3,Home field,Non-conference
401525467,2023,1,Virginia Tech,Old Dominion,1,False,False,0.7987602562760177,1,0.7987602562760177,1,2023-2025,Weeks 1-3,Home field,Non-conference
401525468,2023,1,Duke,Clemson,1,False,True,0.20089424356561014,0,0.7991057564343899,0,2023-2025,Weeks 1-3,Home field,Conference
401525816,2023,1,UCF,Kent State,1,False,False,0.9323664983445876,1,0.9323664983445876,1,2023-2025,Weeks 1-3,Home field,Non-conference
401525817,2023,1,Baylor,Texas State,0,False,False,0.9334457228712841,1,0.9334457228712841,0,2023-2025,Weeks 1-3,Home field,Non-conference
401525819,2023,1,Houston,UT San Antonio,1,False,False,0.6460186586476415,1,0.6460186586476415,1,2023-2025,Weeks 1-3,Home field,Non-conference
401525822,2023,1,Oklahoma,Arkansas State,1,False,False,0.9608182629748098,1,0.9608182629748098,1,2023-2025,Weeks 1-3,Home field,Non-conference
401525824,2023,1,Texas,Rice,1,False,False,0.9744715195970948,1,0.9744715195970948,1,2023-2025,Weeks 1-3,Home field,Non-conference
401525825,2023,1,Wyoming,Texas Tech,1,False,False,0.3324298423355686,0,0.6675701576644314,0,2023-2025,Weeks 1-3,Home field,Non-conference
401531347,2023,1,Tulane,South Alabama,1,False,False,0.7082947387495604,1,0.7082947387495604,1,2023-2025,Weeks 1-3,Home field,Non-conference
401531387,2023,1,Temple,Akron,1,False,False,0.7026488748827667,1,0.7026488748827667,1,2023-2025,Weeks 1-3,Home field,Non-conference
401532392,2023,1,San Diego State,Ohio,1,False,False,0.6439692733415407,1,0.6439692733415407,1,2023-2025,Weeks 1-3,Home field,Non-conference
401532573,2023,1,San José State,Oregon State,0,False,False,0.2828154115877673,0,0.7171845884122328,1,2023-2025,Weeks 1-3,Home field,Non-conference
401551789,2023,1,Michigan,Washington,1,True,False,0.854026650051302,1,0.854026650051302,1,2023-2025,Weeks 1-3,Neutral,Non-conference
401520183,2023,2,Alabama,Texas,0,False,False,0.6944092430562755,1,0.6944092430562755,0,2023-2025,Weeks 1-3,Home field,Non-conference
401520184,2023,2,Arkansas,Kent State,1,False,False,0.9654159606166568,1,0.9654159606166568,1,2023-2025,Weeks 1-3,Home field,Non-conference
401520186,2023,2,California,Auburn,0,False,False,0.6348457594492152,1,0.6348457594492152,0,2023-2025,Weeks 1-3,Home field,Non-conference
401520187,2023,2,Coastal Carolina,Jacksonville State,1,False,False,0.8067883283425582,1,0.8067883283425582,1,2023-2025,Weeks 1-3,Home field,Non-conference
401520188,2023,2,Colorado,Nebraska,1,False,False,0.2053786961273765,0,0.7946213038726235,0,2023-2025,Weeks 1-3,Home field,Non-conference
401520189,2023,2,Florida International,North Texas,1,False,False,0.3921128540392822,0,0.6078871459607178,0,2023-2025,Weeks 1-3,Home field,Non-conference
401520191,2023,2,Georgia,Ball State,1,False,False,0.9896252079436992,1,0.9896252079436992,1,2023-2025,Weeks 1-3,Home field,Non-conference
401520192,2023,2,Georgia State,Connecticut,1,False,False,0.7493317037574945,1,0.7493317037574945,1,2023-2025,Weeks 1-3,Home field,Non-conference
401520194,2023,2,Iowa State,Iowa,0,False,False,0.45363954598473233,0,0.5463604540152677,1,2023-2025,Weeks 1-3,Home field,Non-conference
401520195,2023,2,Kansas,Illinois,1,False,False,0.5171851383920772,1,0.5171851383920772,1,2023-2025,Weeks 1-3,Home field,Non-conference
401520198,2023,2,Liberty,New Mexico State,1,False,True,0.5656719682034281,1,0.5656719682034281,1,2023-2025,Weeks 1-3,Home field,Conference
401520200,2023,2,Maryland,Charlotte,1,False,False,0.8569890982212737,1,0.8569890982212737,1,2023-2025,Weeks 1-3,Home field,Non-conference
401520201,2023,2,Miami,Texas A&M,1,False,False,0.4824441938066734,0,0.5175558061933265,0,2023-2025,Weeks 1-3,Home field,Non-conference
401520202,2023,2,Michigan,UNLV,1,False,False,0.9867238507332396,1,0.9867238507332396,1,2023-2025,Weeks 1-3,Home field,Non-conference
401520204,2023,2,Minnesota,Eastern Michigan,1,False,False,0.768990930053699,1,0.768990930053699,1,2023-2025,Weeks 1-3,Home field,Non-conference
401520205,2023,2,Mississippi State,Arizona,1,False,False,0.6894715165546389,1,0.6894715165546389,1,2023-2025,Weeks 1-3,Home field,Non-conference
401520206,2023,2,Missouri,Middle Tennessee,1,False,False,0.8734290402627847,1,0.8734290402627847,1,2023-2025,Weeks 1-3,Home field,Non-conference
401520207,2023,2,Northwestern,UTEP,1,False,False,0.5892045715342833,1,0.5892045715342833,1,2023-2025,Weeks 1-3,Home field,Non-conference
401520210,2023,2,Rutgers,Temple,1,False,False,0.6773041759543577,1,0.6773041759543577,1,2023-2025,Weeks 1-3,Home field,Non-conference
401520211,2023,2,Sam Houston State,Air Force,0,True,False,0.3795119266496895,0,0.6204880733503104,1,2023-2025,Weeks 1-3,Neutral,Non-conference
401520214,2023,2,Tulane,Ole Miss,0,False,False,0.4762972373286513,0,0.5237027626713486,1,2023-2025,Weeks 1-3,Home field,Non-conference
401520215,2023,2,Virginia Tech,Purdue,0,False,False,0.37972163924583585,0,0.6202783607541642,1,2023-2025,Weeks 1-3,Home field,Non-conference
401520216,2023,2,Wake Forest,Vanderbilt,1,False,False,0.7655004081870771,1,0.7655004081870771,1,2023-2025,Weeks 1-3,Home field,Non-conference
401520217,2023,2,Washington State,Wisconsin,1,False,False,0.5698214206337817,1,0.5698214206337817,1,2023-2025,Weeks 1-3,Home field,Non-conference
401523998,2023,2,Arizona State,Oklahoma State,0,False,False,0.587399641321686,1,0.587399641321686,0,2023-2025,Weeks 1-3,Home field,Non-conference
401523999,2023,2,Baylor,Utah,0,False,False,0.2905397297241224,0,0.7094602702758777,1,2023-2025,Weeks 1-3,Home field,Non-conference
401524001,2023,2,San Diego State,UCLA,0,False,False,0.258783762715419,0,0.741216237284581,1,2023-2025,Weeks 1-3,Home field,Non-conference
401524002,2023,2,Texas Tech,Oregon,0,False,False,0.2046997279172384,0,0.7953002720827616,1,2023-2025,Weeks 1-3,Home field,Non-conference
401524003,2023,2,USC,Stanford,1,False,True,0.9706394708051034,1,0.9706394708051034,1,2023-2025,Weeks 1-3,Home field,Conference
401524004,2023,2,Washington,Tulsa,1,False,False,0.9111368584909028,1,0.9111368584909028,1,2023-2025,Weeks 1-3,Home field,Non-conference
401525436,2023,2,NC State,Notre Dame,0,False,False,0.2002162893911767,0,0.7997837106088233,1,2023-2025,Weeks 1-3,Home field,Non-conference
401525493,2023,2,Florida State,Southern Mississippi,1,False,False,0.9493490161061248,1,0.9493490161061248,1,2023-2025,Weeks 1-3,Home field,Non-conference
401525495,2023,2,North Carolina,App State,1,False,False,0.8378505319087285,1,0.8378505319087285,1,2023-2025,Weeks 1-3,Home field,Non-conference
401525496,2023,2,Pittsburgh,Cincinnati,0,False,False,0.6961077030972856,1,0.6961077030972856,0,2023-2025,Weeks 1-3,Home field,Non-conference
401525497,2023,2,Syracuse,Western Michigan,1,False,False,0.8419849281170017,1,0.8419849281170017,1,2023-2025,Weeks 1-3,Home field,Non-conference
401525498,2023,2,Virginia,James Madison,0,False,False,0.14607826578100191,0,0.8539217342189981,1,2023-2025,Weeks 1-3,Home field,Non-conference
401525827,2023,2,Boise State,UCF,0,False,False,0.331221169786292,0,0.668778830213708,1,2023-2025,Weeks 1-3,Home field,Non-conference
401525829,2023,2,Kansas State,Troy,1,False,False,0.8103523990518091,1,0.8103523990518091,1,2023-2025,Weeks 1-3,Home field,Non-conference
401525830,2023,2,Oklahoma,SMU,1,False,False,0.9112466087537887,1,0.9112466087537887,1,2023-2025,Weeks 1-3,Home field,Non-conference
401525831,2023,2,Rice,Houston,1,False,False,0.30304221245823504,0,0.696957787541765,0,2023-2025,Weeks 1-3,Home field,Non-conference
401526833,2023,2,UMass,Miami (OH),0,False,False,0.4036114178631482,0,0.5963885821368518,1,2023-2025,Weeks 1-3,Home field,Non-conference
401531378,2023,2,Georgia Southern,UAB,1,False,False,0.4636872312335177,0,0.5363127687664824,0,2023-2025,Weeks 1-3,Home field,Non-conference
401531395,2023,2,UT San Antonio,Texas State,1,False,False,0.8389692671668156,1,0.8389692671668156,1,2023-2025,Weeks 1-3,Home field,Non-conference
401531411,2023,2,East Carolina,Marshall,0,False,False,0.3662392742043943,0,0.6337607257956057,1,2023-2025,Weeks 1-3,Home field,Non-conference
401531419,2023,2,Florida Atlantic,Ohio,0,False,False,0.7896638195225623,1,0.7896638195225623,0,2023-2025,Weeks 1-3,Home field,Non-conference
401531427,2023,2,Arkansas State,Memphis,0,False,False,0.020884989819094184,0,0.9791150101809059,1,2023-2025,Weeks 1-3,Home field,Non-conference
401531842,2023,2,Old Dominion,Louisiana,1,False,True,0.24768562948782885,0,0.7523143705121711,0,2023-2025,Weeks 1-3,Home field,Conference
401520219,2023,3,Arizona,UTEP,1,False,False,0.870533400853129,1,0.870533400853129,1,2023-2025,Weeks 1-3,Home field,Non-conference
401520220,2023,3,Arkansas,BYU,0,False,False,0.7140880777465585,1,0.7140880777465585,0,2023-2025,Weeks 1-3,Home field,Non-conference
401520222,2023,3,Buffalo,Liberty,0,False,False,0.6318950063541156,1,0.6318950063541156,0,2023-2025,Weeks 1-3,Home field,Non-conference
401520223,2023,3,Duke,Northwestern,1,False,False,0.8443799351291337,1,0.8443799351291337,1,2023-2025,Weeks 1-3,Home field,Non-conference
401520224,2023,3,Florida,Tennessee,1,False,True,0.3139255655646555,0,0.6860744344353444,0,2023-2025,Weeks 1-3,Home field,Conference
401520225,2023,3,Georgia,South Carolina,1,False,True,0.9565151440669247,1,0.9565151440669247,1,2023-2025,Weeks 1-3,Home field,Conference
401520226,2023,3,Illinois,Penn State,0,False,True,0.22851346576109305,0,0.771486534238907,1,2023-2025,Weeks 1-3,Home field,Conference
401520227,2023,3,Iowa,Western Michigan,1,False,False,0.9347549765641083,1,0.9347549765641083,1,2023-2025,Weeks 1-3,Home field,Non-conference
401520228,2023,3,Kentucky,Akron,1,False,False,0.9406826884166046,1,0.9406826884166046,1,2023-2025,Weeks 1-3,Home field,Non-conference
401520229,2023,3,Louisiana Tech,North Texas,0,False,False,0.5075261259774027,1,0.5075261259774027,0,2023-2025,Weeks 1-3,Home field,Non-conference
401520230,2023,3,Indiana,Louisville,0,True,False,0.3966842140354346,0,0.6033157859645655,1,2023-2025,Weeks 1-3,Neutral,Non-conference
401520231,2023,3,Maryland,Virginia,1,False,False,0.8835999505073422,1,0.8835999505073422,1,2023-2025,Weeks 1-3,Home field,Non-conference
401520232,2023,3,Michigan,Bowling Green,1,False,False,0.9902426237877368,1,0.9902426237877368,1,2023-2025,Weeks 1-3,Home field,Non-conference
401520233,2023,3,Michigan State,Washington,0,False,False,0.24866314073691176,0,0.7513368592630882,1,2023-2025,Weeks 1-3,Home field,Non-conference
401520235,2023,3,Mississippi State,LSU,0,False,True,0.27985014178648815,0,0.7201498582135119,1,2023-2025,Weeks 1-3,Home field,Conference
401520236,2023,3,Missouri,Kansas State,1,False,False,0.437453134122863,0,0.562546865877137,0,2023-2025,Weeks 1-3,Home field,Non-conference
401520237,2023,3,Nebraska,Northern Illinois,1,False,False,0.8628977644525032,1,0.8628977644525032,1,2023-2025,Weeks 1-3,Home field,Non-conference
401520238,2023,3,New Mexico,New Mexico State,0,False,False,0.5132467143066449,1,0.5132467143066449,0,2023-2025,Weeks 1-3,Home field,Non-conference
401520239,2023,3,North Carolina,Minnesota,1,False,False,0.718610671186535,1,0.718610671186535,1,2023-2025,Weeks 1-3,Home field,Non-conference
401520240,2023,3,Ohio State,Western Kentucky,1,False,False,0.9699321688897882,1,0.9699321688897882,1,2023-2025,Weeks 1-3,Home field,Non-conference
401520241,2023,3,Ole Miss,Georgia Tech,1,False,False,0.9097466108972656,1,0.9097466108972656,1,2023-2025,Weeks 1-3,Home field,Non-conference
401520242,2023,3,Purdue,Syracuse,0,False,False,0.4178345814862804,0,0.5821654185137196,1,2023-2025,Weeks 1-3,Home field,Non-conference
401520243,2023,3,Rutgers,Virginia Tech,1,False,False,0.6568992255784402,1,0.6568992255784402,1,2023-2025,Weeks 1-3,Home field,Non-conference
401520244,2023,3,South Florida,Alabama,0,False,False,0.046038663518246675,0,0.9539613364817533,1,2023-2025,Weeks 1-3,Home field,Non-conference
401520245,2023,3,Texas A&M,Louisiana Monroe,1,False,False,0.9557618385391979,1,0.9557618385391979,1,2023-2025,Weeks 1-3,Home field,Non-conference
401520246,2023,3,Connecticut,Florida International,0,False,False,0.7393441680297099,1,0.7393441680297099,0,2023-2025,Weeks 1-3,Home field,Non-conference
401520247,2023,3,UNLV,Vanderbilt,1,False,False,0.5288218776346554,1,0.5288218776346554,1,2023-2025,Weeks 1-3,Home field,Non-conference
401520249,2023,3,Wisconsin,Georgia Southern,1,False,False,0.8098664232853465,1,0.8098664232853465,1,2023-2025,Weeks 1-3,Home field,Non-conference
401524005,2023,3,Arizona State,Fresno State,0,False,False,0.4653615502520574,0,0.5346384497479426,1,2023-2025,Weeks 1-3,Home field,Non-conference
401524007,2023,3,Colorado,Colorado State,1,False,False,0.740029167044106,1,0.740029167044106,1,2023-2025,Weeks 1-3,Home field,Non-conference
401524008,2023,3,Oregon,Hawai'i,1,False,False,0.9862997061360697,1,0.9862997061360697,1,2023-2025,Weeks 1-3,Home field,Non-conference
401524009,2023,3,Oregon State,San Diego State,1,False,False,0.9444761178885565,1,0.9444761178885565,1,2023-2025,Weeks 1-3,Home field,Non-conference
401525437,2023,3,Notre Dame,Central Michigan,1,False,False,0.9806731826025746,1,0.9806731826025746,1,2023-2025,Weeks 1-3,Home field,Non-conference
401525500,2023,3,Boston College,Florida State,0,False,True,0.07947802554650166,0,0.9205219744534984,1,2023-2025,Weeks 1-3,Home field,Conference
401525501,2023,3,Clemson,Florida Atlantic,1,False,False,0.9270082723476373,1,0.9270082723476373,1,2023-2025,Weeks 1-3,Home field,Non-conference
401525503,2023,3,West Virginia,Pittsburgh,1,False,False,0.505056439196641,1,0.505056439196641,1,2023-2025,Weeks 1-3,Home field,Non-conference
401525504,2023,3,Old Dominion,Wake Forest,0,False,False,0.28367068338573664,0,0.7163293166142634,1,2023-2025,Weeks 1-3,Home field,Non-conference
401525835,2023,3,Cincinnati,Miami (OH),0,False,False,0.9157453673801916,1,0.9157453673801916,0,2023-2025,Weeks 1-3,Home field,Non-conference
401525836,2023,3,Houston,TCU,0,False,True,0.5593149193606193,1,0.5593149193606193,0,2023-2025,Weeks 1-3,Home field,Conference
401525837,2023,3,Nevada,Kansas,0,False,False,0.09918989776958137,0,0.9008101022304187,1,2023-2025,Weeks 1-3,Home field,Non-conference
401525838,2023,3,Ohio,Iowa State,1,False,False,0.3924013765674541,0,0.6075986234325459,0,2023-2025,Weeks 1-3,Home field,Non-conference
401525839,2023,3,Oklahoma State,South Alabama,0,False,False,0.5255475649351208,1,0.5255475649351208,0,2023-2025,Weeks 1-3,Home field,Non-conference
401525840,2023,3,Texas,Wyoming,1,False,False,0.9344647497872501,1,0.9344647497872501,1,2023-2025,Weeks 1-3,Home field,Non-conference
401525842,2023,3,Tulsa,Oklahoma,0,False,False,0.07642850294646729,0,0.9235714970535327,1,2023-2025,Weeks 1-3,Home field,Non-conference
401526834,2023,3,Eastern Michigan,UMass,1,False,False,0.8882178532819935,1,0.8882178532819935,1,2023-2025,Weeks 1-3,Home field,Non-conference
401531348,2023,3,Southern Mississippi,Tulane,0,False,False,0.2357403637786502,0,0.7642596362213498,1,2023-2025,Weeks 1-3,Home field,Non-conference
401531379,2023,3,UAB,Louisiana,0,False,False,0.5816236299811028,1,0.5816236299811028,0,2023-2025,Weeks 1-3,Home field,Non-conference
401531396,2023,3,UT San Antonio,Army,0,False,False,0.8124996305906389,1,0.8124996305906389,0,2023-2025,Weeks 1-3,Home field,Non-conference
401531403,2023,3,Charlotte,Georgia State,0,False,False,0.4267950738872822,0,0.5732049261127178,1,2023-2025,Weeks 1-3,Home field,Non-conference
401531412,2023,3,App State,East Carolina,1,False,False,0.6512909451501494,1,0.6512909451501494,1,2023-2025,Weeks 1-3,Home field,Non-conference
401531428,2023,3,Memphis,Navy,1,False,True,0.9059835670416767,1,0.9059835670416767,1,2023-2025,Weeks 1-3,Home field,Conference
401531848,2023,3,Troy,James Madison,0,False,True,0.5375655568853533,1,0.5375655568853533,0,2023-2025,Weeks 1-3,Home field,Conference
401532403,2023,3,Toledo,San José State,1,False,False,0.7933968634366801,1,0.7933968634366801,1,2023-2025,Weeks 1-3,Home field,Non-conference
401532581,2023,3,Air Force,Utah State,1,False,True,0.5739770236656634,1,0.5739770236656634,1,2023-2025,Weeks 1-3,Home field,Conference
401520250,2023,4,Alabama,Ole Miss,1,False,True,0.7371044753649216,1,0.7371044753649216,1,2023-2025,Weeks 4-6,Home field,Conference
401520251,2023,4,Florida,Charlotte,1,False,False,0.9519854604087717,1,0.9519854604087717,1,2023-2025,Weeks 4-6,Home field,Non-conference
401520252,2023,4,Georgia,UAB,1,False,False,0.9872622092984038,1,0.9872622092984038,1,2023-2025,Weeks 4-6,Home field,Non-conference
401520253,2023,4,Hawai'i,New Mexico State,1,False,False,0.4045288578992647,0,0.5954711421007353,0,2023-2025,Weeks 4-6,Home field,Non-conference
401520254,2023,4,Houston,Sam Houston State,1,False,False,0.8368614613640255,1,0.8368614613640255,1,2023-2025,Weeks 4-6,Home field,Non-conference
401520255,2023,4,Illinois,Florida Atlantic,1,False,False,0.7917776696512289,1,0.7917776696512289,1,2023-2025,Weeks 4-6,Home field,Non-conference
401520256,2023,4,Indiana,Akron,1,False,False,0.8351237390250935,1,0.8351237390250935,1,2023-2025,Weeks 4-6,Home field,Non-conference
401520257,2023,4,Jacksonville State,Eastern Michigan,1,False,False,0.6537956539717205,1,0.6537956539717205,1,2023-2025,Weeks 4-6,Home field,Non-conference
401520258,2023,4,LSU,Arkansas,1,False,True,0.835597965886683,1,0.835597965886683,1,2023-2025,Weeks 4-6,Home field,Conference
401520259,2023,4,Missouri,Memphis,1,True,False,0.6897073804508936,1,0.6897073804508936,1,2023-2025,Weeks 4-6,Neutral,Non-conference
401520260,2023,4,Michigan,Rutgers,1,False,True,0.9670302508101764,1,0.9670302508101764,1,2023-2025,Weeks 4-6,Home field,Conference
401520261,2023,4,Michigan State,Maryland,0,False,True,0.4738834258471582,0,0.5261165741528417,1,2023-2025,Weeks 4-6,Home field,Conference
401520262,2023,4,Middle Tennessee,Colorado State,0,False,False,0.813646216821252,1,0.813646216821252,0,2023-2025,Weeks 4-6,Home field,Non-conference
401520263,2023,4,Nebraska,Louisiana Tech,1,False,False,0.9117576476394359,1,0.9117576476394359,1,2023-2025,Weeks 4-6,Home field,Non-conference
401520264,2023,4,Northwestern,Minnesota,1,False,True,0.2799632794910283,0,0.7200367205089717,0,2023-2025,Weeks 4-6,Home field,Conference
401520265,2023,4,Penn State,Iowa,1,False,True,0.8585776170521539,1,0.8585776170521539,1,2023-2025,Weeks 4-6,Home field,Conference
401520266,2023,4,Purdue,Wisconsin,0,False,True,0.3378295967085855,0,0.6621704032914145,1,2023-2025,Weeks 4-6,Home field,Conference
401520267,2023,4,South Carolina,Mississippi State,1,False,True,0.6079242196212287,1,0.6079242196212287,1,2023-2025,Weeks 4-6,Home field,Conference
401520268,2023,4,Syracuse,Army,1,False,False,0.912814747976765,1,0.912814747976765,1,2023-2025,Weeks 4-6,Home field,Non-conference
401520269,2023,4,Tennessee,UT San Antonio,1,False,False,0.9032642513140758,1,0.9032642513140758,1,2023-2025,Weeks 4-6,Home field,Non-conference
401520270,2023,4,Texas A&M,Auburn,1,False,True,0.7014738249009498,1,0.7014738249009498,1,2023-2025,Weeks 4-6,Home field,Conference
401520271,2023,4,Troy,Western Kentucky,1,False,False,0.6974207993167265,1,0.6974207993167265,1,2023-2025,Weeks 4-6,Home field,Non-conference
401520272,2023,4,Connecticut,Duke,0,False,False,0.14677663894233978,0,0.8532233610576603,1,2023-2025,Weeks 4-6,Home field,Non-conference
401520273,2023,4,UTEP,UNLV,0,False,False,0.48984306514067,0,0.51015693485933,1,2023-2025,Weeks 4-6,Home field,Non-conference
401520274,2023,4,Vanderbilt,Kentucky,0,False,True,0.20900461322105043,0,0.7909953867789495,1,2023-2025,Weeks 4-6,Home field,Conference
401520275,2023,4,Florida International,Liberty,0,False,True,0.3771501209551732,0,0.6228498790448268,1,2023-2025,Weeks 4-6,Home field,Conference
401521330,2023,4,Notre Dame,Ohio State,0,False,False,0.38452711439802967,0,0.6154728856019703,1,2023-2025,Weeks 4-6,Home field,Non-conference
401524014,2023,4,Arizona State,USC,0,False,True,0.06874217662241666,0,0.9312578233775833,1,2023-2025,Weeks 4-6,Home field,Conference
401524015,2023,4,Oregon,Colorado,1,False,True,0.9493040981121416,1,0.9493040981121416,1,2023-2025,Weeks 4-6,Home field,Conference
401524016,2023,4,Stanford,Arizona,0,False,True,0.20868903294588592,0,0.7913109670541141,1,2023-2025,Weeks 4-6,Home field,Conference
401524017,2023,4,Utah,UCLA,1,False,True,0.6721590477599088,1,0.6721590477599088,1,2023-2025,Weeks 4-6,Home field,Conference
401524018,2023,4,Washington,California,1,False,True,0.9064053249381001,1,0.9064053249381001,1,2023-2025,Weeks 4-6,Home field,Conference
401524019,2023,4,Washington State,Oregon State,1,False,True,0.3587918954462775,0,0.6412081045537226,0,2023-2025,Weeks 4-6,Home field,Conference
401525505,2023,4,Virginia,NC State,0,False,True,0.20560017392284574,0,0.7943998260771543,1,2023-2025,Weeks 4-6,Home field,Conference
401525506,2023,4,Louisville,Boston College,1,False,True,0.798298406752681,1,0.798298406752681,1,2023-2025,Weeks 4-6,Home field,Conference
401525507,2023,4,Clemson,Florida State,0,False,True,0.5729135833472394,1,0.5729135833472394,0,2023-2025,Weeks 4-6,Home field,Conference
401525508,2023,4,Wake Forest,Georgia Tech,0,False,True,0.7351601134851315,1,0.7351601134851315,0,2023-2025,Weeks 4-6,Home field,Conference
401525509,2023,4,Temple,Miami,0,False,False,0.13789283961775972,0,0.8621071603822403,1,2023-2025,Weeks 4-6,Home field,Non-conference
401525510,2023,4,Pittsburgh,North Carolina,0,False,True,0.3742226257750092,0,0.6257773742249908,1,2023-2025,Weeks 4-6,Home field,Conference
401525511,2023,4,Marshall,Virginia Tech,1,False,False,0.793801933176179,1,0.793801933176179,1,2023-2025,Weeks 4-6,Home field,Non-conference
401525844,2023,4,Baylor,Texas,0,False,True,0.16293777918966326,0,0.8370622208103368,1,2023-2025,Weeks 4-6,Home field,Conference
401525845,2023,4,Cincinnati,Oklahoma,0,False,True,0.14229296161943047,0,0.8577070383805695,1,2023-2025,Weeks 4-6,Home field,Conference
401525846,2023,4,Iowa State,Oklahoma State,1,False,True,0.6452352942888382,1,0.6452352942888382,1,2023-2025,Weeks 4-6,Home field,Conference
401525847,2023,4,Kansas,BYU,1,False,True,0.6828064474227072,1,0.6828064474227072,1,2023-2025,Weeks 4-6,Home field,Conference
401525848,2023,4,Kansas State,UCF,1,False,True,0.6322487398462833,1,0.6322487398462833,1,2023-2025,Weeks 4-6,Home field,Conference
401525849,2023,4,TCU,SMU,1,False,False,0.7039406994660931,1,0.7039406994660931,1,2023-2025,Weeks 4-6,Home field,Non-conference
401525850,2023,4,West Virginia,Texas Tech,1,False,True,0.4633620090458105,0,0.5366379909541895,0,2023-2025,Weeks 4-6,Home field,Conference
401526835,2023,4,UMass,New Mexico,0,False,False,0.5466178020524886,1,0.5466178020524886,0,2023-2025,Weeks 4-6,Home field,Non-conference
401531338,2023,4,Northern Illinois,Tulsa,0,False,False,0.5116602538749389,1,0.5116602538749389,0,2023-2025,Weeks 4-6,Home field,Non-conference
401531423,2023,4,South Florida,Rice,1,False,True,0.49020456032442394,0,0.5097954396755761,0,2023-2025,Weeks 4-6,Home field,Conference
401531849,2023,4,Coastal Carolina,Georgia State,0,False,True,0.6679809644453927,1,0.6679809644453927,0,2023-2025,Weeks 4-6,Home field,Conference
401531870,2023,4,Wyoming,App State,1,False,False,0.7075486327307844,1,0.7075486327307844,1,2023-2025,Weeks 4-6,Home field,Non-conference
401531871,2023,4,Ball State,Georgia Southern,0,False,False,0.5348475975237537,1,0.5348475975237537,0,2023-2025,Weeks 4-6,Home field,Non-conference
401531872,2023,4,Utah State,James Madison,0,False,False,0.4297356468741036,0,0.5702643531258964,1,2023-2025,Weeks 4-6,Home field,Non-conference
401531874,2023,4,Arkansas State,Southern Mississippi,1,False,True,0.3451041104809396,0,0.6548958895190604,0,2023-2025,Weeks 4-6,Home field,Conference
401531875,2023,4,Louisiana,Buffalo,1,False,False,0.8501642834676496,1,0.8501642834676496,1,2023-2025,Weeks 4-6,Home field,Non-conference
401531876,2023,4,South Alabama,Central Michigan,0,False,False,0.9053621870357177,1,0.9053621870357177,0,2023-2025,Weeks 4-6,Home field,Non-conference
401531877,2023,4,Texas State,Nevada,1,False,False,0.852192232753942,1,0.852192232753942,1,2023-2025,Weeks 4-6,Home field,Non-conference
401532405,2023,4,Bowling Green,Ohio,0,False,True,0.3955237318364855,0,0.6044762681635145,1,2023-2025,Weeks 4-6,Home field,Conference
401532406,2023,4,Toledo,Western Michigan,1,False,True,0.9246949249590859,1,0.9246949249590859,1,2023-2025,Weeks 4-6,Home field,Conference
401532407,2023,4,Fresno State,Kent State,1,False,False,0.9641066952977858,1,0.9641066952977858,1,2023-2025,Weeks 4-6,Home field,Non-conference
401532583,2023,4,San Diego State,Boise State,0,False,True,0.32466665206270395,0,0.675333347937296,1,2023-2025,Weeks 4-6,Home field,Conference
401532584,2023,4,San José State,Air Force,0,False,True,0.48895699329570136,0,0.5110430067042986,1,2023-2025,Weeks 4-6,Home field,Conference
401520276,2023,5,Sam Houston State,Jacksonville State,0,False,True,0.3401741890987249,0,0.6598258109012751,1,2023-2025,Weeks 4-6,Home field,Conference
401520277,2023,5,Western Kentucky,Middle Tennessee,1,False,True,0.5797656891161621,1,0.5797656891161621,1,2023-2025,Weeks 4-6,Home field,Conference
401520278,2023,5,UTEP,Louisiana Tech,0,False,True,0.5630372637897592,1,0.5630372637897592,0,2023-2025,Weeks 4-6,Home field,Conference
401520279,2023,5,Arkansas,Texas A&M,0,True,True,0.32141523626547186,0,0.6785847637345281,1,2023-2025,Weeks 4-6,Neutral,Conference
401520280,2023,5,Auburn,Georgia,0,False,True,0.11741861086947794,0,0.8825813891305221,1,2023-2025,Weeks 4-6,Home field,Conference
401520281,2023,5,Iowa,Michigan State,1,False,True,0.632853812966853,1,0.632853812966853,1,2023-2025,Weeks 4-6,Home field,Conference
401520282,2023,5,Kentucky,Florida,1,False,True,0.5484852249980915,1,0.5484852249980915,1,2023-2025,Weeks 4-6,Home field,Conference
401520283,2023,5,Maryland,Indiana,1,False,True,0.8171604646515638,1,0.8171604646515638,1,2023-2025,Weeks 4-6,Home field,Conference
401520284,2023,5,Minnesota,Louisiana,1,False,False,0.7077445932903818,1,0.7077445932903818,1,2023-2025,Weeks 4-6,Home field,Non-conference
401520285,2023,5,Mississippi State,Alabama,0,False,True,0.15269582427415102,0,0.847304175725849,1,2023-2025,Weeks 4-6,Home field,Conference
401520286,2023,5,Nebraska,Michigan,0,False,True,0.08405830211581343,0,0.9159416978841866,1,2023-2025,Weeks 4-6,Home field,Conference
401520287,2023,5,Northwestern,Penn State,0,False,True,0.0600263557224818,0,0.9399736442775182,1,2023-2025,Weeks 4-6,Home field,Conference
401520288,2023,5,Ole Miss,LSU,1,False,True,0.4414140551291471,0,0.5585859448708529,0,2023-2025,Weeks 4-6,Home field,Conference
401520289,2023,5,Purdue,Illinois,1,False,True,0.42581684369433614,0,0.5741831563056639,0,2023-2025,Weeks 4-6,Home field,Conference
401520291,2023,5,Tennessee,South Carolina,1,False,True,0.881795354808887,1,0.881795354808887,1,2023-2025,Weeks 4-6,Home field,Conference
401520292,2023,5,Connecticut,Utah State,0,False,False,0.4958945437673752,0,0.5041054562326248,1,2023-2025,Weeks 4-6,Home field,Non-conference
401520293,2023,5,Vanderbilt,Missouri,0,False,True,0.20132677183881909,0,0.7986732281611809,1,2023-2025,Weeks 4-6,Home field,Conference
401524020,2023,5,Oregon State,Utah,1,False,True,0.4678894099298545,0,0.5321105900701455,0,2023-2025,Weeks 4-6,Home field,Conference
401524021,2023,5,Arizona,Washington,0,False,True,0.13135595113295354,0,0.8686440488670465,1,2023-2025,Weeks 4-6,Home field,Conference
401524022,2023,5,California,Arizona State,1,False,True,0.7525519594498657,1,0.7525519594498657,1,2023-2025,Weeks 4-6,Home field,Conference
401524023,2023,5,Colorado,USC,0,False,True,0.046164696212469596,0,0.9538353037875305,1,2023-2025,Weeks 4-6,Home field,Conference
401524024,2023,5,Stanford,Oregon,0,False,True,0.041351886184395344,0,0.9586481138156047,1,2023-2025,Weeks 4-6,Home field,Conference
401525438,2023,5,Duke,Notre Dame,0,False,False,0.2584768040255646,0,0.7415231959744354,1,2023-2025,Weeks 4-6,Home field,Non-conference
401525512,2023,5,NC State,Louisville,0,False,True,0.43261882772781224,0,0.5673811722721878,1,2023-2025,Weeks 4-6,Home field,Conference
401525513,2023,5,Boston College,Virginia,1,False,True,0.754569957728913,1,0.754569957728913,1,2023-2025,Weeks 4-6,Home field,Conference
401525514,2023,5,Syracuse,Clemson,0,False,True,0.29776693796229237,0,0.7022330620377076,1,2023-2025,Weeks 4-6,Home field,Conference
401525515,2023,5,Georgia Tech,Bowling Green,0,False,False,0.8552090331431529,1,0.8552090331431529,0,2023-2025,Weeks 4-6,Home field,Non-conference
401525516,2023,5,Virginia Tech,Pittsburgh,1,False,True,0.3548197243645707,0,0.6451802756354292,0,2023-2025,Weeks 4-6,Home field,Conference
401525851,2023,5,BYU,Cincinnati,1,False,True,0.48991267344163647,0,0.5100873265583635,0,2023-2025,Weeks 4-6,Home field,Conference
401525852,2023,5,Oklahoma,Iowa State,1,False,True,0.9249583360416131,1,0.9249583360416131,1,2023-2025,Weeks 4-6,Home field,Conference
401525853,2023,5,TCU,West Virginia,0,False,True,0.7470748703085068,1,0.7470748703085068,0,2023-2025,Weeks 4-6,Home field,Conference
401525854,2023,5,Texas,Kansas,1,False,True,0.8532767659809517,1,0.8532767659809517,1,2023-2025,Weeks 4-6,Home field,Conference
401525855,2023,5,Texas Tech,Houston,1,False,True,0.6406574239183747,1,0.6406574239183747,1,2023-2025,Weeks 4-6,Home field,Conference
401525856,2023,5,UCF,Baylor,0,False,True,0.8208318655703483,1,0.8208318655703483,0,2023-2025,Weeks 4-6,Home field,Conference
401526836,2023,5,UMass,Arkansas State,0,False,False,0.6947261637110844,1,0.6947261637110844,0,2023-2025,Weeks 4-6,Home field,Non-conference
401531339,2023,5,Tulsa,Temple,1,False,True,0.5946405526486214,1,0.5946405526486214,1,2023-2025,Weeks 4-6,Home field,Conference
401531370,2023,5,Tulane,UAB,1,False,True,0.8520158811852074,1,0.8520158811852074,1,2023-2025,Weeks 4-6,Home field,Conference
401531404,2023,5,SMU,Charlotte,1,False,True,0.8751497488388159,1,0.8751497488388159,1,2023-2025,Weeks 4-6,Home field,Conference
401531414,2023,5,Rice,East Carolina,1,False,True,0.5378728974942957,1,0.5378728974942957,1,2023-2025,Weeks 4-6,Home field,Conference
401531424,2023,5,Navy,South Florida,0,False,True,0.41515724110218577,0,0.5848427588978142,1,2023-2025,Weeks 4-6,Home field,Conference
401531429,2023,5,Memphis,Boise State,1,False,False,0.6389133250701036,1,0.6389133250701036,1,2023-2025,Weeks 4-6,Home field,Non-conference
401531878,2023,5,Georgia Southern,Coastal Carolina,1,False,True,0.5304504215588958,1,0.5304504215588958,1,2023-2025,Weeks 4-6,Home field,Conference
401531879,2023,5,Georgia State,Troy,0,False,True,0.49777415638055444,0,0.5022258436194456,1,2023-2025,Weeks 4-6,Home field,Conference
401531880,2023,5,James Madison,South Alabama,1,False,True,0.4819061638757637,0,0.5180938361242363,0,2023-2025,Weeks 4-6,Home field,Conference
401531881,2023,5,Marshall,Old Dominion,1,False,True,0.8305430430236275,1,0.8305430430236275,1,2023-2025,Weeks 4-6,Home field,Conference
401531882,2023,5,Louisiana Monroe,App State,0,False,True,0.26030657710914584,0,0.7396934228908542,1,2023-2025,Weeks 4-6,Home field,Conference
401531883,2023,5,Southern Mississippi,Texas State,0,False,True,0.4175749869469142,0,0.5824250130530858,1,2023-2025,Weeks 4-6,Home field,Conference
401532409,2023,5,Western Michigan,Ball State,1,False,True,0.44227402436256447,0,0.5577259756374355,0,2023-2025,Weeks 4-6,Home field,Conference
401532410,2023,5,Central Michigan,Eastern Michigan,1,False,True,0.5943734270965063,1,0.5943734270965063,1,2023-2025,Weeks 4-6,Home field,Conference
401532411,2023,5,Toledo,Northern Illinois,1,False,True,0.9043457164024491,1,0.9043457164024491,1,2023-2025,Weeks 4-6,Home field,Conference
401532412,2023,5,Akron,Buffalo,0,False,True,0.5917794719770783,1,0.5917794719770783,0,2023-2025,Weeks 4-6,Home field,Conference
401532413,2023,5,Kent State,Miami (OH),0,False,True,0.2198868976855541,0,0.7801131023144459,1,2023-2025,Weeks 4-6,Home field,Conference
401532586,2023,5,UNLV,Hawai'i,1,False,True,0.8356695334646753,1,0.8356695334646753,1,2023-2025,Weeks 4-6,Home field,Conference
401532587,2023,5,Fresno State,Nevada,1,False,True,0.9566442642084856,1,0.9566442642084856,1,2023-2025,Weeks 4-6,Home field,Conference
401532588,2023,5,Wyoming,New Mexico,1,False,True,0.8905170607515318,1,0.8905170607515318,1,2023-2025,Weeks 4-6,Home field,Conference
401532589,2023,5,Air Force,San Diego State,1,False,True,0.7079094696845647,1,0.7079094696845647,1,2023-2025,Weeks 4-6,Home field,Conference
401520294,2023,6,Middle Tennessee,Jacksonville State,0,False,True,0.6240914655519865,1,0.6240914655519865,0,2023-2025,Weeks 4-6,Home field,Conference
401520295,2023,6,Louisiana Tech,Western Kentucky,0,False,True,0.353609579197286,0,0.646390420802714,1,2023-2025,Weeks 4-6,Home field,Conference
401520296,2023,6,Liberty,Sam Houston State,1,False,True,0.8145679035368314,1,0.8145679035368314,1,2023-2025,Weeks 4-6,Home field,Conference
401520297,2023,6,New Mexico State,Florida International,1,False,True,0.7233586210682793,1,0.7233586210682793,1,2023-2025,Weeks 4-6,Home field,Conference
401520298,2023,6,Army,Boston College,0,False,False,0.4763399725979911,0,0.5236600274020089,1,2023-2025,Weeks 4-6,Home field,Non-conference
401520299,2023,6,Florida,Vanderbilt,1,False,True,0.8590556938198781,1,0.8590556938198781,1,2023-2025,Weeks 4-6,Home field,Conference
401520300,2023,6,Georgia,Kentucky,1,False,True,0.8893830556576285,1,0.8893830556576285,1,2023-2025,Weeks 4-6,Home field,Conference
401520301,2023,6,Illinois,Nebraska,0,False,True,0.6184501213316803,1,0.6184501213316803,0,2023-2025,Weeks 4-6,Home field,Conference
401520302,2023,6,Iowa,Purdue,1,False,True,0.6381467388653951,1,0.6381467388653951,1,2023-2025,Weeks 4-6,Home field,Conference
401520303,2023,6,Minnesota,Michigan,0,False,True,0.09828799896435533,0,0.9017120010356446,1,2023-2025,Weeks 4-6,Home field,Conference
401520304,2023,6,Mississippi State,Western Michigan,1,False,False,0.9240272574990472,1,0.9240272574990472,1,2023-2025,Weeks 4-6,Home field,Non-conference
401520305,2023,6,Missouri,LSU,0,False,True,0.38368567823597755,0,0.6163143217640225,1,2023-2025,Weeks 4-6,Home field,Conference
401520307,2023,6,Ohio State,Maryland,1,False,True,0.9147340380577864,1,0.9147340380577864,1,2023-2025,Weeks 4-6,Home field,Conference
401520308,2023,6,Ole Miss,Arkansas,1,False,True,0.7203567881454366,1,0.7203567881454366,1,2023-2025,Weeks 4-6,Home field,Conference
401520309,2023,6,Rice,Connecticut,0,False,False,0.7235045343147849,1,0.7235045343147849,0,2023-2025,Weeks 4-6,Home field,Non-conference
401520310,2023,6,Texas A&M,Alabama,0,False,True,0.4799281070137012,0,0.5200718929862989,1,2023-2025,Weeks 4-6,Home field,Conference
401520311,2023,6,Wisconsin,Rutgers,1,False,True,0.8273856710814347,1,0.8273856710814347,1,2023-2025,Weeks 4-6,Home field,Conference
401524025,2023,6,USC,Arizona,1,False,True,0.8995816496678074,1,0.8995816496678074,1,2023-2025,Weeks 4-6,Home field,Conference
401524026,2023,6,Arizona State,Colorado,0,False,True,0.5922276040189822,1,0.5922276040189822,0,2023-2025,Weeks 4-6,Home field,Conference
401524027,2023,6,California,Oregon State,0,False,True,0.2718179917412454,0,0.7281820082587547,1,2023-2025,Weeks 4-6,Home field,Conference
401524028,2023,6,UCLA,Washington State,1,False,True,0.7210665135879775,1,0.7210665135879775,1,2023-2025,Weeks 4-6,Home field,Conference
401525439,2023,6,Louisville,Notre Dame,1,False,False,0.2817308328690935,0,0.7182691671309065,0,2023-2025,Weeks 4-6,Home field,Non-conference
401525517,2023,6,Clemson,Wake Forest,1,False,True,0.9308433016551886,1,0.9308433016551886,1,2023-2025,Weeks 4-6,Home field,Conference
401525518,2023,6,Florida State,Virginia Tech,1,False,True,0.9379893946536779,1,0.9379893946536779,1,2023-2025,Weeks 4-6,Home field,Conference
401525519,2023,6,Miami,Georgia Tech,0,False,True,0.9009918503750612,1,0.9009918503750612,0,2023-2025,Weeks 4-6,Home field,Conference
401525520,2023,6,North Carolina,Syracuse,1,False,True,0.6670445435485506,1,0.6670445435485506,1,2023-2025,Weeks 4-6,Home field,Conference
401525521,2023,6,NC State,Marshall,1,False,False,0.6867392089449412,1,0.6867392089449412,1,2023-2025,Weeks 4-6,Home field,Non-conference
401525857,2023,6,Oklahoma State,Kansas State,1,False,True,0.23800036068119765,0,0.7619996393188023,0,2023-2025,Weeks 4-6,Home field,Conference
401525858,2023,6,Baylor,Texas Tech,0,False,True,0.38648420531997935,0,0.6135157946800207,1,2023-2025,Weeks 4-6,Home field,Conference
401525859,2023,6,Iowa State,TCU,1,False,True,0.3916995960302055,0,0.6083004039697946,0,2023-2025,Weeks 4-6,Home field,Conference
401525860,2023,6,Kansas,UCF,1,False,True,0.5097341126375512,1,0.5097341126375512,1,2023-2025,Weeks 4-6,Home field,Conference
401525861,2023,6,Texas,Oklahoma,0,True,True,0.519239964025314,1,0.519239964025314,0,2023-2025,Weeks 4-6,Neutral,Conference
401526837,2023,6,UMass,Toledo,0,False,False,0.1250423470174729,0,0.8749576529825271,1,2023-2025,Weeks 4-6,Home field,Non-conference
401531340,2023,6,Florida Atlantic,Tulsa,1,False,True,0.7449645262135106,1,0.7449645262135106,1,2023-2025,Weeks 4-6,Home field,Conference
401531380,2023,6,UAB,South Florida,1,False,True,0.5517645571736274,1,0.5517645571736274,1,2023-2025,Weeks 4-6,Home field,Conference
401531389,2023,6,Temple,UT San Antonio,0,False,True,0.28627841254576153,0,0.7137215874542384,1,2023-2025,Weeks 4-6,Home field,Conference
401531433,2023,6,Navy,North Texas,1,False,True,0.3839561151728242,0,0.6160438848271759,0,2023-2025,Weeks 4-6,Home field,Conference
401531884,2023,6,Louisiana,Texas State,1,False,True,0.725759089079398,1,0.725759089079398,1,2023-2025,Weeks 4-6,Home field,Conference
401531885,2023,6,Louisiana Monroe,South Alabama,0,False,True,0.15928005430738781,0,0.8407199456926122,1,2023-2025,Weeks 4-6,Home field,Conference
401531886,2023,6,Southern Mississippi,Old Dominion,0,False,True,0.5319485058392808,1,0.5319485058392808,0,2023-2025,Weeks 4-6,Home field,Conference
401531887,2023,6,Troy,Arkansas State,1,False,True,0.9268477893451226,1,0.9268477893451226,1,2023-2025,Weeks 4-6,Home field,Conference
401532414,2023,6,Eastern Michigan,Ball State,1,False,True,0.6816110931802052,1,0.6816110931802052,1,2023-2025,Weeks 4-6,Home field,Conference
401532415,2023,6,Buffalo,Central Michigan,1,False,True,0.5251436517837812,1,0.5251436517837812,1,2023-2025,Weeks 4-6,Home field,Conference
401532416,2023,6,Miami (OH),Bowling Green,1,False,True,0.7482206097042547,1,0.7482206097042547,1,2023-2025,Weeks 4-6,Home field,Conference
401532417,2023,6,Ohio,Kent State,1,False,True,0.9158226152324408,1,0.9158226152324408,1,2023-2025,Weeks 4-6,Home field,Conference
401532418,2023,6,Akron,Northern Illinois,0,False,True,0.620628672152406,1,0.620628672152406,0,2023-2025,Weeks 4-6,Home field,Conference
401532590,2023,6,Utah State,Colorado State,1,False,True,0.5763535060793592,1,0.5763535060793592,1,2023-2025,Weeks 4-6,Home field,Conference
401532591,2023,6,Wyoming,Fresno State,1,False,True,0.3061919139726101,0,0.6938080860273899,0,2023-2025,Weeks 4-6,Home field,Conference
401532592,2023,6,Boise State,San José State,1,False,True,0.7848194794970953,1,0.7848194794970953,1,2023-2025,Weeks 4-6,Home field,Conference
401520312,2023,7,Jacksonville State,Liberty,0,False,True,0.5094190467835893,1,0.5094190467835893,0,2023-2025,Weeks 7-9,Home field,Conference
401520313,2023,7,Middle Tennessee,Louisiana Tech,1,False,True,0.6993555428398924,1,0.6993555428398924,1,2023-2025,Weeks 7-9,Home field,Conference
401520314,2023,7,Florida International,UTEP,0,False,True,0.5901554354763643,1,0.5901554354763643,0,2023-2025,Weeks 7-9,Home field,Conference
401520315,2023,7,New Mexico State,Sam Houston State,1,False,True,0.6967263853650614,1,0.6967263853650614,1,2023-2025,Weeks 7-9,Home field,Conference
401520316,2023,7,Alabama,Arkansas,1,False,True,0.8677639678205246,1,0.8677639678205246,1,2023-2025,Weeks 7-9,Home field,Conference
401520317,2023,7,Army,Troy,0,False,False,0.3152591746645023,0,0.6847408253354976,1,2023-2025,Weeks 7-9,Home field,Non-conference
401520318,2023,7,Kentucky,Missouri,0,False,True,0.5203491438432621,1,0.5203491438432621,0,2023-2025,Weeks 7-9,Home field,Conference
401520319,2023,7,LSU,Auburn,1,False,True,0.7702477924275002,1,0.7702477924275002,1,2023-2025,Weeks 7-9,Home field,Conference
401520320,2023,7,Maryland,Illinois,0,False,True,0.7700689664192292,1,0.7700689664192292,0,2023-2025,Weeks 7-9,Home field,Conference
401520321,2023,7,Michigan,Indiana,1,False,True,0.9863207087587345,1,0.9863207087587345,1,2023-2025,Weeks 7-9,Home field,Conference
401520322,2023,7,Penn State,UMass,1,False,False,0.9926855746285411,1,0.9926855746285411,1,2023-2025,Weeks 7-9,Home field,Non-conference
401520323,2023,7,Purdue,Ohio State,0,False,True,0.07938327061905084,0,0.9206167293809492,1,2023-2025,Weeks 7-9,Home field,Conference
401520324,2023,7,Rutgers,Michigan State,1,False,True,0.4845555426798251,0,0.5154444573201749,0,2023-2025,Weeks 7-9,Home field,Conference
401520325,2023,7,South Carolina,Florida,0,False,True,0.4161991692693905,0,0.5838008307306095,1,2023-2025,Weeks 7-9,Home field,Conference
401520326,2023,7,Tennessee,Texas A&M,1,False,True,0.6041883655606661,1,0.6041883655606661,1,2023-2025,Weeks 7-9,Home field,Conference
401520327,2023,7,Vanderbilt,Georgia,0,False,True,0.021935748884891845,0,0.9780642511151082,1,2023-2025,Weeks 7-9,Home field,Conference
401520328,2023,7,Wisconsin,Iowa,0,False,True,0.7600879240533549,1,0.7600879240533549,0,2023-2025,Weeks 7-9,Home field,Conference
401524029,2023,7,Colorado,Stanford,0,False,True,0.7992873432959295,1,0.7992873432959295,0,2023-2025,Weeks 7-9,Home field,Conference
401524030,2023,7,Washington State,Arizona,0,False,True,0.6073832166205786,1,0.6073832166205786,0,2023-2025,Weeks 7-9,Home field,Conference
401524031,2023,7,Notre Dame,USC,1,False,False,0.5969543161975958,1,0.5969543161975958,1,2023-2025,Weeks 7-9,Home field,Non-conference
401524032,2023,7,Oregon State,UCLA,1,False,True,0.6445348344344006,1,0.6445348344344006,1,2023-2025,Weeks 7-9,Home field,Conference
401524033,2023,7,Utah,California,1,False,True,0.8329140652151873,1,0.8329140652151873,1,2023-2025,Weeks 7-9,Home field,Conference
401524034,2023,7,Washington,Oregon,1,False,True,0.5856227837156296,1,0.5856227837156296,1,2023-2025,Weeks 7-9,Home field,Conference
401525523,2023,7,Duke,NC State,1,False,True,0.7364430044627301,1,0.7364430044627301,1,2023-2025,Weeks 7-9,Home field,Conference
401525524,2023,7,Florida State,Syracuse,1,False,True,0.8622180351550877,1,0.8622180351550877,1,2023-2025,Weeks 7-9,Home field,Conference
401525525,2023,7,Pittsburgh,Louisville,1,False,True,0.286749118233132,0,0.713250881766868,0,2023-2025,Weeks 7-9,Home field,Conference
401525526,2023,7,North Carolina,Miami,1,False,True,0.643542473855687,1,0.643542473855687,1,2023-2025,Weeks 7-9,Home field,Conference
401525527,2023,7,Virginia Tech,Wake Forest,1,False,True,0.5119724666733808,1,0.5119724666733808,1,2023-2025,Weeks 7-9,Home field,Conference
401525862,2023,7,Houston,West Virginia,1,False,True,0.5578578317918172,1,0.5578578317918172,1,2023-2025,Weeks 7-9,Home field,Conference
401525863,2023,7,Cincinnati,Iowa State,0,False,True,0.6100345826347371,1,0.6100345826347371,0,2023-2025,Weeks 7-9,Home field,Conference
401525864,2023,7,Oklahoma State,Kansas,1,False,True,0.32259320698196986,0,0.6774067930180301,0,2023-2025,Weeks 7-9,Home field,Conference
401525865,2023,7,TCU,BYU,1,False,True,0.7067665597198718,1,0.7067665597198718,1,2023-2025,Weeks 7-9,Home field,Conference
401525866,2023,7,Texas Tech,Kansas State,0,False,True,0.4825223286620453,0,0.5174776713379547,1,2023-2025,Weeks 7-9,Home field,Conference
401531371,2023,7,Memphis,Tulane,0,False,True,0.4958871267890843,0,0.5041128732109157,1,2023-2025,Weeks 7-9,Home field,Conference
401531381,2023,7,UT San Antonio,UAB,1,False,True,0.7324589202192381,1,0.7324589202192381,1,2023-2025,Weeks 7-9,Home field,Conference
401531390,2023,7,North Texas,Temple,1,False,True,0.6268165273972023,1,0.6268165273972023,1,2023-2025,Weeks 7-9,Home field,Conference
401531405,2023,7,Charlotte,Navy,0,False,True,0.6438920328305666,1,0.6438920328305666,0,2023-2025,Weeks 7-9,Home field,Conference
401531415,2023,7,East Carolina,SMU,0,False,True,0.28151574361652226,0,0.7184842563834777,1,2023-2025,Weeks 7-9,Home field,Conference
401531420,2023,7,South Florida,Florida Atlantic,0,False,True,0.4144208284566982,0,0.5855791715433019,1,2023-2025,Weeks 7-9,Home field,Conference
401531888,2023,7,App State,Coastal Carolina,0,False,True,0.47998395014960116,0,0.5200160498503988,1,2023-2025,Weeks 7-9,Home field,Conference
401531889,2023,7,Georgia State,Marshall,1,False,True,0.40205967725542646,0,0.5979403227445735,0,2023-2025,Weeks 7-9,Home field,Conference
401531890,2023,7,James Madison,Georgia Southern,1,False,True,0.6675109431936213,1,0.6675109431936213,1,2023-2025,Weeks 7-9,Home field,Conference
401531891,2023,7,Texas State,Louisiana Monroe,1,False,True,0.8793975704866909,1,0.8793975704866909,1,2023-2025,Weeks 7-9,Home field,Conference
401532419,2023,7,Ball State,Toledo,0,False,True,0.13503302606215942,0,0.8649669739378406,1,2023-2025,Weeks 7-9,Home field,Conference
401532420,2023,7,Central Michigan,Akron,1,False,True,0.6727739338412198,1,0.6727739338412198,1,2023-2025,Weeks 7-9,Home field,Conference
401532421,2023,7,Buffalo,Bowling Green,0,False,True,0.6889080946608536,1,0.6889080946608536,0,2023-2025,Weeks 7-9,Home field,Conference
401532422,2023,7,Eastern Michigan,Kent State,1,False,True,0.8497455042936483,1,0.8497455042936483,1,2023-2025,Weeks 7-9,Home field,Conference
401532423,2023,7,Western Michigan,Miami (OH),0,False,True,0.2501300252681272,0,0.7498699747318728,1,2023-2025,Weeks 7-9,Home field,Conference
401532424,2023,7,Northern Illinois,Ohio,1,False,True,0.46387798469490843,0,0.5361220153050916,0,2023-2025,Weeks 7-9,Home field,Conference
401532593,2023,7,Colorado State,Boise State,1,False,True,0.2702619066633829,0,0.7297380933366171,0,2023-2025,Weeks 7-9,Home field,Conference
401532594,2023,7,Utah State,Fresno State,0,False,True,0.21366672522503916,0,0.7863332747749608,1,2023-2025,Weeks 7-9,Home field,Conference
401532595,2023,7,Hawai'i,San Diego State,0,False,True,0.29788166072122974,0,0.7021183392787702,1,2023-2025,Weeks 7-9,Home field,Conference
401532596,2023,7,New Mexico,San José State,0,False,True,0.35825095360030723,0,0.6417490463996928,1,2023-2025,Weeks 7-9,Home field,Conference
401532597,2023,7,Nevada,UNLV,0,False,True,0.3382744238556921,0,0.6617255761443079,1,2023-2025,Weeks 7-9,Home field,Conference
401532598,2023,7,Air Force,Wyoming,1,False,True,0.6564640646185982,1,0.6564640646185982,1,2023-2025,Weeks 7-9,Home field,Conference
401520329,2023,8,Jacksonville State,Western Kentucky,1,False,True,0.5161563036205263,1,0.5161563036205263,1,2023-2025,Weeks 7-9,Home field,Conference
401520330,2023,8,Liberty,Middle Tennessee,1,False,True,0.7078634954955096,1,0.7078634954955096,1,2023-2025,Weeks 7-9,Home field,Conference
401520331,2023,8,Sam Houston State,Florida International,0,False,True,0.6653885892272552,1,0.6653885892272552,0,2023-2025,Weeks 7-9,Home field,Conference
401520332,2023,8,UTEP,New Mexico State,0,False,True,0.39050909555302243,0,0.6094909044469776,1,2023-2025,Weeks 7-9,Home field,Conference
401520333,2023,8,Alabama,Tennessee,1,False,True,0.626133881656805,1,0.626133881656805,1,2023-2025,Weeks 7-9,Home field,Conference
401520334,2023,8,Arkansas,Mississippi State,0,False,True,0.7012239256097161,1,0.7012239256097161,0,2023-2025,Weeks 7-9,Home field,Conference
401520335,2023,8,Auburn,Ole Miss,0,False,True,0.41005427841403685,0,0.5899457215859631,1,2023-2025,Weeks 7-9,Home field,Conference
401520336,2023,8,Illinois,Wisconsin,0,False,True,0.31779229034237433,0,0.6822077096576257,1,2023-2025,Weeks 7-9,Home field,Conference
401520337,2023,8,Indiana,Rutgers,0,False,True,0.4657500051910991,0,0.5342499948089009,1,2023-2025,Weeks 7-9,Home field,Conference
401520338,2023,8,Iowa,Minnesota,0,False,True,0.645526149122376,1,0.645526149122376,0,2023-2025,Weeks 7-9,Home field,Conference
401520339,2023,8,LSU,Army,1,False,False,0.9836372843948052,1,0.9836372843948052,1,2023-2025,Weeks 7-9,Home field,Non-conference
401520340,2023,8,Michigan State,Michigan,0,False,True,0.041999385181415855,0,0.9580006148185841,1,2023-2025,Weeks 7-9,Home field,Conference
401520341,2023,8,Missouri,South Carolina,1,False,True,0.7853525542747023,1,0.7853525542747023,1,2023-2025,Weeks 7-9,Home field,Conference
401520342,2023,8,Nebraska,Northwestern,1,False,True,0.7637098597556919,1,0.7637098597556919,1,2023-2025,Weeks 7-9,Home field,Conference
401520343,2023,8,Ohio State,Penn State,1,False,True,0.6511103541940249,1,0.6511103541940249,1,2023-2025,Weeks 7-9,Home field,Conference
401520344,2023,8,Connecticut,South Florida,0,False,False,0.6777329277565218,1,0.6777329277565218,0,2023-2025,Weeks 7-9,Home field,Non-conference
401524035,2023,8,Oregon,Washington State,1,False,True,0.9286541387754519,1,0.9286541387754519,1,2023-2025,Weeks 7-9,Home field,Conference
401524036,2023,8,Stanford,UCLA,0,False,True,0.08708016376207578,0,0.9129198362379243,1,2023-2025,Weeks 7-9,Home field,Conference
401524037,2023,8,USC,Utah,0,False,True,0.6348477502759498,1,0.6348477502759498,0,2023-2025,Weeks 7-9,Home field,Conference
401524038,2023,8,Washington,Arizona State,1,False,True,0.9651487922071198,1,0.9651487922071198,1,2023-2025,Weeks 7-9,Home field,Conference
401525528,2023,8,Georgia Tech,Boston College,0,False,True,0.6169160025405549,1,0.6169160025405549,0,2023-2025,Weeks 7-9,Home field,Conference
401525529,2023,8,Miami,Clemson,1,False,True,0.3248213528464915,0,0.6751786471535085,0,2023-2025,Weeks 7-9,Home field,Conference
401525530,2023,8,Florida State,Duke,1,False,True,0.8230422000408212,1,0.8230422000408212,1,2023-2025,Weeks 7-9,Home field,Conference
401525531,2023,8,North Carolina,Virginia,0,False,True,0.9503264397372937,1,0.9503264397372937,0,2023-2025,Weeks 7-9,Home field,Conference
401525532,2023,8,Wake Forest,Pittsburgh,1,False,True,0.4669935029817431,0,0.5330064970182569,0,2023-2025,Weeks 7-9,Home field,Conference
401525867,2023,8,BYU,Texas Tech,1,False,True,0.3157924233240422,0,0.6842075766759578,0,2023-2025,Weeks 7-9,Home field,Conference
401525868,2023,8,Cincinnati,Baylor,0,False,True,0.6766980608950064,1,0.6766980608950064,0,2023-2025,Weeks 7-9,Home field,Conference
401525869,2023,8,Houston,Texas,0,False,True,0.12333619887947583,0,0.8766638011205241,1,2023-2025,Weeks 7-9,Home field,Conference
401525870,2023,8,Kansas State,TCU,1,False,True,0.6792409448680429,1,0.6792409448680429,1,2023-2025,Weeks 7-9,Home field,Conference
401525871,2023,8,Oklahoma,UCF,1,False,True,0.9147530236132699,1,0.9147530236132699,1,2023-2025,Weeks 7-9,Home field,Conference
401525872,2023,8,West Virginia,Oklahoma State,0,False,True,0.5628945739465032,1,0.5628945739465032,0,2023-2025,Weeks 7-9,Home field,Conference
401531341,2023,8,Tulsa,Rice,0,False,True,0.4936148783549008,0,0.5063851216450992,1,2023-2025,Weeks 7-9,Home field,Conference
401531372,2023,8,Tulane,North Texas,1,False,True,0.8532522279035215,1,0.8532522279035215,1,2023-2025,Weeks 7-9,Home field,Conference
401531382,2023,8,UAB,Memphis,0,False,True,0.29290462997273026,0,0.7070953700272697,1,2023-2025,Weeks 7-9,Home field,Conference
401531391,2023,8,Temple,SMU,0,False,True,0.17730396719391664,0,0.8226960328060834,1,2023-2025,Weeks 7-9,Home field,Conference
401531397,2023,8,Florida Atlantic,UT San Antonio,0,False,True,0.6018002788682189,1,0.6018002788682189,0,2023-2025,Weeks 7-9,Home field,Conference
401531406,2023,8,East Carolina,Charlotte,0,False,True,0.689053586719577,1,0.689053586719577,0,2023-2025,Weeks 7-9,Home field,Conference
401531434,2023,8,Navy,Air Force,0,False,False,0.17903962420048092,0,0.8209603757995191,1,2023-2025,Weeks 7-9,Home field,Non-conference
401531892,2023,8,South Alabama,Southern Mississippi,1,False,True,0.9338492113706475,1,0.9338492113706475,1,2023-2025,Weeks 7-9,Home field,Conference
401531893,2023,8,Marshall,James Madison,0,False,True,0.46546297814768,0,0.53453702185232,1,2023-2025,Weeks 7-9,Home field,Conference
401531894,2023,8,Georgia Southern,Louisiana Monroe,1,False,True,0.8715591147365104,1,0.8715591147365104,1,2023-2025,Weeks 7-9,Home field,Conference
401531895,2023,8,Old Dominion,App State,1,False,True,0.45257463001559795,0,0.547425369984402,0,2023-2025,Weeks 7-9,Home field,Conference
401531896,2023,8,Arkansas State,Coastal Carolina,0,False,True,0.12125268977953686,0,0.8787473102204632,1,2023-2025,Weeks 7-9,Home field,Conference
401531897,2023,8,Louisiana,Georgia State,0,False,True,0.7154828231286049,1,0.7154828231286049,0,2023-2025,Weeks 7-9,Home field,Conference
401532425,2023,8,Ball State,Central Michigan,1,False,True,0.494222158108348,0,0.505777841891652,0,2023-2025,Weeks 7-9,Home field,Conference
401532426,2023,8,Northern Illinois,Eastern Michigan,1,False,True,0.7212821296335328,1,0.7212821296335328,1,2023-2025,Weeks 7-9,Home field,Conference
401532427,2023,8,Miami (OH),Toledo,0,False,True,0.3915727594370447,0,0.6084272405629553,1,2023-2025,Weeks 7-9,Home field,Conference
401532428,2023,8,Ohio,Western Michigan,1,False,True,0.8458807793290223,1,0.8458807793290223,1,2023-2025,Weeks 7-9,Home field,Conference
401532429,2023,8,Bowling Green,Akron,1,False,True,0.6528831942437289,1,0.6528831942437289,1,2023-2025,Weeks 7-9,Home field,Conference
401532430,2023,8,Kent State,Buffalo,0,False,True,0.24843163510534885,0,0.7515683648946512,1,2023-2025,Weeks 7-9,Home field,Conference
401532599,2023,8,UNLV,Colorado State,1,False,True,0.6857575736858813,1,0.6857575736858813,1,2023-2025,Weeks 7-9,Home field,Conference
401532600,2023,8,New Mexico,Hawai'i,1,False,True,0.6089079552429014,1,0.6089079552429014,1,2023-2025,Weeks 7-9,Home field,Conference
401532601,2023,8,San Diego State,Nevada,0,False,True,0.7290597780974006,1,0.7290597780974006,0,2023-2025,Weeks 7-9,Home field,Conference
401532602,2023,8,San José State,Utah State,1,False,True,0.5539251901333063,1,0.5539251901333063,1,2023-2025,Weeks 7-9,Home field,Conference
401520345,2023,9,Louisiana Tech,New Mexico State,0,False,True,0.47944167050043635,0,0.5205583294995637,1,2023-2025,Weeks 7-9,Home field,Conference
401520346,2023,9,Western Kentucky,Liberty,0,False,True,0.4425393489617027,0,0.5574606510382973,1,2023-2025,Weeks 7-9,Home field,Conference
401520347,2023,9,Florida International,Jacksonville State,0,False,True,0.34736317626143287,0,0.6526368237385671,1,2023-2025,Weeks 7-9,Home field,Conference
401520348,2023,9,Sam Houston State,UTEP,0,False,True,0.6784151442357365,1,0.6784151442357365,0,2023-2025,Weeks 7-9,Home field,Conference
401520349,2023,9,Army,UMass,0,False,True,0.6934330756246103,1,0.6934330756246103,0,2023-2025,Weeks 7-9,Home field,Conference
401520350,2023,9,Auburn,Mississippi State,1,False,True,0.6953831284708212,1,0.6953831284708212,1,2023-2025,Weeks 7-9,Home field,Conference
401520351,2023,9,Boston College,Connecticut,1,False,False,0.8082589487303615,1,0.8082589487303615,1,2023-2025,Weeks 7-9,Home field,Non-conference
401520352,2023,9,Florida,Georgia,0,True,True,0.1044136574075117,0,0.8955863425924883,1,2023-2025,Weeks 7-9,Neutral,Conference
401520353,2023,9,Kentucky,Tennessee,0,False,True,0.2988081437212207,0,0.7011918562787793,1,2023-2025,Weeks 7-9,Home field,Conference
401520354,2023,9,Minnesota,Michigan State,1,False,True,0.6217763895433811,1,0.6217763895433811,1,2023-2025,Weeks 7-9,Home field,Conference
401520355,2023,9,Nebraska,Purdue,1,False,True,0.6083146682699911,1,0.6083146682699911,1,2023-2025,Weeks 7-9,Home field,Conference
401520356,2023,9,Northwestern,Maryland,1,False,True,0.22045912121547737,0,0.7795408787845226,0,2023-2025,Weeks 7-9,Home field,Conference
401520357,2023,9,Ole Miss,Vanderbilt,1,False,True,0.9166398600380363,1,0.9166398600380363,1,2023-2025,Weeks 7-9,Home field,Conference
401520358,2023,9,Penn State,Indiana,1,False,True,0.9759077408675638,1,0.9759077408675638,1,2023-2025,Weeks 7-9,Home field,Conference
401520359,2023,9,Texas A&M,South Carolina,1,False,True,0.9121433603755014,1,0.9121433603755014,1,2023-2025,Weeks 7-9,Home field,Conference
401520360,2023,9,Wisconsin,Ohio State,0,False,True,0.15854371825914096,0,0.8414562817408591,1,2023-2025,Weeks 7-9,Home field,Conference
401524039,2023,9,Arizona,Oregon State,1,False,True,0.42035622329430794,0,0.5796437767056921,0,2023-2025,Weeks 7-9,Home field,Conference
401524040,2023,9,Arizona State,Washington State,1,False,True,0.4547093083785132,0,0.5452906916214868,0,2023-2025,Weeks 7-9,Home field,Conference
401524041,2023,9,California,USC,0,False,True,0.20611573352226412,0,0.7938842664777359,1,2023-2025,Weeks 7-9,Home field,Conference
401524042,2023,9,Stanford,Washington,0,False,True,0.02601316906275543,0,0.9739868309372446,1,2023-2025,Weeks 7-9,Home field,Conference
401524043,2023,9,UCLA,Colorado,1,False,True,0.88367204445373,1,0.88367204445373,1,2023-2025,Weeks 7-9,Home field,Conference
401524044,2023,9,Utah,Oregon,0,False,True,0.4272331658031134,0,0.5727668341968866,1,2023-2025,Weeks 7-9,Home field,Conference
401525440,2023,9,Notre Dame,Pittsburgh,1,False,False,0.9360518195620446,1,0.9360518195620446,1,2023-2025,Weeks 7-9,Home field,Non-conference
401525533,2023,9,Virginia Tech,Syracuse,1,False,True,0.5057077757699299,1,0.5057077757699299,1,2023-2025,Weeks 7-9,Home field,Conference
401525534,2023,9,NC State,Clemson,1,False,True,0.170026398302761,0,0.829973601697239,0,2023-2025,Weeks 7-9,Home field,Conference
401525535,2023,9,Louisville,Duke,1,False,True,0.5609375576344676,1,0.5609375576344676,1,2023-2025,Weeks 7-9,Home field,Conference
401525536,2023,9,Wake Forest,Florida State,0,False,True,0.08416698097548897,0,0.915833019024511,1,2023-2025,Weeks 7-9,Home field,Conference
401525537,2023,9,Georgia Tech,North Carolina,1,False,True,0.16675370858820854,0,0.8332462914117915,0,2023-2025,Weeks 7-9,Home field,Conference
401525538,2023,9,Miami,Virginia,1,False,True,0.9213421195652349,1,0.9213421195652349,1,2023-2025,Weeks 7-9,Home field,Conference
401525873,2023,9,Baylor,Iowa State,0,False,True,0.4120221739679125,0,0.5879778260320875,1,2023-2025,Weeks 7-9,Home field,Conference
401525874,2023,9,Kansas,Oklahoma,1,False,True,0.23993084639317386,0,0.7600691536068261,0,2023-2025,Weeks 7-9,Home field,Conference
401525875,2023,9,Kansas State,Houston,1,False,True,0.86577584451999,1,0.86577584451999,1,2023-2025,Weeks 7-9,Home field,Conference
401525876,2023,9,Oklahoma State,Cincinnati,1,False,True,0.6798146873868666,1,0.6798146873868666,1,2023-2025,Weeks 7-9,Home field,Conference
401525877,2023,9,Texas,BYU,1,False,True,0.9458033636360105,1,0.9458033636360105,1,2023-2025,Weeks 7-9,Home field,Conference
401525878,2023,9,UCF,West Virginia,0,False,True,0.6847183803018512,1,0.6847183803018512,0,2023-2025,Weeks 7-9,Home field,Conference
401531342,2023,9,SMU,Tulsa,1,False,True,0.9320319744702217,1,0.9320319744702217,1,2023-2025,Weeks 7-9,Home field,Conference
401531373,2023,9,Rice,Tulane,0,False,True,0.32873719186943867,0,0.6712628081305614,1,2023-2025,Weeks 7-9,Home field,Conference
401531398,2023,9,UT San Antonio,East Carolina,1,False,True,0.8832069743745978,1,0.8832069743745978,1,2023-2025,Weeks 7-9,Home field,Conference
401531407,2023,9,Charlotte,Florida Atlantic,0,False,True,0.243385229412605,0,0.756614770587395,1,2023-2025,Weeks 7-9,Home field,Conference
401531430,2023,9,North Texas,Memphis,0,False,True,0.2959194918139129,0,0.704080508186087,1,2023-2025,Weeks 7-9,Home field,Conference
401531898,2023,9,App State,Southern Mississippi,1,False,True,0.8223874178211736,1,0.8223874178211736,1,2023-2025,Weeks 7-9,Home field,Conference
401531899,2023,9,Coastal Carolina,Marshall,1,False,True,0.581272641539136,1,0.581272641539136,1,2023-2025,Weeks 7-9,Home field,Conference
401531900,2023,9,James Madison,Old Dominion,1,False,True,0.8496773401399282,1,0.8496773401399282,1,2023-2025,Weeks 7-9,Home field,Conference
401531901,2023,9,Louisiana Monroe,Arkansas State,0,False,True,0.5645128720731111,1,0.5645128720731111,0,2023-2025,Weeks 7-9,Home field,Conference
401531902,2023,9,South Alabama,Louisiana,0,False,True,0.8074061048809011,1,0.8074061048809011,0,2023-2025,Weeks 7-9,Home field,Conference
401531903,2023,9,Texas State,Troy,0,False,True,0.36532891091713593,0,0.6346710890828641,1,2023-2025,Weeks 7-9,Home field,Conference
401531929,2023,9,Georgia Southern,Georgia State,1,False,True,0.5126549758596983,1,0.5126549758596983,1,2023-2025,Weeks 7-9,Home field,Conference
401532431,2023,9,Eastern Michigan,Western Michigan,0,False,True,0.6896769658046678,1,0.6896769658046678,0,2023-2025,Weeks 7-9,Home field,Conference
401532432,2023,9,Ohio,Miami (OH),0,False,True,0.5865633414819253,1,0.5865633414819253,0,2023-2025,Weeks 7-9,Home field,Conference
401532603,2023,9,Colorado State,Air Force,0,False,True,0.2732719134489659,0,0.7267280865510342,1,2023-2025,Weeks 7-9,Home field,Conference
401532604,2023,9,Nevada,New Mexico,1,False,True,0.5733418796139548,1,0.5733418796139548,1,2023-2025,Weeks 7-9,Home field,Conference
401532605,2023,9,Hawai'i,San José State,0,False,True,0.17242178719736914,0,0.8275782128026309,1,2023-2025,Weeks 7-9,Home field,Conference
401532606,2023,9,Fresno State,UNLV,1,False,True,0.833899184076492,1,0.833899184076492,1,2023-2025,Weeks 7-9,Home field,Conference
401532607,2023,9,Boise State,Wyoming,1,False,True,0.6061631290768896,1,0.6061631290768896,1,2023-2025,Weeks 7-9,Home field,Conference
401520361,2023,10,Air Force,Army,0,True,False,0.9170956113731744,1,0.9170956113731744,0,2023-2025,Weeks 10+,Neutral,Non-conference
401520362,2023,10,Alabama,LSU,1,False,True,0.47095362244782885,0,0.5290463775521712,0,2023-2025,Weeks 10+,Home field,Conference
401520363,2023,10,Florida,Arkansas,0,False,True,0.6557614399222808,1,0.6557614399222808,0,2023-2025,Weeks 10+,Home field,Conference
401520364,2023,10,Georgia,Missouri,1,False,True,0.8751873905593457,1,0.8751873905593457,1,2023-2025,Weeks 10+,Home field,Conference
401520365,2023,10,Indiana,Wisconsin,1,False,True,0.2112122610668999,0,0.7887877389331002,0,2023-2025,Weeks 10+,Home field,Conference
401520366,2023,10,Liberty,Louisiana Tech,1,False,True,0.8214468857807323,1,0.8214468857807323,1,2023-2025,Weeks 10+,Home field,Conference
401520367,2023,10,Maryland,Penn State,0,False,True,0.18542478514887045,0,0.8145752148511296,1,2023-2025,Weeks 10+,Home field,Conference
401520368,2023,10,Michigan,Purdue,1,False,True,0.98627227791314,1,0.98627227791314,1,2023-2025,Weeks 10+,Home field,Conference
401520369,2023,10,Michigan State,Nebraska,1,False,True,0.4714859877233487,0,0.5285140122766513,0,2023-2025,Weeks 10+,Home field,Conference
401520370,2023,10,Minnesota,Illinois,0,False,True,0.590575669830735,1,0.590575669830735,0,2023-2025,Weeks 10+,Home field,Conference
401520371,2023,10,Mississippi State,Kentucky,0,False,True,0.3625301374537385,0,0.6374698625462615,1,2023-2025,Weeks 10+,Home field,Conference
401520372,2023,10,New Mexico State,Middle Tennessee,1,False,True,0.5405659868313548,1,0.5405659868313548,1,2023-2025,Weeks 10+,Home field,Conference
401520373,2023,10,Northwestern,Iowa,0,True,True,0.27003807282044456,0,0.7299619271795554,1,2023-2025,Weeks 10+,Neutral,Conference
401520374,2023,10,Ole Miss,Texas A&M,1,False,True,0.4375480874440214,0,0.5624519125559786,0,2023-2025,Weeks 10+,Home field,Conference
401520375,2023,10,Rutgers,Ohio State,0,False,True,0.058071946309000394,0,0.9419280536909996,1,2023-2025,Weeks 10+,Home field,Conference
401520376,2023,10,South Carolina,Jacksonville State,1,False,False,0.7807777506324056,1,0.7807777506324056,1,2023-2025,Weeks 10+,Home field,Non-conference
401520377,2023,10,Tennessee,Connecticut,1,False,False,0.9753741616546973,1,0.9753741616546973,1,2023-2025,Weeks 10+,Home field,Non-conference
401520378,2023,10,UTEP,Western Kentucky,0,False,True,0.3271921040370995,0,0.6728078959629005,1,2023-2025,Weeks 10+,Home field,Conference
401520379,2023,10,Vanderbilt,Auburn,0,False,True,0.21789497399917526,0,0.7821050260008248,1,2023-2025,Weeks 10+,Home field,Conference
401524045,2023,10,Arizona,UCLA,1,False,True,0.5181599077845408,1,0.5181599077845408,1,2023-2025,Weeks 10+,Home field,Conference
401524046,2023,10,Colorado,Oregon State,0,False,True,0.15566408658296432,0,0.8443359134170356,1,2023-2025,Weeks 10+,Home field,Conference
401524047,2023,10,Oregon,California,1,False,True,0.9350222031932166,1,0.9350222031932166,1,2023-2025,Weeks 10+,Home field,Conference
401524048,2023,10,USC,Washington,0,False,True,0.5352329120189597,1,0.5352329120189597,0,2023-2025,Weeks 10+,Home field,Conference
401524049,2023,10,Utah,Arizona State,1,False,True,0.8820237535792939,1,0.8820237535792939,1,2023-2025,Weeks 10+,Home field,Conference
401524050,2023,10,Washington State,Stanford,0,False,True,0.8416951535874068,1,0.8416951535874068,0,2023-2025,Weeks 10+,Home field,Conference
401525441,2023,10,Clemson,Notre Dame,1,False,False,0.4397753020456869,0,0.5602246979543131,0,2023-2025,Weeks 10+,Home field,Non-conference
401525539,2023,10,Duke,Wake Forest,1,False,True,0.7955814951723401,1,0.7955814951723401,1,2023-2025,Weeks 10+,Home field,Conference
401525540,2023,10,Syracuse,Boston College,0,False,True,0.5996303403541681,1,0.5996303403541681,0,2023-2025,Weeks 10+,Home field,Conference
401525541,2023,10,Pittsburgh,Florida State,0,False,True,0.08421781572451406,0,0.915782184275486,1,2023-2025,Weeks 10+,Home field,Conference
401525542,2023,10,Virginia,Georgia Tech,0,False,True,0.47402132287822185,0,0.5259786771217781,1,2023-2025,Weeks 10+,Home field,Conference
401525543,2023,10,Louisville,Virginia Tech,1,False,True,0.7746515386924364,1,0.7746515386924364,1,2023-2025,Weeks 10+,Home field,Conference
401525544,2023,10,NC State,Miami,1,False,True,0.3482356196157158,0,0.6517643803842842,0,2023-2025,Weeks 10+,Home field,Conference
401525879,2023,10,Texas Tech,TCU,1,False,True,0.5821273457441872,1,0.5821273457441872,1,2023-2025,Weeks 10+,Home field,Conference
401525880,2023,10,Baylor,Houston,0,False,True,0.4978170515761593,0,0.5021829484238407,1,2023-2025,Weeks 10+,Home field,Conference
401525881,2023,10,Cincinnati,UCF,0,False,True,0.36890567338034896,0,0.631094326619651,1,2023-2025,Weeks 10+,Home field,Conference
401525882,2023,10,Iowa State,Kansas,0,False,True,0.41323205032336613,0,0.5867679496766338,1,2023-2025,Weeks 10+,Home field,Conference
401525883,2023,10,Oklahoma State,Oklahoma,1,False,True,0.18030709824148772,0,0.8196929017585123,0,2023-2025,Weeks 10+,Home field,Conference
401525884,2023,10,Texas,Kansas State,1,False,True,0.6911437163242982,1,0.6911437163242982,1,2023-2025,Weeks 10+,Home field,Conference
401525885,2023,10,West Virginia,BYU,1,False,True,0.6757319149968657,1,0.6757319149968657,1,2023-2025,Weeks 10+,Home field,Conference
401531343,2023,10,Tulsa,Charlotte,0,False,True,0.49079408320411244,0,0.5092059167958876,1,2023-2025,Weeks 10+,Home field,Conference
401531374,2023,10,East Carolina,Tulane,0,False,True,0.165341394755936,0,0.834658605244064,1,2023-2025,Weeks 10+,Home field,Conference
401531383,2023,10,UAB,Florida Atlantic,1,False,True,0.31252076458977823,0,0.6874792354102217,0,2023-2025,Weeks 10+,Home field,Conference
401531392,2023,10,Temple,Navy,1,False,True,0.5460802917872701,1,0.5460802917872701,1,2023-2025,Weeks 10+,Home field,Conference
401531399,2023,10,North Texas,UT San Antonio,0,False,True,0.37692702128722194,0,0.623072978712778,1,2023-2025,Weeks 10+,Home field,Conference
401531425,2023,10,Memphis,South Florida,1,False,True,0.8994881325560923,1,0.8994881325560923,1,2023-2025,Weeks 10+,Home field,Conference
401531440,2023,10,Rice,SMU,0,False,True,0.23417944195529813,0,0.7658205580447018,1,2023-2025,Weeks 10+,Home field,Conference
401531904,2023,10,Troy,South Alabama,1,False,True,0.382665352540553,0,0.617334647459447,0,2023-2025,Weeks 10+,Home field,Conference
401531905,2023,10,App State,Marshall,1,False,True,0.519138225939348,1,0.519138225939348,1,2023-2025,Weeks 10+,Home field,Conference
401531906,2023,10,Georgia State,James Madison,0,False,True,0.35670039026813927,0,0.6432996097318607,1,2023-2025,Weeks 10+,Home field,Conference
401531907,2023,10,Old Dominion,Coastal Carolina,0,False,True,0.34098709368877145,0,0.6590129063112286,1,2023-2025,Weeks 10+,Home field,Conference
401531908,2023,10,Arkansas State,Louisiana,1,False,True,0.10727735445777702,0,0.892722645542223,0,2023-2025,Weeks 10+,Home field,Conference
401531909,2023,10,Southern Mississippi,Louisiana Monroe,1,False,True,0.6922108444436431,1,0.6922108444436431,1,2023-2025,Weeks 10+,Home field,Conference
401531910,2023,10,Texas State,Georgia Southern,1,False,True,0.5607488796888364,1,0.5607488796888364,1,2023-2025,Weeks 10+,Home field,Conference
401532433,2023,10,Central Michigan,Northern Illinois,1,False,True,0.34048928300741577,0,0.6595107169925842,0,2023-2025,Weeks 10+,Home field,Conference
401532434,2023,10,Toledo,Buffalo,1,False,True,0.8800104968341305,1,0.8800104968341305,1,2023-2025,Weeks 10+,Home field,Conference
401532435,2023,10,Bowling Green,Ball State,1,False,True,0.6454423215453133,1,0.6454423215453133,1,2023-2025,Weeks 10+,Home field,Conference
401532436,2023,10,Akron,Kent State,1,False,True,0.7547448002703869,1,0.7547448002703869,1,2023-2025,Weeks 10+,Home field,Conference
401532608,2023,10,Fresno State,Boise State,1,False,True,0.66658005090654,1,0.66658005090654,1,2023-2025,Weeks 10+,Home field,Conference
401532609,2023,10,Wyoming,Colorado State,1,False,True,0.7433608562865671,1,0.7433608562865671,1,2023-2025,Weeks 10+,Home field,Conference
401532610,2023,10,Nevada,Hawai'i,0,False,True,0.7506465903542253,1,0.7506465903542253,0,2023-2025,Weeks 10+,Home field,Conference
401532611,2023,10,New Mexico,UNLV,0,False,True,0.3068101908626907,0,0.6931898091373093,1,2023-2025,Weeks 10+,Home field,Conference
401532612,2023,10,San Diego State,Utah State,0,False,True,0.47494013850878425,0,0.5250598614912158,1,2023-2025,Weeks 10+,Home field,Conference
401520380,2023,11,Arkansas,Auburn,0,False,True,0.5296553201095359,1,0.5296553201095359,0,2023-2025,Weeks 10+,Home field,Conference
401520382,2023,11,Georgia,Ole Miss,1,False,True,0.8562762526088701,1,0.8562762526088701,1,2023-2025,Weeks 10+,Home field,Conference
401520383,2023,11,Illinois,Indiana,1,False,True,0.7176990027704708,1,0.7176990027704708,1,2023-2025,Weeks 10+,Home field,Conference
401520384,2023,11,Iowa,Rutgers,1,False,True,0.6733531434080269,1,0.6733531434080269,1,2023-2025,Weeks 10+,Home field,Conference
401520385,2023,11,James Madison,Connecticut,1,False,False,0.9355739636470007,1,0.9355739636470007,1,2023-2025,Weeks 10+,Home field,Non-conference
401520386,2023,11,Kentucky,Alabama,0,False,True,0.2456850552547284,0,0.7543149447452716,1,2023-2025,Weeks 10+,Home field,Conference
401520387,2023,11,Louisiana Tech,Sam Houston State,0,False,True,0.6619505368324721,1,0.6619505368324721,0,2023-2025,Weeks 10+,Home field,Conference
401520388,2023,11,Liberty,Old Dominion,1,False,False,0.8418475974729237,1,0.8418475974729237,1,2023-2025,Weeks 10+,Home field,Non-conference
401520389,2023,11,LSU,Florida,1,False,True,0.8909384065265793,1,0.8909384065265793,1,2023-2025,Weeks 10+,Home field,Conference
401520390,2023,11,Middle Tennessee,Florida International,1,False,True,0.7830519674325014,1,0.7830519674325014,1,2023-2025,Weeks 10+,Home field,Conference
401520391,2023,11,Missouri,Tennessee,1,False,True,0.40031633217900975,0,0.5996836678209903,0,2023-2025,Weeks 10+,Home field,Conference
401520392,2023,11,Nebraska,Maryland,0,False,True,0.5141998771459496,1,0.5141998771459496,0,2023-2025,Weeks 10+,Home field,Conference
401520393,2023,11,Ohio State,Michigan State,1,False,True,0.9713107112496842,1,0.9713107112496842,1,2023-2025,Weeks 10+,Home field,Conference
401520394,2023,11,Penn State,Michigan,0,False,True,0.3289459368863873,0,0.6710540631136127,1,2023-2025,Weeks 10+,Home field,Conference
401520395,2023,11,Purdue,Minnesota,1,False,True,0.516905782659365,1,0.516905782659365,1,2023-2025,Weeks 10+,Home field,Conference
401520396,2023,11,South Carolina,Vanderbilt,1,False,True,0.7947026372343604,1,0.7947026372343604,1,2023-2025,Weeks 10+,Home field,Conference
401520397,2023,11,Texas A&M,Mississippi State,1,False,True,0.9240266041218743,1,0.9240266041218743,1,2023-2025,Weeks 10+,Home field,Conference
401520398,2023,11,Wisconsin,Northwestern,0,False,True,0.8667311269537714,1,0.8667311269537714,0,2023-2025,Weeks 10+,Home field,Conference
401520399,2023,11,Western Kentucky,New Mexico State,0,False,True,0.6039952818592469,1,0.6039952818592469,0,2023-2025,Weeks 10+,Home field,Conference
401524051,2023,11,California,Washington State,1,False,True,0.6168656058512844,1,0.6168656058512844,1,2023-2025,Weeks 10+,Home field,Conference
401524052,2023,11,Colorado,Arizona,0,False,True,0.23711853968601643,0,0.7628814603139835,1,2023-2025,Weeks 10+,Home field,Conference
401524053,2023,11,Oregon,USC,1,False,True,0.8025943127911701,1,0.8025943127911701,1,2023-2025,Weeks 10+,Home field,Conference
401524054,2023,11,Oregon State,Stanford,1,False,True,0.9632227295050313,1,0.9632227295050313,1,2023-2025,Weeks 10+,Home field,Conference
401524055,2023,11,UCLA,Arizona State,0,False,True,0.9023570858103013,1,0.9023570858103013,0,2023-2025,Weeks 10+,Home field,Conference
401524056,2023,11,Washington,Utah,1,False,True,0.6334543732702351,1,0.6334543732702351,1,2023-2025,Weeks 10+,Home field,Conference
401525546,2023,11,Louisville,Virginia,1,False,True,0.9429560894538279,1,0.9429560894538279,1,2023-2025,Weeks 10+,Home field,Conference
401525547,2023,11,Boston College,Virginia Tech,0,False,True,0.5557551935424304,1,0.5557551935424304,0,2023-2025,Weeks 10+,Home field,Conference
401525548,2023,11,Clemson,Georgia Tech,1,False,True,0.9236495814619475,1,0.9236495814619475,1,2023-2025,Weeks 10+,Home field,Conference
401525549,2023,11,North Carolina,Duke,1,False,True,0.7557422006272293,1,0.7557422006272293,1,2023-2025,Weeks 10+,Home field,Conference
401525550,2023,11,Florida State,Miami,1,False,True,0.8427946857566474,1,0.8427946857566474,1,2023-2025,Weeks 10+,Home field,Conference
401525551,2023,11,Wake Forest,NC State,0,False,True,0.42781337535701425,0,0.5721866246429858,1,2023-2025,Weeks 10+,Home field,Conference
401525552,2023,11,Syracuse,Pittsburgh,1,True,True,0.5099510751988324,1,0.5099510751988324,1,2023-2025,Weeks 10+,Neutral,Conference
401525886,2023,11,BYU,Iowa State,0,False,True,0.35557576317997763,0,0.6444242368200224,1,2023-2025,Weeks 10+,Home field,Conference
401525887,2023,11,Houston,Cincinnati,0,False,True,0.6595347922771351,1,0.6595347922771351,0,2023-2025,Weeks 10+,Home field,Conference
401525888,2023,11,Kansas,Texas Tech,0,False,True,0.6927556555552927,1,0.6927556555552927,0,2023-2025,Weeks 10+,Home field,Conference
401525889,2023,11,Kansas State,Baylor,1,False,True,0.9258214250642627,1,0.9258214250642627,1,2023-2025,Weeks 10+,Home field,Conference
401525890,2023,11,Oklahoma,West Virginia,1,False,True,0.9018051814771209,1,0.9018051814771209,1,2023-2025,Weeks 10+,Home field,Conference
401525891,2023,11,TCU,Texas,0,False,True,0.1764471565577518,0,0.8235528434422482,1,2023-2025,Weeks 10+,Home field,Conference
401525892,2023,11,UCF,Oklahoma State,1,False,True,0.5071152823561945,1,0.5071152823561945,1,2023-2025,Weeks 10+,Home field,Conference
401531344,2023,11,Tulane,Tulsa,1,False,True,0.9486988001435287,1,0.9486988001435287,1,2023-2025,Weeks 10+,Home field,Conference
401531384,2023,11,Navy,UAB,1,False,True,0.3696024628691462,0,0.6303975371308538,0,2023-2025,Weeks 10+,Home field,Conference
401531393,2023,11,South Florida,Temple,1,False,True,0.6340619871583912,1,0.6340619871583912,1,2023-2025,Weeks 10+,Home field,Conference
401531400,2023,11,UT San Antonio,Rice,1,False,True,0.7047710879231082,1,0.7047710879231082,1,2023-2025,Weeks 10+,Home field,Conference
401531408,2023,11,Charlotte,Memphis,0,False,True,0.13633935563049626,0,0.8636606443695037,1,2023-2025,Weeks 10+,Home field,Conference
401531416,2023,11,Florida Atlantic,East Carolina,0,False,True,0.8203095382423017,1,0.8203095382423017,0,2023-2025,Weeks 10+,Home field,Conference
401531437,2023,11,SMU,North Texas,1,False,True,0.8757054812803102,1,0.8757054812803102,1,2023-2025,Weeks 10+,Home field,Conference
401531911,2023,11,Louisiana,Southern Mississippi,0,False,True,0.8689185703569242,1,0.8689185703569242,0,2023-2025,Weeks 10+,Home field,Conference
401531912,2023,11,Coastal Carolina,Texas State,1,False,True,0.6706490819803054,1,0.6706490819803054,1,2023-2025,Weeks 10+,Home field,Conference
401531913,2023,11,Georgia State,App State,0,False,True,0.5496479661598774,1,0.5496479661598774,0,2023-2025,Weeks 10+,Home field,Conference
401531914,2023,11,Marshall,Georgia Southern,1,False,True,0.6127943905707102,1,0.6127943905707102,1,2023-2025,Weeks 10+,Home field,Conference
401531915,2023,11,Louisiana Monroe,Troy,0,False,True,0.07603748918157466,0,0.9239625108184253,1,2023-2025,Weeks 10+,Home field,Conference
401531916,2023,11,South Alabama,Arkansas State,1,False,True,0.9512794961946663,1,0.9512794961946663,1,2023-2025,Weeks 10+,Home field,Conference
401532437,2023,11,Northern Illinois,Ball State,0,False,True,0.7902929285116584,1,0.7902929285116584,0,2023-2025,Weeks 10+,Home field,Conference
401532438,2023,11,Western Michigan,Central Michigan,1,False,True,0.6011274204775029,1,0.6011274204775029,1,2023-2025,Weeks 10+,Home field,Conference
401532439,2023,11,Buffalo,Ohio,0,False,True,0.37727190042373493,0,0.6227280995762651,1,2023-2025,Weeks 10+,Home field,Conference
401532440,2023,11,Toledo,Eastern Michigan,1,False,True,0.9088568570782304,1,0.9088568570782304,1,2023-2025,Weeks 10+,Home field,Conference
401532441,2023,11,Miami (OH),Akron,1,False,True,0.8794863169537085,1,0.8794863169537085,1,2023-2025,Weeks 10+,Home field,Conference
401532442,2023,11,Kent State,Bowling Green,0,False,True,0.2272457411030219,0,0.7727542588969781,1,2023-2025,Weeks 10+,Home field,Conference
401532613,2023,11,Hawai'i,Air Force,1,False,True,0.18146014534923707,0,0.818539854650763,0,2023-2025,Weeks 10+,Home field,Conference
401532614,2023,11,San José State,Fresno State,1,False,True,0.3079278712754613,0,0.6920721287245387,0,2023-2025,Weeks 10+,Home field,Conference
401532615,2023,11,Utah State,Nevada,1,False,True,0.813322129030872,1,0.813322129030872,1,2023-2025,Weeks 10+,Home field,Conference
401532616,2023,11,Boise State,New Mexico,1,False,True,0.9384587820330578,1,0.9384587820330578,1,2023-2025,Weeks 10+,Home field,Conference
401532617,2023,11,Colorado State,San Diego State,1,False,True,0.6158511997829381,1,0.6158511997829381,1,2023-2025,Weeks 10+,Home field,Conference
401532618,2023,11,UNLV,Wyoming,1,False,True,0.5815352657451158,1,0.5815352657451158,1,2023-2025,Weeks 10+,Home field,Conference
401520402,2023,12,Arkansas,Florida International,1,False,False,0.9202005608170295,1,0.9202005608170295,1,2023-2025,Weeks 10+,Home field,Non-conference
401520403,2023,12,Army,Coastal Carolina,1,False,False,0.20412656903080187,0,0.7958734309691982,0,2023-2025,Weeks 10+,Home field,Non-conference
401520404,2023,12,Auburn,New Mexico State,0,False,False,0.9182518984689909,1,0.9182518984689909,0,2023-2025,Weeks 10+,Home field,Non-conference
401520405,2023,12,Indiana,Michigan State,0,False,True,0.5198807600944576,1,0.5198807600944576,0,2023-2025,Weeks 10+,Home field,Conference
401520406,2023,12,Iowa,Illinois,1,False,True,0.6852189648494292,1,0.6852189648494292,1,2023-2025,Weeks 10+,Home field,Conference
401520407,2023,12,Jacksonville State,Louisiana Tech,1,False,True,0.7105297589716622,1,0.7105297589716622,1,2023-2025,Weeks 10+,Home field,Conference
401520408,2023,12,Liberty,UMass,1,False,False,0.9431986649050264,1,0.9431986649050264,1,2023-2025,Weeks 10+,Home field,Non-conference
401520409,2023,12,LSU,Georgia State,1,False,False,0.9860587708531784,1,0.9860587708531784,1,2023-2025,Weeks 10+,Home field,Non-conference
401520410,2023,12,Maryland,Michigan,0,False,True,0.049707885318419534,0,0.9502921146815805,1,2023-2025,Weeks 10+,Home field,Conference
401520411,2023,12,Middle Tennessee,UTEP,1,False,True,0.8165804112836581,1,0.8165804112836581,1,2023-2025,Weeks 10+,Home field,Conference
401520412,2023,12,Mississippi State,Southern Mississippi,1,False,False,0.8467271226120514,1,0.8467271226120514,1,2023-2025,Weeks 10+,Home field,Non-conference
401520413,2023,12,Missouri,Florida,1,False,True,0.8196515120604444,1,0.8196515120604444,1,2023-2025,Weeks 10+,Home field,Conference
401520414,2023,12,Northwestern,Purdue,1,False,True,0.44753636782747763,0,0.5524636321725224,0,2023-2025,Weeks 10+,Home field,Conference
401520415,2023,12,Ohio State,Minnesota,1,False,True,0.9720942044856339,1,0.9720942044856339,1,2023-2025,Weeks 10+,Home field,Conference
401520416,2023,12,Ole Miss,Louisiana Monroe,1,False,False,0.9856211387034888,1,0.9856211387034888,1,2023-2025,Weeks 10+,Home field,Non-conference
401520417,2023,12,Penn State,Rutgers,1,False,True,0.9594435356159472,1,0.9594435356159472,1,2023-2025,Weeks 10+,Home field,Conference
401520418,2023,12,South Carolina,Kentucky,1,False,True,0.4948360093047193,0,0.5051639906952807,0,2023-2025,Weeks 10+,Home field,Conference
401520419,2023,12,Tennessee,Georgia,0,False,True,0.25158098387109906,0,0.7484190161289009,1,2023-2025,Weeks 10+,Home field,Conference
401520422,2023,12,Wisconsin,Nebraska,1,False,True,0.6985713596447496,1,0.6985713596447496,1,2023-2025,Weeks 10+,Home field,Conference
401520423,2023,12,Western Kentucky,Sam Houston State,1,False,True,0.7309604099225769,1,0.7309604099225769,1,2023-2025,Weeks 10+,Home field,Conference
401524057,2023,12,Washington State,Colorado,1,False,True,0.6326238010632838,1,0.6326238010632838,1,2023-2025,Weeks 10+,Home field,Conference
401524058,2023,12,Arizona,Utah,1,False,True,0.3779868162154393,0,0.6220131837845607,0,2023-2025,Weeks 10+,Home field,Conference
401524059,2023,12,Arizona State,Oregon,0,False,True,0.03625225612002473,0,0.9637477438799753,1,2023-2025,Weeks 10+,Home field,Conference
401524060,2023,12,Oregon State,Washington,0,False,True,0.5162789361275413,1,0.5162789361275413,0,2023-2025,Weeks 10+,Home field,Conference
401524061,2023,12,Stanford,California,0,False,True,0.203101615971288,0,0.796898384028712,1,2023-2025,Weeks 10+,Home field,Conference
401524062,2023,12,USC,UCLA,0,False,True,0.7808047488542954,1,0.7808047488542954,0,2023-2025,Weeks 10+,Home field,Conference
401525442,2023,12,Notre Dame,Wake Forest,1,False,False,0.9689868872997526,1,0.9689868872997526,1,2023-2025,Weeks 10+,Home field,Non-conference
401525553,2023,12,Pittsburgh,Boston College,1,False,True,0.5792847993386028,1,0.5792847993386028,1,2023-2025,Weeks 10+,Home field,Conference
401525554,2023,12,Clemson,North Carolina,1,False,True,0.7332464775324942,1,0.7332464775324942,1,2023-2025,Weeks 10+,Home field,Conference
401525555,2023,12,Virginia,Duke,1,False,True,0.19670496437615514,0,0.8032950356238449,0,2023-2025,Weeks 10+,Home field,Conference
401525557,2023,12,Georgia Tech,Syracuse,1,False,True,0.5680685477006083,1,0.5680685477006083,1,2023-2025,Weeks 10+,Home field,Conference
401525558,2023,12,Miami,Louisville,0,False,True,0.5105500557640841,1,0.5105500557640841,0,2023-2025,Weeks 10+,Home field,Conference
401525559,2023,12,Virginia Tech,NC State,0,False,True,0.5142955257925564,1,0.5142955257925564,0,2023-2025,Weeks 10+,Home field,Conference
401525893,2023,12,BYU,Oklahoma,0,False,True,0.047084468928843534,0,0.9529155310711565,1,2023-2025,Weeks 10+,Home field,Conference
401525894,2023,12,Houston,Oklahoma State,0,False,True,0.4869018827292936,0,0.5130981172707064,1,2023-2025,Weeks 10+,Home field,Conference
401525895,2023,12,Iowa State,Texas,0,False,True,0.18154096867516809,0,0.8184590313248319,1,2023-2025,Weeks 10+,Home field,Conference
401525896,2023,12,Kansas,Kansas State,0,False,True,0.34674865226466156,0,0.6532513477353384,1,2023-2025,Weeks 10+,Home field,Conference
401525897,2023,12,TCU,Baylor,1,False,True,0.8028007948135597,1,0.8028007948135597,1,2023-2025,Weeks 10+,Home field,Conference
401525898,2023,12,Texas Tech,UCF,1,False,True,0.5099241364387724,1,0.5099241364387724,1,2023-2025,Weeks 10+,Home field,Conference
401525899,2023,12,West Virginia,Cincinnati,1,False,True,0.7053476371061793,1,0.7053476371061793,1,2023-2025,Weeks 10+,Home field,Conference
401531345,2023,12,Tulsa,North Texas,0,False,True,0.2586141591561379,0,0.741385840843862,1,2023-2025,Weeks 10+,Home field,Conference
401531375,2023,12,Florida Atlantic,Tulane,0,False,True,0.41192855981359905,0,0.5880714401864009,1,2023-2025,Weeks 10+,Home field,Conference
401531385,2023,12,UAB,Temple,1,False,True,0.6255599979696297,1,0.6255599979696297,1,2023-2025,Weeks 10+,Home field,Conference
401531401,2023,12,UT San Antonio,South Florida,1,False,True,0.8775284877842342,1,0.8775284877842342,1,2023-2025,Weeks 10+,Home field,Conference
401531409,2023,12,Charlotte,Rice,0,False,True,0.2791025351600642,0,0.7208974648399358,1,2023-2025,Weeks 10+,Home field,Conference
401531417,2023,12,Navy,East Carolina,1,False,True,0.44623603162931813,0,0.5537639683706819,0,2023-2025,Weeks 10+,Home field,Conference
401531431,2023,12,Memphis,SMU,0,False,True,0.3604832082459497,0,0.6395167917540503,1,2023-2025,Weeks 10+,Home field,Conference
401531917,2023,12,Georgia Southern,Old Dominion,0,False,True,0.6447159268918612,1,0.6447159268918612,0,2023-2025,Weeks 10+,Home field,Conference
401531918,2023,12,James Madison,App State,0,False,True,0.8148824579492235,1,0.8148824579492235,0,2023-2025,Weeks 10+,Home field,Conference
401531919,2023,12,Arkansas State,Texas State,1,False,True,0.29911604261850794,0,0.700883957381492,0,2023-2025,Weeks 10+,Home field,Conference
401531920,2023,12,South Alabama,Marshall,1,False,True,0.8450651779096021,1,0.8450651779096021,1,2023-2025,Weeks 10+,Home field,Conference
401531921,2023,12,Troy,Louisiana,1,False,True,0.727440887945094,1,0.727440887945094,1,2023-2025,Weeks 10+,Home field,Conference
401532443,2023,12,Bowling Green,Toledo,0,False,True,0.18025987625252832,0,0.8197401237474717,1,2023-2025,Weeks 10+,Home field,Conference
401532444,2023,12,Northern Illinois,Western Michigan,1,False,True,0.7239441931569085,1,0.7239441931569085,1,2023-2025,Weeks 10+,Home field,Conference
401532445,2023,12,Eastern Michigan,Akron,1,False,True,0.6661007652169021,1,0.6661007652169021,1,2023-2025,Weeks 10+,Home field,Conference
401532446,2023,12,Ohio,Central Michigan,1,False,True,0.7931238964770856,1,0.7931238964770856,1,2023-2025,Weeks 10+,Home field,Conference
401532447,2023,12,Miami (OH),Buffalo,1,False,True,0.7830822876775132,1,0.7830822876775132,1,2023-2025,Weeks 10+,Home field,Conference
401532448,2023,12,Ball State,Kent State,1,False,True,0.8615156266570922,1,0.8615156266570922,1,2023-2025,Weeks 10+,Home field,Conference
401532619,2023,12,Utah State,Boise State,0,False,True,0.30292336288530397,0,0.697076637114696,1,2023-2025,Weeks 10+,Home field,Conference
401532620,2023,12,Wyoming,Hawai'i,1,False,True,0.8693589780592383,1,0.8693589780592383,1,2023-2025,Weeks 10+,Home field,Conference
401532621,2023,12,Colorado State,Nevada,1,False,True,0.7734405591711107,1,0.7734405591711107,1,2023-2025,Weeks 10+,Home field,Conference
401532622,2023,12,Fresno State,New Mexico,0,False,True,0.938114122594297,1,0.938114122594297,0,2023-2025,Weeks 10+,Home field,Conference
401532623,2023,12,San José State,San Diego State,1,False,True,0.8255632396591306,1,0.8255632396591306,1,2023-2025,Weeks 10+,Home field,Conference
401532624,2023,12,Air Force,UNLV,0,False,True,0.39968958089346807,0,0.6003104191065319,1,2023-2025,Weeks 10+,Home field,Conference
401520424,2023,13,Mississippi State,Ole Miss,0,False,True,0.21078141813747758,0,0.7892185818625224,1,2023-2025,Weeks 10+,Home field,Conference
401520425,2023,13,Nebraska,Iowa,0,False,True,0.48033555522079735,0,0.5196644447792027,1,2023-2025,Weeks 10+,Home field,Conference
401520426,2023,13,Arkansas,Missouri,0,False,True,0.17370040781828835,0,0.8262995921817117,1,2023-2025,Weeks 10+,Home field,Conference
401520427,2023,13,Auburn,Alabama,0,False,True,0.1852084945074196,0,0.8147915054925804,1,2023-2025,Weeks 10+,Home field,Conference
401520428,2023,13,Florida International,Western Kentucky,0,False,True,0.2838917277429729,0,0.7161082722570271,1,2023-2025,Weeks 10+,Home field,Conference
401520429,2023,13,Florida,Florida State,0,False,False,0.2324059598646242,0,0.7675940401353758,1,2023-2025,Weeks 10+,Home field,Non-conference
401520430,2023,13,Georgia Tech,Georgia,0,False,False,0.04945167279434371,0,0.9505483272056563,1,2023-2025,Weeks 10+,Home field,Non-conference
401520431,2023,13,Illinois,Northwestern,0,False,True,0.7062751546765873,1,0.7062751546765873,0,2023-2025,Weeks 10+,Home field,Conference
401520432,2023,13,Louisville,Kentucky,0,False,False,0.7297486028948265,1,0.7297486028948265,0,2023-2025,Weeks 10+,Home field,Non-conference
401520433,2023,13,LSU,Texas A&M,1,False,True,0.7023843229881085,1,0.7023843229881085,1,2023-2025,Weeks 10+,Home field,Conference
401520434,2023,13,Michigan,Ohio State,1,False,True,0.665093441983637,1,0.665093441983637,1,2023-2025,Weeks 10+,Home field,Conference
401520435,2023,13,Michigan State,Penn State,0,True,True,0.05012570892245782,0,0.9498742910775422,1,2023-2025,Weeks 10+,Neutral,Conference
401520436,2023,13,Minnesota,Wisconsin,0,False,True,0.3562233042759512,0,0.6437766957240487,1,2023-2025,Weeks 10+,Home field,Conference
401520437,2023,13,New Mexico State,Jacksonville State,1,False,True,0.6196461426505961,1,0.6196461426505961,1,2023-2025,Weeks 10+,Home field,Conference
401520438,2023,13,Purdue,Indiana,1,False,True,0.7005537505972348,1,0.7005537505972348,1,2023-2025,Weeks 10+,Home field,Conference
401520439,2023,13,Rutgers,Maryland,0,False,True,0.4001200384014167,0,0.5998799615985833,1,2023-2025,Weeks 10+,Home field,Conference
401520440,2023,13,Sam Houston State,Middle Tennessee,1,False,True,0.4091167708734665,0,0.5908832291265336,0,2023-2025,Weeks 10+,Home field,Conference
401520441,2023,13,South Carolina,Clemson,0,False,False,0.22110017192526746,0,0.7788998280747326,1,2023-2025,Weeks 10+,Home field,Non-conference
401520442,2023,13,Tennessee,Vanderbilt,1,False,True,0.9583795476769487,1,0.9583795476769487,1,2023-2025,Weeks 10+,Home field,Conference
401520443,2023,13,UMass,Connecticut,0,False,True,0.5123367669367513,1,0.5123367669367513,0,2023-2025,Weeks 10+,Home field,Conference
401520444,2023,13,UTEP,Liberty,0,False,True,0.15419792114296255,0,0.8458020788570375,1,2023-2025,Weeks 10+,Home field,Conference
401524063,2023,13,Oregon,Oregon State,1,False,True,0.8290794653614252,1,0.8290794653614252,1,2023-2025,Weeks 10+,Home field,Conference
401524064,2023,13,Arizona State,Arizona,0,False,True,0.1414353709320792,0,0.8585646290679207,1,2023-2025,Weeks 10+,Home field,Conference
401524065,2023,13,Stanford,Notre Dame,0,False,False,0.01663175221982648,0,0.9833682477801735,1,2023-2025,Weeks 10+,Home field,Non-conference
401524066,2023,13,UCLA,California,0,False,True,0.7963005426920787,1,0.7963005426920787,0,2023-2025,Weeks 10+,Home field,Conference
401524067,2023,13,Utah,Colorado,1,False,True,0.9345448448456763,1,0.9345448448456763,1,2023-2025,Weeks 10+,Home field,Conference
401524068,2023,13,Washington,Washington State,1,False,True,0.885345378111015,1,0.885345378111015,1,2023-2025,Weeks 10+,Home field,Conference
401525560,2023,13,Boston College,Miami,0,False,True,0.2642032228083059,0,0.7357967771916941,1,2023-2025,Weeks 10+,Home field,Conference
401525561,2023,13,Duke,Pittsburgh,1,False,True,0.7791501338456283,1,0.7791501338456283,1,2023-2025,Weeks 10+,Home field,Conference
401525562,2023,13,NC State,North Carolina,1,False,True,0.37469733181813913,0,0.6253026681818609,0,2023-2025,Weeks 10+,Home field,Conference
401525563,2023,13,Syracuse,Wake Forest,1,False,True,0.6729684708781996,1,0.6729684708781996,1,2023-2025,Weeks 10+,Home field,Conference
401525564,2023,13,Virginia,Virginia Tech,0,False,True,0.3010162262534515,0,0.6989837737465485,1,2023-2025,Weeks 10+,Home field,Conference
401525900,2023,13,Oklahoma,TCU,1,False,True,0.8790184149994258,1,0.8790184149994258,1,2023-2025,Weeks 10+,Home field,Conference
401525901,2023,13,Texas,Texas Tech,1,False,True,0.8887493785816276,1,0.8887493785816276,1,2023-2025,Weeks 10+,Home field,Conference
401525902,2023,13,Baylor,West Virginia,0,False,True,0.3604788653074589,0,0.6395211346925411,1,2023-2025,Weeks 10+,Home field,Conference
401525903,2023,13,Cincinnati,Kansas,0,False,True,0.20136768277340517,0,0.7986323172265948,1,2023-2025,Weeks 10+,Home field,Conference
401525904,2023,13,Kansas State,Iowa State,0,False,True,0.8348487403564103,1,0.8348487403564103,0,2023-2025,Weeks 10+,Home field,Conference
401525905,2023,13,Oklahoma State,BYU,1,False,True,0.7628369842558582,1,0.7628369842558582,1,2023-2025,Weeks 10+,Home field,Conference
401525906,2023,13,UCF,Houston,1,False,True,0.8027128128501759,1,0.8027128128501759,1,2023-2025,Weeks 10+,Home field,Conference
401531346,2023,13,East Carolina,Tulsa,0,False,True,0.7542169927443079,1,0.7542169927443079,0,2023-2025,Weeks 10+,Home field,Conference
401531376,2023,13,Tulane,UT San Antonio,1,False,True,0.6337153027781989,1,0.6337153027781989,1,2023-2025,Weeks 10+,Home field,Conference
401531386,2023,13,North Texas,UAB,1,False,True,0.7283282843651728,1,0.7283282843651728,1,2023-2025,Weeks 10+,Home field,Conference
401531394,2023,13,Temple,Memphis,0,False,True,0.16048022612863178,0,0.8395197738713682,1,2023-2025,Weeks 10+,Home field,Conference
401531410,2023,13,South Florida,Charlotte,1,False,True,0.6722339725937494,1,0.6722339725937494,1,2023-2025,Weeks 10+,Home field,Conference
401531421,2023,13,Rice,Florida Atlantic,1,False,True,0.5657039380460595,1,0.5657039380460595,1,2023-2025,Weeks 10+,Home field,Conference
401531435,2023,13,SMU,Navy,1,False,True,0.9572219108377396,1,0.9572219108377396,1,2023-2025,Weeks 10+,Home field,Conference
401531922,2023,13,App State,Georgia Southern,1,False,True,0.7363890172599752,1,0.7363890172599752,1,2023-2025,Weeks 10+,Home field,Conference
401531923,2023,13,Coastal Carolina,James Madison,0,False,True,0.37806962983557724,0,0.6219303701644228,1,2023-2025,Weeks 10+,Home field,Conference
401531924,2023,13,Marshall,Arkansas State,1,False,True,0.6608374402282121,1,0.6608374402282121,1,2023-2025,Weeks 10+,Home field,Conference
401531925,2023,13,Old Dominion,Georgia State,1,False,True,0.6260705610932109,1,0.6260705610932109,1,2023-2025,Weeks 10+,Home field,Conference
401531926,2023,13,Louisiana,Louisiana Monroe,1,False,True,0.9360102525960421,1,0.9360102525960421,1,2023-2025,Weeks 10+,Home field,Conference
401531927,2023,13,Southern Mississippi,Troy,0,False,True,0.145729007260528,0,0.854270992739472,1,2023-2025,Weeks 10+,Home field,Conference
401531928,2023,13,Texas State,South Alabama,1,False,True,0.1555122482574361,0,0.844487751742564,0,2023-2025,Weeks 10+,Home field,Conference
401532449,2023,13,Buffalo,Eastern Michigan,0,False,True,0.6122131776952331,1,0.6122131776952331,0,2023-2025,Weeks 10+,Home field,Conference
401532450,2023,13,Western Michigan,Bowling Green,0,False,True,0.4463265017450501,0,0.5536734982549498,1,2023-2025,Weeks 10+,Home field,Conference
401532451,2023,13,Central Michigan,Toledo,0,False,True,0.12818938197412313,0,0.8718106180258769,1,2023-2025,Weeks 10+,Home field,Conference
401532452,2023,13,Akron,Ohio,0,False,True,0.24063244110298887,0,0.7593675588970111,1,2023-2025,Weeks 10+,Home field,Conference
401532453,2023,13,Kent State,Northern Illinois,0,False,True,0.06919595774253376,0,0.9308040422574663,1,2023-2025,Weeks 10+,Home field,Conference
401532454,2023,13,Ball State,Miami (OH),0,False,True,0.3198741128545373,0,0.6801258871454627,1,2023-2025,Weeks 10+,Home field,Conference
401532625,2023,13,Boise State,Air Force,1,False,True,0.8722228292159709,1,0.8722228292159709,1,2023-2025,Weeks 10+,Home field,Conference
401532626,2023,13,Hawai'i,Colorado State,1,False,True,0.29667885653546405,0,0.7033211434645359,0,2023-2025,Weeks 10+,Home field,Conference
401532627,2023,13,San Diego State,Fresno State,1,False,True,0.2706922921923042,0,0.7293077078076958,0,2023-2025,Weeks 10+,Home field,Conference
401532628,2023,13,UNLV,San José State,0,False,True,0.5309925709128455,1,0.5309925709128455,0,2023-2025,Weeks 10+,Home field,Conference
401532629,2023,13,New Mexico,Utah State,0,False,True,0.41686352202219334,0,0.5831364779778067,1,2023-2025,Weeks 10+,Home field,Conference
401532630,2023,13,Nevada,Wyoming,0,False,True,0.1702808912598484,0,0.8297191087401516,1,2023-2025,Weeks 10+,Home field,Conference
401539475,2023,14,Washington,Oregon,1,True,True,0.2488371845557643,0,0.7511628154442357,0,2023-2025,Weeks 10+,Neutral,Conference
401539476,2023,14,Liberty,New Mexico State,1,False,True,0.7294807438064473,1,0.7294807438064473,1,2023-2025,Weeks 10+,Home field,Conference
401539477,2023,14,Tulane,SMU,0,False,True,0.3846999430673217,0,0.6153000569326783,1,2023-2025,Weeks 10+,Home field,Conference
401539478,2023,14,Florida State,Louisville,1,True,True,0.7667702240271519,1,0.7667702240271519,1,2023-2025,Weeks 10+,Neutral,Conference
401539479,2023,14,Texas,Oklahoma State,1,True,True,0.9276591516438115,1,0.9276591516438115,1,2023-2025,Weeks 10+,Neutral,Conference
401539480,2023,14,Iowa,Michigan,0,True,True,0.056045337504573536,0,0.9439546624954265,1,2023-2025,Weeks 10+,Neutral,Conference
401539481,2023,14,Toledo,Miami (OH),0,True,True,0.7607767724799882,1,0.7607767724799882,0,2023-2025,Weeks 10+,Neutral,Conference
401539482,2023,14,UNLV,Boise State,0,False,True,0.3552531862149373,0,0.6447468137850627,1,2023-2025,Weeks 10+,Home field,Conference
401539483,2023,14,Alabama,Georgia,1,True,True,0.3676825434507118,0,0.6323174565492882,0,2023-2025,Weeks 10+,Neutral,Conference
401539484,2023,14,Troy,App State,1,False,True,0.6921327095959356,1,0.6921327095959356,1,2023-2025,Weeks 10+,Home field,Conference
401520445,2023,15,Army,Navy,1,True,False,0.6074384145775535,1,0.6074384145775535,1,2023-2025,Weeks 10+,Neutral,Non-conference
401628319,2024,1,Alabama,Western Kentucky,1,False,False,0.9450718163056354,1,0.9450718163056354,1,2023-2025,Weeks 1-3,Home field,Non-conference
401628322,2024,1,Florida,Miami,0,False,False,0.6626734323641224,1,0.6626734323641224,0,2023-2025,Weeks 1-3,Home field,Non-conference
401628323,2024,1,Georgia,Clemson,1,True,False,0.8244120439495735,1,0.8244120439495735,1,2023-2025,Weeks 1-3,Neutral,Non-conference
401628324,2024,1,Kentucky,Southern Mississippi,1,False,False,0.9012617635463893,1,0.9012617635463893,1,2023-2025,Weeks 1-3,Home field,Non-conference
401628328,2024,1,Oklahoma,Temple,1,False,False,0.9844665563464523,1,0.9844665563464523,1,2023-2025,Weeks 1-3,Home field,Non-conference
401628329,2024,1,South Carolina,Old Dominion,1,False,False,0.8382288588163987,1,0.8382288588163987,1,2023-2025,Weeks 1-3,Home field,Non-conference
401628331,2024,1,Texas,Colorado State,1,False,False,0.9635409661875609,1,0.9635409661875609,1,2023-2025,Weeks 1-3,Home field,Non-conference
401628332,2024,1,Texas A&M,Notre Dame,0,False,False,0.4076270968916348,0,0.5923729031083652,1,2023-2025,Weeks 1-3,Home field,Non-conference
401628333,2024,1,Vanderbilt,Virginia Tech,1,False,False,0.20703842239177223,0,0.7929615776082277,0,2023-2025,Weeks 1-3,Home field,Non-conference
401628334,2024,1,LSU,USC,0,True,False,0.8244683628194652,1,0.8244683628194652,0,2023-2025,Weeks 1-3,Neutral,Non-conference
401628448,2024,1,Minnesota,North Carolina,0,False,False,0.6026975020944109,1,0.6026975020944109,0,2023-2025,Weeks 1-3,Home field,Non-conference
401628449,2024,1,Indiana,Florida International,1,False,False,0.8168256121690551,1,0.8168256121690551,1,2023-2025,Weeks 1-3,Home field,Non-conference
401628451,2024,1,Maryland,Connecticut,1,False,False,0.9023612522854172,1,0.9023612522854172,1,2023-2025,Weeks 1-3,Home field,Non-conference
401628452,2024,1,Michigan,Fresno State,1,False,False,0.9125326844865407,1,0.9125326844865407,1,2023-2025,Weeks 1-3,Home field,Non-conference
401628453,2024,1,Michigan State,Florida Atlantic,1,False,False,0.6920427529131828,1,0.6920427529131828,1,2023-2025,Weeks 1-3,Home field,Non-conference
401628454,2024,1,Nebraska,UTEP,1,False,False,0.9418789454128509,1,0.9418789454128509,1,2023-2025,Weeks 1-3,Home field,Non-conference
401628455,2024,1,Ohio State,Akron,1,False,False,0.9890533841097815,1,0.9890533841097815,1,2023-2025,Weeks 1-3,Home field,Non-conference
401628457,2024,1,West Virginia,Penn State,0,False,False,0.20311061127812313,0,0.7968893887218769,1,2023-2025,Weeks 1-3,Home field,Non-conference
401628459,2024,1,Hawai'i,UCLA,0,False,False,0.20776587184965023,0,0.7922341281503498,1,2023-2025,Weeks 1-3,Home field,Non-conference
401628461,2024,1,Wisconsin,Western Michigan,1,False,False,0.9034650694227274,1,0.9034650694227274,1,2023-2025,Weeks 1-3,Home field,Non-conference
401629039,2024,1,UMass,Eastern Michigan,0,False,False,0.6522296047550623,1,0.6522296047550623,0,2023-2025,Weeks 1-3,Home field,Non-conference
401634300,2024,1,Stanford,TCU,0,False,False,0.2089194385760325,0,0.7910805614239675,1,2023-2025,Weeks 1-3,Home field,Non-conference
401634302,2024,1,Georgia Tech,Georgia State,1,False,False,0.8329922889480178,1,0.8329922889480178,1,2023-2025,Weeks 1-3,Home field,Non-conference
401634304,2024,1,Syracuse,Ohio,1,False,False,0.6875838020559363,1,0.6875838020559363,1,2023-2025,Weeks 1-3,Home field,Non-conference
401634305,2024,1,Pittsburgh,Kent State,1,False,False,0.9415857238726657,1,0.9415857238726657,1,2023-2025,Weeks 1-3,Home field,Non-conference
401634306,2024,1,Florida State,Boston College,0,False,True,0.8388305012526518,1,0.8388305012526518,0,2023-2025,Weeks 1-3,Home field,Conference
401635525,2024,1,Georgia Tech,Florida State,1,True,True,0.31136739123956697,0,0.6886326087604331,0,2023-2025,Weeks 1-3,Neutral,Conference
401636608,2024,1,Arizona,New Mexico,1,False,False,0.9696678287136041,1,0.9696678287136041,1,2023-2025,Weeks 1-3,Home field,Non-conference
401636609,2024,1,Arizona State,Wyoming,1,False,False,0.5903126618177845,1,0.5903126618177845,1,2023-2025,Weeks 1-3,Home field,Non-conference
401636611,2024,1,Houston,UNLV,0,False,False,0.5755655900029323,1,0.5755655900029323,0,2023-2025,Weeks 1-3,Home field,Non-conference
401640998,2024,1,Jacksonville State,Coastal Carolina,0,False,False,0.7391421164811387,1,0.7391421164811387,0,2023-2025,Weeks 1-3,Home field,Non-conference
401641015,2024,1,UT San Antonio,Kennesaw State,1,False,False,0.8708987124021529,1,0.8708987124021529,1,2023-2025,Weeks 1-3,Home field,Non-conference
401641039,2024,1,Rice,Sam Houston State,0,False,False,0.7612740235609825,1,0.7612740235609825,0,2023-2025,Weeks 1-3,Home field,Non-conference
401643696,2024,1,Nevada,SMU,0,False,False,0.07284149644795358,0,0.9271585035520464,1,2023-2025,Weeks 1-3,Home field,Non-conference
401643700,2024,1,Georgia Southern,Boise State,0,False,False,0.32052464999786107,0,0.6794753500021389,1,2023-2025,Weeks 1-3,Home field,Non-conference
401643701,2024,1,Troy,Nevada,0,False,False,0.8560277183706172,1,0.8560277183706172,0,2023-2025,Weeks 1-3,Home field,Non-conference
401643774,2024,1,Charlotte,James Madison,0,False,False,0.22886770473275328,0,0.7711322952672467,1,2023-2025,Weeks 1-3,Home field,Non-conference
401643775,2024,1,South Alabama,North Texas,0,False,False,0.7920101247146623,1,0.7920101247146623,0,2023-2025,Weeks 1-3,Home field,Non-conference
401644683,2024,1,Northwestern,Miami (OH),1,True,False,0.6434968433313677,1,0.6434968433313677,1,2023-2025,Weeks 1-3,Neutral,Non-conference
401677176,2024,1,Texas,Clemson,1,False,False,0.7587444551289152,1,0.7587444551289152,1,2023-2025,Weeks 1-3,Home field,Non-conference
401677177,2024,1,Ohio State,Tennessee,1,False,False,0.8095937374999931,1,0.8095937374999931,1,2023-2025,Weeks 1-3,Home field,Non-conference
401677178,2024,1,Penn State,SMU,1,False,False,0.8222999235794173,1,0.8222999235794173,1,2023-2025,Weeks 1-3,Home field,Non-conference
401677179,2024,1,Notre Dame,Indiana,1,False,False,0.8594436910578818,1,0.8594436910578818,1,2023-2025,Weeks 1-3,Home field,Non-conference
401677181,2024,1,Boise State,Penn State,0,True,False,0.12717944499439132,0,0.8728205550056087,1,2023-2025,Weeks 1-3,Neutral,Non-conference
401677182,2024,1,Arizona State,Texas,0,True,False,0.1912391021210708,0,0.8087608978789292,1,2023-2025,Weeks 1-3,Neutral,Non-conference
401677183,2024,1,Oregon,Ohio State,0,True,False,0.5466229673522707,1,0.5466229673522707,0,2023-2025,Weeks 1-3,Neutral,Non-conference
401677184,2024,1,Georgia,Notre Dame,0,True,False,0.6084340502370059,1,0.6084340502370059,0,2023-2025,Weeks 1-3,Neutral,Non-conference
401677189,2024,1,Penn State,Notre Dame,0,True,False,0.5820181034763245,1,0.5820181034763245,0,2023-2025,Weeks 1-3,Neutral,Non-conference
401677191,2024,1,Texas,Ohio State,0,True,False,0.41632112846204794,0,0.5836788715379521,1,2023-2025,Weeks 1-3,Neutral,Non-conference
401677192,2024,1,Notre Dame,Ohio State,0,True,False,0.4495278146568783,0,0.5504721853431217,1,2023-2025,Weeks 1-3,Neutral,Non-conference
401628335,2024,2,Alabama,South Florida,1,False,False,0.9632848704330357,1,0.9632848704330357,1,2023-2025,Weeks 1-3,Home field,Non-conference
401628336,2024,2,Oklahoma State,Arkansas,1,False,False,0.5880409323750555,1,0.5880409323750555,1,2023-2025,Weeks 1-3,Home field,Non-conference
401628337,2024,2,Auburn,California,0,False,False,0.7248339586411718,1,0.7248339586411718,0,2023-2025,Weeks 1-3,Home field,Non-conference
401628340,2024,2,Kentucky,South Carolina,0,False,True,0.6255171752412368,1,0.6255171752412368,0,2023-2025,Weeks 1-3,Home field,Conference
401628342,2024,2,Ole Miss,Middle Tennessee,1,False,False,0.9526346914167542,1,0.9526346914167542,1,2023-2025,Weeks 1-3,Home field,Non-conference
401628343,2024,2,Arizona State,Mississippi State,1,False,False,0.7176167591082967,1,0.7176167591082967,1,2023-2025,Weeks 1-3,Home field,Non-conference
401628344,2024,2,Missouri,Buffalo,1,False,False,0.9146441049830885,1,0.9146441049830885,1,2023-2025,Weeks 1-3,Home field,Non-conference
401628345,2024,2,Oklahoma,Houston,1,False,False,0.934956881347212,1,0.934956881347212,1,2023-2025,Weeks 1-3,Home field,Non-conference
401628346,2024,2,NC State,Tennessee,0,True,False,0.2302229426569367,0,0.7697770573430633,1,2023-2025,Weeks 1-3,Neutral,Non-conference
401628347,2024,2,Michigan,Texas,0,False,False,0.4674644136987658,0,0.5325355863012342,1,2023-2025,Weeks 1-3,Home field,Non-conference
401628462,2024,2,Illinois,Kansas,1,False,False,0.4870899388722417,0,0.5129100611277583,0,2023-2025,Weeks 1-3,Home field,Non-conference
401628464,2024,2,Iowa,Iowa State,0,False,False,0.29706354736265644,0,0.7029364526373436,1,2023-2025,Weeks 1-3,Home field,Non-conference
401628465,2024,2,Maryland,Michigan State,0,False,True,0.8580320475272022,1,0.8580320475272022,0,2023-2025,Weeks 1-3,Home field,Conference
401628467,2024,2,Nebraska,Colorado,1,False,False,0.7148426560095504,1,0.7148426560095504,1,2023-2025,Weeks 1-3,Home field,Non-conference
401628468,2024,2,Ohio State,Western Michigan,1,False,False,0.9834304803618832,1,0.9834304803618832,1,2023-2025,Weeks 1-3,Home field,Non-conference
401628469,2024,2,Oregon,Boise State,1,False,False,0.8744822219405471,1,0.8744822219405471,1,2023-2025,Weeks 1-3,Home field,Non-conference
401628470,2024,2,Penn State,Bowling Green,1,False,False,0.9565437797165666,1,0.9565437797165666,1,2023-2025,Weeks 1-3,Home field,Non-conference
401628471,2024,2,Rutgers,Akron,1,False,False,0.9346978503488154,1,0.9346978503488154,1,2023-2025,Weeks 1-3,Home field,Non-conference
401628472,2024,2,USC,Utah State,1,False,False,0.8772302505541621,1,0.8772302505541621,1,2023-2025,Weeks 1-3,Home field,Non-conference
401628473,2024,2,Washington,Eastern Michigan,1,False,False,0.9144021293463026,1,0.9144021293463026,1,2023-2025,Weeks 1-3,Home field,Non-conference
401628977,2024,2,Notre Dame,Northern Illinois,0,False,False,0.7885128930543979,1,0.7885128930543979,0,2023-2025,Weeks 1-3,Home field,Non-conference
401629040,2024,2,Toledo,UMass,1,False,False,0.7975417034133698,1,0.7975417034133698,1,2023-2025,Weeks 1-3,Home field,Non-conference
401634765,2024,2,SMU,BYU,0,False,False,0.8931486212106535,1,0.8931486212106535,0,2023-2025,Weeks 1-3,Home field,Non-conference
401635532,2024,2,Clemson,App State,1,False,False,0.6714379164730491,1,0.6714379164730491,1,2023-2025,Weeks 1-3,Home field,Non-conference
401635533,2024,2,Northwestern,Duke,0,True,False,0.5446880192528596,1,0.5446880192528596,0,2023-2025,Weeks 1-3,Neutral,Non-conference
401635534,2024,2,Syracuse,Georgia Tech,1,False,True,0.39417615214598645,0,0.6058238478540136,0,2023-2025,Weeks 1-3,Home field,Conference
401635535,2024,2,Louisville,Jacksonville State,1,False,False,0.8908990060669979,1,0.8908990060669979,1,2023-2025,Weeks 1-3,Home field,Non-conference
401635537,2024,2,North Carolina,Charlotte,1,False,False,0.8735321089750581,1,0.8735321089750581,1,2023-2025,Weeks 1-3,Home field,Non-conference
401635538,2024,2,Cincinnati,Pittsburgh,0,False,False,0.4171342027167734,0,0.5828657972832266,1,2023-2025,Weeks 1-3,Home field,Non-conference
401635540,2024,2,Virginia Tech,Marshall,1,False,False,0.7750144185990928,1,0.7750144185990928,1,2023-2025,Weeks 1-3,Home field,Non-conference
401635639,2024,2,Wake Forest,Virginia,0,False,True,0.6165815219805147,1,0.6165815219805147,0,2023-2025,Weeks 1-3,Home field,Conference
401636616,2024,2,Tulane,Kansas State,0,False,False,0.2922789754154108,0,0.7077210245845892,1,2023-2025,Weeks 1-3,Home field,Non-conference
401636617,2024,2,UCF,Sam Houston State,1,False,False,0.8058189552685893,1,0.8058189552685893,1,2023-2025,Weeks 1-3,Home field,Non-conference
401636618,2024,2,Utah,Baylor,1,False,False,0.7829579599273748,1,0.7829579599273748,1,2023-2025,Weeks 1-3,Home field,Non-conference
401636859,2024,2,Washington State,Texas Tech,1,False,False,0.5834406491542778,1,0.5834406491542778,1,2023-2025,Weeks 1-3,Home field,Non-conference
401640979,2024,2,Florida International,Central Michigan,1,True,False,0.14109990994607674,0,0.8589000900539232,0,2023-2025,Weeks 1-3,Neutral,Non-conference
401640989,2024,2,New Mexico State,Liberty,0,False,True,0.18982893612406815,0,0.8101710638759319,1,2023-2025,Weeks 1-3,Home field,Conference
401641016,2024,2,Kennesaw State,Louisiana,0,False,False,0.18577706866191537,0,0.8142229313380847,1,2023-2025,Weeks 1-3,Home field,Non-conference
401643705,2024,2,Air Force,San José State,0,False,True,0.32138661644623956,0,0.6786133835537604,1,2023-2025,Weeks 1-3,Home field,Conference
401643708,2024,2,Nevada,Georgia Southern,0,False,False,0.5584158139864719,1,0.5584158139864719,0,2023-2025,Weeks 1-3,Home field,Non-conference
401643709,2024,2,San Diego State,Oregon State,0,False,False,0.2347294156144226,0,0.7652705843855774,1,2023-2025,Weeks 1-3,Home field,Non-conference
401643778,2024,2,Old Dominion,East Carolina,0,False,False,0.330325930421312,0,0.669674069578688,1,2023-2025,Weeks 1-3,Home field,Non-conference
401643779,2024,2,Arkansas State,Tulsa,1,False,False,0.713937140908427,1,0.713937140908427,1,2023-2025,Weeks 1-3,Home field,Non-conference
401643780,2024,2,Louisiana Monroe,UAB,1,False,False,0.083284065063161,0,0.916715934936839,0,2023-2025,Weeks 1-3,Home field,Non-conference
401643781,2024,2,Ohio,South Alabama,1,False,False,0.3507742967935966,0,0.6492257032064034,0,2023-2025,Weeks 1-3,Home field,Non-conference
401643783,2024,2,Texas State,UT San Antonio,1,False,False,0.39139580495893456,0,0.6086041950410654,0,2023-2025,Weeks 1-3,Home field,Non-conference
401643784,2024,2,Memphis,Troy,1,False,False,0.7990398379658041,1,0.7990398379658041,1,2023-2025,Weeks 1-3,Home field,Non-conference
401645323,2024,2,Florida Atlantic,Army,0,False,True,0.6487681449748749,1,0.6487681449748749,0,2023-2025,Weeks 1-3,Home field,Conference
401645324,2024,2,Navy,Temple,1,False,True,0.7785183345106901,1,0.7785183345106901,1,2023-2025,Weeks 1-3,Home field,Conference
401628350,2024,3,Wisconsin,Alabama,0,False,False,0.21296550431788258,0,0.7870344956821174,1,2023-2025,Weeks 1-3,Home field,Non-conference
401628351,2024,3,Arkansas,UAB,1,False,False,0.8519015810500351,1,0.8519015810500351,1,2023-2025,Weeks 1-3,Home field,Non-conference
401628352,2024,3,Auburn,New Mexico,1,False,False,0.9634546560981762,1,0.9634546560981762,1,2023-2025,Weeks 1-3,Home field,Non-conference
401628353,2024,3,Florida,Texas A&M,0,False,True,0.30781289232133546,0,0.6921871076786645,1,2023-2025,Weeks 1-3,Home field,Conference
401628354,2024,3,Kentucky,Georgia,0,False,True,0.060849544502784764,0,0.9391504554972152,1,2023-2025,Weeks 1-3,Home field,Conference
401628355,2024,3,Wake Forest,Ole Miss,0,False,False,0.14619478764948557,0,0.8538052123505144,1,2023-2025,Weeks 1-3,Home field,Non-conference
401628356,2024,3,Mississippi State,Toledo,0,False,False,0.5544149247669147,1,0.5544149247669147,0,2023-2025,Weeks 1-3,Home field,Non-conference
401628357,2024,3,Missouri,Boston College,1,False,False,0.8814278441465269,1,0.8814278441465269,1,2023-2025,Weeks 1-3,Home field,Non-conference
401628358,2024,3,Oklahoma,Tulane,1,False,False,0.8534351779102406,1,0.8534351779102406,1,2023-2025,Weeks 1-3,Home field,Non-conference
401628359,2024,3,South Carolina,LSU,0,False,True,0.21118098823571102,0,0.788819011764289,1,2023-2025,Weeks 1-3,Home field,Conference
401628360,2024,3,Tennessee,Kent State,1,False,False,0.9949495171043586,1,0.9949495171043586,1,2023-2025,Weeks 1-3,Home field,Non-conference
401628361,2024,3,Texas,UT San Antonio,1,False,False,0.9727561085106957,1,0.9727561085106957,1,2023-2025,Weeks 1-3,Home field,Non-conference
401628362,2024,3,Georgia State,Vanderbilt,1,False,False,0.355847795205,0,0.644152204795,0,2023-2025,Weeks 1-3,Home field,Non-conference
401628475,2024,3,Illinois,Central Michigan,1,False,False,0.9296119429089668,1,0.9296119429089668,1,2023-2025,Weeks 1-3,Home field,Non-conference
401628476,2024,3,UCLA,Indiana,0,False,True,0.5362610983496678,1,0.5362610983496678,0,2023-2025,Weeks 1-3,Home field,Conference
401628477,2024,3,Iowa,Troy,1,False,False,0.8808948079892435,1,0.8808948079892435,1,2023-2025,Weeks 1-3,Home field,Non-conference
401628478,2024,3,Virginia,Maryland,0,False,False,0.3543105117920181,0,0.6456894882079819,1,2023-2025,Weeks 1-3,Home field,Non-conference
401628479,2024,3,Michigan,Arkansas State,1,False,False,0.9533303418690388,1,0.9533303418690388,1,2023-2025,Weeks 1-3,Home field,Non-conference
401628481,2024,3,Minnesota,Nevada,1,False,False,0.9232093490420954,1,0.9232093490420954,1,2023-2025,Weeks 1-3,Home field,Non-conference
401628483,2024,3,Oregon State,Oregon,0,False,False,0.17084386883568606,0,0.829156131164314,1,2023-2025,Weeks 1-3,Home field,Non-conference
401628484,2024,3,Washington,Washington State,0,True,False,0.7236774517385975,1,0.7236774517385975,0,2023-2025,Weeks 1-3,Neutral,Non-conference
401628978,2024,3,Purdue,Notre Dame,0,False,False,0.3618802610831834,0,0.6381197389168166,1,2023-2025,Weeks 1-3,Home field,Non-conference
401629030,2024,3,Duke,Connecticut,1,False,False,0.893416564273235,1,0.893416564273235,1,2023-2025,Weeks 1-3,Home field,Non-conference
401629041,2024,3,Buffalo,UMass,1,False,False,0.4825591536715793,0,0.5174408463284207,0,2023-2025,Weeks 1-3,Home field,Non-conference
401635541,2024,3,California,San Diego State,1,False,False,0.8631095085780762,1,0.8631095085780762,1,2023-2025,Weeks 1-3,Home field,Non-conference
401635542,2024,3,Florida State,Memphis,0,False,False,0.47620679492538043,0,0.5237932050746196,1,2023-2025,Weeks 1-3,Home field,Non-conference
401635544,2024,3,Miami,Ball State,1,False,False,0.9300021818292924,1,0.9300021818292924,1,2023-2025,Weeks 1-3,Home field,Non-conference
401635546,2024,3,NC State,Louisiana Tech,1,False,False,0.8864413817949521,1,0.8864413817949521,1,2023-2025,Weeks 1-3,Home field,Non-conference
401635547,2024,3,Pittsburgh,West Virginia,1,False,False,0.44419620891386735,0,0.5558037910861326,0,2023-2025,Weeks 1-3,Home field,Non-conference
401635548,2024,3,Old Dominion,Virginia Tech,0,False,False,0.2921059369173325,0,0.7078940630826676,1,2023-2025,Weeks 1-3,Home field,Non-conference
401636860,2024,3,Baylor,Air Force,1,False,False,0.8925977093723267,1,0.8925977093723267,1,2023-2025,Weeks 1-3,Home field,Non-conference
401636861,2024,3,Colorado State,Colorado,0,False,False,0.5205618191217364,1,0.5205618191217364,0,2023-2025,Weeks 1-3,Home field,Non-conference
401636862,2024,3,Houston,Rice,1,False,False,0.6265069845145872,1,0.6265069845145872,1,2023-2025,Weeks 1-3,Home field,Non-conference
401636863,2024,3,Kansas,UNLV,0,True,False,0.7439235358346933,1,0.7439235358346933,0,2023-2025,Weeks 1-3,Neutral,Non-conference
401636864,2024,3,Kansas State,Arizona,1,False,False,0.736835379345089,1,0.736835379345089,1,2023-2025,Weeks 1-3,Home field,Non-conference
401636865,2024,3,Miami (OH),Cincinnati,0,False,False,0.6820089719131729,1,0.6820089719131729,0,2023-2025,Weeks 1-3,Home field,Non-conference
401636866,2024,3,TCU,UCF,0,False,True,0.535256259423995,1,0.535256259423995,0,2023-2025,Weeks 1-3,Home field,Conference
401636867,2024,3,Texas State,Arizona State,0,False,False,0.5836055037508865,1,0.5836055037508865,0,2023-2025,Weeks 1-3,Home field,Non-conference
401636868,2024,3,Texas Tech,North Texas,1,False,False,0.699893803487295,1,0.699893803487295,1,2023-2025,Weeks 1-3,Home field,Non-conference
401636869,2024,3,Tulsa,Oklahoma State,0,False,False,0.18475812082782334,0,0.8152418791721767,1,2023-2025,Weeks 1-3,Home field,Non-conference
401636870,2024,3,Utah State,Utah,0,False,False,0.1406952276871136,0,0.8593047723128864,1,2023-2025,Weeks 1-3,Home field,Non-conference
401636871,2024,3,Wyoming,BYU,0,False,False,0.31827952776432145,0,0.6817204722356786,1,2023-2025,Weeks 1-3,Home field,Non-conference
401640980,2024,3,Florida Atlantic,Florida International,1,False,False,0.6188449880439507,1,0.6188449880439507,1,2023-2025,Weeks 1-3,Home field,Non-conference
401640990,2024,3,Liberty,UTEP,1,False,True,0.909774041409663,1,0.909774041409663,1,2023-2025,Weeks 1-3,Home field,Conference
401640999,2024,3,Eastern Michigan,Jacksonville State,1,False,False,0.45384120861030963,0,0.5461587913896904,0,2023-2025,Weeks 1-3,Home field,Non-conference
401641017,2024,3,San José State,Kennesaw State,1,False,False,0.8154933403619382,1,0.8154933403619382,1,2023-2025,Weeks 1-3,Home field,Non-conference
401641024,2024,3,Middle Tennessee,Western Kentucky,0,False,True,0.4308265481296688,0,0.5691734518703312,1,2023-2025,Weeks 1-3,Home field,Conference
401641033,2024,3,Fresno State,New Mexico State,1,False,False,0.8417167372114598,1,0.8417167372114598,1,2023-2025,Weeks 1-3,Home field,Non-conference
401641040,2024,3,Sam Houston State,Hawai'i,1,False,False,0.5382511501260538,1,0.5382511501260538,1,2023-2025,Weeks 1-3,Home field,Non-conference
401643785,2024,3,East Carolina,App State,0,False,False,0.5508198909586071,1,0.5508198909586071,0,2023-2025,Weeks 1-3,Home field,Non-conference
401643786,2024,3,Temple,Coastal Carolina,0,False,False,0.17677161039360376,0,0.8232283896063962,1,2023-2025,Weeks 1-3,Home field,Non-conference
401643789,2024,3,Southern Mississippi,South Florida,0,False,False,0.35175437243348373,0,0.6482456275665163,1,2023-2025,Weeks 1-3,Home field,Non-conference
401628363,2024,4,Auburn,Arkansas,0,False,True,0.7448089332407141,1,0.7448089332407141,0,2023-2025,Weeks 4-6,Home field,Conference
401628364,2024,4,Kentucky,Ohio,1,False,False,0.8525216147816617,1,0.8525216147816617,1,2023-2025,Weeks 4-6,Home field,Non-conference
401628365,2024,4,LSU,UCLA,1,False,False,0.943919985383464,1,0.943919985383464,1,2023-2025,Weeks 4-6,Home field,Non-conference
401628366,2024,4,Ole Miss,Georgia Southern,1,False,False,0.9772883539039255,1,0.9772883539039255,1,2023-2025,Weeks 4-6,Home field,Non-conference
401628367,2024,4,Mississippi State,Florida,0,False,True,0.25127998489647047,0,0.7487200151035296,1,2023-2025,Weeks 4-6,Home field,Conference
401628368,2024,4,Missouri,Vanderbilt,1,False,True,0.9229710287193686,1,0.9229710287193686,1,2023-2025,Weeks 4-6,Home field,Conference
401628369,2024,4,Oklahoma,Tennessee,0,False,True,0.41078402803280917,0,0.5892159719671908,1,2023-2025,Weeks 4-6,Home field,Conference
401628370,2024,4,South Carolina,Akron,1,False,False,0.9417324975975427,1,0.9417324975975427,1,2023-2025,Weeks 4-6,Home field,Non-conference
401628371,2024,4,Texas,Louisiana Monroe,1,False,False,0.9961057648446947,1,0.9961057648446947,1,2023-2025,Weeks 4-6,Home field,Non-conference
401628372,2024,4,Texas A&M,Bowling Green,1,False,False,0.9248373785703858,1,0.9248373785703858,1,2023-2025,Weeks 4-6,Home field,Non-conference
401628485,2024,4,Nebraska,Illinois,0,False,True,0.6814615686621647,1,0.6814615686621647,0,2023-2025,Weeks 4-6,Home field,Conference
401628486,2024,4,Indiana,Charlotte,1,False,False,0.9258310274469108,1,0.9258310274469108,1,2023-2025,Weeks 4-6,Home field,Non-conference
401628487,2024,4,Minnesota,Iowa,0,False,True,0.5429004257819796,1,0.5429004257819796,0,2023-2025,Weeks 4-6,Home field,Conference
401628489,2024,4,Michigan,USC,1,False,True,0.6014021512898082,1,0.6014021512898082,1,2023-2025,Weeks 4-6,Home field,Conference
401628490,2024,4,Boston College,Michigan State,1,False,False,0.709187085932344,1,0.709187085932344,1,2023-2025,Weeks 4-6,Home field,Non-conference
401628491,2024,4,Washington,Northwestern,1,False,True,0.7042291694697342,1,0.7042291694697342,1,2023-2025,Weeks 4-6,Home field,Conference
401628492,2024,4,Ohio State,Marshall,1,False,False,0.9786534644274755,1,0.9786534644274755,1,2023-2025,Weeks 4-6,Home field,Non-conference
401628493,2024,4,Penn State,Kent State,1,False,False,0.9960005333582808,1,0.9960005333582808,1,2023-2025,Weeks 4-6,Home field,Non-conference
401628494,2024,4,Virginia Tech,Rutgers,0,False,False,0.6473821683927761,1,0.6473821683927761,0,2023-2025,Weeks 4-6,Home field,Non-conference
401628979,2024,4,Notre Dame,Miami (OH),1,False,False,0.9416526172701577,1,0.9416526172701577,1,2023-2025,Weeks 4-6,Home field,Non-conference
401629031,2024,4,Connecticut,Florida Atlantic,1,False,False,0.5573471630234993,1,0.5573471630234993,1,2023-2025,Weeks 4-6,Home field,Non-conference
401634766,2024,4,Syracuse,Stanford,0,False,True,0.7129778496333086,1,0.7129778496333086,0,2023-2025,Weeks 4-6,Home field,Conference
401635551,2024,4,Florida State,California,1,False,True,0.5381620139819552,1,0.5381620139819552,1,2023-2025,Weeks 4-6,Home field,Conference
401635552,2024,4,Clemson,NC State,1,False,True,0.8734907674778118,1,0.8734907674778118,1,2023-2025,Weeks 4-6,Home field,Conference
401635553,2024,4,Middle Tennessee,Duke,0,False,False,0.17963662876791545,0,0.8203633712320846,1,2023-2025,Weeks 4-6,Home field,Non-conference
401635554,2024,4,Louisville,Georgia Tech,1,False,True,0.7576222905630137,1,0.7576222905630137,1,2023-2025,Weeks 4-6,Home field,Conference
401635555,2024,4,South Florida,Miami,0,False,False,0.22531672954340373,0,0.7746832704565962,1,2023-2025,Weeks 4-6,Home field,Non-conference
401635556,2024,4,North Carolina,James Madison,0,False,False,0.6599275496728476,1,0.6599275496728476,0,2023-2025,Weeks 4-6,Home field,Non-conference
401635557,2024,4,SMU,TCU,1,False,False,0.5818450576321024,1,0.5818450576321024,1,2023-2025,Weeks 4-6,Home field,Non-conference
401635558,2024,4,Coastal Carolina,Virginia,0,False,False,0.5810744517905668,1,0.5810744517905668,0,2023-2025,Weeks 4-6,Home field,Non-conference
401636872,2024,4,BYU,Kansas State,1,False,True,0.2270740584134685,0,0.7729259415865315,0,2023-2025,Weeks 4-6,Home field,Conference
401636873,2024,4,Cincinnati,Houston,1,False,True,0.5687462670876295,1,0.5687462670876295,1,2023-2025,Weeks 4-6,Home field,Conference
401636874,2024,4,Colorado,Baylor,1,False,True,0.4603787696084132,0,0.5396212303915868,0,2023-2025,Weeks 4-6,Home field,Conference
401636875,2024,4,Iowa State,Arkansas State,1,False,False,0.8861015465484177,1,0.8861015465484177,1,2023-2025,Weeks 4-6,Home field,Non-conference
401636876,2024,4,Oklahoma State,Utah,0,False,True,0.5353593215720394,1,0.5353593215720394,0,2023-2025,Weeks 4-6,Home field,Conference
401636877,2024,4,Texas Tech,Arizona State,1,False,True,0.6053470174666788,1,0.6053470174666788,1,2023-2025,Weeks 4-6,Home field,Conference
401636879,2024,4,West Virginia,Kansas,1,False,True,0.5332852545653143,1,0.5332852545653143,1,2023-2025,Weeks 4-6,Home field,Conference
401640991,2024,4,Liberty,East Carolina,1,False,False,0.6912033323731352,1,0.6912033323731352,1,2023-2025,Weeks 4-6,Home field,Non-conference
401641000,2024,4,Jacksonville State,Southern Mississippi,1,False,False,0.7610513398516667,1,0.7610513398516667,1,2023-2025,Weeks 4-6,Home field,Non-conference
401641008,2024,4,Louisiana Tech,Tulsa,0,False,False,0.570778678219797,1,0.570778678219797,0,2023-2025,Weeks 4-6,Home field,Non-conference
401641028,2024,4,Colorado State,UTEP,1,False,False,0.7799403018570575,1,0.7799403018570575,1,2023-2025,Weeks 4-6,Home field,Non-conference
401641034,2024,4,Sam Houston State,New Mexico State,1,False,True,0.7146179290273417,1,0.7146179290273417,1,2023-2025,Weeks 4-6,Home field,Conference
401641037,2024,4,Western Kentucky,Toledo,1,False,False,0.43232958979590747,0,0.5676704102040926,0,2023-2025,Weeks 4-6,Home field,Non-conference
401643711,2024,4,New Mexico,Fresno State,0,False,True,0.08797862015734256,0,0.9120213798426574,1,2023-2025,Weeks 4-6,Home field,Conference
401643714,2024,4,Washington State,San José State,1,False,False,0.7339173399415964,1,0.7339173399415964,1,2023-2025,Weeks 4-6,Home field,Non-conference
401643715,2024,4,Temple,Utah State,1,False,False,0.3498275729532464,0,0.6501724270467536,0,2023-2025,Weeks 4-6,Home field,Non-conference
401643716,2024,4,North Texas,Wyoming,1,False,False,0.7190737642342243,1,0.7190737642342243,1,2023-2025,Weeks 4-6,Home field,Non-conference
401643717,2024,4,Oregon State,Purdue,1,False,False,0.6876415678136667,1,0.6876415678136667,1,2023-2025,Weeks 4-6,Home field,Non-conference
401643790,2024,4,App State,South Alabama,0,False,True,0.4634604458096364,0,0.5365395541903636,1,2023-2025,Weeks 4-6,Home field,Conference
401643791,2024,4,Louisiana,Tulane,0,False,False,0.7113452048483175,1,0.7113452048483175,0,2023-2025,Weeks 4-6,Home field,Non-conference
401644735,2024,4,Central Michigan,Ball State,1,False,True,0.6817805784044935,1,0.6817805784044935,1,2023-2025,Weeks 4-6,Home field,Conference
401644736,2024,4,Northern Illinois,Buffalo,0,False,True,0.9203739305523353,1,0.9203739305523353,0,2023-2025,Weeks 4-6,Home field,Conference
401645328,2024,4,Army,Rice,1,False,True,0.39991182235454126,0,0.6000881776454587,0,2023-2025,Weeks 4-6,Home field,Conference
401645329,2024,4,Navy,Memphis,1,False,True,0.12413502594040607,0,0.875864974059594,0,2023-2025,Weeks 4-6,Home field,Conference
401628373,2024,5,Texas A&M,Arkansas,1,True,True,0.8021814973720234,1,0.8021814973720234,1,2023-2025,Weeks 4-6,Neutral,Conference
401628374,2024,5,Alabama,Georgia,1,False,True,0.41729994222934397,0,0.582700057770656,0,2023-2025,Weeks 4-6,Home field,Conference
401628375,2024,5,Auburn,Oklahoma,0,False,True,0.3612752303025338,0,0.6387247696974663,1,2023-2025,Weeks 4-6,Home field,Conference
401628376,2024,5,LSU,South Alabama,1,False,False,0.8709757001908257,1,0.8709757001908257,1,2023-2025,Weeks 4-6,Home field,Non-conference
401628377,2024,5,Ole Miss,Kentucky,0,False,True,0.8806679629198015,1,0.8806679629198015,0,2023-2025,Weeks 4-6,Home field,Conference
401628378,2024,5,Texas,Mississippi State,1,False,True,0.9878304663573638,1,0.9878304663573638,1,2023-2025,Weeks 4-6,Home field,Conference
401628495,2024,5,Penn State,Illinois,1,False,True,0.9331687495494188,1,0.9331687495494188,1,2023-2025,Weeks 4-6,Home field,Conference
401628496,2024,5,Indiana,Maryland,1,False,True,0.6349760326454681,1,0.6349760326454681,1,2023-2025,Weeks 4-6,Home field,Conference
401628497,2024,5,Michigan,Minnesota,1,False,True,0.7892989315572707,1,0.7892989315572707,1,2023-2025,Weeks 4-6,Home field,Conference
401628498,2024,5,Michigan State,Ohio State,0,False,True,0.06052365308610247,0,0.9394763469138976,1,2023-2025,Weeks 4-6,Home field,Conference
401628499,2024,5,Purdue,Nebraska,0,False,True,0.23747500108898634,0,0.7625249989110137,1,2023-2025,Weeks 4-6,Home field,Conference
401628500,2024,5,UCLA,Oregon,0,False,True,0.050135335573286664,0,0.9498646644267134,1,2023-2025,Weeks 4-6,Home field,Conference
401628501,2024,5,Rutgers,Washington,1,False,True,0.45456747219282007,0,0.5454325278071799,0,2023-2025,Weeks 4-6,Home field,Conference
401628502,2024,5,USC,Wisconsin,1,False,True,0.7572496317204482,1,0.7572496317204482,1,2023-2025,Weeks 4-6,Home field,Conference
401628980,2024,5,Notre Dame,Louisville,1,False,False,0.701160053678926,1,0.701160053678926,1,2023-2025,Weeks 4-6,Home field,Non-conference
401629032,2024,5,Connecticut,Buffalo,1,False,False,0.7453547898861328,1,0.7453547898861328,1,2023-2025,Weeks 4-6,Home field,Non-conference
401629043,2024,5,Miami (OH),UMass,1,False,False,0.8507018565130892,1,0.8507018565130892,1,2023-2025,Weeks 4-6,Home field,Non-conference
401634767,2024,5,Miami,Virginia Tech,1,False,True,0.8493802403861049,1,0.8493802403861049,1,2023-2025,Weeks 4-6,Home field,Conference
401635560,2024,5,Boston College,Western Kentucky,1,False,False,0.8035908168124558,1,0.8035908168124558,1,2023-2025,Weeks 4-6,Home field,Non-conference
401635561,2024,5,Clemson,Stanford,1,False,True,0.9468869149397026,1,0.9468869149397026,1,2023-2025,Weeks 4-6,Home field,Conference
401635562,2024,5,Duke,North Carolina,1,False,True,0.5713824192361658,1,0.5713824192361658,1,2023-2025,Weeks 4-6,Home field,Conference
401635563,2024,5,SMU,Florida State,1,False,True,0.7361974051833428,1,0.7361974051833428,1,2023-2025,Weeks 4-6,Home field,Conference
401635564,2024,5,NC State,Northern Illinois,1,False,False,0.6526577704206267,1,0.6526577704206267,1,2023-2025,Weeks 4-6,Home field,Non-conference
401635659,2024,5,Wake Forest,Louisiana,0,False,False,0.38814799526018057,0,0.6118520047398195,1,2023-2025,Weeks 4-6,Home field,Non-conference
401636880,2024,5,Baylor,BYU,0,False,True,0.5242622979572722,1,0.5242622979572722,0,2023-2025,Weeks 4-6,Home field,Conference
401636881,2024,5,Houston,Iowa State,0,False,True,0.14481187691379363,0,0.8551881230862064,1,2023-2025,Weeks 4-6,Home field,Conference
401636882,2024,5,Kansas,TCU,0,True,True,0.5451878619016947,1,0.5451878619016947,0,2023-2025,Weeks 4-6,Neutral,Conference
401636883,2024,5,Kansas State,Oklahoma State,1,False,True,0.6197426467750027,1,0.6197426467750027,1,2023-2025,Weeks 4-6,Home field,Conference
401636884,2024,5,Texas Tech,Cincinnati,1,False,True,0.6444832358082244,1,0.6444832358082244,1,2023-2025,Weeks 4-6,Home field,Conference
401636885,2024,5,UCF,Colorado,0,False,True,0.8173062206098466,1,0.8173062206098466,0,2023-2025,Weeks 4-6,Home field,Conference
401636886,2024,5,Utah,Arizona,0,False,True,0.6852903288260608,1,0.6852903288260608,0,2023-2025,Weeks 4-6,Home field,Conference
401640981,2024,5,Florida International,Louisiana Tech,1,True,True,0.6062866558073972,1,0.6062866558073972,1,2023-2025,Weeks 4-6,Neutral,Conference
401641025,2024,5,Memphis,Middle Tennessee,1,False,False,0.9557275369704757,1,0.9557275369704757,1,2023-2025,Weeks 4-6,Home field,Non-conference
401641035,2024,5,New Mexico State,New Mexico,0,False,False,0.5907392863897487,1,0.5907392863897487,0,2023-2025,Weeks 4-6,Home field,Non-conference
401641041,2024,5,Sam Houston State,Texas State,1,True,False,0.287872738179856,0,0.712127261820144,0,2023-2025,Weeks 4-6,Neutral,Non-conference
401643718,2024,5,Wyoming,Air Force,1,False,True,0.7217553502802181,1,0.7217553502802181,1,2023-2025,Weeks 4-6,Home field,Conference
401643719,2024,5,Boise State,Washington State,1,False,False,0.6766420784137346,1,0.6766420784137346,1,2023-2025,Weeks 4-6,Home field,Non-conference
401643720,2024,5,UNLV,Fresno State,1,False,True,0.45557575748656587,0,0.5444242425134341,0,2023-2025,Weeks 4-6,Home field,Conference
401643721,2024,5,Central Michigan,San Diego State,1,False,False,0.5882297848881928,1,0.5882297848881928,1,2023-2025,Weeks 4-6,Home field,Non-conference
401643792,2024,5,Georgia State,Georgia Southern,0,False,True,0.6329582665982324,1,0.6329582665982324,0,2023-2025,Weeks 4-6,Home field,Conference
401643793,2024,5,James Madison,Ball State,1,False,False,0.9263949049167789,1,0.9263949049167789,1,2023-2025,Weeks 4-6,Home field,Non-conference
401643794,2024,5,Marshall,Western Michigan,1,False,False,0.7860317189749071,1,0.7860317189749071,1,2023-2025,Weeks 4-6,Home field,Non-conference
401643795,2024,5,Bowling Green,Old Dominion,0,False,False,0.6427539607474908,1,0.6427539607474908,0,2023-2025,Weeks 4-6,Home field,Non-conference
401643796,2024,5,Troy,Louisiana Monroe,0,False,True,0.8737305307761659,1,0.8737305307761659,0,2023-2025,Weeks 4-6,Home field,Conference
401644738,2024,5,Ohio,Akron,1,False,True,0.7761532076528976,1,0.7761532076528976,1,2023-2025,Weeks 4-6,Home field,Conference
401644739,2024,5,Kent State,Eastern Michigan,0,False,True,0.1960938990931609,0,0.8039061009068391,1,2023-2025,Weeks 4-6,Home field,Conference
401645331,2024,5,Temple,Army,0,False,True,0.42954412548707327,0,0.5704558745129267,1,2023-2025,Weeks 4-6,Home field,Conference
401645332,2024,5,UAB,Navy,0,False,True,0.5821341375906297,1,0.5821341375906297,0,2023-2025,Weeks 4-6,Home field,Conference
401645333,2024,5,Rice,Charlotte,0,False,True,0.7795822666259442,1,0.7795822666259442,0,2023-2025,Weeks 4-6,Home field,Conference
401645334,2024,5,East Carolina,UT San Antonio,1,False,True,0.6476679777448916,1,0.6476679777448916,1,2023-2025,Weeks 4-6,Home field,Conference
401645336,2024,5,North Texas,Tulsa,1,False,True,0.7678819547981501,1,0.7678819547981501,1,2023-2025,Weeks 4-6,Home field,Conference
401645337,2024,5,Tulane,South Florida,1,False,True,0.7800117044992403,1,0.7800117044992403,1,2023-2025,Weeks 4-6,Home field,Conference
401628379,2024,6,Arkansas,Tennessee,1,False,True,0.12908958895834205,0,0.8709104110416579,0,2023-2025,Weeks 4-6,Home field,Conference
401628380,2024,6,Florida,UCF,1,False,False,0.675935217126297,1,0.675935217126297,1,2023-2025,Weeks 4-6,Home field,Non-conference
401628381,2024,6,Georgia,Auburn,1,False,True,0.9246467395831751,1,0.9246467395831751,1,2023-2025,Weeks 4-6,Home field,Conference
401628382,2024,6,South Carolina,Ole Miss,0,False,True,0.20123657517679766,0,0.7987634248232023,1,2023-2025,Weeks 4-6,Home field,Conference
401628383,2024,6,Texas A&M,Missouri,1,False,True,0.4926965105227956,0,0.5073034894772044,0,2023-2025,Weeks 4-6,Home field,Conference
401628384,2024,6,Vanderbilt,Alabama,1,False,True,0.09775259069617917,0,0.9022474093038209,0,2023-2025,Weeks 4-6,Home field,Conference
401628503,2024,6,Northwestern,Indiana,0,True,True,0.35507998286119846,0,0.6449200171388015,1,2023-2025,Weeks 4-6,Neutral,Conference
401628504,2024,6,Ohio State,Iowa,1,False,True,0.8925298877228374,1,0.8925298877228374,1,2023-2025,Weeks 4-6,Home field,Conference
401628505,2024,6,Washington,Michigan,1,False,True,0.48971799720705866,0,0.5102820027929413,0,2023-2025,Weeks 4-6,Home field,Conference
401628506,2024,6,Oregon,Michigan State,1,False,True,0.95104456805718,1,0.95104456805718,1,2023-2025,Weeks 4-6,Home field,Conference
401628507,2024,6,Minnesota,USC,1,False,True,0.4020237123080884,0,0.5979762876919116,0,2023-2025,Weeks 4-6,Home field,Conference
401628508,2024,6,Nebraska,Rutgers,1,False,True,0.7076973336740362,1,0.7076973336740362,1,2023-2025,Weeks 4-6,Home field,Conference
401628509,2024,6,Wisconsin,Purdue,1,False,True,0.8494495489913093,1,0.8494495489913093,1,2023-2025,Weeks 4-6,Home field,Conference
401628510,2024,6,Penn State,UCLA,1,False,True,0.9752978524752061,1,0.9752978524752061,1,2023-2025,Weeks 4-6,Home field,Conference
401629033,2024,6,Connecticut,Temple,1,False,False,0.8918313708374872,1,0.8918313708374872,1,2023-2025,Weeks 4-6,Home field,Non-conference
401629044,2024,6,Northern Illinois,UMass,1,False,False,0.8609580947974728,1,0.8609580947974728,1,2023-2025,Weeks 4-6,Home field,Non-conference
401634779,2024,6,UNLV,Syracuse,0,False,False,0.7622659648088549,1,0.7622659648088549,0,2023-2025,Weeks 4-6,Home field,Non-conference
401635567,2024,6,Virginia,Boston College,1,False,True,0.488750288301104,0,0.511249711698896,0,2023-2025,Weeks 4-6,Home field,Conference
401635568,2024,6,California,Miami,0,False,True,0.22525752460621218,0,0.7747424753937878,1,2023-2025,Weeks 4-6,Home field,Conference
401635569,2024,6,Florida State,Clemson,0,False,True,0.2000642642600295,0,0.7999357357399706,1,2023-2025,Weeks 4-6,Home field,Conference
401635570,2024,6,Georgia Tech,Duke,1,False,True,0.7529364008672985,1,0.7529364008672985,1,2023-2025,Weeks 4-6,Home field,Conference
401635571,2024,6,Louisville,SMU,0,False,True,0.6311327626826274,1,0.6311327626826274,0,2023-2025,Weeks 4-6,Home field,Conference
401635572,2024,6,North Carolina,Pittsburgh,0,False,True,0.397345980179658,0,0.6026540198203421,1,2023-2025,Weeks 4-6,Home field,Conference
401635573,2024,6,Stanford,Virginia Tech,0,False,True,0.2580505601563642,0,0.7419494398436358,1,2023-2025,Weeks 4-6,Home field,Conference
401635638,2024,6,NC State,Wake Forest,0,False,True,0.6604691387076584,1,0.6604691387076584,0,2023-2025,Weeks 4-6,Home field,Conference
401636887,2024,6,Arizona,Texas Tech,0,False,True,0.6536031822027939,1,0.6536031822027939,0,2023-2025,Weeks 4-6,Home field,Conference
401636888,2024,6,Arizona State,Kansas,1,False,True,0.5798289237596381,1,0.5798289237596381,1,2023-2025,Weeks 4-6,Home field,Conference
401636889,2024,6,Iowa State,Baylor,1,False,True,0.8312715384303918,1,0.8312715384303918,1,2023-2025,Weeks 4-6,Home field,Conference
401636890,2024,6,Oklahoma State,West Virginia,0,False,True,0.5828124574712557,1,0.5828124574712557,0,2023-2025,Weeks 4-6,Home field,Conference
401636891,2024,6,TCU,Houston,0,False,True,0.8559169060764498,1,0.8559169060764498,0,2023-2025,Weeks 4-6,Home field,Conference
401641001,2024,6,Kennesaw State,Jacksonville State,0,False,True,0.38763307881269055,0,0.6123669211873095,1,2023-2025,Weeks 4-6,Home field,Conference
401641029,2024,6,UTEP,Sam Houston State,0,False,True,0.2985196180302094,0,0.7014803819697906,1,2023-2025,Weeks 4-6,Home field,Conference
401643722,2024,6,Air Force,Navy,0,False,False,0.20462115007112988,0,0.7953788499288701,1,2023-2025,Weeks 4-6,Home field,Non-conference
401643723,2024,6,Boise State,Utah State,1,False,True,0.9241469470156094,1,0.9241469470156094,1,2023-2025,Weeks 4-6,Home field,Conference
401643724,2024,6,Oregon State,Colorado State,1,False,False,0.8030973723066517,1,0.8030973723066517,1,2023-2025,Weeks 4-6,Home field,Non-conference
401643725,2024,6,San Diego State,Hawai'i,1,False,True,0.5019732024263348,1,0.5019732024263348,1,2023-2025,Weeks 4-6,Home field,Conference
401643726,2024,6,San José State,Nevada,1,False,True,0.7576690457306565,1,0.7576690457306565,1,2023-2025,Weeks 4-6,Home field,Conference
401643797,2024,6,Troy,Texas State,0,False,True,0.36735881336647835,0,0.6326411866335216,1,2023-2025,Weeks 4-6,Home field,Conference
401643798,2024,6,Coastal Carolina,Old Dominion,1,False,True,0.5564791713116453,1,0.5564791713116453,1,2023-2025,Weeks 4-6,Home field,Conference
401643799,2024,6,Marshall,App State,1,False,True,0.6376089251239078,1,0.6376089251239078,1,2023-2025,Weeks 4-6,Home field,Conference
401643800,2024,6,Arkansas State,South Alabama,1,False,True,0.26095237970728785,0,0.7390476202927121,0,2023-2025,Weeks 4-6,Home field,Conference
401643801,2024,6,Louisiana Monroe,James Madison,1,False,True,0.08061983435421641,0,0.9193801656457836,0,2023-2025,Weeks 4-6,Home field,Conference
401643802,2024,6,Southern Mississippi,Louisiana,0,False,True,0.11888777476188106,0,0.8811122252381189,1,2023-2025,Weeks 4-6,Home field,Conference
401644684,2024,6,Toledo,Miami (OH),1,False,True,0.6238049026086224,1,0.6238049026086224,1,2023-2025,Weeks 4-6,Home field,Conference
401644740,2024,6,Akron,Bowling Green,0,False,True,0.2136004614180783,0,0.7863995385819217,1,2023-2025,Weeks 4-6,Home field,Conference
401644741,2024,6,Ball State,Western Michigan,0,False,True,0.40595430072672006,0,0.5940456992732799,1,2023-2025,Weeks 4-6,Home field,Conference
401645338,2024,6,UAB,Tulane,0,False,True,0.18909469606333712,0,0.8109053039366629,1,2023-2025,Weeks 4-6,Home field,Conference
401645339,2024,6,Tulsa,Army,0,False,True,0.35397263345537733,0,0.6460273665446227,1,2023-2025,Weeks 4-6,Home field,Conference
401645340,2024,6,Charlotte,East Carolina,1,False,True,0.226364474172713,0,0.773635525827287,0,2023-2025,Weeks 4-6,Home field,Conference
401628385,2024,7,Alabama,South Carolina,1,False,True,0.8980046025305246,1,0.8980046025305246,1,2023-2025,Weeks 7-9,Home field,Conference
401628386,2024,7,Georgia,Mississippi State,1,False,True,0.9832351914074295,1,0.9832351914074295,1,2023-2025,Weeks 7-9,Home field,Conference
401628387,2024,7,Kentucky,Vanderbilt,0,False,True,0.7570158997615404,1,0.7570158997615404,0,2023-2025,Weeks 7-9,Home field,Conference
401628388,2024,7,LSU,Ole Miss,1,False,True,0.465106605070259,0,0.534893394929741,0,2023-2025,Weeks 7-9,Home field,Conference
401628389,2024,7,UMass,Missouri,0,False,False,0.08084499674085176,0,0.9191550032591482,1,2023-2025,Weeks 7-9,Home field,Non-conference
401628390,2024,7,Oklahoma,Texas,0,True,True,0.15553362067838333,0,0.8444663793216167,1,2023-2025,Weeks 7-9,Neutral,Conference
401628391,2024,7,Tennessee,Florida,1,False,True,0.8554709527497791,1,0.8554709527497791,1,2023-2025,Weeks 7-9,Home field,Conference
401628511,2024,7,Illinois,Purdue,1,False,True,0.8692076278666685,1,0.8692076278666685,1,2023-2025,Weeks 7-9,Home field,Conference
401628512,2024,7,Iowa,Washington,1,False,True,0.5901273621499823,1,0.5901273621499823,1,2023-2025,Weeks 7-9,Home field,Conference
401628513,2024,7,Maryland,Northwestern,0,False,True,0.6586622576275379,1,0.6586622576275379,0,2023-2025,Weeks 7-9,Home field,Conference
401628514,2024,7,UCLA,Minnesota,0,False,True,0.26326203986990315,0,0.7367379601300968,1,2023-2025,Weeks 7-9,Home field,Conference
401628515,2024,7,Oregon,Ohio State,1,False,True,0.3834862860134073,0,0.6165137139865927,0,2023-2025,Weeks 7-9,Home field,Conference
401628516,2024,7,USC,Penn State,0,False,True,0.22355845312320907,0,0.7764415468767909,1,2023-2025,Weeks 7-9,Home field,Conference
401628517,2024,7,Rutgers,Wisconsin,0,False,True,0.40649856831617764,0,0.5935014316838223,1,2023-2025,Weeks 7-9,Home field,Conference
401628981,2024,7,Notre Dame,Stanford,1,False,False,0.9564049009789424,1,0.9564049009789424,1,2023-2025,Weeks 7-9,Home field,Non-conference
401635574,2024,7,NC State,Syracuse,0,False,True,0.5857732963520792,1,0.5857732963520792,0,2023-2025,Weeks 7-9,Home field,Conference
401635575,2024,7,Pittsburgh,California,1,False,True,0.6241055648647309,1,0.6241055648647309,1,2023-2025,Weeks 7-9,Home field,Conference
401635576,2024,7,Wake Forest,Clemson,0,False,True,0.15411876891495355,0,0.8458812310850464,1,2023-2025,Weeks 7-9,Home field,Conference
401635577,2024,7,North Carolina,Georgia Tech,0,False,True,0.319105427986813,0,0.6808945720131869,1,2023-2025,Weeks 7-9,Home field,Conference
401635578,2024,7,Virginia,Louisville,0,False,True,0.2540893116706062,0,0.7459106883293938,1,2023-2025,Weeks 7-9,Home field,Conference
401636892,2024,7,Arizona State,Utah,1,False,True,0.46692432501637915,0,0.5330756749836209,0,2023-2025,Weeks 7-9,Home field,Conference
401636893,2024,7,BYU,Arizona,1,False,True,0.5691814938068324,1,0.5691814938068324,1,2023-2025,Weeks 7-9,Home field,Conference
401636894,2024,7,Colorado,Kansas State,0,False,True,0.3821977027711166,0,0.6178022972288835,1,2023-2025,Weeks 7-9,Home field,Conference
401636895,2024,7,UCF,Cincinnati,0,False,True,0.6213041123388243,1,0.6213041123388243,0,2023-2025,Weeks 7-9,Home field,Conference
401636896,2024,7,West Virginia,Iowa State,0,False,True,0.4107578830580019,0,0.5892421169419981,1,2023-2025,Weeks 7-9,Home field,Conference
401640982,2024,7,Liberty,Florida International,1,False,True,0.892353992885672,1,0.892353992885672,1,2023-2025,Weeks 7-9,Home field,Conference
401641002,2024,7,Jacksonville State,New Mexico State,1,False,True,0.9206280181719118,1,0.9206280181719118,1,2023-2025,Weeks 7-9,Home field,Conference
401641009,2024,7,Louisiana Tech,Middle Tennessee,1,False,True,0.6615954251630694,1,0.6615954251630694,1,2023-2025,Weeks 7-9,Home field,Conference
401641030,2024,7,Western Kentucky,UTEP,1,False,True,0.8772906858458195,1,0.8772906858458195,1,2023-2025,Weeks 7-9,Home field,Conference
401643727,2024,7,New Mexico,Air Force,1,False,True,0.798404444475441,1,0.798404444475441,1,2023-2025,Weeks 7-9,Home field,Conference
401643728,2024,7,Hawai'i,Boise State,0,False,True,0.15372683899126574,0,0.8462731610087343,1,2023-2025,Weeks 7-9,Home field,Conference
401643729,2024,7,Colorado State,San José State,1,False,True,0.43457657325011034,0,0.5654234267498897,0,2023-2025,Weeks 7-9,Home field,Conference
401643730,2024,7,Fresno State,Washington State,0,False,False,0.538650293715975,1,0.538650293715975,0,2023-2025,Weeks 7-9,Home field,Non-conference
401643731,2024,7,Nevada,Oregon State,1,False,False,0.3715478480096692,0,0.6284521519903308,0,2023-2025,Weeks 7-9,Home field,Non-conference
401643732,2024,7,Wyoming,San Diego State,0,False,True,0.5138843234730376,1,0.5138843234730376,0,2023-2025,Weeks 7-9,Home field,Conference
401643733,2024,7,Utah State,UNLV,0,False,True,0.13158869690732083,0,0.8684113030926792,1,2023-2025,Weeks 7-9,Home field,Conference
401643803,2024,7,James Madison,Coastal Carolina,1,False,True,0.8282607989298723,1,0.8282607989298723,1,2023-2025,Weeks 7-9,Home field,Conference
401643804,2024,7,Georgia Southern,Marshall,1,False,True,0.3623119133858328,0,0.6376880866141672,0,2023-2025,Weeks 7-9,Home field,Conference
401643805,2024,7,Georgia State,Old Dominion,0,False,True,0.364818599832136,0,0.635181400167864,1,2023-2025,Weeks 7-9,Home field,Conference
401643806,2024,7,Louisiana,App State,1,False,True,0.8056990383097563,1,0.8056990383097563,1,2023-2025,Weeks 7-9,Home field,Conference
401643807,2024,7,Louisiana Monroe,Southern Mississippi,1,False,True,0.47544515908623164,0,0.5245548409137684,0,2023-2025,Weeks 7-9,Home field,Conference
401643808,2024,7,Texas State,Arkansas State,1,False,True,0.8343793291684959,1,0.8343793291684959,1,2023-2025,Weeks 7-9,Home field,Conference
401644685,2024,7,Eastern Michigan,Miami (OH),0,False,True,0.3391468755516045,0,0.6608531244483955,1,2023-2025,Weeks 7-9,Home field,Conference
401644742,2024,7,Western Michigan,Akron,1,False,True,0.7917733184849369,1,0.7917733184849369,1,2023-2025,Weeks 7-9,Home field,Conference
401644743,2024,7,Kent State,Ball State,0,False,True,0.35533145225272733,0,0.6446685477472727,1,2023-2025,Weeks 7-9,Home field,Conference
401644744,2024,7,Bowling Green,Northern Illinois,0,False,True,0.44421269312105793,0,0.5557873068789421,1,2023-2025,Weeks 7-9,Home field,Conference
401644745,2024,7,Buffalo,Toledo,1,False,True,0.11921346323375905,0,0.880786536766241,0,2023-2025,Weeks 7-9,Home field,Conference
401644746,2024,7,Central Michigan,Ohio,0,False,True,0.5424303481733279,1,0.5424303481733279,0,2023-2025,Weeks 7-9,Home field,Conference
401645341,2024,7,South Florida,Memphis,0,True,True,0.3288216842750448,0,0.6711783157249551,1,2023-2025,Weeks 7-9,Neutral,Conference
401645342,2024,7,Army,UAB,1,False,True,0.7989558306697843,1,0.7989558306697843,1,2023-2025,Weeks 7-9,Home field,Conference
401645343,2024,7,Florida Atlantic,North Texas,0,False,True,0.33494194719620446,0,0.6650580528037955,1,2023-2025,Weeks 7-9,Home field,Conference
401645344,2024,7,Rice,UT San Antonio,1,False,True,0.48762906068615486,0,0.5123709393138451,0,2023-2025,Weeks 7-9,Home field,Conference
401628392,2024,8,Arkansas,LSU,0,False,True,0.22506189617215466,0,0.7749381038278453,1,2023-2025,Weeks 7-9,Home field,Conference
401628393,2024,8,Florida,Kentucky,1,False,True,0.5887489351149016,1,0.5887489351149016,1,2023-2025,Weeks 7-9,Home field,Conference
401628394,2024,8,Mississippi State,Texas A&M,0,False,True,0.10382757973090916,0,0.8961724202690908,1,2023-2025,Weeks 7-9,Home field,Conference
401628395,2024,8,Missouri,Auburn,1,False,True,0.6900058936295903,1,0.6900058936295903,1,2023-2025,Weeks 7-9,Home field,Conference
401628396,2024,8,Oklahoma,South Carolina,0,False,True,0.7045820445110499,1,0.7045820445110499,0,2023-2025,Weeks 7-9,Home field,Conference
401628397,2024,8,Tennessee,Alabama,1,False,True,0.5255581238276376,1,0.5255581238276376,1,2023-2025,Weeks 7-9,Home field,Conference
401628398,2024,8,Texas,Georgia,0,False,True,0.6896008626557077,1,0.6896008626557077,0,2023-2025,Weeks 7-9,Home field,Conference
401628399,2024,8,Vanderbilt,Ball State,1,False,False,0.9540973564765141,1,0.9540973564765141,1,2023-2025,Weeks 7-9,Home field,Non-conference
401628518,2024,8,Illinois,Michigan,1,False,True,0.31410001624114625,0,0.6858999837588537,0,2023-2025,Weeks 7-9,Home field,Conference
401628519,2024,8,Indiana,Nebraska,1,False,True,0.5978581527341734,1,0.5978581527341734,1,2023-2025,Weeks 7-9,Home field,Conference
401628520,2024,8,Michigan State,Iowa,1,False,True,0.24499772731901184,0,0.7550022726809882,0,2023-2025,Weeks 7-9,Home field,Conference
401628521,2024,8,Maryland,USC,1,False,True,0.2915253824003953,0,0.7084746175996046,0,2023-2025,Weeks 7-9,Home field,Conference
401628522,2024,8,Northwestern,Wisconsin,0,True,True,0.3119860614897275,0,0.6880139385102725,1,2023-2025,Weeks 7-9,Neutral,Conference
401628523,2024,8,Purdue,Oregon,0,False,True,0.03601352233310739,0,0.9639864776668926,1,2023-2025,Weeks 7-9,Home field,Conference
401628524,2024,8,Rutgers,UCLA,0,False,True,0.6893910444245236,1,0.6893910444245236,0,2023-2025,Weeks 7-9,Home field,Conference
401628982,2024,8,Georgia Tech,Notre Dame,0,True,False,0.2768712689071539,0,0.723128731092846,1,2023-2025,Weeks 7-9,Neutral,Non-conference
401629034,2024,8,Connecticut,Wake Forest,0,False,False,0.5590199117333993,1,0.5590199117333993,0,2023-2025,Weeks 7-9,Home field,Non-conference
401634768,2024,8,Virginia Tech,Boston College,1,False,True,0.7278144697982327,1,0.7278144697982327,1,2023-2025,Weeks 7-9,Home field,Conference
401634769,2024,8,Duke,Florida State,1,False,True,0.5386975286004336,1,0.5386975286004336,1,2023-2025,Weeks 7-9,Home field,Conference
401635587,2024,8,California,NC State,0,False,True,0.652303318775845,1,0.652303318775845,0,2023-2025,Weeks 7-9,Home field,Conference
401635588,2024,8,Clemson,Virginia,1,False,True,0.9250141948402506,1,0.9250141948402506,1,2023-2025,Weeks 7-9,Home field,Conference
401635589,2024,8,Louisville,Miami,0,False,True,0.3418940869021569,0,0.658105913097843,1,2023-2025,Weeks 7-9,Home field,Conference
401635590,2024,8,Stanford,SMU,0,False,True,0.13634495149076079,0,0.8636550485092392,1,2023-2025,Weeks 7-9,Home field,Conference
401636897,2024,8,Arizona,Colorado,0,False,True,0.5032924720372733,1,0.5032924720372733,0,2023-2025,Weeks 7-9,Home field,Conference
401636898,2024,8,BYU,Oklahoma State,1,False,True,0.6878300452705197,1,0.6878300452705197,1,2023-2025,Weeks 7-9,Home field,Conference
401636899,2024,8,Cincinnati,Arizona State,1,False,True,0.4485360592873895,0,0.5514639407126105,0,2023-2025,Weeks 7-9,Home field,Conference
401636900,2024,8,Iowa State,UCF,1,False,True,0.8305192284588538,1,0.8305192284588538,1,2023-2025,Weeks 7-9,Home field,Conference
401636901,2024,8,Kansas,Houston,1,True,True,0.709325517658977,1,0.709325517658977,1,2023-2025,Weeks 7-9,Neutral,Conference
401636902,2024,8,Texas Tech,Baylor,0,False,True,0.6507076831485017,1,0.6507076831485017,0,2023-2025,Weeks 7-9,Home field,Conference
401636903,2024,8,Utah,TCU,0,False,True,0.6729162458808928,1,0.6729162458808928,0,2023-2025,Weeks 7-9,Home field,Conference
401636904,2024,8,West Virginia,Kansas State,0,False,True,0.5100363869115525,1,0.5100363869115525,0,2023-2025,Weeks 7-9,Home field,Conference
401640983,2024,8,UTEP,Florida International,1,False,True,0.3420293046171334,0,0.6579706953828666,0,2023-2025,Weeks 7-9,Home field,Conference
401641010,2024,8,New Mexico State,Louisiana Tech,1,False,True,0.30642867053845013,0,0.6935713294615499,0,2023-2025,Weeks 7-9,Home field,Conference
401641019,2024,8,Middle Tennessee,Kennesaw State,1,False,True,0.4491765528836972,0,0.5508234471163028,0,2023-2025,Weeks 7-9,Home field,Conference
401641038,2024,8,Sam Houston State,Western Kentucky,0,False,True,0.5029171876367238,1,0.5029171876367238,0,2023-2025,Weeks 7-9,Home field,Conference
401643734,2024,8,Air Force,Colorado State,0,False,True,0.11690350741941824,0,0.8830964925805818,1,2023-2025,Weeks 7-9,Home field,Conference
401643735,2024,8,Nevada,Fresno State,0,False,True,0.4165945776435336,0,0.5834054223564664,1,2023-2025,Weeks 7-9,Home field,Conference
401643736,2024,8,Washington State,Hawai'i,1,False,False,0.8527583808358562,1,0.8527583808358562,1,2023-2025,Weeks 7-9,Home field,Non-conference
401643737,2024,8,Utah State,New Mexico,0,False,True,0.6660048655449,1,0.6660048655449,0,2023-2025,Weeks 7-9,Home field,Conference
401643738,2024,8,San José State,Wyoming,1,False,True,0.8244244181724552,1,0.8244244181724552,1,2023-2025,Weeks 7-9,Home field,Conference
401643739,2024,8,Oregon State,UNLV,0,False,False,0.35444656036011113,0,0.6455534396398889,1,2023-2025,Weeks 7-9,Home field,Non-conference
401643809,2024,8,South Alabama,Troy,1,False,True,0.8544044433629131,1,0.8544044433629131,1,2023-2025,Weeks 7-9,Home field,Conference
401643810,2024,8,Marshall,Georgia State,1,False,True,0.8213132499833141,1,0.8213132499833141,1,2023-2025,Weeks 7-9,Home field,Conference
401643811,2024,8,Coastal Carolina,Louisiana,0,False,True,0.27606721178041604,0,0.723932788219584,1,2023-2025,Weeks 7-9,Home field,Conference
401643812,2024,8,Georgia Southern,James Madison,1,False,True,0.19727313365524612,0,0.8027268663447539,0,2023-2025,Weeks 7-9,Home field,Conference
401643813,2024,8,Old Dominion,Texas State,1,False,True,0.32618400837026995,0,0.67381599162973,0,2023-2025,Weeks 7-9,Home field,Conference
401643814,2024,8,Southern Mississippi,Arkansas State,0,False,True,0.4059268001971847,0,0.5940731998028153,1,2023-2025,Weeks 7-9,Home field,Conference
401644686,2024,8,Miami (OH),Ohio,1,False,True,0.829291630908826,1,0.829291630908826,1,2023-2025,Weeks 7-9,Home field,Conference
401644748,2024,8,Bowling Green,Kent State,1,False,True,0.9374329561219938,1,0.9374329561219938,1,2023-2025,Weeks 7-9,Home field,Conference
401644749,2024,8,Buffalo,Western Michigan,0,False,True,0.5673125616134413,1,0.5673125616134413,0,2023-2025,Weeks 7-9,Home field,Conference
401644750,2024,8,Eastern Michigan,Central Michigan,1,False,True,0.5689898854852868,1,0.5689898854852868,1,2023-2025,Weeks 7-9,Home field,Conference
401644751,2024,8,Northern Illinois,Toledo,0,False,True,0.6227888549405222,1,0.6227888549405222,0,2023-2025,Weeks 7-9,Home field,Conference
401645345,2024,8,South Florida,UAB,1,False,True,0.8210116004233567,1,0.8210116004233567,1,2023-2025,Weeks 7-9,Home field,Conference
401645346,2024,8,Army,East Carolina,1,False,True,0.6106805059010357,1,0.6106805059010357,1,2023-2025,Weeks 7-9,Home field,Conference
401645347,2024,8,Navy,Charlotte,1,False,True,0.7508330174968904,1,0.7508330174968904,1,2023-2025,Weeks 7-9,Home field,Conference
401645348,2024,8,UT San Antonio,Florida Atlantic,1,False,True,0.7453822125498484,1,0.7453822125498484,1,2023-2025,Weeks 7-9,Home field,Conference
401645349,2024,8,Memphis,North Texas,1,False,True,0.7947535533894612,1,0.7947535533894612,1,2023-2025,Weeks 7-9,Home field,Conference
401645350,2024,8,Tulane,Rice,1,False,True,0.912407958489378,1,0.912407958489378,1,2023-2025,Weeks 7-9,Home field,Conference
401645351,2024,8,Temple,Tulsa,1,False,True,0.6117027492361573,1,0.6117027492361573,1,2023-2025,Weeks 7-9,Home field,Conference
401628400,2024,9,Alabama,Missouri,1,False,True,0.7827614872751958,1,0.7827614872751958,1,2023-2025,Weeks 7-9,Home field,Conference
401628401,2024,9,Kentucky,Auburn,0,False,True,0.45452927473792426,0,0.5454707252620757,1,2023-2025,Weeks 7-9,Home field,Conference
401628402,2024,9,Ole Miss,Oklahoma,1,False,True,0.865737932631594,1,0.865737932631594,1,2023-2025,Weeks 7-9,Home field,Conference
401628403,2024,9,Mississippi State,Arkansas,0,False,True,0.32819635553043314,0,0.6718036444695669,1,2023-2025,Weeks 7-9,Home field,Conference
401628404,2024,9,Texas A&M,LSU,1,False,True,0.4920381317463541,0,0.507961868253646,0,2023-2025,Weeks 7-9,Home field,Conference
401628405,2024,9,Vanderbilt,Texas,0,False,True,0.06436479103025439,0,0.9356352089697456,1,2023-2025,Weeks 7-9,Home field,Conference
401628525,2024,9,Oregon,Illinois,1,False,True,0.9199649359223718,1,0.9199649359223718,1,2023-2025,Weeks 7-9,Home field,Conference
401628526,2024,9,Indiana,Washington,1,False,True,0.7819495843848913,1,0.7819495843848913,1,2023-2025,Weeks 7-9,Home field,Conference
401628527,2024,9,Iowa,Northwestern,1,False,True,0.7933781729341168,1,0.7933781729341168,1,2023-2025,Weeks 7-9,Home field,Conference
401628528,2024,9,Minnesota,Maryland,1,False,True,0.7567658128879579,1,0.7567658128879579,1,2023-2025,Weeks 7-9,Home field,Conference
401628529,2024,9,Michigan,Michigan State,1,False,True,0.741476218864592,1,0.741476218864592,1,2023-2025,Weeks 7-9,Home field,Conference
401628530,2024,9,Ohio State,Nebraska,1,False,True,0.9586928746510092,1,0.9586928746510092,1,2023-2025,Weeks 7-9,Home field,Conference
401628531,2024,9,Wisconsin,Penn State,0,False,True,0.2617961614202816,0,0.7382038385797184,1,2023-2025,Weeks 7-9,Home field,Conference
401628532,2024,9,USC,Rutgers,1,False,True,0.8189374875240472,1,0.8189374875240472,1,2023-2025,Weeks 7-9,Home field,Conference
401628983,2024,9,Navy,Notre Dame,0,True,False,0.08926613805147121,0,0.9107338619485288,1,2023-2025,Weeks 7-9,Neutral,Non-conference
401629035,2024,9,Connecticut,Rice,1,False,False,0.6840665223593337,1,0.6840665223593337,1,2023-2025,Weeks 7-9,Home field,Non-conference
401634770,2024,9,Pittsburgh,Syracuse,1,False,True,0.7018777630574614,1,0.7018777630574614,1,2023-2025,Weeks 7-9,Home field,Conference
401634771,2024,9,Boston College,Louisville,0,False,True,0.32925598526442035,0,0.6707440147355797,1,2023-2025,Weeks 7-9,Home field,Conference
401635594,2024,9,California,Oregon State,1,False,False,0.7951044462706183,1,0.7951044462706183,1,2023-2025,Weeks 7-9,Home field,Non-conference
401635595,2024,9,Duke,SMU,0,False,True,0.20665923572814468,0,0.7933407642718553,1,2023-2025,Weeks 7-9,Home field,Conference
401635596,2024,9,Miami,Florida State,1,False,True,0.9191993351937555,1,0.9191993351937555,1,2023-2025,Weeks 7-9,Home field,Conference
401635597,2024,9,Virginia Tech,Georgia Tech,1,False,True,0.6307884592996613,1,0.6307884592996613,1,2023-2025,Weeks 7-9,Home field,Conference
401635598,2024,9,Virginia,North Carolina,0,False,True,0.6589533785573464,1,0.6589533785573464,0,2023-2025,Weeks 7-9,Home field,Conference
401635599,2024,9,Stanford,Wake Forest,0,False,True,0.4119642455702231,0,0.588035754429777,1,2023-2025,Weeks 7-9,Home field,Conference
401636905,2024,9,Arizona,West Virginia,0,False,True,0.41838873300681156,0,0.5816112669931884,1,2023-2025,Weeks 7-9,Home field,Conference
401636906,2024,9,Baylor,Oklahoma State,1,False,True,0.5973946063813985,1,0.5973946063813985,1,2023-2025,Weeks 7-9,Home field,Conference
401636907,2024,9,Colorado,Cincinnati,1,False,True,0.7146192691101707,1,0.7146192691101707,1,2023-2025,Weeks 7-9,Home field,Conference
401636908,2024,9,Houston,Utah,1,False,True,0.21431788249838524,0,0.7856821175016148,0,2023-2025,Weeks 7-9,Home field,Conference
401636909,2024,9,Kansas State,Kansas,1,False,True,0.7584312109103158,1,0.7584312109103158,1,2023-2025,Weeks 7-9,Home field,Conference
401636910,2024,9,TCU,Texas Tech,1,False,True,0.6686608087827033,1,0.6686608087827033,1,2023-2025,Weeks 7-9,Home field,Conference
401636911,2024,9,UCF,BYU,0,False,True,0.4703912041499793,0,0.5296087958500206,1,2023-2025,Weeks 7-9,Home field,Conference
401640984,2024,9,Florida International,Sam Houston State,0,True,True,0.3568673773783404,0,0.6431326226216596,1,2023-2025,Weeks 7-9,Neutral,Conference
401640993,2024,9,Kennesaw State,Liberty,1,False,True,0.12774963149006655,0,0.8722503685099334,0,2023-2025,Weeks 7-9,Home field,Conference
401641003,2024,9,Jacksonville State,Middle Tennessee,1,False,True,0.9314361377758854,1,0.9314361377758854,1,2023-2025,Weeks 7-9,Home field,Conference
401641011,2024,9,Louisiana Tech,UTEP,1,False,True,0.71411370203838,1,0.71411370203838,1,2023-2025,Weeks 7-9,Home field,Conference
401643740,2024,9,UNLV,Boise State,0,False,True,0.532100563799685,1,0.532100563799685,0,2023-2025,Weeks 7-9,Home field,Conference
401643741,2024,9,Colorado State,New Mexico,1,False,True,0.8067290589353924,1,0.8067290589353924,1,2023-2025,Weeks 7-9,Home field,Conference
401643742,2024,9,Fresno State,San José State,1,False,True,0.6307891352179171,1,0.6307891352179171,1,2023-2025,Weeks 7-9,Home field,Conference
401643743,2024,9,Hawai'i,Nevada,1,False,True,0.48376908416538883,0,0.5162309158346112,0,2023-2025,Weeks 7-9,Home field,Conference
401643744,2024,9,San Diego State,Washington State,0,False,False,0.20423882585647926,0,0.7957611741435208,1,2023-2025,Weeks 7-9,Home field,Non-conference
401643745,2024,9,Wyoming,Utah State,0,False,True,0.4742194051562224,0,0.5257805948437776,1,2023-2025,Weeks 7-9,Home field,Conference
401643815,2024,9,Old Dominion,Georgia Southern,1,False,True,0.6716042216037634,1,0.6716042216037634,1,2023-2025,Weeks 7-9,Home field,Conference
401643816,2024,9,App State,Georgia State,1,False,True,0.7708546114390502,1,0.7708546114390502,1,2023-2025,Weeks 7-9,Home field,Conference
401643817,2024,9,James Madison,Southern Mississippi,1,False,True,0.9280422317831871,1,0.9280422317831871,1,2023-2025,Weeks 7-9,Home field,Conference
401643818,2024,9,Arkansas State,Troy,1,False,True,0.6120809705049328,1,0.6120809705049328,1,2023-2025,Weeks 7-9,Home field,Conference
401643819,2024,9,South Alabama,Louisiana Monroe,1,False,True,0.9427245328052348,1,0.9427245328052348,1,2023-2025,Weeks 7-9,Home field,Conference
401644687,2024,9,Miami (OH),Central Michigan,1,False,True,0.8507488529604126,1,0.8507488529604126,1,2023-2025,Weeks 7-9,Home field,Conference
401644752,2024,9,Akron,Eastern Michigan,1,False,True,0.4105046680550255,0,0.5894953319449745,0,2023-2025,Weeks 7-9,Home field,Conference
401644753,2024,9,Ball State,Northern Illinois,1,False,True,0.1713911793520668,0,0.8286088206479332,0,2023-2025,Weeks 7-9,Home field,Conference
401644754,2024,9,Toledo,Bowling Green,0,False,True,0.667493908733553,1,0.667493908733553,0,2023-2025,Weeks 7-9,Home field,Conference
401644755,2024,9,Ohio,Buffalo,1,False,True,0.7160251343257061,1,0.7160251343257061,1,2023-2025,Weeks 7-9,Home field,Conference
401644756,2024,9,Western Michigan,Kent State,1,False,True,0.9068507498574315,1,0.9068507498574315,1,2023-2025,Weeks 7-9,Home field,Conference
401645352,2024,9,East Carolina,Temple,1,False,True,0.8553996166267268,1,0.8553996166267268,1,2023-2025,Weeks 7-9,Home field,Conference
401645353,2024,9,Memphis,Charlotte,1,False,True,0.9070086970114801,1,0.9070086970114801,1,2023-2025,Weeks 7-9,Home field,Conference
401645354,2024,9,North Texas,Tulane,0,False,True,0.23724926586051015,0,0.7627507341394899,1,2023-2025,Weeks 7-9,Home field,Conference
401645355,2024,9,Tulsa,UT San Antonio,1,False,True,0.20551082465171863,0,0.7944891753482813,0,2023-2025,Weeks 7-9,Home field,Conference
401628406,2024,10,Arkansas,Ole Miss,0,False,True,0.21143989998413248,0,0.7885601000158675,1,2023-2025,Weeks 10+,Home field,Conference
401628407,2024,10,Auburn,Vanderbilt,0,False,True,0.7561064639415904,1,0.7561064639415904,0,2023-2025,Weeks 10+,Home field,Conference
401628408,2024,10,Georgia,Florida,1,True,True,0.8782766948817238,1,0.8782766948817238,1,2023-2025,Weeks 10+,Neutral,Conference
401628409,2024,10,Mississippi State,UMass,1,False,False,0.7571557688761041,1,0.7571557688761041,1,2023-2025,Weeks 10+,Home field,Non-conference
401628411,2024,10,South Carolina,Texas A&M,1,False,True,0.33538242161516413,0,0.6646175783848358,0,2023-2025,Weeks 10+,Home field,Conference
401628412,2024,10,Tennessee,Kentucky,1,False,True,0.9127129367395206,1,0.9127129367395206,1,2023-2025,Weeks 10+,Home field,Conference
401628533,2024,10,Illinois,Minnesota,0,False,True,0.35168808921416905,0,0.648311910785831,1,2023-2025,Weeks 10+,Home field,Conference
401628534,2024,10,Michigan State,Indiana,0,False,True,0.2728693462453508,0,0.7271306537546491,1,2023-2025,Weeks 10+,Home field,Conference
401628535,2024,10,Iowa,Wisconsin,1,False,True,0.6137200263139894,1,0.6137200263139894,1,2023-2025,Weeks 10+,Home field,Conference
401628536,2024,10,Michigan,Oregon,0,False,True,0.19097949689378302,0,0.809020503106217,1,2023-2025,Weeks 10+,Home field,Conference
401628537,2024,10,Nebraska,UCLA,0,False,True,0.7733981295999176,1,0.7733981295999176,0,2023-2025,Weeks 10+,Home field,Conference
401628538,2024,10,Purdue,Northwestern,0,False,True,0.3005895899066961,0,0.6994104100933038,1,2023-2025,Weeks 10+,Home field,Conference
401628539,2024,10,Penn State,Ohio State,0,False,True,0.494845507368023,0,0.505154492631977,1,2023-2025,Weeks 10+,Home field,Conference
401628540,2024,10,Washington,USC,1,False,True,0.39497987073212515,0,0.6050201292678749,0,2023-2025,Weeks 10+,Home field,Conference
401629036,2024,10,Connecticut,Georgia State,1,False,False,0.7941040080322501,1,0.7941040080322501,1,2023-2025,Weeks 10+,Home field,Non-conference
401635516,2024,10,NC State,Stanford,1,False,True,0.8000965564101961,1,0.8000965564101961,1,2023-2025,Weeks 10+,Home field,Conference
401635600,2024,10,Clemson,Louisville,0,False,True,0.7993715156352688,1,0.7993715156352688,0,2023-2025,Weeks 10+,Home field,Conference
401635601,2024,10,Miami,Duke,1,False,True,0.9277283686655414,1,0.9277283686655414,1,2023-2025,Weeks 10+,Home field,Conference
401635602,2024,10,Florida State,North Carolina,0,False,True,0.5899296468672754,1,0.5899296468672754,0,2023-2025,Weeks 10+,Home field,Conference
401635604,2024,10,Syracuse,Virginia Tech,1,False,True,0.2986457403246245,0,0.7013542596753755,0,2023-2025,Weeks 10+,Home field,Conference
401635627,2024,10,SMU,Pittsburgh,1,False,True,0.7058964239691767,1,0.7058964239691767,1,2023-2025,Weeks 10+,Home field,Conference
401636912,2024,10,Baylor,TCU,1,False,True,0.5879405973242304,1,0.5879405973242304,1,2023-2025,Weeks 10+,Home field,Conference
401636913,2024,10,Houston,Kansas State,1,False,True,0.1420010888797951,0,0.8579989111202049,0,2023-2025,Weeks 10+,Home field,Conference
401636914,2024,10,Iowa State,Texas Tech,0,False,True,0.8496501785615689,1,0.8496501785615689,0,2023-2025,Weeks 10+,Home field,Conference
401636915,2024,10,Oklahoma State,Arizona State,0,False,True,0.5009705147670597,1,0.5009705147670597,0,2023-2025,Weeks 10+,Home field,Conference
401636916,2024,10,UCF,Arizona,1,False,True,0.6328176781516255,1,0.6328176781516255,1,2023-2025,Weeks 10+,Home field,Conference
401640985,2024,10,Florida International,New Mexico State,1,True,True,0.745529406017844,1,0.745529406017844,1,2023-2025,Weeks 10+,Neutral,Conference
401640994,2024,10,Liberty,Jacksonville State,0,False,True,0.6240074743661157,1,0.6240074743661157,0,2023-2025,Weeks 10+,Home field,Conference
401641012,2024,10,Sam Houston State,Louisiana Tech,1,False,True,0.7556301601652545,1,0.7556301601652545,1,2023-2025,Weeks 10+,Home field,Conference
401641020,2024,10,Western Kentucky,Kennesaw State,1,False,True,0.8952950296254489,1,0.8952950296254489,1,2023-2025,Weeks 10+,Home field,Conference
401641026,2024,10,UTEP,Middle Tennessee,0,False,True,0.6145759038583062,1,0.6145759038583062,0,2023-2025,Weeks 10+,Home field,Conference
401643746,2024,10,Army,Air Force,1,False,False,0.9589462671251794,1,0.9589462671251794,1,2023-2025,Weeks 10+,Home field,Non-conference
401643747,2024,10,Boise State,San Diego State,1,False,True,0.9196813263271062,1,0.9196813263271062,1,2023-2025,Weeks 10+,Home field,Conference
401643748,2024,10,Nevada,Colorado State,0,False,True,0.4321919920696097,0,0.5678080079303903,1,2023-2025,Weeks 10+,Home field,Conference
401643749,2024,10,Fresno State,Hawai'i,0,False,True,0.7807839858937561,1,0.7807839858937561,0,2023-2025,Weeks 10+,Home field,Conference
401643750,2024,10,New Mexico,Wyoming,0,False,True,0.5597910155695046,1,0.5597910155695046,0,2023-2025,Weeks 10+,Home field,Conference
401643820,2024,10,Texas State,Louisiana,0,False,True,0.5830291036206083,1,0.5830291036206083,0,2023-2025,Weeks 10+,Home field,Conference
401643821,2024,10,App State,Old Dominion,1,False,True,0.4098165015237343,0,0.5901834984762657,0,2023-2025,Weeks 10+,Home field,Conference
401643822,2024,10,Marshall,Louisiana Monroe,1,False,True,0.9231255408371087,1,0.9231255408371087,1,2023-2025,Weeks 10+,Home field,Conference
401643823,2024,10,South Alabama,Georgia Southern,0,False,True,0.8558213076871861,1,0.8558213076871861,0,2023-2025,Weeks 10+,Home field,Conference
401643824,2024,10,Troy,Coastal Carolina,1,False,True,0.5204048935861345,1,0.5204048935861345,1,2023-2025,Weeks 10+,Home field,Conference
401644757,2024,10,Akron,Buffalo,0,False,True,0.6336942534775525,1,0.6336942534775525,0,2023-2025,Weeks 10+,Home field,Conference
401644758,2024,10,Eastern Michigan,Toledo,0,False,True,0.3505031843999561,0,0.6494968156000439,1,2023-2025,Weeks 10+,Home field,Conference
401645356,2024,10,Charlotte,Tulane,0,False,True,0.13625322229643566,0,0.8637467777035643,1,2023-2025,Weeks 10+,Home field,Conference
401645357,2024,10,Florida Atlantic,South Florida,0,False,True,0.5135559026530976,1,0.5135559026530976,0,2023-2025,Weeks 10+,Home field,Conference
401645358,2024,10,UAB,Tulsa,1,False,True,0.692065510159156,1,0.692065510159156,1,2023-2025,Weeks 10+,Home field,Conference
401645359,2024,10,UT San Antonio,Memphis,1,False,True,0.3077135892724552,0,0.6922864107275448,0,2023-2025,Weeks 10+,Home field,Conference
401645360,2024,10,Rice,Navy,1,False,True,0.4944954616804763,0,0.5055045383195237,0,2023-2025,Weeks 10+,Home field,Conference
401628413,2024,11,LSU,Alabama,0,False,True,0.4360737105054942,0,0.5639262894945059,1,2023-2025,Weeks 10+,Home field,Conference
401628414,2024,11,Ole Miss,Georgia,1,False,True,0.4436100517922583,0,0.5563899482077417,0,2023-2025,Weeks 10+,Home field,Conference
401628415,2024,11,Missouri,Oklahoma,1,False,True,0.5529632258698385,1,0.5529632258698385,1,2023-2025,Weeks 10+,Home field,Conference
401628416,2024,11,Tennessee,Mississippi State,1,False,True,0.9650481170685139,1,0.9650481170685139,1,2023-2025,Weeks 10+,Home field,Conference
401628417,2024,11,Texas,Florida,1,False,True,0.8965059711921493,1,0.8965059711921493,1,2023-2025,Weeks 10+,Home field,Conference
401628418,2024,11,Vanderbilt,South Carolina,0,False,True,0.33931418411221953,0,0.6606858158877804,1,2023-2025,Weeks 10+,Home field,Conference
401628541,2024,11,Indiana,Michigan,1,False,True,0.8019028098309783,1,0.8019028098309783,1,2023-2025,Weeks 10+,Home field,Conference
401628542,2024,11,UCLA,Iowa,1,False,True,0.14603606152843895,0,0.853963938471561,0,2023-2025,Weeks 10+,Home field,Conference
401628543,2024,11,Oregon,Maryland,1,False,True,0.9652296574791055,1,0.9652296574791055,1,2023-2025,Weeks 10+,Home field,Conference
401628544,2024,11,Rutgers,Minnesota,1,False,True,0.2861364890466107,0,0.7138635109533893,0,2023-2025,Weeks 10+,Home field,Conference
401628545,2024,11,Ohio State,Purdue,1,False,True,0.9903015816397208,1,0.9903015816397208,1,2023-2025,Weeks 10+,Home field,Conference
401628546,2024,11,Penn State,Washington,1,False,True,0.9239656830444565,1,0.9239656830444565,1,2023-2025,Weeks 10+,Home field,Conference
401628984,2024,11,Notre Dame,Florida State,1,False,False,0.9577923859357809,1,0.9577923859357809,1,2023-2025,Weeks 10+,Home field,Non-conference
401629037,2024,11,UAB,Connecticut,0,False,False,0.42982738597604536,0,0.5701726140239547,1,2023-2025,Weeks 10+,Home field,Non-conference
401629045,2024,11,North Texas,Army,0,False,True,0.5598592586946901,1,0.5598592586946901,0,2023-2025,Weeks 10+,Home field,Conference
401634773,2024,11,Wake Forest,California,0,False,True,0.28226126321936695,0,0.717738736780633,1,2023-2025,Weeks 10+,Home field,Conference
401635606,2024,11,Boston College,Syracuse,1,False,True,0.575549770355112,1,0.575549770355112,1,2023-2025,Weeks 10+,Home field,Conference
401635607,2024,11,Virginia Tech,Clemson,0,False,True,0.33548212256364357,0,0.6645178774363565,1,2023-2025,Weeks 10+,Home field,Conference
401635608,2024,11,NC State,Duke,0,False,True,0.6925689782423191,1,0.6925689782423191,0,2023-2025,Weeks 10+,Home field,Conference
401635609,2024,11,Georgia Tech,Miami,1,False,True,0.2177397909420097,0,0.7822602090579903,0,2023-2025,Weeks 10+,Home field,Conference
401635610,2024,11,Pittsburgh,Virginia,0,False,True,0.7912131131577216,1,0.7912131131577216,0,2023-2025,Weeks 10+,Home field,Conference
401636917,2024,11,Arizona State,UCF,1,False,True,0.618831275712326,1,0.618831275712326,1,2023-2025,Weeks 10+,Home field,Conference
401636918,2024,11,Cincinnati,West Virginia,0,False,True,0.4647687315557118,0,0.5352312684442881,1,2023-2025,Weeks 10+,Home field,Conference
401636919,2024,11,Kansas,Iowa State,1,True,True,0.344087676767692,0,0.6559123232323081,0,2023-2025,Weeks 10+,Neutral,Conference
401636920,2024,11,TCU,Oklahoma State,1,False,True,0.6537389310849056,1,0.6537389310849056,1,2023-2025,Weeks 10+,Home field,Conference
401636921,2024,11,Texas Tech,Colorado,0,False,True,0.4203010104327797,0,0.5796989895672203,1,2023-2025,Weeks 10+,Home field,Conference
401636922,2024,11,Utah,BYU,0,False,True,0.5799139621442648,1,0.5799139621442648,0,2023-2025,Weeks 10+,Home field,Conference
401640995,2024,11,Middle Tennessee,Liberty,0,False,True,0.10524966563086519,0,0.8947503343691348,1,2023-2025,Weeks 10+,Home field,Conference
401641004,2024,11,Louisiana Tech,Jacksonville State,0,False,True,0.1749504064024078,0,0.8250495935975922,1,2023-2025,Weeks 10+,Home field,Conference
401641021,2024,11,UTEP,Kennesaw State,1,False,True,0.5401383954679215,1,0.5401383954679215,1,2023-2025,Weeks 10+,Home field,Conference
401641036,2024,11,New Mexico State,Western Kentucky,0,False,True,0.10166380117724023,0,0.8983361988227597,1,2023-2025,Weeks 10+,Home field,Conference
401643751,2024,11,Air Force,Fresno State,1,False,True,0.06698649468270096,0,0.933013505317299,0,2023-2025,Weeks 10+,Home field,Conference
401643752,2024,11,Boise State,Nevada,1,False,True,0.9351156464256665,1,0.9351156464256665,1,2023-2025,Weeks 10+,Home field,Conference
401643753,2024,11,Hawai'i,UNLV,0,False,True,0.20607928116763988,0,0.7939207188323602,1,2023-2025,Weeks 10+,Home field,Conference
401643754,2024,11,San Diego State,New Mexico,0,False,True,0.6721308132810886,1,0.6721308132810886,0,2023-2025,Weeks 10+,Home field,Conference
401643755,2024,11,Oregon State,San José State,0,False,False,0.579933327105483,1,0.579933327105483,0,2023-2025,Weeks 10+,Home field,Non-conference
401643756,2024,11,Washington State,Utah State,1,False,False,0.8808063169346043,1,0.8808063169346043,1,2023-2025,Weeks 10+,Home field,Non-conference
401643825,2024,11,Coastal Carolina,App State,1,False,True,0.4798873011304385,0,0.5201126988695615,0,2023-2025,Weeks 10+,Home field,Conference
401643826,2024,11,James Madison,Georgia State,1,False,True,0.8922963436386674,1,0.8922963436386674,1,2023-2025,Weeks 10+,Home field,Conference
401643827,2024,11,Louisiana,Arkansas State,1,False,True,0.8497637732982349,1,0.8497637732982349,1,2023-2025,Weeks 10+,Home field,Conference
401643828,2024,11,Louisiana Monroe,Texas State,0,False,True,0.0873598872899118,0,0.9126401127100882,1,2023-2025,Weeks 10+,Home field,Conference
401643829,2024,11,Southern Mississippi,Marshall,0,False,True,0.21726217738202458,0,0.7827378226179754,1,2023-2025,Weeks 10+,Home field,Conference
401644688,2024,11,Ball State,Miami (OH),0,False,True,0.10899291252298549,0,0.8910070874770145,1,2023-2025,Weeks 10+,Home field,Conference
401644760,2024,11,Central Michigan,Bowling Green,0,False,True,0.32786979425765633,0,0.6721302057423437,1,2023-2025,Weeks 10+,Home field,Conference
401644761,2024,11,Kent State,Ohio,0,False,True,0.13074583232970155,0,0.8692541676702985,1,2023-2025,Weeks 10+,Home field,Conference
401644762,2024,11,Western Michigan,Northern Illinois,0,False,True,0.4606270963945039,0,0.5393729036054962,1,2023-2025,Weeks 10+,Home field,Conference
401645361,2024,11,East Carolina,Florida Atlantic,1,False,True,0.8341423815077377,1,0.8341423815077377,1,2023-2025,Weeks 10+,Home field,Conference
401645362,2024,11,Memphis,Rice,1,False,True,0.814665086247461,1,0.814665086247461,1,2023-2025,Weeks 10+,Home field,Conference
401645363,2024,11,South Florida,Navy,0,False,True,0.7134404432980483,1,0.7134404432980483,0,2023-2025,Weeks 10+,Home field,Conference
401645364,2024,11,Tulane,Temple,1,False,True,0.9682759549841355,1,0.9682759549841355,1,2023-2025,Weeks 10+,Home field,Conference
401628419,2024,12,Arkansas,Texas,0,False,True,0.11309409229279091,0,0.8869059077072091,1,2023-2025,Weeks 10+,Home field,Conference
401628420,2024,12,Florida,LSU,1,False,True,0.41154164014850825,0,0.5884583598514918,0,2023-2025,Weeks 10+,Home field,Conference
401628421,2024,12,Georgia,Tennessee,1,False,True,0.7659237647348888,1,0.7659237647348888,1,2023-2025,Weeks 10+,Home field,Conference
401628423,2024,12,South Carolina,Missouri,1,False,True,0.6463518874369375,1,0.6463518874369375,1,2023-2025,Weeks 10+,Home field,Conference
401628424,2024,12,Texas A&M,New Mexico State,1,False,False,0.9898144194577924,1,0.9898144194577924,1,2023-2025,Weeks 10+,Home field,Non-conference
401628426,2024,12,Auburn,Louisiana Monroe,1,False,False,0.9770772851200606,1,0.9770772851200606,1,2023-2025,Weeks 10+,Home field,Non-conference
401628547,2024,12,Illinois,Michigan State,1,False,True,0.6101965295867081,1,0.6101965295867081,1,2023-2025,Weeks 10+,Home field,Conference
401628548,2024,12,Maryland,Rutgers,0,False,True,0.548836168873013,1,0.548836168873013,0,2023-2025,Weeks 10+,Home field,Conference
401628549,2024,12,USC,Nebraska,1,False,True,0.7617661912977005,1,0.7617661912977005,1,2023-2025,Weeks 10+,Home field,Conference
401628550,2024,12,Northwestern,Ohio State,0,True,True,0.042333207494826885,0,0.9576667925051732,1,2023-2025,Weeks 10+,Neutral,Conference
401628551,2024,12,Wisconsin,Oregon,0,False,True,0.15822227065710182,0,0.8417777293428982,1,2023-2025,Weeks 10+,Home field,Conference
401628552,2024,12,Purdue,Penn State,0,False,True,0.021095737301480094,0,0.9789042626985199,1,2023-2025,Weeks 10+,Home field,Conference
401628553,2024,12,Washington,UCLA,1,False,True,0.7104151438401483,1,0.7104151438401483,1,2023-2025,Weeks 10+,Home field,Conference
401628985,2024,12,Notre Dame,Virginia,1,False,False,0.9614197890871152,1,0.9614197890871152,1,2023-2025,Weeks 10+,Home field,Non-conference
401629046,2024,12,UMass,Liberty,0,False,False,0.1581533820895511,0,0.8418466179104489,1,2023-2025,Weeks 10+,Home field,Non-conference
401635517,2024,12,Stanford,Louisville,1,False,True,0.1277042578241315,0,0.8722957421758685,0,2023-2025,Weeks 10+,Home field,Conference
401635580,2024,12,SMU,Boston College,1,False,True,0.8732659083871456,1,0.8732659083871456,1,2023-2025,Weeks 10+,Home field,Conference
401635581,2024,12,California,Syracuse,0,False,True,0.7827747778734071,1,0.7827747778734071,0,2023-2025,Weeks 10+,Home field,Conference
401635582,2024,12,Pittsburgh,Clemson,0,False,True,0.24012074593157157,0,0.7598792540684285,1,2023-2025,Weeks 10+,Home field,Conference
401635583,2024,12,North Carolina,Wake Forest,1,False,True,0.6733662088281702,1,0.6733662088281702,1,2023-2025,Weeks 10+,Home field,Conference
401636923,2024,12,Arizona,Houston,1,False,True,0.6141664414955118,1,0.6141664414955118,1,2023-2025,Weeks 10+,Home field,Conference
401636924,2024,12,BYU,Kansas,0,False,True,0.5704048962678023,1,0.5704048962678023,0,2023-2025,Weeks 10+,Home field,Conference
401636925,2024,12,Colorado,Utah,1,False,True,0.608432456900641,1,0.608432456900641,1,2023-2025,Weeks 10+,Home field,Conference
401636926,2024,12,Iowa State,Cincinnati,1,False,True,0.7996116215206016,1,0.7996116215206016,1,2023-2025,Weeks 10+,Home field,Conference
401636927,2024,12,Kansas State,Arizona State,0,False,True,0.6632039699256412,1,0.6632039699256412,0,2023-2025,Weeks 10+,Home field,Conference
401636929,2024,12,West Virginia,Baylor,0,False,True,0.5525874942871911,1,0.5525874942871911,0,2023-2025,Weeks 10+,Home field,Conference
401640986,2024,12,Jacksonville State,Florida International,1,False,True,0.870074865051639,1,0.870074865051639,1,2023-2025,Weeks 10+,Home field,Conference
401641013,2024,12,Western Kentucky,Louisiana Tech,0,False,True,0.8491943130142358,1,0.8491943130142358,0,2023-2025,Weeks 10+,Home field,Conference
401641022,2024,12,Kennesaw State,Sam Houston State,0,False,True,0.32000916307863664,0,0.6799908369213634,1,2023-2025,Weeks 10+,Home field,Conference
401643757,2024,12,Air Force,Oregon State,1,False,False,0.16099231698281108,0,0.8390076830171889,0,2023-2025,Weeks 10+,Home field,Non-conference
401643758,2024,12,San José State,Boise State,0,False,True,0.21976346846988626,0,0.7802365315301137,1,2023-2025,Weeks 10+,Home field,Conference
401643759,2024,12,Colorado State,Wyoming,1,False,True,0.7964100789530076,1,0.7964100789530076,1,2023-2025,Weeks 10+,Home field,Conference
401643760,2024,12,Utah State,Hawai'i,1,False,True,0.5023726784528258,1,0.5023726784528258,1,2023-2025,Weeks 10+,Home field,Conference
401643761,2024,12,New Mexico,Washington State,1,False,False,0.16317216250037792,0,0.8368278374996221,0,2023-2025,Weeks 10+,Home field,Non-conference
401643762,2024,12,UNLV,San Diego State,1,False,True,0.9086425003529673,1,0.9086425003529673,1,2023-2025,Weeks 10+,Home field,Conference
401643830,2024,12,Georgia Southern,Troy,0,False,True,0.6074882408020569,1,0.6074882408020569,0,2023-2025,Weeks 10+,Home field,Conference
401643831,2024,12,Georgia State,Arkansas State,0,False,True,0.4780218426086988,0,0.5219781573913012,1,2023-2025,Weeks 10+,Home field,Conference
401643832,2024,12,Marshall,Coastal Carolina,1,False,True,0.764167252725043,1,0.764167252725043,1,2023-2025,Weeks 10+,Home field,Conference
401643833,2024,12,Old Dominion,James Madison,0,False,True,0.4732348010088228,0,0.5267651989911772,1,2023-2025,Weeks 10+,Home field,Conference
401643834,2024,12,Louisiana,South Alabama,0,False,True,0.6348674933178047,1,0.6348674933178047,0,2023-2025,Weeks 10+,Home field,Conference
401643835,2024,12,Texas State,Southern Mississippi,1,False,True,0.9427137386268488,1,0.9427137386268488,1,2023-2025,Weeks 10+,Home field,Conference
401644689,2024,12,Miami (OH),Kent State,1,False,True,0.9828685042888965,1,0.9828685042888965,1,2023-2025,Weeks 10+,Home field,Conference
401644763,2024,12,Buffalo,Ball State,1,False,True,0.5226450057765296,1,0.5226450057765296,1,2023-2025,Weeks 10+,Home field,Conference
401644764,2024,12,Bowling Green,Western Michigan,1,False,True,0.7325335634336456,1,0.7325335634336456,1,2023-2025,Weeks 10+,Home field,Conference
401644765,2024,12,Toledo,Central Michigan,1,False,True,0.7926381823366553,1,0.7926381823366553,1,2023-2025,Weeks 10+,Home field,Conference
401644766,2024,12,Northern Illinois,Akron,1,False,True,0.8861739447196991,1,0.8861739447196991,1,2023-2025,Weeks 10+,Home field,Conference
401644767,2024,12,Ohio,Eastern Michigan,1,False,True,0.6978996734923667,1,0.6978996734923667,1,2023-2025,Weeks 10+,Home field,Conference
401645365,2024,12,Tulsa,East Carolina,0,False,True,0.10236777891783379,0,0.8976322210821662,1,2023-2025,Weeks 10+,Home field,Conference
401645366,2024,12,UT San Antonio,North Texas,1,False,True,0.5532610679883806,1,0.5532610679883806,1,2023-2025,Weeks 10+,Home field,Conference
401645367,2024,12,Memphis,UAB,1,False,True,0.8885152900835303,1,0.8885152900835303,1,2023-2025,Weeks 10+,Home field,Conference
401645368,2024,12,Charlotte,South Florida,0,False,True,0.44948405527765606,0,0.550515944722344,1,2023-2025,Weeks 10+,Home field,Conference
401645369,2024,12,Temple,Florida Atlantic,1,False,True,0.5090570691262879,1,0.5090570691262879,1,2023-2025,Weeks 10+,Home field,Conference
401645370,2024,12,Navy,Tulane,0,False,True,0.16364013999074525,0,0.8363598600092548,1,2023-2025,Weeks 10+,Home field,Conference
401628427,2024,13,Arkansas,Louisiana Tech,1,False,False,0.9302479045440284,1,0.9302479045440284,1,2023-2025,Weeks 10+,Home field,Non-conference
401628428,2024,13,Auburn,Texas A&M,1,False,True,0.4111139266729739,0,0.588886073327026,0,2023-2025,Weeks 10+,Home field,Conference
401628429,2024,13,Florida,Ole Miss,1,False,True,0.24447064500781762,0,0.7555293549921824,0,2023-2025,Weeks 10+,Home field,Conference
401628430,2024,13,Georgia,UMass,1,False,False,0.9938920896748613,1,0.9938920896748613,1,2023-2025,Weeks 10+,Home field,Non-conference
401628431,2024,13,LSU,Vanderbilt,1,False,True,0.8478949893256441,1,0.8478949893256441,1,2023-2025,Weeks 10+,Home field,Conference
401628432,2024,13,Mississippi State,Missouri,0,False,True,0.1571454593341708,0,0.8428545406658292,1,2023-2025,Weeks 10+,Home field,Conference
401628433,2024,13,Oklahoma,Alabama,1,False,True,0.21218300812267363,0,0.7878169918773263,0,2023-2025,Weeks 10+,Home field,Conference
401628435,2024,13,Tennessee,UTEP,1,False,False,0.9889324110030667,1,0.9889324110030667,1,2023-2025,Weeks 10+,Home field,Non-conference
401628436,2024,13,Texas,Kentucky,1,False,True,0.947911593537599,1,0.947911593537599,1,2023-2025,Weeks 10+,Home field,Conference
401628554,2024,13,Rutgers,Illinois,0,False,True,0.5351240699955294,1,0.5351240699955294,0,2023-2025,Weeks 10+,Home field,Conference
401628555,2024,13,Ohio State,Indiana,1,False,True,0.8497059975201918,1,0.8497059975201918,1,2023-2025,Weeks 10+,Home field,Conference
401628556,2024,13,Maryland,Iowa,0,False,True,0.15554394957214615,0,0.8444560504278539,1,2023-2025,Weeks 10+,Home field,Conference
401628557,2024,13,Michigan,Northwestern,1,False,True,0.7430331350811934,1,0.7430331350811934,1,2023-2025,Weeks 10+,Home field,Conference
401628558,2024,13,Michigan State,Purdue,1,False,True,0.8130527772759084,1,0.8130527772759084,1,2023-2025,Weeks 10+,Home field,Conference
401628559,2024,13,Minnesota,Penn State,0,False,True,0.1538308240281737,0,0.8461691759718263,1,2023-2025,Weeks 10+,Home field,Conference
401628560,2024,13,Nebraska,Wisconsin,1,False,True,0.4640607694982905,0,0.5359392305017094,0,2023-2025,Weeks 10+,Home field,Conference
401628561,2024,13,UCLA,USC,0,False,True,0.23033599460502024,0,0.7696640053949797,1,2023-2025,Weeks 10+,Home field,Conference
401628572,2024,13,Oregon State,Washington State,1,False,True,0.24446291783927754,0,0.7555370821607225,0,2023-2025,Weeks 10+,Home field,Conference
401634772,2024,13,Georgia Tech,NC State,1,False,True,0.6873285306634294,1,0.6873285306634294,1,2023-2025,Weeks 10+,Home field,Conference
401635518,2024,13,Syracuse,Connecticut,1,False,False,0.7824563236157162,1,0.7824563236157162,1,2023-2025,Weeks 10+,Home field,Non-conference
401635612,2024,13,Boston College,North Carolina,1,False,True,0.5633625453529739,1,0.5633625453529739,1,2023-2025,Weeks 10+,Home field,Conference
401635613,2024,13,California,Stanford,1,False,True,0.8975304372592029,1,0.8975304372592029,1,2023-2025,Weeks 10+,Home field,Conference
401635615,2024,13,Duke,Virginia Tech,1,False,True,0.31273124855578577,0,0.6872687514442142,0,2023-2025,Weeks 10+,Home field,Conference
401635617,2024,13,Louisville,Pittsburgh,1,False,True,0.7208464585409801,1,0.7208464585409801,1,2023-2025,Weeks 10+,Home field,Conference
401635618,2024,13,Miami,Wake Forest,1,False,True,0.9402482424563057,1,0.9402482424563057,1,2023-2025,Weeks 10+,Home field,Conference
401635619,2024,13,Virginia,SMU,0,False,True,0.21589673412246013,0,0.7841032658775399,1,2023-2025,Weeks 10+,Home field,Conference
401636930,2024,13,Arizona State,BYU,1,False,True,0.6481375774810721,1,0.6481375774810721,1,2023-2025,Weeks 10+,Home field,Conference
401636931,2024,13,Houston,Baylor,0,False,True,0.18972497768038932,0,0.8102750223196107,1,2023-2025,Weeks 10+,Home field,Conference
401636932,2024,13,Kansas,Colorado,1,True,True,0.4421916446355494,0,0.5578083553644506,0,2023-2025,Weeks 10+,Neutral,Conference
401636933,2024,13,Kansas State,Cincinnati,1,False,True,0.7846008611592626,1,0.7846008611592626,1,2023-2025,Weeks 10+,Home field,Conference
401636934,2024,13,Oklahoma State,Texas Tech,0,False,True,0.6001207731484977,1,0.6001207731484977,0,2023-2025,Weeks 10+,Home field,Conference
401636935,2024,13,TCU,Arizona,1,False,True,0.8029335759815389,1,0.8029335759815389,1,2023-2025,Weeks 10+,Home field,Conference
401636936,2024,13,Utah,Iowa State,0,False,True,0.42173647390198743,0,0.5782635260980126,1,2023-2025,Weeks 10+,Home field,Conference
401636937,2024,13,West Virginia,UCF,1,False,True,0.5262174089830631,1,0.5262174089830631,1,2023-2025,Weeks 10+,Home field,Conference
401640959,2024,13,Notre Dame,Army,1,True,False,0.9623796037422195,1,0.9623796037422195,1,2023-2025,Weeks 10+,Neutral,Non-conference
401640987,2024,13,Kennesaw State,Florida International,1,False,True,0.41743509918494676,0,0.5825649008150533,0,2023-2025,Weeks 10+,Home field,Conference
401640996,2024,13,Liberty,Western Kentucky,1,False,True,0.6847333573348293,1,0.6847333573348293,1,2023-2025,Weeks 10+,Home field,Conference
401641005,2024,13,Jacksonville State,Sam Houston State,1,False,True,0.801819803214824,1,0.801819803214824,1,2023-2025,Weeks 10+,Home field,Conference
401641027,2024,13,Middle Tennessee,New Mexico State,0,False,True,0.6407725054068601,1,0.6407725054068601,0,2023-2025,Weeks 10+,Home field,Conference
401643763,2024,13,Nevada,Air Force,0,False,True,0.8427652797270799,1,0.8427652797270799,0,2023-2025,Weeks 10+,Home field,Conference
401643764,2024,13,Wyoming,Boise State,0,False,True,0.07600191938016485,0,0.9239980806198351,1,2023-2025,Weeks 10+,Home field,Conference
401643765,2024,13,Fresno State,Colorado State,1,False,True,0.6271741956004275,1,0.6271741956004275,1,2023-2025,Weeks 10+,Home field,Conference
401643766,2024,13,Utah State,San Diego State,1,False,True,0.7429710744393079,1,0.7429710744393079,1,2023-2025,Weeks 10+,Home field,Conference
401643767,2024,13,San José State,UNLV,0,False,True,0.29318624101832025,0,0.7068137589816798,1,2023-2025,Weeks 10+,Home field,Conference
401643836,2024,13,App State,James Madison,1,False,True,0.35081384354069467,0,0.6491861564593053,0,2023-2025,Weeks 10+,Home field,Conference
401643837,2024,13,Coastal Carolina,Georgia Southern,0,False,True,0.5500580279421863,1,0.5500580279421863,0,2023-2025,Weeks 10+,Home field,Conference
401643838,2024,13,Old Dominion,Marshall,0,False,True,0.5756399975320778,1,0.5756399975320778,0,2023-2025,Weeks 10+,Home field,Conference
401643839,2024,13,Arkansas State,Louisiana Monroe,1,False,True,0.8595130434891208,1,0.8595130434891208,1,2023-2025,Weeks 10+,Home field,Conference
401643840,2024,13,Louisiana,Troy,1,False,True,0.8595539071639733,1,0.8595539071639733,1,2023-2025,Weeks 10+,Home field,Conference
401643841,2024,13,Southern Mississippi,South Alabama,0,False,True,0.07826421415077525,0,0.9217357858492248,1,2023-2025,Weeks 10+,Home field,Conference
401643842,2024,13,Texas State,Georgia State,0,False,True,0.9466134541105058,1,0.9466134541105058,0,2023-2025,Weeks 10+,Home field,Conference
401644690,2024,13,Miami (OH),Northern Illinois,1,False,True,0.688816847450151,1,0.688816847450151,1,2023-2025,Weeks 10+,Home field,Conference
401644769,2024,13,Kent State,Akron,0,False,True,0.24238942889046503,0,0.757610571109535,1,2023-2025,Weeks 10+,Home field,Conference
401644770,2024,13,Central Michigan,Western Michigan,1,False,True,0.4256474260159657,0,0.5743525739840343,0,2023-2025,Weeks 10+,Home field,Conference
401644772,2024,13,Eastern Michigan,Buffalo,0,False,True,0.7103047881702286,1,0.7103047881702286,0,2023-2025,Weeks 10+,Home field,Conference
401644773,2024,13,Toledo,Ohio,0,False,True,0.6295726936802156,1,0.6295726936802156,0,2023-2025,Weeks 10+,Home field,Conference
401644774,2024,13,Ball State,Bowling Green,0,False,True,0.26057944244034786,0,0.7394205575596522,1,2023-2025,Weeks 10+,Home field,Conference
401645371,2024,13,Florida Atlantic,Charlotte,0,False,True,0.4909769518228047,0,0.5090230481771953,1,2023-2025,Weeks 10+,Home field,Conference
401645372,2024,13,North Texas,East Carolina,0,False,True,0.4345257878863614,0,0.5654742121136386,1,2023-2025,Weeks 10+,Home field,Conference
401645373,2024,13,UAB,Rice,1,False,True,0.3826996364261256,0,0.6173003635738744,0,2023-2025,Weeks 10+,Home field,Conference
401645374,2024,13,UT San Antonio,Temple,1,False,True,0.903354882999271,1,0.903354882999271,1,2023-2025,Weeks 10+,Home field,Conference
401645375,2024,13,South Florida,Tulsa,1,False,True,0.9022613925017204,1,0.9022613925017204,1,2023-2025,Weeks 10+,Home field,Conference
401628437,2024,14,Alabama,Auburn,1,False,True,0.8352103396156103,1,0.8352103396156103,1,2023-2025,Weeks 10+,Home field,Conference
401628438,2024,14,Florida State,Florida,0,False,False,0.2503016127482757,0,0.7496983872517242,1,2023-2025,Weeks 10+,Home field,Non-conference
401628439,2024,14,Georgia,Georgia Tech,1,False,False,0.9355221447012458,1,0.9355221447012458,1,2023-2025,Weeks 10+,Home field,Non-conference
401628440,2024,14,Kentucky,Louisville,0,False,False,0.3204534199616477,0,0.6795465800383522,1,2023-2025,Weeks 10+,Home field,Non-conference
401628441,2024,14,LSU,Oklahoma,1,False,True,0.5701455614121219,1,0.5701455614121219,1,2023-2025,Weeks 10+,Home field,Conference
401628442,2024,14,Ole Miss,Mississippi State,1,False,True,0.9745992359861106,1,0.9745992359861106,1,2023-2025,Weeks 10+,Home field,Conference
401628443,2024,14,Missouri,Arkansas,1,False,True,0.679274767688991,1,0.679274767688991,1,2023-2025,Weeks 10+,Home field,Conference
401628444,2024,14,Clemson,South Carolina,0,False,False,0.7459835388159849,1,0.7459835388159849,0,2023-2025,Weeks 10+,Home field,Non-conference
401628445,2024,14,Texas A&M,Texas,0,False,True,0.3032685111542984,0,0.6967314888457016,1,2023-2025,Weeks 10+,Home field,Conference
401628446,2024,14,Vanderbilt,Tennessee,0,False,True,0.14580168348275227,0,0.8541983165172478,1,2023-2025,Weeks 10+,Home field,Conference
401628562,2024,14,Iowa,Nebraska,1,False,True,0.7925522423404615,1,0.7925522423404615,1,2023-2025,Weeks 10+,Home field,Conference
401628563,2024,14,Northwestern,Illinois,0,True,True,0.38126072326746996,0,0.61873927673253,1,2023-2025,Weeks 10+,Neutral,Conference
401628564,2024,14,Indiana,Purdue,1,False,True,0.9633938835904237,1,0.9633938835904237,1,2023-2025,Weeks 10+,Home field,Conference
401628565,2024,14,Penn State,Maryland,1,False,True,0.9731844212202083,1,0.9731844212202083,1,2023-2025,Weeks 10+,Home field,Conference
401628566,2024,14,Ohio State,Michigan,0,False,True,0.9244389209768596,1,0.9244389209768596,0,2023-2025,Weeks 10+,Home field,Conference
401628567,2024,14,Michigan State,Rutgers,0,False,True,0.515860993337484,1,0.515860993337484,0,2023-2025,Weeks 10+,Home field,Conference
401628568,2024,14,Wisconsin,Minnesota,0,False,True,0.48905317128897136,0,0.5109468287110286,1,2023-2025,Weeks 10+,Home field,Conference
401628569,2024,14,Oregon,Washington,1,False,True,0.9352699791719098,1,0.9352699791719098,1,2023-2025,Weeks 10+,Home field,Conference
401628570,2024,14,UCLA,Fresno State,1,False,False,0.637501581703303,1,0.637501581703303,1,2023-2025,Weeks 10+,Home field,Non-conference
401628571,2024,14,USC,Notre Dame,0,False,False,0.2522908147579007,0,0.7477091852420993,1,2023-2025,Weeks 10+,Home field,Non-conference
401629038,2024,14,UMass,Connecticut,0,False,True,0.33365058510079754,0,0.6663494148992024,1,2023-2025,Weeks 10+,Home field,Conference
401635620,2024,14,Boston College,Pittsburgh,1,False,True,0.5545116848712263,1,0.5545116848712263,1,2023-2025,Weeks 10+,Home field,Conference
401635621,2024,14,SMU,California,1,False,True,0.7400873617578494,1,0.7400873617578494,1,2023-2025,Weeks 10+,Home field,Conference
401635622,2024,14,Wake Forest,Duke,0,False,True,0.5122491599877163,1,0.5122491599877163,0,2023-2025,Weeks 10+,Home field,Conference
401635623,2024,14,Syracuse,Miami,1,False,True,0.14544441598562663,0,0.8545555840143734,0,2023-2025,Weeks 10+,Home field,Conference
401635624,2024,14,North Carolina,NC State,0,False,True,0.47767144573495995,0,0.52232855426504,1,2023-2025,Weeks 10+,Home field,Conference
401635625,2024,14,San José State,Stanford,1,False,False,0.6651306928329145,1,0.6651306928329145,1,2023-2025,Weeks 10+,Home field,Non-conference
401635640,2024,14,Virginia Tech,Virginia,1,False,True,0.8230843445211162,1,0.8230843445211162,1,2023-2025,Weeks 10+,Home field,Conference
401636938,2024,14,Colorado,Oklahoma State,1,False,True,0.7519105931268228,1,0.7519105931268228,1,2023-2025,Weeks 10+,Home field,Conference
401636939,2024,14,UCF,Utah,0,False,True,0.566482413430202,1,0.566482413430202,0,2023-2025,Weeks 10+,Home field,Conference
401636940,2024,14,Arizona,Arizona State,0,False,True,0.23959002003899588,0,0.7604099799610041,1,2023-2025,Weeks 10+,Home field,Conference
401636941,2024,14,Baylor,Kansas,1,False,True,0.5457268732042673,1,0.5457268732042673,1,2023-2025,Weeks 10+,Home field,Conference
401636942,2024,14,BYU,Houston,1,False,True,0.8733847372687968,1,0.8733847372687968,1,2023-2025,Weeks 10+,Home field,Conference
401636943,2024,14,Cincinnati,TCU,0,False,True,0.33682895585575795,0,0.663171044144242,1,2023-2025,Weeks 10+,Home field,Conference
401636944,2024,14,Iowa State,Kansas State,1,False,True,0.5852263268772893,1,0.5852263268772893,1,2023-2025,Weeks 10+,Home field,Conference
401636945,2024,14,Texas Tech,West Virginia,1,False,True,0.4631984241112491,0,0.5368015758887509,0,2023-2025,Weeks 10+,Home field,Conference
401640988,2024,14,Florida International,Middle Tennessee,1,True,True,0.7967648954680215,1,0.7967648954680215,1,2023-2025,Weeks 10+,Neutral,Conference
401640997,2024,14,Sam Houston State,Liberty,1,False,True,0.3019898696040872,0,0.6980101303959128,0,2023-2025,Weeks 10+,Home field,Conference
401641006,2024,14,Western Kentucky,Jacksonville State,1,False,True,0.4354760785297923,0,0.5645239214702077,0,2023-2025,Weeks 10+,Home field,Conference
401641014,2024,14,Louisiana Tech,Kennesaw State,1,False,True,0.6609106401179193,1,0.6609106401179193,1,2023-2025,Weeks 10+,Home field,Conference
401641031,2024,14,New Mexico State,UTEP,0,False,True,0.5668240815178474,1,0.5668240815178474,0,2023-2025,Weeks 10+,Home field,Conference
401643768,2024,14,San Diego State,Air Force,0,False,True,0.7707138263734084,1,0.7707138263734084,0,2023-2025,Weeks 10+,Home field,Conference
401643769,2024,14,Boise State,Oregon State,1,False,False,0.9318569807940935,1,0.9318569807940935,1,2023-2025,Weeks 10+,Home field,Non-conference
401643770,2024,14,Colorado State,Utah State,1,False,True,0.5881462990835179,1,0.5881462990835179,1,2023-2025,Weeks 10+,Home field,Conference
401643771,2024,14,Hawai'i,New Mexico,1,False,True,0.6126773661690226,1,0.6126773661690226,1,2023-2025,Weeks 10+,Home field,Conference
401643772,2024,14,UNLV,Nevada,1,False,True,0.8906072948447161,1,0.8906072948447161,1,2023-2025,Weeks 10+,Home field,Conference
401643773,2024,14,Washington State,Wyoming,0,False,False,0.9094620648045663,1,0.9094620648045663,0,2023-2025,Weeks 10+,Home field,Non-conference
401643843,2024,14,South Alabama,Texas State,0,False,True,0.50367081154109,1,0.50367081154109,0,2023-2025,Weeks 10+,Home field,Conference
401643844,2024,14,Georgia Southern,App State,1,False,True,0.504390887796494,1,0.504390887796494,1,2023-2025,Weeks 10+,Home field,Conference
401643845,2024,14,Georgia State,Coastal Carolina,0,False,True,0.5047519390031303,1,0.5047519390031303,0,2023-2025,Weeks 10+,Home field,Conference
401643846,2024,14,James Madison,Marshall,0,False,True,0.5784684357523148,1,0.5784684357523148,0,2023-2025,Weeks 10+,Home field,Conference
401643847,2024,14,Arkansas State,Old Dominion,0,False,True,0.32693253723842575,0,0.6730674627615743,1,2023-2025,Weeks 10+,Home field,Conference
401643848,2024,14,Louisiana Monroe,Louisiana,0,False,True,0.05375802794701513,0,0.9462419720529849,1,2023-2025,Weeks 10+,Home field,Conference
401643849,2024,14,Troy,Southern Mississippi,1,False,True,0.8628677206307547,1,0.8628677206307547,1,2023-2025,Weeks 10+,Home field,Conference
401644691,2024,14,Bowling Green,Miami (OH),0,False,True,0.4088176133974384,0,0.5911823866025616,1,2023-2025,Weeks 10+,Home field,Conference
401644775,2024,14,Akron,Toledo,1,False,True,0.28051672521332677,0,0.7194832747866733,0,2023-2025,Weeks 10+,Home field,Conference
401644776,2024,14,Buffalo,Kent State,1,False,True,0.8733884039377411,1,0.8733884039377411,1,2023-2025,Weeks 10+,Home field,Conference
401644777,2024,14,Ohio,Ball State,1,False,True,0.8457770995621435,1,0.8457770995621435,1,2023-2025,Weeks 10+,Home field,Conference
401644779,2024,14,Northern Illinois,Central Michigan,1,False,True,0.841690425173071,1,0.841690425173071,1,2023-2025,Weeks 10+,Home field,Conference
401644780,2024,14,Western Michigan,Eastern Michigan,1,False,True,0.6601335392656087,1,0.6601335392656087,1,2023-2025,Weeks 10+,Home field,Conference
401645376,2024,14,Tulane,Memphis,0,False,True,0.7383067414957535,1,0.7383067414957535,0,2023-2025,Weeks 10+,Home field,Conference
401645377,2024,14,Charlotte,UAB,1,False,True,0.4710780460277427,0,0.5289219539722573,0,2023-2025,Weeks 10+,Home field,Conference
401645378,2024,14,Army,UT San Antonio,1,False,True,0.5641098675289731,1,0.5641098675289731,1,2023-2025,Weeks 10+,Home field,Conference
401645379,2024,14,East Carolina,Navy,0,False,True,0.8072436834347314,1,0.8072436834347314,0,2023-2025,Weeks 10+,Home field,Conference
401645380,2024,14,Tulsa,Florida Atlantic,0,False,True,0.43148449368382225,0,0.5685155063161778,1,2023-2025,Weeks 10+,Home field,Conference
401645381,2024,14,Temple,North Texas,0,False,True,0.21851443159748085,0,0.7814855684025191,1,2023-2025,Weeks 10+,Home field,Conference
401645382,2024,14,Rice,South Florida,1,False,True,0.3599962981653904,0,0.6400037018346096,0,2023-2025,Weeks 10+,Home field,Conference
401673462,2024,15,Army,Tulane,1,False,True,0.16155689935313944,0,0.8384431006468606,0,2023-2025,Weeks 10+,Home field,Conference
401673463,2024,15,SMU,Clemson,0,True,True,0.4424484903504685,0,0.5575515096495315,1,2023-2025,Weeks 10+,Neutral,Conference
401673464,2024,15,Oregon,Penn State,1,True,True,0.49031664883018494,0,0.5096833511698151,0,2023-2025,Weeks 10+,Neutral,Conference
401673465,2024,15,Arizona State,Iowa State,1,True,True,0.5698542098970206,1,0.5698542098970206,1,2023-2025,Weeks 10+,Neutral,Conference
401673466,2024,15,Jacksonville State,Western Kentucky,1,False,True,0.7185157101536198,1,0.7185157101536198,1,2023-2025,Weeks 10+,Home field,Conference
401673467,2024,15,Miami (OH),Ohio,0,True,True,0.7361856319289537,1,0.7361856319289537,0,2023-2025,Weeks 10+,Neutral,Conference
401673468,2024,15,Boise State,UNLV,1,False,True,0.6745990596553766,1,0.6745990596553766,1,2023-2025,Weeks 10+,Home field,Conference
401673469,2024,15,Texas,Georgia,0,True,True,0.5444581117827864,1,0.5444581117827864,0,2023-2025,Weeks 10+,Neutral,Conference
401673470,2024,15,Louisiana,Marshall,0,False,True,0.7132338346548586,1,0.7132338346548586,0,2023-2025,Weeks 10+,Home field,Conference
401645383,2024,16,Army,Navy,0,True,True,0.6694829571110148,1,0.6694829571110148,0,2023-2025,Weeks 10+,Neutral,Conference
401752665,2025,1,Florida State,Alabama,1,False,False,0.11974641357372567,0,0.8802535864262744,0,2023-2025,Weeks 1-3,Home field,Non-conference
401752667,2025,1,Baylor,Auburn,0,False,False,0.5886960149348297,1,0.5886960149348297,0,2023-2025,Weeks 1-3,Home field,Non-conference
401752669,2025,1,Georgia,Marshall,1,False,False,0.9737881608350839,1,0.9737881608350839,1,2023-2025,Weeks 1-3,Home field,Non-conference
401752670,2025,1,Kentucky,Toledo,1,False,False,0.6979566841707396,1,0.6979566841707396,1,2023-2025,Weeks 1-3,Home field,Non-conference
401752671,2025,1,Clemson,LSU,0,False,False,0.7107665319185479,1,0.7107665319185479,0,2023-2025,Weeks 1-3,Home field,Non-conference
401752672,2025,1,Ole Miss,Georgia State,1,False,False,0.970199439484227,1,0.970199439484227,1,2023-2025,Weeks 1-3,Home field,Non-conference
401752673,2025,1,Southern Mississippi,Mississippi State,0,False,False,0.13708570299075784,0,0.8629142970092422,1,2023-2025,Weeks 1-3,Home field,Non-conference
401752676,2025,1,Tennessee,Syracuse,1,True,False,0.824957766365092,1,0.824957766365092,1,2023-2025,Weeks 1-3,Neutral,Non-conference
401752677,2025,1,Ohio State,Texas,1,False,False,0.7418112360447461,1,0.7418112360447461,1,2023-2025,Weeks 1-3,Home field,Non-conference
401752678,2025,1,Texas A&M,UT San Antonio,1,False,False,0.8391440537727284,1,0.8391440537727284,1,2023-2025,Weeks 1-3,Home field,Non-conference
401752680,2025,1,South Carolina,Virginia Tech,1,True,False,0.7291185336422434,1,0.7291185336422434,1,2023-2025,Weeks 1-3,Neutral,Non-conference
401752793,2025,1,Minnesota,Buffalo,1,False,False,0.9151981550081401,1,0.9151981550081401,1,2023-2025,Weeks 1-3,Home field,Non-conference
401752794,2025,1,Rutgers,Ohio,1,False,False,0.6849712472350179,1,0.6849712472350179,1,2023-2025,Weeks 1-3,Home field,Non-conference
401752796,2025,1,Cincinnati,Nebraska,0,True,False,0.400134851118649,0,0.599865148881351,1,2023-2025,Weeks 1-3,Neutral,Non-conference
401752797,2025,1,Maryland,Florida Atlantic,1,False,False,0.8142669225809244,1,0.8142669225809244,1,2023-2025,Weeks 1-3,Home field,Non-conference
401752798,2025,1,USC,Missouri State,1,False,False,0.9468533414576484,1,0.9468533414576484,1,2023-2025,Weeks 1-3,Home field,Non-conference
401752800,2025,1,UCLA,Utah,0,False,False,0.4373575524885829,0,0.5626424475114171,1,2023-2025,Weeks 1-3,Home field,Non-conference
401752801,2025,1,Purdue,Ball State,1,False,False,0.786065712878266,1,0.786065712878266,1,2023-2025,Weeks 1-3,Home field,Non-conference
401752802,2025,1,Michigan State,Western Michigan,1,False,False,0.889548042457265,1,0.889548042457265,1,2023-2025,Weeks 1-3,Home field,Non-conference
401752803,2025,1,Tulane,Northwestern,1,False,False,0.780152553656803,1,0.780152553656803,1,2023-2025,Weeks 1-3,Home field,Non-conference
401752805,2025,1,Washington,Colorado State,1,False,False,0.8363132674095957,1,0.8363132674095957,1,2023-2025,Weeks 1-3,Home field,Non-conference
401752806,2025,1,Indiana,Old Dominion,1,False,False,0.94023939269074,1,0.94023939269074,1,2023-2025,Weeks 1-3,Home field,Non-conference
401752807,2025,1,Penn State,Nevada,1,False,False,0.9928165943355474,1,0.9928165943355474,1,2023-2025,Weeks 1-3,Home field,Non-conference
401752808,2025,1,Michigan,New Mexico,1,False,False,0.9678720937048195,1,0.9678720937048195,1,2023-2025,Weeks 1-3,Home field,Non-conference
401752936,2025,1,Oregon State,California,0,False,False,0.4500737974692581,0,0.5499262025307419,1,2023-2025,Weeks 1-3,Home field,Non-conference
401754373,2025,1,NC State,East Carolina,1,False,False,0.79743965646159,1,0.79743965646159,1,2023-2025,Weeks 1-3,Home field,Non-conference
401754374,2025,1,Wake Forest,Kennesaw State,1,False,False,0.8530993132945148,1,0.8530993132945148,1,2023-2025,Weeks 1-3,Home field,Non-conference
401754375,2025,1,Colorado,Georgia Tech,0,False,False,0.5922793036437256,1,0.5922793036437256,0,2023-2025,Weeks 1-3,Home field,Non-conference
401754516,2025,1,Hawai'i,Stanford,1,False,False,0.477375389527781,0,0.522624610472219,0,2023-2025,Weeks 1-3,Home field,Non-conference
401754522,2025,1,Miami,Notre Dame,1,False,False,0.3279167856049232,0,0.6720832143950768,0,2023-2025,Weeks 1-3,Home field,Non-conference
401754523,2025,1,North Carolina,TCU,0,False,False,0.33577104906207367,0,0.6642289509379263,1,2023-2025,Weeks 1-3,Home field,Non-conference
401754616,2025,1,Virginia,Coastal Carolina,1,False,False,0.7041650622533514,1,0.7041650622533514,1,2023-2025,Weeks 1-3,Home field,Non-conference
401756846,2025,1,Kansas State,Iowa State,0,True,True,0.677123001648358,1,0.677123001648358,0,2023-2025,Weeks 1-3,Neutral,Conference
401756847,2025,1,Kansas,Fresno State,1,False,False,0.831497110826747,1,0.831497110826747,1,2023-2025,Weeks 1-3,Home field,Non-conference
401756848,2025,1,UCF,Jacksonville State,1,False,False,0.7872935836014544,1,0.7872935836014544,1,2023-2025,Weeks 1-3,Home field,Non-conference
401756849,2025,1,Arizona,Hawai'i,1,False,False,0.7559001396153713,1,0.7559001396153713,1,2023-2025,Weeks 1-3,Home field,Non-conference
401757218,2025,1,Western Kentucky,Sam Houston State,1,False,True,0.6879696772537149,1,0.6879696772537149,1,2023-2025,Weeks 1-3,Home field,Conference
401757224,2025,1,Sam Houston State,UNLV,0,True,False,0.1956488512225269,0,0.804351148777473,1,2023-2025,Weeks 1-3,Neutral,Non-conference
401757225,2025,1,Utah State,UTEP,1,False,False,0.7233648389681194,1,0.7233648389681194,1,2023-2025,Weeks 1-3,Home field,Non-conference
401760358,2025,1,San José State,Central Michigan,0,False,False,0.8818270514395354,1,0.8818270514395354,0,2023-2025,Weeks 1-3,Home field,Non-conference
401760361,2025,1,Fresno State,Georgia Southern,1,False,False,0.5120872072595251,1,0.5120872072595251,1,2023-2025,Weeks 1-3,Home field,Non-conference
401761589,2025,1,Charlotte,App State,0,True,False,0.29836435618761303,0,0.701635643812387,1,2023-2025,Weeks 1-3,Neutral,Non-conference
401761592,2025,1,Louisiana,Rice,0,False,False,0.7644707480762867,1,0.7644707480762867,0,2023-2025,Weeks 1-3,Home field,Non-conference
401761594,2025,1,Texas State,Eastern Michigan,1,False,False,0.8694712630782755,1,0.8694712630782755,1,2023-2025,Weeks 1-3,Home field,Non-conference
401762456,2025,1,UMass,Temple,0,False,False,0.4921314981542889,0,0.5078685018457111,1,2023-2025,Weeks 1-3,Home field,Non-conference
401762522,2025,1,South Florida,Boise State,1,False,False,0.3364339162685655,0,0.6635660837314346,0,2023-2025,Weeks 1-3,Home field,Non-conference
401762789,2025,1,Akron,Wyoming,0,False,False,0.5154184288640222,1,0.5154184288640222,0,2023-2025,Weeks 1-3,Home field,Non-conference
401762791,2025,1,Wisconsin,Miami (OH),1,False,False,0.8189932172817428,1,0.8189932172817428,1,2023-2025,Weeks 1-3,Home field,Non-conference
401769070,2025,1,Ohio State,Miami,0,True,False,0.7257708263963578,1,0.7257708263963578,0,2023-2025,Weeks 1-3,Neutral,Non-conference
401769071,2025,1,Texas Tech,Oregon,0,True,False,0.4908962765595206,0,0.5091037234404794,1,2023-2025,Weeks 1-3,Neutral,Non-conference
401769072,2025,1,Indiana,Alabama,1,True,False,0.6556539360789825,1,0.6556539360789825,1,2023-2025,Weeks 1-3,Neutral,Non-conference
401769073,2025,1,Georgia,Ole Miss,0,True,False,0.6393510892997425,1,0.6393510892997425,0,2023-2025,Weeks 1-3,Neutral,Non-conference
401769074,2025,1,Indiana,Oregon,1,True,False,0.6355968938473928,1,0.6355968938473928,1,2023-2025,Weeks 1-3,Neutral,Non-conference
401769075,2025,1,Ole Miss,Miami,0,True,False,0.44813701549055074,0,0.5518629845094493,1,2023-2025,Weeks 1-3,Neutral,Non-conference
401769076,2025,1,Indiana,Miami,1,True,False,0.7634535284654798,1,0.7634535284654798,1,2023-2025,Weeks 1-3,Neutral,Non-conference
401779840,2025,1,Oklahoma,Alabama,0,False,False,0.4511053410442948,0,0.5488946589557052,1,2023-2025,Weeks 1-3,Home field,Non-conference
401779841,2025,1,Texas A&M,Miami,0,False,False,0.5422280026185595,1,0.5422280026185595,0,2023-2025,Weeks 1-3,Home field,Non-conference
401779842,2025,1,Ole Miss,Tulane,1,False,False,0.8760376666910575,1,0.8760376666910575,1,2023-2025,Weeks 1-3,Home field,Non-conference
401779843,2025,1,Oregon,James Madison,1,False,False,0.8535670224051249,1,0.8535670224051249,1,2023-2025,Weeks 1-3,Home field,Non-conference
401752681,2025,2,Alabama,Louisiana Monroe,1,False,False,0.9270473477220561,1,0.9270473477220561,1,2023-2025,Weeks 1-3,Home field,Non-conference
401752682,2025,2,Arkansas,Arkansas State,1,True,False,0.7705907844553825,1,0.7705907844553825,1,2023-2025,Weeks 1-3,Neutral,Non-conference
401752683,2025,2,Auburn,Ball State,1,False,False,0.9930000781849074,1,0.9930000781849074,1,2023-2025,Weeks 1-3,Home field,Non-conference
401752684,2025,2,Florida,South Florida,0,False,False,0.8452811642648054,1,0.8452811642648054,0,2023-2025,Weeks 1-3,Home field,Non-conference
401752686,2025,2,Kentucky,Ole Miss,0,False,True,0.23791547681893194,0,0.762084523181068,1,2023-2025,Weeks 1-3,Home field,Conference
401752687,2025,2,LSU,Louisiana Tech,1,False,False,0.9032752922620941,1,0.9032752922620941,1,2023-2025,Weeks 1-3,Home field,Non-conference
401752688,2025,2,Mississippi State,Arizona State,1,False,False,0.27448311767171224,0,0.7255168823282878,0,2023-2025,Weeks 1-3,Home field,Non-conference
401752689,2025,2,Missouri,Kansas,1,False,False,0.49839484256265904,0,0.501605157437341,0,2023-2025,Weeks 1-3,Home field,Non-conference
401752690,2025,2,Oklahoma,Michigan,1,False,False,0.31284359639790427,0,0.6871564036020957,0,2023-2025,Weeks 1-3,Home field,Non-conference
401752693,2025,2,Texas,San José State,1,False,False,0.9664974263872633,1,0.9664974263872633,1,2023-2025,Weeks 1-3,Home field,Non-conference
401752694,2025,2,Texas A&M,Utah State,1,False,False,0.9689987202825034,1,0.9689987202825034,1,2023-2025,Weeks 1-3,Home field,Non-conference
401752695,2025,2,Virginia Tech,Vanderbilt,0,False,False,0.27289396370629493,0,0.7271060362937051,1,2023-2025,Weeks 1-3,Home field,Non-conference
401752810,2025,2,Nebraska,Akron,1,False,False,0.909886198861016,1,0.909886198861016,1,2023-2025,Weeks 1-3,Home field,Non-conference
401752811,2025,2,Penn State,Florida International,1,False,False,0.9859505155466096,1,0.9859505155466096,1,2023-2025,Weeks 1-3,Home field,Non-conference
401752812,2025,2,Indiana,Kennesaw State,1,False,False,0.9753283351656593,1,0.9753283351656593,1,2023-2025,Weeks 1-3,Home field,Non-conference
401752814,2025,2,USC,Georgia Southern,1,False,False,0.9620256566629969,1,0.9620256566629969,1,2023-2025,Weeks 1-3,Home field,Non-conference
401752816,2025,2,Michigan State,Boston College,1,False,False,0.48914426866251715,0,0.5108557313374829,0,2023-2025,Weeks 1-3,Home field,Non-conference
401752818,2025,2,Rutgers,Miami (OH),1,False,False,0.921881347386674,1,0.921881347386674,1,2023-2025,Weeks 1-3,Home field,Non-conference
401752820,2025,2,Wisconsin,Middle Tennessee,1,False,False,0.9263888408723151,1,0.9263888408723151,1,2023-2025,Weeks 1-3,Home field,Non-conference
401752822,2025,2,Iowa State,Iowa,1,False,False,0.34515115568196625,0,0.6548488443180338,0,2023-2025,Weeks 1-3,Home field,Non-conference
401752823,2025,2,UNLV,UCLA,1,False,False,0.7007872908420655,1,0.7007872908420655,1,2023-2025,Weeks 1-3,Home field,Non-conference
401752824,2025,2,Oregon,Oklahoma State,1,False,False,0.9368930365621649,1,0.9368930365621649,1,2023-2025,Weeks 1-3,Home field,Non-conference
401752825,2025,2,Duke,Illinois,0,False,False,0.3251645488858935,0,0.6748354511141065,1,2023-2025,Weeks 1-3,Home field,Non-conference
401752826,2025,2,Maryland,Northern Illinois,1,False,False,0.7699456900228526,1,0.7699456900228526,1,2023-2025,Weeks 1-3,Home field,Non-conference
401752937,2025,2,Oregon State,Fresno State,0,False,False,0.58256434771784,1,0.58256434771784,0,2023-2025,Weeks 1-3,Home field,Non-conference
401752948,2025,2,Washington State,San Diego State,1,False,False,0.5933938938778498,1,0.5933938938778498,1,2023-2025,Weeks 1-3,Home field,Non-conference
401754524,2025,2,NC State,Virginia,1,False,False,0.6795378543801367,1,0.6795378543801367,1,2023-2025,Weeks 1-3,Home field,Non-conference
401754525,2025,2,SMU,Baylor,0,False,False,0.7602907422478251,1,0.7602907422478251,0,2023-2025,Weeks 1-3,Home field,Non-conference
401754526,2025,2,BYU,Stanford,1,False,False,0.8924408740048665,1,0.8924408740048665,1,2023-2025,Weeks 1-3,Home field,Non-conference
401754527,2025,2,Charlotte,North Carolina,0,False,False,0.23009115917323136,0,0.7699088408267687,1,2023-2025,Weeks 1-3,Home field,Non-conference
401754528,2025,2,Louisville,James Madison,1,False,False,0.7738515530472273,1,0.7738515530472273,1,2023-2025,Weeks 1-3,Home field,Non-conference
401754529,2025,2,Pittsburgh,Central Michigan,1,False,False,0.9089634661866847,1,0.9089634661866847,1,2023-2025,Weeks 1-3,Home field,Non-conference
401754618,2025,2,Syracuse,Connecticut,1,False,False,0.5220547932307618,1,0.5220547932307618,1,2023-2025,Weeks 1-3,Home field,Non-conference
401754637,2025,2,Clemson,Troy,1,False,False,0.8983897557684177,1,0.8983897557684177,1,2023-2025,Weeks 1-3,Home field,Non-conference
401756880,2025,2,Cincinnati,Bowling Green,1,False,False,0.8135922689508635,1,0.8135922689508635,1,2023-2025,Weeks 1-3,Home field,Non-conference
401756881,2025,2,Colorado,Delaware,1,False,False,0.5249209123614774,1,0.5249209123614774,1,2023-2025,Weeks 1-3,Home field,Non-conference
401756882,2025,2,Kansas State,Army,0,False,False,0.8735314200674111,1,0.8735314200674111,0,2023-2025,Weeks 1-3,Home field,Non-conference
401756883,2025,2,Ohio,West Virginia,1,False,False,0.30944156143416623,0,0.6905584385658338,0,2023-2025,Weeks 1-3,Home field,Non-conference
401756884,2025,2,Rice,Houston,0,False,False,0.2210428071160906,0,0.7789571928839094,1,2023-2025,Weeks 1-3,Home field,Non-conference
401756885,2025,2,Texas Tech,Kent State,1,False,False,0.9930291575055047,1,0.9930291575055047,1,2023-2025,Weeks 1-3,Home field,Non-conference
401757227,2025,2,Jacksonville State,Liberty,1,False,True,0.3617968905694181,0,0.6382031094305819,0,2023-2025,Weeks 1-3,Home field,Conference
401757228,2025,2,Marshall,Missouri State,0,False,False,0.8618197979856218,1,0.8618197979856218,0,2023-2025,Weeks 1-3,Home field,Non-conference
401757229,2025,2,New Mexico State,Tulsa,1,False,False,0.6366870169451642,1,0.6366870169451642,1,2023-2025,Weeks 1-3,Home field,Non-conference
401757230,2025,2,Hawai'i,Sam Houston State,1,False,False,0.540788721482324,1,0.540788721482324,1,2023-2025,Weeks 1-3,Home field,Non-conference
401757232,2025,2,Toledo,Western Kentucky,1,False,False,0.5790287967113332,1,0.5790287967113332,1,2023-2025,Weeks 1-3,Home field,Non-conference
401761598,2025,2,Georgia State,Memphis,0,False,False,0.0665882406926327,0,0.9334117593073673,1,2023-2025,Weeks 1-3,Home field,Non-conference
401761601,2025,2,South Alabama,Tulane,0,False,False,0.3788557030484696,0,0.6211442969515304,1,2023-2025,Weeks 1-3,Home field,Non-conference
401761603,2025,2,UT San Antonio,Texas State,0,False,False,0.6249619706502904,1,0.6249619706502904,0,2023-2025,Weeks 1-3,Home field,Non-conference
401762458,2025,2,Navy,UAB,1,False,True,0.553911182559985,1,0.553911182559985,1,2023-2025,Weeks 1-3,Home field,Conference
401762461,2025,2,Western Michigan,North Texas,0,False,False,0.1583768106341155,0,0.8416231893658845,1,2023-2025,Weeks 1-3,Home field,Non-conference
401752696,2025,3,Alabama,Wisconsin,1,False,False,0.8827467638902006,1,0.8827467638902006,1,2023-2025,Weeks 1-3,Home field,Non-conference
401752697,2025,3,Auburn,South Alabama,1,False,False,0.910615740019809,1,0.910615740019809,1,2023-2025,Weeks 1-3,Home field,Non-conference
401752698,2025,3,Kentucky,Eastern Michigan,1,False,False,0.9121597826715269,1,0.9121597826715269,1,2023-2025,Weeks 1-3,Home field,Non-conference
401752699,2025,3,LSU,Florida,1,False,True,0.5090688940996133,1,0.5090688940996133,1,2023-2025,Weeks 1-3,Home field,Conference
401752700,2025,3,Ole Miss,Arkansas,1,False,True,0.6947216645038313,1,0.6947216645038313,1,2023-2025,Weeks 1-3,Home field,Conference
401752702,2025,3,Missouri,Louisiana,1,False,False,0.9344263014478777,1,0.9344263014478777,1,2023-2025,Weeks 1-3,Home field,Non-conference
401752703,2025,3,Temple,Oklahoma,0,False,False,0.12367966980921732,0,0.8763203301907827,1,2023-2025,Weeks 1-3,Home field,Non-conference
401752704,2025,3,South Carolina,Vanderbilt,0,False,True,0.5032755714118727,1,0.5032755714118727,0,2023-2025,Weeks 1-3,Home field,Conference
401752705,2025,3,Tennessee,Georgia,0,False,True,0.2824955992559379,0,0.7175044007440621,1,2023-2025,Weeks 1-3,Home field,Conference
401752706,2025,3,Texas,UTEP,1,False,False,0.9816087909316771,1,0.9816087909316771,1,2023-2025,Weeks 1-3,Home field,Non-conference
401752707,2025,3,Notre Dame,Texas A&M,0,False,False,0.8187992390933149,1,0.8187992390933149,0,2023-2025,Weeks 1-3,Home field,Non-conference
401752827,2025,3,Ohio State,Ohio,1,False,False,0.967391999371121,1,0.967391999371121,1,2023-2025,Weeks 1-3,Home field,Non-conference
401752829,2025,3,Illinois,Western Michigan,1,False,False,0.980406798465385,1,0.980406798465385,1,2023-2025,Weeks 1-3,Home field,Non-conference
401752830,2025,3,Iowa,UMass,1,False,False,0.9898765768645565,1,0.9898765768645565,1,2023-2025,Weeks 1-3,Home field,Non-conference
401752831,2025,3,Northwestern,Oregon,0,False,True,0.07449279682403276,0,0.9255072031759672,1,2023-2025,Weeks 1-3,Home field,Conference
401752832,2025,3,Purdue,USC,0,False,True,0.05440467342196883,0,0.9455953265780311,1,2023-2025,Weeks 1-3,Home field,Conference
401752837,2025,3,UCLA,New Mexico,0,False,False,0.7908121076813729,1,0.7908121076813729,0,2023-2025,Weeks 1-3,Home field,Non-conference
401752839,2025,3,Michigan,Central Michigan,1,False,False,0.9713768380974737,1,0.9713768380974737,1,2023-2025,Weeks 1-3,Home field,Non-conference
401752840,2025,3,California,Minnesota,1,False,False,0.34374321872873603,0,0.656256781271264,0,2023-2025,Weeks 1-3,Home field,Non-conference
401752938,2025,3,Texas Tech,Oregon State,1,False,False,0.8953674061780926,1,0.8953674061780926,1,2023-2025,Weeks 1-3,Home field,Non-conference
401752949,2025,3,North Texas,Washington State,1,False,False,0.6754409394611172,1,0.6754409394611172,1,2023-2025,Weeks 1-3,Home field,Non-conference
401754531,2025,3,Wake Forest,NC State,0,False,True,0.2671054221510371,0,0.7328945778489628,1,2023-2025,Weeks 1-3,Home field,Conference
401754533,2025,3,Stanford,Boston College,1,False,True,0.21939617695298694,0,0.780603823047013,0,2023-2025,Weeks 1-3,Home field,Conference
401754534,2025,3,Tulane,Duke,1,False,False,0.6238095898769432,1,0.6238095898769432,1,2023-2025,Weeks 1-3,Home field,Non-conference
401754535,2025,3,Miami,South Florida,1,False,False,0.9288500683931802,1,0.9288500683931802,1,2023-2025,Weeks 1-3,Home field,Non-conference
401754536,2025,3,Virginia Tech,Old Dominion,0,False,False,0.6968326635537466,1,0.6968326635537466,0,2023-2025,Weeks 1-3,Home field,Non-conference
401754615,2025,3,Missouri State,SMU,0,False,False,0.11308467860449659,0,0.8869153213955034,1,2023-2025,Weeks 1-3,Home field,Non-conference
401754623,2025,3,Georgia Tech,Clemson,1,False,True,0.40995272674191274,0,0.5900472732580873,0,2023-2025,Weeks 1-3,Home field,Conference
401754638,2025,3,West Virginia,Pittsburgh,1,False,False,0.3811654382326504,0,0.6188345617673496,0,2023-2025,Weeks 1-3,Home field,Non-conference
401756888,2025,3,Arizona,Kansas State,1,False,False,0.26335068827412883,0,0.7366493117258712,0,2023-2025,Weeks 1-3,Home field,Non-conference
401756889,2025,3,Arizona State,Texas State,1,False,False,0.8772177550481104,1,0.8772177550481104,1,2023-2025,Weeks 1-3,Home field,Non-conference
401756890,2025,3,Arkansas State,Iowa State,0,False,False,0.15266695587827983,0,0.8473330441217202,1,2023-2025,Weeks 1-3,Home field,Non-conference
401756893,2025,3,Houston,Colorado,1,False,True,0.3319763664181614,0,0.6680236335818386,0,2023-2025,Weeks 1-3,Home field,Conference
401756895,2025,3,Wyoming,Utah,0,False,False,0.11273162338662664,0,0.8872683766133733,1,2023-2025,Weeks 1-3,Home field,Non-conference
401757168,2025,3,Delaware,Connecticut,1,False,False,0.5941065477900054,1,0.5941065477900054,1,2023-2025,Weeks 1-3,Home field,Non-conference
401757233,2025,3,Florida International,Florida Atlantic,1,False,False,0.7582860366941487,1,0.7582860366941487,1,2023-2025,Weeks 1-3,Home field,Non-conference
401757234,2025,3,Georgia Southern,Jacksonville State,1,False,False,0.4745680422653099,0,0.5254319577346901,0,2023-2025,Weeks 1-3,Home field,Non-conference
401757256,2025,3,Bowling Green,Liberty,1,False,False,0.28926723415188044,0,0.7107327658481195,0,2023-2025,Weeks 1-3,Home field,Non-conference
401757257,2025,3,Louisiana Tech,New Mexico State,1,False,True,0.8203074881219101,1,0.8203074881219101,1,2023-2025,Weeks 1-3,Home field,Conference
401757258,2025,3,Nevada,Middle Tennessee,0,False,False,0.6700064514221759,1,0.6700064514221759,0,2023-2025,Weeks 1-3,Home field,Non-conference
401760368,2025,3,Utah State,Air Force,1,False,True,0.33087102318884476,0,0.6691289768111552,0,2023-2025,Weeks 1-3,Home field,Conference
401761604,2025,3,Coastal Carolina,East Carolina,0,False,False,0.3259445771646508,0,0.6740554228353492,1,2023-2025,Weeks 1-3,Home field,Non-conference
401761607,2025,3,Southern Mississippi,App State,1,False,True,0.21475241628040173,0,0.7852475837195982,0,2023-2025,Weeks 1-3,Home field,Conference
401761608,2025,3,Troy,Memphis,0,False,False,0.39865791936688744,0,0.6013420806331126,1,2023-2025,Weeks 1-3,Home field,Non-conference
401762463,2025,3,UAB,Akron,1,False,False,0.8798506401893385,1,0.8798506401893385,1,2023-2025,Weeks 1-3,Home field,Non-conference
401762465,2025,3,Tulsa,Navy,0,False,True,0.2903122117116783,0,0.7096877882883217,1,2023-2025,Weeks 1-3,Home field,Conference
401762817,2025,3,Kent State,Buffalo,0,False,True,0.056227829824539784,0,0.9437721701754602,1,2023-2025,Weeks 1-3,Home field,Conference
401752708,2025,4,Memphis,Arkansas,1,False,False,0.3789142924754378,0,0.6210857075245622,0,2023-2025,Weeks 4-6,Home field,Non-conference
401752709,2025,4,Miami,Florida,1,False,False,0.7952382549382748,1,0.7952382549382748,1,2023-2025,Weeks 4-6,Home field,Non-conference
401752711,2025,4,Ole Miss,Tulane,1,False,False,0.8753047797111586,1,0.8753047797111586,1,2023-2025,Weeks 4-6,Home field,Non-conference
401752712,2025,4,Mississippi State,Northern Illinois,1,False,False,0.8693792347394311,1,0.8693792347394311,1,2023-2025,Weeks 4-6,Home field,Non-conference
401752713,2025,4,Missouri,South Carolina,1,False,True,0.7536436457748236,1,0.7536436457748236,1,2023-2025,Weeks 4-6,Home field,Conference
401752714,2025,4,Oklahoma,Auburn,1,False,True,0.5499238341019419,1,0.5499238341019419,1,2023-2025,Weeks 4-6,Home field,Conference
401752715,2025,4,Tennessee,UAB,1,False,False,0.9719198891465022,1,0.9719198891465022,1,2023-2025,Weeks 4-6,Home field,Non-conference
401752716,2025,4,Vanderbilt,Georgia State,1,False,False,0.9723279264531642,1,0.9723279264531642,1,2023-2025,Weeks 4-6,Home field,Non-conference
401752723,2025,4,Texas,Sam Houston State,1,False,False,0.9812167438869607,1,0.9812167438869607,1,2023-2025,Weeks 4-6,Home field,Non-conference
401752841,2025,4,Oregon,Oregon State,1,False,False,0.9681547076057743,1,0.9681547076057743,1,2023-2025,Weeks 4-6,Home field,Non-conference
401752842,2025,4,Washington State,Washington,0,False,False,0.12230220869035571,0,0.8776977913096443,1,2023-2025,Weeks 4-6,Home field,Non-conference
401752843,2025,4,Indiana,Illinois,1,False,True,0.7052652588883995,1,0.7052652588883995,1,2023-2025,Weeks 4-6,Home field,Conference
401752844,2025,4,Rutgers,Iowa,0,False,True,0.5107714961091591,1,0.5107714961091591,0,2023-2025,Weeks 4-6,Home field,Conference
401752845,2025,4,Wisconsin,Maryland,0,False,True,0.728826021101643,1,0.728826021101643,0,2023-2025,Weeks 4-6,Home field,Conference
401752846,2025,4,Nebraska,Michigan,0,False,True,0.39733605700653885,0,0.6026639429934612,1,2023-2025,Weeks 4-6,Home field,Conference
401752847,2025,4,USC,Michigan State,1,False,True,0.9058882213419037,1,0.9058882213419037,1,2023-2025,Weeks 4-6,Home field,Conference
401752848,2025,4,Notre Dame,Purdue,1,False,False,0.9805781111249592,1,0.9805781111249592,1,2023-2025,Weeks 4-6,Home field,Non-conference
401754537,2025,4,Clemson,Syracuse,0,False,True,0.891707835977738,1,0.891707835977738,0,2023-2025,Weeks 4-6,Home field,Conference
401754538,2025,4,Duke,NC State,1,False,True,0.46644562064809136,0,0.5335543793519086,0,2023-2025,Weeks 4-6,Home field,Conference
401754539,2025,4,Virginia,Stanford,1,False,True,0.7911656654160234,1,0.7911656654160234,1,2023-2025,Weeks 4-6,Home field,Conference
401754540,2025,4,San Diego State,California,1,False,False,0.2534376688555292,0,0.7465623311444708,0,2023-2025,Weeks 4-6,Home field,Non-conference
401754541,2025,4,Florida State,Kent State,1,False,False,0.9903241073604476,1,0.9903241073604476,1,2023-2025,Weeks 4-6,Home field,Non-conference
401754542,2025,4,Georgia Tech,Temple,1,False,False,0.9389382953835264,1,0.9389382953835264,1,2023-2025,Weeks 4-6,Home field,Non-conference
401754636,2025,4,TCU,SMU,1,False,False,0.7040401985998792,1,0.7040401985998792,1,2023-2025,Weeks 4-6,Home field,Non-conference
401754640,2025,4,UCF,North Carolina,1,False,False,0.7624905905311156,1,0.7624905905311156,1,2023-2025,Weeks 4-6,Home field,Non-conference
401754642,2025,4,Louisville,Bowling Green,1,False,False,0.9431210208141965,1,0.9431210208141965,1,2023-2025,Weeks 4-6,Home field,Non-conference
401756896,2025,4,Baylor,Arizona State,0,False,True,0.44305891462849645,0,0.5569410853715036,1,2023-2025,Weeks 4-6,Home field,Conference
401756897,2025,4,Colorado,Wyoming,1,False,False,0.8337760104414615,1,0.8337760104414615,1,2023-2025,Weeks 4-6,Home field,Non-conference
401756898,2025,4,East Carolina,BYU,0,False,False,0.3409072063816827,0,0.6590927936183173,1,2023-2025,Weeks 4-6,Home field,Non-conference
401756899,2025,4,Kansas,West Virginia,1,False,True,0.815286158218328,1,0.815286158218328,1,2023-2025,Weeks 4-6,Home field,Conference
401756900,2025,4,Oklahoma State,Tulsa,0,False,False,0.7753652974587214,1,0.7753652974587214,0,2023-2025,Weeks 4-6,Home field,Non-conference
401756901,2025,4,Utah,Texas Tech,0,False,True,0.5537767852034708,1,0.5537767852034708,0,2023-2025,Weeks 4-6,Home field,Conference
401757169,2025,4,Connecticut,Ball State,1,False,False,0.9615320150328504,1,0.9615320150328504,1,2023-2025,Weeks 4-6,Home field,Non-conference
401757259,2025,4,Florida International,Delaware,0,False,True,0.5042226764481479,1,0.5042226764481479,0,2023-2025,Weeks 4-6,Home field,Conference
401757261,2025,4,Kennesaw State,Arkansas State,1,False,False,0.4761007339753104,0,0.5238992660246896,0,2023-2025,Weeks 4-6,Home field,Non-conference
401757262,2025,4,Liberty,James Madison,0,False,False,0.49851817092763395,0,0.501481829072366,1,2023-2025,Weeks 4-6,Home field,Non-conference
401757263,2025,4,Louisiana Tech,Southern Mississippi,1,False,False,0.8515211249552967,1,0.8515211249552967,1,2023-2025,Weeks 4-6,Home field,Non-conference
401757264,2025,4,Middle Tennessee,Marshall,0,False,False,0.38360533460204477,0,0.6163946653979553,1,2023-2025,Weeks 4-6,Home field,Non-conference
401757267,2025,4,UTEP,Louisiana Monroe,0,False,False,0.6966991473152406,1,0.6966991473152406,0,2023-2025,Weeks 4-6,Home field,Non-conference
401757268,2025,4,Western Kentucky,Nevada,1,False,False,0.7734724021903285,1,0.7734724021903285,1,2023-2025,Weeks 4-6,Home field,Non-conference
401760372,2025,4,Air Force,Boise State,0,False,True,0.1909661118786425,0,0.8090338881213575,1,2023-2025,Weeks 4-6,Home field,Conference
401760373,2025,4,Colorado State,UT San Antonio,0,False,False,0.3883699002698925,0,0.6116300997301075,1,2023-2025,Weeks 4-6,Home field,Non-conference
401760374,2025,4,Hawai'i,Fresno State,0,False,True,0.27864271859776996,0,0.72135728140223,1,2023-2025,Weeks 4-6,Home field,Conference
401760376,2025,4,Miami (OH),UNLV,0,False,False,0.35455791918257945,0,0.6454420808174206,1,2023-2025,Weeks 4-6,Home field,Non-conference
401761610,2025,4,Eastern Michigan,Louisiana,1,False,False,0.5424216745340369,1,0.5424216745340369,1,2023-2025,Weeks 4-6,Home field,Non-conference
401761611,2025,4,South Alabama,Coastal Carolina,0,False,True,0.8064074885827065,1,0.8064074885827065,0,2023-2025,Weeks 4-6,Home field,Conference
401761613,2025,4,Buffalo,Troy,0,False,False,0.5945199010040061,1,0.5945199010040061,0,2023-2025,Weeks 4-6,Home field,Non-conference
401762468,2025,4,Charlotte,Rice,0,False,True,0.4094806393467271,0,0.5905193606532728,1,2023-2025,Weeks 4-6,Home field,Conference
401762469,2025,4,Army,North Texas,0,False,True,0.3112959091803865,0,0.6887040908196135,1,2023-2025,Weeks 4-6,Home field,Conference
401762820,2025,4,Western Michigan,Toledo,1,False,True,0.076084605130769,0,0.923915394869231,0,2023-2025,Weeks 4-6,Home field,Conference
401752717,2025,5,Arkansas,Notre Dame,0,False,False,0.2800553065145184,0,0.7199446934854816,1,2023-2025,Weeks 4-6,Home field,Non-conference
401752718,2025,5,Georgia,Alabama,0,False,True,0.6503916828172804,1,0.6503916828172804,0,2023-2025,Weeks 4-6,Home field,Conference
401752719,2025,5,Ole Miss,LSU,1,False,True,0.7009713122931602,1,0.7009713122931602,1,2023-2025,Weeks 4-6,Home field,Conference
401752720,2025,5,Mississippi State,Tennessee,0,False,True,0.2660573727839701,0,0.7339426272160299,1,2023-2025,Weeks 4-6,Home field,Conference
401752721,2025,5,Missouri,UMass,1,False,False,0.9920538698509562,1,0.9920538698509562,1,2023-2025,Weeks 4-6,Home field,Non-conference
401752722,2025,5,South Carolina,Kentucky,1,False,True,0.6247870476626369,1,0.6247870476626369,1,2023-2025,Weeks 4-6,Home field,Conference
401752724,2025,5,Texas A&M,Auburn,1,False,True,0.6306046528737896,1,0.6306046528737896,1,2023-2025,Weeks 4-6,Home field,Conference
401752725,2025,5,Vanderbilt,Utah State,1,False,False,0.9639076862957701,1,0.9639076862957701,1,2023-2025,Weeks 4-6,Home field,Non-conference
401752849,2025,5,Minnesota,Rutgers,1,False,True,0.6130253570169548,1,0.6130253570169548,1,2023-2025,Weeks 4-6,Home field,Conference
401752850,2025,5,Illinois,USC,1,False,True,0.3004060597412414,0,0.6995939402587585,0,2023-2025,Weeks 4-6,Home field,Conference
401752851,2025,5,Northwestern,UCLA,1,False,True,0.7177538491744665,1,0.7177538491744665,1,2023-2025,Weeks 4-6,Home field,Conference
401752852,2025,5,Washington,Ohio State,0,False,True,0.18416629690410372,0,0.8158337030958963,1,2023-2025,Weeks 4-6,Home field,Conference
401752853,2025,5,Iowa,Indiana,0,False,True,0.28556658875619334,0,0.7144334112438067,1,2023-2025,Weeks 4-6,Home field,Conference
401752854,2025,5,Penn State,Oregon,0,False,True,0.7432156875333479,1,0.7432156875333479,0,2023-2025,Weeks 4-6,Home field,Conference
401752939,2025,5,Oregon State,Houston,0,False,False,0.43657258425705814,0,0.5634274157429419,1,2023-2025,Weeks 4-6,Home field,Non-conference
401752950,2025,5,Colorado State,Washington State,0,False,False,0.8071982286964234,1,0.8071982286964234,0,2023-2025,Weeks 4-6,Home field,Non-conference
401754543,2025,5,Virginia,Florida State,1,False,True,0.3969914080857702,0,0.6030085919142298,0,2023-2025,Weeks 4-6,Home field,Conference
401754544,2025,5,Boston College,California,0,False,True,0.6694841739845849,1,0.6694841739845849,0,2023-2025,Weeks 4-6,Home field,Conference
401754545,2025,5,Syracuse,Duke,0,False,True,0.534694211785402,1,0.534694211785402,0,2023-2025,Weeks 4-6,Home field,Conference
401754546,2025,5,Wake Forest,Georgia Tech,0,False,True,0.21915709943233985,0,0.7808429005676601,1,2023-2025,Weeks 4-6,Home field,Conference
401754547,2025,5,Pittsburgh,Louisville,0,False,True,0.41151481195881945,0,0.5884851880411806,1,2023-2025,Weeks 4-6,Home field,Conference
401754548,2025,5,NC State,Virginia Tech,0,False,True,0.7298246398415895,1,0.7298246398415895,0,2023-2025,Weeks 4-6,Home field,Conference
401754549,2025,5,Stanford,San José State,1,False,False,0.48295175196434637,0,0.5170482480356536,0,2023-2025,Weeks 4-6,Home field,Non-conference
401756902,2025,5,Arizona State,TCU,1,False,True,0.5118031683468323,1,0.5118031683468323,1,2023-2025,Weeks 4-6,Home field,Conference
401756903,2025,5,Colorado,BYU,0,False,True,0.3725094447039477,0,0.6274905552960524,1,2023-2025,Weeks 4-6,Home field,Conference
401756904,2025,5,Iowa State,Arizona,1,False,True,0.7687722739504602,1,0.7687722739504602,1,2023-2025,Weeks 4-6,Home field,Conference
401756905,2025,5,Kansas,Cincinnati,0,False,True,0.625831920732109,1,0.625831920732109,0,2023-2025,Weeks 4-6,Home field,Conference
401756906,2025,5,Kansas State,UCF,1,False,True,0.6367873236711774,1,0.6367873236711774,1,2023-2025,Weeks 4-6,Home field,Conference
401756907,2025,5,Oklahoma State,Baylor,0,False,True,0.1459490891321364,0,0.8540509108678636,1,2023-2025,Weeks 4-6,Home field,Conference
401756908,2025,5,West Virginia,Utah,0,False,True,0.16761503391713556,0,0.8323849660828644,1,2023-2025,Weeks 4-6,Home field,Conference
401757170,2025,5,Buffalo,Connecticut,0,False,False,0.4741796149156246,0,0.5258203850843755,1,2023-2025,Weeks 4-6,Home field,Non-conference
401757269,2025,5,Southern Mississippi,Jacksonville State,1,False,False,0.3284696599175131,0,0.6715303400824869,0,2023-2025,Weeks 4-6,Home field,Non-conference
401757270,2025,5,Kennesaw State,Middle Tennessee,1,False,True,0.6071283687212307,1,0.6071283687212307,1,2023-2025,Weeks 4-6,Home field,Conference
401757271,2025,5,Old Dominion,Liberty,1,False,False,0.5818952265048231,1,0.5818952265048231,1,2023-2025,Weeks 4-6,Home field,Non-conference
401757272,2025,5,UTEP,Louisiana Tech,0,False,True,0.28280479776260625,0,0.7171952022373937,1,2023-2025,Weeks 4-6,Home field,Conference
401757273,2025,5,Missouri State,Western Kentucky,0,False,True,0.5326064900510299,1,0.5326064900510299,0,2023-2025,Weeks 4-6,Home field,Conference
401757274,2025,5,New Mexico,New Mexico State,1,False,False,0.7814675413184237,1,0.7814675413184237,1,2023-2025,Weeks 4-6,Home field,Non-conference
401760378,2025,5,Air Force,Hawai'i,0,False,True,0.5748331812429198,1,0.5748331812429198,0,2023-2025,Weeks 4-6,Home field,Conference
401760379,2025,5,Boise State,App State,1,False,False,0.873535290642503,1,0.873535290642503,1,2023-2025,Weeks 4-6,Home field,Non-conference
401760380,2025,5,Northern Illinois,San Diego State,0,False,False,0.2598980964420827,0,0.7401019035579173,1,2023-2025,Weeks 4-6,Home field,Non-conference
401761614,2025,5,James Madison,Georgia Southern,1,False,True,0.7976225538348303,1,0.7976225538348303,1,2023-2025,Weeks 4-6,Home field,Conference
401761615,2025,5,Louisiana,Marshall,1,False,True,0.4354359729164975,0,0.5645640270835025,0,2023-2025,Weeks 4-6,Home field,Conference
401761616,2025,5,Louisiana Monroe,Arkansas State,1,False,True,0.49223757326504114,0,0.5077624267349589,0,2023-2025,Weeks 4-6,Home field,Conference
401761617,2025,5,North Texas,South Alabama,1,False,False,0.8610026512976363,1,0.8610026512976363,1,2023-2025,Weeks 4-6,Home field,Non-conference
401762471,2025,5,East Carolina,Army,1,False,True,0.7303385756318181,1,0.7303385756318181,1,2023-2025,Weeks 4-6,Home field,Conference
401762472,2025,5,Florida Atlantic,Memphis,0,False,True,0.14876249425721508,0,0.8512375057427849,1,2023-2025,Weeks 4-6,Home field,Conference
401762473,2025,5,Navy,Rice,1,False,True,0.6963666842093363,1,0.6963666842093363,1,2023-2025,Weeks 4-6,Home field,Conference
401762474,2025,5,Tulsa,Tulane,0,False,True,0.1705645228707912,0,0.8294354771292087,1,2023-2025,Weeks 4-6,Home field,Conference
401762824,2025,5,Toledo,Akron,1,False,True,0.9365589704129176,1,0.9365589704129176,1,2023-2025,Weeks 4-6,Home field,Conference
401762825,2025,5,Ohio,Bowling Green,1,False,True,0.8207941734020482,1,0.8207941734020482,1,2023-2025,Weeks 4-6,Home field,Conference
401762826,2025,5,Central Michigan,Eastern Michigan,1,False,True,0.46479405086221154,0,0.5352059491377885,0,2023-2025,Weeks 4-6,Home field,Conference
401752726,2025,6,Alabama,Vanderbilt,1,False,True,0.694323216133142,1,0.694323216133142,1,2023-2025,Weeks 4-6,Home field,Conference
401752727,2025,6,Florida,Texas,1,False,True,0.3427749577143797,0,0.6572250422856203,0,2023-2025,Weeks 4-6,Home field,Conference
401752728,2025,6,Georgia,Kentucky,1,False,True,0.9457171175887082,1,0.9457171175887082,1,2023-2025,Weeks 4-6,Home field,Conference
401752729,2025,6,Oklahoma,Kent State,1,False,False,0.9979618127894261,1,0.9979618127894261,1,2023-2025,Weeks 4-6,Home field,Non-conference
401752730,2025,6,Texas A&M,Mississippi State,1,False,True,0.8313509537392912,1,0.8313509537392912,1,2023-2025,Weeks 4-6,Home field,Conference
401752855,2025,6,UCLA,Penn State,1,False,True,0.027662162338590413,0,0.9723378376614096,0,2023-2025,Weeks 4-6,Home field,Conference
401752856,2025,6,Michigan,Wisconsin,1,False,True,0.8433030468657025,1,0.8433030468657025,1,2023-2025,Weeks 4-6,Home field,Conference
401752857,2025,6,Maryland,Washington,0,False,True,0.33557536164236407,0,0.664424638357636,1,2023-2025,Weeks 4-6,Home field,Conference
401752858,2025,6,Northwestern,Louisiana Monroe,1,False,False,0.8612545001270635,1,0.8612545001270635,1,2023-2025,Weeks 4-6,Home field,Non-conference
401752859,2025,6,Ohio State,Minnesota,1,False,True,0.915568259118221,1,0.915568259118221,1,2023-2025,Weeks 4-6,Home field,Conference
401752860,2025,6,Nebraska,Michigan State,1,False,True,0.8119542433485569,1,0.8119542433485569,1,2023-2025,Weeks 4-6,Home field,Conference
401752861,2025,6,Purdue,Illinois,0,False,True,0.2071547284243893,0,0.7928452715756107,1,2023-2025,Weeks 4-6,Home field,Conference
401752940,2025,6,App State,Oregon State,1,False,False,0.4741783139754539,0,0.5258216860245462,0,2023-2025,Weeks 4-6,Home field,Non-conference
401754550,2025,6,Pittsburgh,Boston College,1,False,True,0.6830102737832665,1,0.6830102737832665,1,2023-2025,Weeks 4-6,Home field,Conference
401754551,2025,6,California,Duke,0,False,True,0.36312925546675,0,0.63687074453325,1,2023-2025,Weeks 4-6,Home field,Conference
401754552,2025,6,North Carolina,Clemson,0,False,True,0.12391150679381135,0,0.8760884932061886,1,2023-2025,Weeks 4-6,Home field,Conference
401754553,2025,6,Florida State,Miami,0,False,True,0.283705887669924,0,0.716294112330076,1,2023-2025,Weeks 4-6,Home field,Conference
401754554,2025,6,Louisville,Virginia,0,False,True,0.7104015937869055,1,0.7104015937869055,0,2023-2025,Weeks 4-6,Home field,Conference
401754555,2025,6,SMU,Syracuse,1,False,True,0.8642622431282395,1,0.8642622431282395,1,2023-2025,Weeks 4-6,Home field,Conference
401754556,2025,6,Virginia Tech,Wake Forest,0,False,True,0.6751671650451434,1,0.6751671650451434,0,2023-2025,Weeks 4-6,Home field,Conference
401756909,2025,6,BYU,West Virginia,1,False,True,0.8817075562572054,1,0.8817075562572054,1,2023-2025,Weeks 4-6,Home field,Conference
401756910,2025,6,Arizona,Oklahoma State,1,False,True,0.8006622250312341,1,0.8006622250312341,1,2023-2025,Weeks 4-6,Home field,Conference
401756911,2025,6,Baylor,Kansas State,1,False,True,0.5641264373528602,1,0.5641264373528602,1,2023-2025,Weeks 4-6,Home field,Conference
401756912,2025,6,Cincinnati,Iowa State,1,False,True,0.5858720867456515,1,0.5858720867456515,1,2023-2025,Weeks 4-6,Home field,Conference
401756913,2025,6,Houston,Texas Tech,0,False,True,0.1216376183478435,0,0.8783623816521565,1,2023-2025,Weeks 4-6,Home field,Conference
401756914,2025,6,TCU,Colorado,1,False,True,0.8021354896233542,1,0.8021354896233542,1,2023-2025,Weeks 4-6,Home field,Conference
401756915,2025,6,UCF,Kansas,0,False,True,0.408327020693985,0,0.5916729793060149,1,2023-2025,Weeks 4-6,Home field,Conference
401757165,2025,6,Notre Dame,Boise State,1,False,False,0.9408931703558869,1,0.9408931703558869,1,2023-2025,Weeks 4-6,Home field,Non-conference
401757171,2025,6,Connecticut,Florida International,1,False,False,0.7231245418942832,1,0.7231245418942832,1,2023-2025,Weeks 4-6,Home field,Non-conference
401757275,2025,6,New Mexico State,Sam Houston State,1,False,True,0.5864872129794292,1,0.5864872129794292,1,2023-2025,Weeks 4-6,Home field,Conference
401757276,2025,6,Delaware,Western Kentucky,0,False,True,0.7005378062782142,1,0.7005378062782142,0,2023-2025,Weeks 4-6,Home field,Conference
401760381,2025,6,Navy,Air Force,1,False,False,0.7565458332138909,1,0.7565458332138909,1,2023-2025,Weeks 4-6,Home field,Non-conference
401760382,2025,6,San Diego State,Colorado State,1,False,True,0.6747412295200415,1,0.6747412295200415,1,2023-2025,Weeks 4-6,Home field,Conference
401760383,2025,6,Fresno State,Nevada,1,False,True,0.9016459643466233,1,0.9016459643466233,1,2023-2025,Weeks 4-6,Home field,Conference
401760384,2025,6,San José State,New Mexico,1,False,True,0.6975598944290695,1,0.6975598944290695,1,2023-2025,Weeks 4-6,Home field,Conference
401760385,2025,6,Wyoming,UNLV,0,False,True,0.3377645168537554,0,0.6622354831462446,1,2023-2025,Weeks 4-6,Home field,Conference
401761618,2025,6,Georgia State,James Madison,0,False,True,0.12158921690992486,0,0.8784107830900751,1,2023-2025,Weeks 4-6,Home field,Conference
401761619,2025,6,Old Dominion,Coastal Carolina,1,False,True,0.807500978868058,1,0.807500978868058,1,2023-2025,Weeks 4-6,Home field,Conference
401761620,2025,6,Arkansas State,Texas State,1,False,True,0.25297943602391276,0,0.7470205639760872,0,2023-2025,Weeks 4-6,Home field,Conference
401761621,2025,6,Troy,South Alabama,1,False,True,0.65253326194428,1,0.65253326194428,1,2023-2025,Weeks 4-6,Home field,Conference
401762475,2025,6,South Florida,Charlotte,1,False,True,0.9277669665714409,1,0.9277669665714409,1,2023-2025,Weeks 4-6,Home field,Conference
401762476,2025,6,UAB,Army,0,False,True,0.5926279671161535,1,0.5926279671161535,0,2023-2025,Weeks 4-6,Home field,Conference
401762477,2025,6,Rice,Florida Atlantic,0,False,True,0.6826676813839836,1,0.6826676813839836,0,2023-2025,Weeks 4-6,Home field,Conference
401762478,2025,6,Memphis,Tulsa,1,False,True,0.9322404630329586,1,0.9322404630329586,1,2023-2025,Weeks 4-6,Home field,Conference
401762479,2025,6,Temple,UT San Antonio,1,False,True,0.23517471596123482,0,0.7648252840387652,0,2023-2025,Weeks 4-6,Home field,Conference
401762829,2025,6,Akron,Central Michigan,1,False,True,0.4207388636927997,0,0.5792611363072002,0,2023-2025,Weeks 4-6,Home field,Conference
401762830,2025,6,Ball State,Ohio,1,False,True,0.08835066996262311,0,0.9116493300373769,0,2023-2025,Weeks 4-6,Home field,Conference
401762831,2025,6,Buffalo,Eastern Michigan,1,False,True,0.7708326879357549,1,0.7708326879357549,1,2023-2025,Weeks 4-6,Home field,Conference
401762832,2025,6,UMass,Western Michigan,0,False,True,0.4219030633547794,0,0.5780969366452207,1,2023-2025,Weeks 4-6,Home field,Conference
401762873,2025,6,Northern Illinois,Miami (OH),0,False,True,0.3042819438683042,0,0.6957180561316958,1,2023-2025,Weeks 4-6,Home field,Conference
401752731,2025,7,Auburn,Georgia,0,False,True,0.24556617871345046,0,0.7544338212865496,1,2023-2025,Weeks 7-9,Home field,Conference
401752732,2025,7,LSU,South Carolina,1,False,True,0.7543708613632725,1,0.7543708613632725,1,2023-2025,Weeks 7-9,Home field,Conference
401752733,2025,7,Ole Miss,Washington State,1,False,False,0.9802342991484155,1,0.9802342991484155,1,2023-2025,Weeks 7-9,Home field,Non-conference
401752734,2025,7,Missouri,Alabama,0,False,True,0.3711948170313276,0,0.6288051829686724,1,2023-2025,Weeks 7-9,Home field,Conference
401752735,2025,7,Tennessee,Arkansas,1,False,True,0.7385732928928903,1,0.7385732928928903,1,2023-2025,Weeks 7-9,Home field,Conference
401752736,2025,7,Texas,Oklahoma,1,True,True,0.4958473018111025,0,0.5041526981888975,0,2023-2025,Weeks 7-9,Neutral,Conference
401752737,2025,7,Texas A&M,Florida,1,False,True,0.693004812583164,1,0.693004812583164,1,2023-2025,Weeks 7-9,Home field,Conference
401752862,2025,7,Washington,Rutgers,1,False,True,0.6308653272886455,1,0.6308653272886455,1,2023-2025,Weeks 7-9,Home field,Conference
401752863,2025,7,Michigan State,UCLA,0,False,True,0.7114537999995147,1,0.7114537999995147,0,2023-2025,Weeks 7-9,Home field,Conference
401752864,2025,7,Minnesota,Purdue,1,False,True,0.8275897530219997,1,0.8275897530219997,1,2023-2025,Weeks 7-9,Home field,Conference
401752865,2025,7,Illinois,Ohio State,0,False,True,0.11583108900753743,0,0.8841689109924625,1,2023-2025,Weeks 7-9,Home field,Conference
401752866,2025,7,Penn State,Northwestern,0,False,True,0.9544852867845279,1,0.9544852867845279,0,2023-2025,Weeks 7-9,Home field,Conference
401752867,2025,7,Maryland,Nebraska,0,False,True,0.3164453462203879,0,0.6835546537796121,1,2023-2025,Weeks 7-9,Home field,Conference
401752868,2025,7,USC,Michigan,1,False,True,0.6017349805431043,1,0.6017349805431043,1,2023-2025,Weeks 7-9,Home field,Conference
401752869,2025,7,Wisconsin,Iowa,0,False,True,0.33967307206692743,0,0.6603269279330726,1,2023-2025,Weeks 7-9,Home field,Conference
401752870,2025,7,Oregon,Indiana,0,False,True,0.5491457381555619,1,0.5491457381555619,0,2023-2025,Weeks 7-9,Home field,Conference
401754558,2025,7,Boston College,Clemson,0,False,True,0.15194001625619066,0,0.8480599837438093,1,2023-2025,Weeks 7-9,Home field,Conference
401754559,2025,7,Florida State,Pittsburgh,0,False,True,0.6163049929414219,1,0.6163049929414219,0,2023-2025,Weeks 7-9,Home field,Conference
401754560,2025,7,Georgia Tech,Virginia Tech,1,False,True,0.7957889214443087,1,0.7957889214443087,1,2023-2025,Weeks 7-9,Home field,Conference
401754561,2025,7,SMU,Stanford,1,False,True,0.9204753897486622,1,0.9204753897486622,1,2023-2025,Weeks 7-9,Home field,Conference
401754562,2025,7,Notre Dame,NC State,1,False,False,0.938217347885101,1,0.938217347885101,1,2023-2025,Weeks 7-9,Home field,Non-conference
401754563,2025,7,Oregon State,Wake Forest,0,False,False,0.5645451360586862,1,0.5645451360586862,0,2023-2025,Weeks 7-9,Home field,Non-conference
401756916,2025,7,Arizona,BYU,0,False,True,0.31419997101390396,0,0.685800028986096,1,2023-2025,Weeks 7-9,Home field,Conference
401756917,2025,7,Cincinnati,UCF,1,False,True,0.7390360203725483,1,0.7390360203725483,1,2023-2025,Weeks 7-9,Home field,Conference
401756918,2025,7,Colorado,Iowa State,1,False,True,0.48042346108902795,0,0.5195765389109721,0,2023-2025,Weeks 7-9,Home field,Conference
401756919,2025,7,Kansas State,TCU,1,False,True,0.4156340778063083,0,0.5843659221936917,0,2023-2025,Weeks 7-9,Home field,Conference
401756920,2025,7,Oklahoma State,Houston,0,False,True,0.3086996252106251,0,0.6913003747893749,1,2023-2025,Weeks 7-9,Home field,Conference
401756921,2025,7,Texas Tech,Kansas,1,False,True,0.7848240223237127,1,0.7848240223237127,1,2023-2025,Weeks 7-9,Home field,Conference
401756922,2025,7,Utah,Arizona State,1,False,True,0.686080301201455,1,0.686080301201455,1,2023-2025,Weeks 7-9,Home field,Conference
401757277,2025,7,UTEP,Liberty,0,False,True,0.26189044269103134,0,0.7381095573089687,1,2023-2025,Weeks 7-9,Home field,Conference
401757278,2025,7,Middle Tennessee,Missouri State,0,False,True,0.5471689503763467,1,0.5471689503763467,0,2023-2025,Weeks 7-9,Home field,Conference
401757279,2025,7,Sam Houston State,Jacksonville State,0,True,True,0.2164312479032709,0,0.7835687520967292,1,2023-2025,Weeks 7-9,Neutral,Conference
401757280,2025,7,Kennesaw State,Louisiana Tech,1,False,True,0.3010019785129655,0,0.6989980214870345,0,2023-2025,Weeks 7-9,Home field,Conference
401760386,2025,7,UNLV,Air Force,1,False,True,0.8274473139126647,1,0.8274473139126647,1,2023-2025,Weeks 7-9,Home field,Conference
401760387,2025,7,Boise State,New Mexico,1,False,True,0.89210790163583,1,0.89210790163583,1,2023-2025,Weeks 7-9,Home field,Conference
401760388,2025,7,Colorado State,Fresno State,1,False,True,0.36351813859666066,0,0.6364818614033394,0,2023-2025,Weeks 7-9,Home field,Conference
401760389,2025,7,Hawai'i,Utah State,1,False,True,0.5177472094798212,1,0.5177472094798212,1,2023-2025,Weeks 7-9,Home field,Conference
401760390,2025,7,Nevada,San Diego State,0,False,True,0.1846920306718992,0,0.8153079693281008,1,2023-2025,Weeks 7-9,Home field,Conference
401760391,2025,7,Wyoming,San José State,1,False,True,0.46693684147466646,0,0.5330631585253336,0,2023-2025,Weeks 7-9,Home field,Conference
401761622,2025,7,Georgia Southern,Southern Mississippi,0,False,True,0.6519167496960956,1,0.6519167496960956,0,2023-2025,Weeks 7-9,Home field,Conference
401761623,2025,7,Coastal Carolina,Louisiana Monroe,1,False,True,0.6158516036609866,1,0.6158516036609866,1,2023-2025,Weeks 7-9,Home field,Conference
401761624,2025,7,Georgia State,App State,0,False,True,0.4410850024297544,0,0.5589149975702457,1,2023-2025,Weeks 7-9,Home field,Conference
401761625,2025,7,James Madison,Louisiana,1,False,True,0.8802328165273443,1,0.8802328165273443,1,2023-2025,Weeks 7-9,Home field,Conference
401761626,2025,7,Marshall,Old Dominion,1,False,True,0.36150413141302734,0,0.6384958685869726,0,2023-2025,Weeks 7-9,Home field,Conference
401761627,2025,7,Texas State,Troy,0,False,True,0.6882391610758096,1,0.6882391610758096,0,2023-2025,Weeks 7-9,Home field,Conference
401762480,2025,7,Tulane,East Carolina,1,False,True,0.5263745145101332,1,0.5263745145101332,1,2023-2025,Weeks 7-9,Home field,Conference
401762481,2025,7,North Texas,South Florida,0,False,True,0.6124603273870659,1,0.6124603273870659,0,2023-2025,Weeks 7-9,Home field,Conference
401762482,2025,7,Florida Atlantic,UAB,1,False,True,0.5035837412733293,1,0.5035837412733293,1,2023-2025,Weeks 7-9,Home field,Conference
401762483,2025,7,Army,Charlotte,1,False,True,0.7623709749055392,1,0.7623709749055392,1,2023-2025,Weeks 7-9,Home field,Conference
401762484,2025,7,Temple,Navy,0,False,True,0.3963055498524096,0,0.6036944501475904,1,2023-2025,Weeks 7-9,Home field,Conference
401762485,2025,7,UT San Antonio,Rice,1,False,True,0.8371849901421162,1,0.8371849901421162,1,2023-2025,Weeks 7-9,Home field,Conference
401762833,2025,7,Akron,Miami (OH),0,False,True,0.18233970422014026,0,0.8176602957798598,1,2023-2025,Weeks 7-9,Home field,Conference
401762834,2025,7,Western Michigan,Ball State,1,False,True,0.7119860760044516,1,0.7119860760044516,1,2023-2025,Weeks 7-9,Home field,Conference
401762835,2025,7,Bowling Green,Toledo,1,False,True,0.16120283505604005,0,0.83879716494396,0,2023-2025,Weeks 7-9,Home field,Conference
401762836,2025,7,Eastern Michigan,Northern Illinois,1,False,True,0.6218282386200689,1,0.6218282386200689,1,2023-2025,Weeks 7-9,Home field,Conference
401762837,2025,7,Kent State,UMass,1,False,True,0.3444608836234336,0,0.6555391163765665,0,2023-2025,Weeks 7-9,Home field,Conference
401752738,2025,8,Alabama,Tennessee,1,False,True,0.7351577088939696,1,0.7351577088939696,1,2023-2025,Weeks 7-9,Home field,Conference
401752739,2025,8,Arkansas,Texas A&M,0,False,True,0.3318035122774493,0,0.6681964877225507,1,2023-2025,Weeks 7-9,Home field,Conference
401752740,2025,8,Auburn,Missouri,0,False,True,0.47874076067710847,0,0.5212592393228915,1,2023-2025,Weeks 7-9,Home field,Conference
401752741,2025,8,Florida,Mississippi State,1,False,True,0.7446115926997794,1,0.7446115926997794,1,2023-2025,Weeks 7-9,Home field,Conference
401752742,2025,8,Georgia,Ole Miss,1,False,True,0.7584063667253076,1,0.7584063667253076,1,2023-2025,Weeks 7-9,Home field,Conference
401752743,2025,8,Kentucky,Texas,0,False,True,0.21282120912814464,0,0.7871787908718554,1,2023-2025,Weeks 7-9,Home field,Conference
401752744,2025,8,South Carolina,Oklahoma,0,False,True,0.3204554746538545,0,0.6795445253461455,1,2023-2025,Weeks 7-9,Home field,Conference
401752745,2025,8,Vanderbilt,LSU,1,False,True,0.6643748196429666,1,0.6643748196429666,1,2023-2025,Weeks 7-9,Home field,Conference
401752871,2025,8,Notre Dame,USC,1,False,False,0.7415336197977865,1,0.7415336197977865,1,2023-2025,Weeks 7-9,Home field,Non-conference
401752872,2025,8,Minnesota,Nebraska,1,False,True,0.3574932876717488,0,0.6425067123282512,0,2023-2025,Weeks 7-9,Home field,Conference
401752873,2025,8,Michigan,Washington,1,False,True,0.6898861047511531,1,0.6898861047511531,1,2023-2025,Weeks 7-9,Home field,Conference
401752874,2025,8,Northwestern,Purdue,1,False,True,0.7618734588870847,1,0.7618734588870847,1,2023-2025,Weeks 7-9,Home field,Conference
401752875,2025,8,Iowa,Penn State,1,False,True,0.38246655012974023,0,0.6175334498702598,0,2023-2025,Weeks 7-9,Home field,Conference
401752876,2025,8,Rutgers,Oregon,0,False,True,0.21516016736736313,0,0.7848398326326369,1,2023-2025,Weeks 7-9,Home field,Conference
401752877,2025,8,Wisconsin,Ohio State,0,False,True,0.0644102019674261,0,0.9355897980325739,1,2023-2025,Weeks 7-9,Home field,Conference
401752878,2025,8,Indiana,Michigan State,1,False,True,0.9627170642173362,1,0.9627170642173362,1,2023-2025,Weeks 7-9,Home field,Conference
401752879,2025,8,UCLA,Maryland,1,False,True,0.45468021934063907,0,0.5453197806593609,0,2023-2025,Weeks 7-9,Home field,Conference
401752951,2025,8,Virginia,Washington State,1,False,False,0.9140895600439471,1,0.9140895600439471,1,2023-2025,Weeks 7-9,Home field,Non-conference
401754371,2025,8,California,North Carolina,1,False,True,0.6587099565047587,1,0.6587099565047587,1,2023-2025,Weeks 7-9,Home field,Conference
401754564,2025,8,Miami,Louisville,0,False,True,0.8123389863230696,1,0.8123389863230696,0,2023-2025,Weeks 7-9,Home field,Conference
401754565,2025,8,Clemson,SMU,0,False,True,0.7623258205733835,1,0.7623258205733835,0,2023-2025,Weeks 7-9,Home field,Conference
401754566,2025,8,Duke,Georgia Tech,0,False,True,0.5914303414187123,1,0.5914303414187123,0,2023-2025,Weeks 7-9,Home field,Conference
401754567,2025,8,Stanford,Florida State,1,False,True,0.1380356972118702,0,0.8619643027881299,0,2023-2025,Weeks 7-9,Home field,Conference
401754568,2025,8,Syracuse,Pittsburgh,0,False,True,0.24481606454729693,0,0.755183935452703,1,2023-2025,Weeks 7-9,Home field,Conference
401754569,2025,8,Boston College,Connecticut,0,False,False,0.4994401032939454,0,0.5005598967060546,1,2023-2025,Weeks 7-9,Home field,Non-conference
401756923,2025,8,Arizona State,Texas Tech,1,False,True,0.26184402301368315,0,0.7381559769863169,0,2023-2025,Weeks 7-9,Home field,Conference
401756924,2025,8,BYU,Utah,1,False,True,0.3175282592915113,0,0.6824717407084887,0,2023-2025,Weeks 7-9,Home field,Conference
401756925,2025,8,Houston,Arizona,1,False,True,0.5202747171620217,1,0.5202747171620217,1,2023-2025,Weeks 7-9,Home field,Conference
401756926,2025,8,Oklahoma State,Cincinnati,0,False,True,0.0977767696370449,0,0.9022232303629552,1,2023-2025,Weeks 7-9,Home field,Conference
401756927,2025,8,TCU,Baylor,1,False,True,0.7046492313036259,1,0.7046492313036259,1,2023-2025,Weeks 7-9,Home field,Conference
401756928,2025,8,UCF,West Virginia,1,False,True,0.7490611844613753,1,0.7490611844613753,1,2023-2025,Weeks 7-9,Home field,Conference
401757281,2025,8,Western Kentucky,Florida International,0,False,True,0.7522177943417832,1,0.7522177943417832,0,2023-2025,Weeks 7-9,Home field,Conference
401757282,2025,8,Liberty,New Mexico State,1,False,True,0.8224018075030755,1,0.8224018075030755,1,2023-2025,Weeks 7-9,Home field,Conference
401757283,2025,8,Jacksonville State,Delaware,1,False,True,0.3686382233285729,0,0.6313617766714271,0,2023-2025,Weeks 7-9,Home field,Conference
401757284,2025,8,Sam Houston State,UTEP,0,True,True,0.4094168597958414,0,0.5905831402041586,1,2023-2025,Weeks 7-9,Neutral,Conference
401760392,2025,8,Air Force,Wyoming,1,False,True,0.4926309894064206,0,0.5073690105935794,0,2023-2025,Weeks 7-9,Home field,Conference
401760393,2025,8,Boise State,UNLV,1,False,True,0.741813056817596,1,0.741813056817596,1,2023-2025,Weeks 7-9,Home field,Conference
401760394,2025,8,Colorado State,Hawai'i,0,False,True,0.6779477095145549,1,0.6779477095145549,0,2023-2025,Weeks 7-9,Home field,Conference
401760395,2025,8,New Mexico,Nevada,1,False,True,0.8215366909021311,1,0.8215366909021311,1,2023-2025,Weeks 7-9,Home field,Conference
401760396,2025,8,Utah State,San José State,1,False,True,0.43104309808264296,0,0.568956901917357,0,2023-2025,Weeks 7-9,Home field,Conference
401761628,2025,8,South Alabama,Arkansas State,0,False,True,0.6296437293303472,1,0.6296437293303472,0,2023-2025,Weeks 7-9,Home field,Conference
401761629,2025,8,App State,Coastal Carolina,0,False,True,0.6970220400505013,1,0.6970220400505013,0,2023-2025,Weeks 7-9,Home field,Conference
401761630,2025,8,Georgia Southern,Georgia State,1,False,True,0.7952784841000773,1,0.7952784841000773,1,2023-2025,Weeks 7-9,Home field,Conference
401761631,2025,8,James Madison,Old Dominion,1,False,True,0.6904976200183464,1,0.6904976200183464,1,2023-2025,Weeks 7-9,Home field,Conference
401761632,2025,8,Marshall,Texas State,1,False,True,0.5205716443852296,1,0.5205716443852296,1,2023-2025,Weeks 7-9,Home field,Conference
401761633,2025,8,Louisiana Monroe,Troy,0,False,True,0.264677920604129,0,0.735322079395871,1,2023-2025,Weeks 7-9,Home field,Conference
401761668,2025,8,Louisiana,Southern Mississippi,0,False,True,0.4900765455518487,0,0.5099234544481512,1,2023-2025,Weeks 7-9,Home field,Conference
401762486,2025,8,East Carolina,Tulsa,1,False,True,0.9086135950393637,1,0.9086135950393637,1,2023-2025,Weeks 7-9,Home field,Conference
401762487,2025,8,UAB,Memphis,1,False,True,0.11471992746251941,0,0.8852800725374805,0,2023-2025,Weeks 7-9,Home field,Conference
401762488,2025,8,Tulane,Army,1,False,True,0.8317053742591384,1,0.8317053742591384,1,2023-2025,Weeks 7-9,Home field,Conference
401762489,2025,8,Charlotte,Temple,0,False,True,0.35800453215930117,0,0.6419954678406988,1,2023-2025,Weeks 7-9,Home field,Conference
401762490,2025,8,South Florida,Florida Atlantic,1,False,True,0.9345140811044899,1,0.9345140811044899,1,2023-2025,Weeks 7-9,Home field,Conference
401762491,2025,8,North Texas,UT San Antonio,1,False,True,0.47784898605040715,0,0.5221510139495928,0,2023-2025,Weeks 7-9,Home field,Conference
401762838,2025,8,Ball State,Akron,1,False,True,0.3982724570013929,0,0.6017275429986071,0,2023-2025,Weeks 7-9,Home field,Conference
401762839,2025,8,Bowling Green,Central Michigan,0,False,True,0.7023608401135518,1,0.7023608401135518,0,2023-2025,Weeks 7-9,Home field,Conference
401762840,2025,8,UMass,Buffalo,0,False,True,0.09352040876082696,0,0.906479591239173,1,2023-2025,Weeks 7-9,Home field,Conference
401762841,2025,8,Miami (OH),Eastern Michigan,1,False,True,0.779745841639093,1,0.779745841639093,1,2023-2025,Weeks 7-9,Home field,Conference
401762842,2025,8,Toledo,Kent State,1,False,True,0.9879059453448192,1,0.9879059453448192,1,2023-2025,Weeks 7-9,Home field,Conference
401762843,2025,8,Ohio,Northern Illinois,1,False,True,0.893956637810039,1,0.893956637810039,1,2023-2025,Weeks 7-9,Home field,Conference
401752746,2025,9,Arkansas,Auburn,0,False,True,0.45815086985186576,0,0.5418491301481343,1,2023-2025,Weeks 7-9,Home field,Conference
401752747,2025,9,Kentucky,Tennessee,0,False,True,0.3135759314723594,0,0.6864240685276406,1,2023-2025,Weeks 7-9,Home field,Conference
401752748,2025,9,LSU,Texas A&M,0,False,True,0.47474696755668283,0,0.5252530324433171,1,2023-2025,Weeks 7-9,Home field,Conference
401752749,2025,9,Mississippi State,Texas,0,False,True,0.2485665666128831,0,0.7514334333871169,1,2023-2025,Weeks 7-9,Home field,Conference
401752750,2025,9,Oklahoma,Ole Miss,0,False,True,0.6189781473420258,1,0.6189781473420258,0,2023-2025,Weeks 7-9,Home field,Conference
401752751,2025,9,South Carolina,Alabama,0,False,True,0.16159883332051467,0,0.8384011666794853,1,2023-2025,Weeks 7-9,Home field,Conference
401752752,2025,9,Vanderbilt,Missouri,1,False,True,0.6401916705207569,1,0.6401916705207569,1,2023-2025,Weeks 7-9,Home field,Conference
401752880,2025,9,Washington,Illinois,1,False,True,0.620794052740529,1,0.620794052740529,1,2023-2025,Weeks 7-9,Home field,Conference
401752881,2025,9,Michigan State,Michigan,0,False,True,0.13577768342368599,0,0.864222316576314,1,2023-2025,Weeks 7-9,Home field,Conference
401752882,2025,9,Iowa,Minnesota,1,False,True,0.814720647160998,1,0.814720647160998,1,2023-2025,Weeks 7-9,Home field,Conference
401752883,2025,9,Nebraska,Northwestern,1,False,True,0.7521079358341494,1,0.7521079358341494,1,2023-2025,Weeks 7-9,Home field,Conference
401752884,2025,9,Purdue,Rutgers,0,False,True,0.3143777013504692,0,0.6856222986495308,1,2023-2025,Weeks 7-9,Home field,Conference
401752885,2025,9,Indiana,UCLA,1,False,True,0.9619003730747913,1,0.9619003730747913,1,2023-2025,Weeks 7-9,Home field,Conference
401752886,2025,9,Oregon,Wisconsin,1,False,True,0.9553295244401598,1,0.9553295244401598,1,2023-2025,Weeks 7-9,Home field,Conference
401752942,2025,9,Wake Forest,SMU,1,False,True,0.20909578223005587,0,0.7909042177699441,0,2023-2025,Weeks 7-9,Home field,Conference
401752952,2025,9,Washington State,Toledo,1,False,False,0.1691524705777786,0,0.8308475294222214,0,2023-2025,Weeks 7-9,Home field,Non-conference
401754372,2025,9,Virginia Tech,California,1,False,True,0.5677489188786204,1,0.5677489188786204,1,2023-2025,Weeks 7-9,Home field,Conference
401754570,2025,9,Louisville,Boston College,1,False,True,0.8781882640218771,1,0.8781882640218771,1,2023-2025,Weeks 7-9,Home field,Conference
401754571,2025,9,Georgia Tech,Syracuse,1,False,True,0.8624289672623435,1,0.8624289672623435,1,2023-2025,Weeks 7-9,Home field,Conference
401754572,2025,9,Miami,Stanford,1,False,True,0.9637399792535152,1,0.9637399792535152,1,2023-2025,Weeks 7-9,Home field,Conference
401754573,2025,9,North Carolina,Virginia,0,False,True,0.2846536401423303,0,0.7153463598576697,1,2023-2025,Weeks 7-9,Home field,Conference
401754574,2025,9,Pittsburgh,NC State,1,False,True,0.6609405297620745,1,0.6609405297620745,1,2023-2025,Weeks 7-9,Home field,Conference
401756929,2025,9,Arizona State,Houston,0,False,True,0.7910266612508291,1,0.7910266612508291,0,2023-2025,Weeks 7-9,Home field,Conference
401756930,2025,9,Cincinnati,Baylor,1,False,True,0.6072194226408927,1,0.6072194226408927,1,2023-2025,Weeks 7-9,Home field,Conference
401756931,2025,9,Iowa State,BYU,0,False,True,0.5028635169439692,1,0.5028635169439692,0,2023-2025,Weeks 7-9,Home field,Conference
401756932,2025,9,Kansas,Kansas State,0,False,True,0.51432142946582,1,0.51432142946582,0,2023-2025,Weeks 7-9,Home field,Conference
401756933,2025,9,Texas Tech,Oklahoma State,1,False,True,0.9833705492343414,1,0.9833705492343414,1,2023-2025,Weeks 7-9,Home field,Conference
401756934,2025,9,Utah,Colorado,1,False,True,0.8910201452362365,1,0.8910201452362365,1,2023-2025,Weeks 7-9,Home field,Conference
401756935,2025,9,West Virginia,TCU,0,False,True,0.10435613593627377,0,0.8956438640637262,1,2023-2025,Weeks 7-9,Home field,Conference
401757172,2025,9,Rice,Connecticut,1,False,False,0.20836420188002677,0,0.7916357981199732,0,2023-2025,Weeks 7-9,Home field,Non-conference
401757285,2025,9,Florida International,Kennesaw State,0,False,True,0.5514964085832326,1,0.5514964085832326,0,2023-2025,Weeks 7-9,Home field,Conference
401757286,2025,9,Louisiana Tech,Western Kentucky,0,False,True,0.6145418606910806,1,0.6145418606910806,0,2023-2025,Weeks 7-9,Home field,Conference
401757287,2025,9,Delaware,Middle Tennessee,1,False,True,0.8550109090055975,1,0.8550109090055975,1,2023-2025,Weeks 7-9,Home field,Conference
401757288,2025,9,New Mexico State,Missouri State,0,False,True,0.5132007308336491,1,0.5132007308336491,0,2023-2025,Weeks 7-9,Home field,Conference
401760397,2025,9,Nevada,Boise State,0,False,True,0.053808593810432945,0,0.9461914061895671,1,2023-2025,Weeks 7-9,Home field,Conference
401760398,2025,9,Wyoming,Colorado State,1,False,True,0.5748659567935936,1,0.5748659567935936,1,2023-2025,Weeks 7-9,Home field,Conference
401760399,2025,9,Fresno State,San Diego State,0,False,True,0.4117711245657536,0,0.5882288754342464,1,2023-2025,Weeks 7-9,Home field,Conference
401760400,2025,9,New Mexico,Utah State,1,False,True,0.5985750099456499,1,0.5985750099456499,1,2023-2025,Weeks 7-9,Home field,Conference
401761634,2025,9,Georgia State,South Alabama,0,False,True,0.4372177684050789,0,0.5627822315949211,1,2023-2025,Weeks 7-9,Home field,Conference
401761635,2025,9,Old Dominion,App State,1,False,True,0.7429026854803105,1,0.7429026854803105,1,2023-2025,Weeks 7-9,Home field,Conference
401761636,2025,9,Arkansas State,Georgia Southern,1,False,True,0.4327639098107729,0,0.567236090189227,0,2023-2025,Weeks 7-9,Home field,Conference
401761637,2025,9,Southern Mississippi,Louisiana Monroe,1,False,True,0.7883206958750223,1,0.7883206958750223,1,2023-2025,Weeks 7-9,Home field,Conference
401761638,2025,9,Troy,Louisiana,1,False,True,0.7584576413322137,1,0.7584576413322137,1,2023-2025,Weeks 7-9,Home field,Conference
401762492,2025,9,Charlotte,North Texas,0,False,True,0.06241273963998292,0,0.937587260360017,1,2023-2025,Weeks 7-9,Home field,Conference
401762493,2025,9,Navy,Florida Atlantic,1,False,True,0.7816277984258831,1,0.7816277984258831,1,2023-2025,Weeks 7-9,Home field,Conference
401762494,2025,9,Memphis,South Florida,1,False,True,0.4575339578224162,0,0.5424660421775838,0,2023-2025,Weeks 7-9,Home field,Conference
401762495,2025,9,Tulsa,Temple,0,False,True,0.3474077237663545,0,0.6525922762336456,1,2023-2025,Weeks 7-9,Home field,Conference
401762844,2025,9,Buffalo,Akron,0,False,True,0.8510582118625103,1,0.8510582118625103,0,2023-2025,Weeks 7-9,Home field,Conference
401762845,2025,9,Northern Illinois,Ball State,1,False,True,0.7727400401579454,1,0.7727400401579454,1,2023-2025,Weeks 7-9,Home field,Conference
401762846,2025,9,Kent State,Bowling Green,1,False,True,0.21146522415436342,0,0.7885347758456366,0,2023-2025,Weeks 7-9,Home field,Conference
401762847,2025,9,Central Michigan,UMass,1,False,True,0.888907937782551,1,0.888907937782551,1,2023-2025,Weeks 7-9,Home field,Conference
401762848,2025,9,Eastern Michigan,Ohio,0,False,True,0.20925894422243513,0,0.7907410557775649,1,2023-2025,Weeks 7-9,Home field,Conference
401762874,2025,9,Miami (OH),Western Michigan,1,False,True,0.7728178507024188,1,0.7728178507024188,1,2023-2025,Weeks 7-9,Home field,Conference
401752753,2025,10,Arkansas,Mississippi State,0,False,True,0.6835022340669306,1,0.6835022340669306,0,2023-2025,Weeks 10+,Home field,Conference
401752754,2025,10,Auburn,Kentucky,0,False,True,0.7903885723908208,1,0.7903885723908208,0,2023-2025,Weeks 10+,Home field,Conference
401752755,2025,10,Florida,Georgia,0,True,True,0.17710203679851322,0,0.8228979632014868,1,2023-2025,Weeks 10+,Neutral,Conference
401752756,2025,10,Ole Miss,South Carolina,1,False,True,0.7986815190950671,1,0.7986815190950671,1,2023-2025,Weeks 10+,Home field,Conference
401752757,2025,10,Tennessee,Oklahoma,0,False,True,0.52789764315846,1,0.52789764315846,0,2023-2025,Weeks 10+,Home field,Conference
401752758,2025,10,Texas,Vanderbilt,1,False,True,0.5396583863102697,1,0.5396583863102697,1,2023-2025,Weeks 10+,Home field,Conference
401752887,2025,10,Maryland,Indiana,0,False,True,0.08965821595287424,0,0.9103417840471257,1,2023-2025,Weeks 10+,Home field,Conference
401752888,2025,10,Minnesota,Michigan State,1,False,True,0.6862213438180947,1,0.6862213438180947,1,2023-2025,Weeks 10+,Home field,Conference
401752889,2025,10,Ohio State,Penn State,1,False,True,0.7563582285296178,1,0.7563582285296178,1,2023-2025,Weeks 10+,Home field,Conference
401752890,2025,10,Michigan,Purdue,1,False,True,0.9510029285875548,1,0.9510029285875548,1,2023-2025,Weeks 10+,Home field,Conference
401752891,2025,10,Illinois,Rutgers,1,False,True,0.7242082857877987,1,0.7242082857877987,1,2023-2025,Weeks 10+,Home field,Conference
401752892,2025,10,Nebraska,USC,0,False,True,0.3226207807172774,0,0.6773792192827226,1,2023-2025,Weeks 10+,Home field,Conference
401752943,2025,10,Oregon State,Washington State,1,False,True,0.6374509946117535,1,0.6374509946117535,1,2023-2025,Weeks 10+,Home field,Conference
401754575,2025,10,Syracuse,North Carolina,0,False,True,0.5867491190706279,1,0.5867491190706279,0,2023-2025,Weeks 10+,Home field,Conference
401754576,2025,10,California,Virginia,0,False,True,0.36643124953798334,0,0.6335687504620167,1,2023-2025,Weeks 10+,Home field,Conference
401754577,2025,10,Clemson,Duke,0,False,True,0.7913137322568439,1,0.7913137322568439,0,2023-2025,Weeks 10+,Home field,Conference
401754578,2025,10,Florida State,Wake Forest,1,False,True,0.8382962774159454,1,0.8382962774159454,1,2023-2025,Weeks 10+,Home field,Conference
401754579,2025,10,NC State,Georgia Tech,1,False,True,0.4113658449126442,0,0.5886341550873557,0,2023-2025,Weeks 10+,Home field,Conference
401754580,2025,10,Virginia Tech,Louisville,0,False,True,0.265732819607028,0,0.734267180392972,1,2023-2025,Weeks 10+,Home field,Conference
401754581,2025,10,SMU,Miami,1,False,True,0.3161507170896076,0,0.6838492829103924,0,2023-2025,Weeks 10+,Home field,Conference
401754582,2025,10,Stanford,Pittsburgh,0,False,True,0.14993560877540552,0,0.8500643912245944,1,2023-2025,Weeks 10+,Home field,Conference
401754583,2025,10,Boston College,Notre Dame,0,False,False,0.03944258018616732,0,0.9605574198138327,1,2023-2025,Weeks 10+,Home field,Non-conference
401756936,2025,10,Baylor,UCF,1,False,True,0.6885420454389259,1,0.6885420454389259,1,2023-2025,Weeks 10+,Home field,Conference
401756937,2025,10,Colorado,Arizona,0,False,True,0.525721460834862,1,0.525721460834862,0,2023-2025,Weeks 10+,Home field,Conference
401756938,2025,10,Houston,West Virginia,0,False,True,0.7745457029901627,1,0.7745457029901627,0,2023-2025,Weeks 10+,Home field,Conference
401756939,2025,10,Iowa State,Arizona State,0,False,True,0.5523355312995434,1,0.5523355312995434,0,2023-2025,Weeks 10+,Home field,Conference
401756940,2025,10,Kansas,Oklahoma State,1,False,True,0.9292049113218348,1,0.9292049113218348,1,2023-2025,Weeks 10+,Home field,Conference
401756941,2025,10,Kansas State,Texas Tech,0,False,True,0.3504146351922657,0,0.6495853648077343,1,2023-2025,Weeks 10+,Home field,Conference
401756942,2025,10,Utah,Cincinnati,1,False,True,0.8256447202231743,1,0.8256447202231743,1,2023-2025,Weeks 10+,Home field,Conference
401757173,2025,10,Connecticut,UAB,1,False,False,0.835279012631899,1,0.835279012631899,1,2023-2025,Weeks 10+,Home field,Non-conference
401757289,2025,10,Kennesaw State,UTEP,1,False,True,0.7689258930336962,1,0.7689258930336962,1,2023-2025,Weeks 10+,Home field,Conference
401757290,2025,10,Louisiana Tech,Sam Houston State,1,False,True,0.8780905191250139,1,0.8780905191250139,1,2023-2025,Weeks 10+,Home field,Conference
401757291,2025,10,Missouri State,Florida International,1,False,True,0.685125215484306,1,0.685125215484306,1,2023-2025,Weeks 10+,Home field,Conference
401757292,2025,10,Middle Tennessee,Jacksonville State,0,False,True,0.45539412238062676,0,0.5446058776193732,1,2023-2025,Weeks 10+,Home field,Conference
401757293,2025,10,Liberty,Delaware,1,False,True,0.5602666156548759,1,0.5602666156548759,1,2023-2025,Weeks 10+,Home field,Conference
401757294,2025,10,Western Kentucky,New Mexico State,1,False,True,0.7496928417780784,1,0.7496928417780784,1,2023-2025,Weeks 10+,Home field,Conference
401760401,2025,10,Air Force,Army,0,False,False,0.5993440894628445,1,0.5993440894628445,0,2023-2025,Weeks 10+,Home field,Non-conference
401760402,2025,10,Boise State,Fresno State,0,False,True,0.8691320000818649,1,0.8691320000818649,0,2023-2025,Weeks 10+,Home field,Conference
401760403,2025,10,San José State,Hawai'i,1,False,True,0.6587535546510962,1,0.6587535546510962,1,2023-2025,Weeks 10+,Home field,Conference
401760404,2025,10,UNLV,New Mexico,0,False,True,0.7418991450943495,1,0.7418991450943495,0,2023-2025,Weeks 10+,Home field,Conference
401760405,2025,10,San Diego State,Wyoming,1,False,True,0.7773198947785909,1,0.7773198947785909,1,2023-2025,Weeks 10+,Home field,Conference
401761639,2025,10,Texas State,James Madison,0,False,True,0.3022718772896445,0,0.6977281227103556,1,2023-2025,Weeks 10+,Home field,Conference
401761640,2025,10,Coastal Carolina,Marshall,1,False,True,0.3741095241827351,0,0.625890475817265,0,2023-2025,Weeks 10+,Home field,Conference
401761641,2025,10,Louisiana Monroe,Old Dominion,0,False,True,0.19558582785668047,0,0.8044141721433196,1,2023-2025,Weeks 10+,Home field,Conference
401761642,2025,10,South Alabama,Louisiana,0,False,True,0.6045312685207747,1,0.6045312685207747,0,2023-2025,Weeks 10+,Home field,Conference
401761643,2025,10,Troy,Arkansas State,0,False,True,0.7112756884987557,1,0.7112756884987557,0,2023-2025,Weeks 10+,Home field,Conference
401762443,2025,10,UT San Antonio,Tulane,1,False,True,0.5606884075577538,1,0.5606884075577538,1,2023-2025,Weeks 10+,Home field,Conference
401762497,2025,10,Rice,Memphis,0,False,True,0.12136043126401587,0,0.8786395687359841,1,2023-2025,Weeks 10+,Home field,Conference
401762498,2025,10,Temple,East Carolina,0,False,True,0.34240052584288977,0,0.6575994741571103,1,2023-2025,Weeks 10+,Home field,Conference
401762499,2025,10,North Texas,Navy,1,False,True,0.8406471627637144,1,0.8406471627637144,1,2023-2025,Weeks 10+,Home field,Conference
401762849,2025,10,Bowling Green,Buffalo,0,False,True,0.42389522807083474,0,0.5761047719291652,1,2023-2025,Weeks 10+,Home field,Conference
401762850,2025,10,Western Michigan,Central Michigan,1,False,True,0.5761865974959544,1,0.5761865974959544,1,2023-2025,Weeks 10+,Home field,Conference
401752759,2025,11,Alabama,LSU,1,False,True,0.8241370336238858,1,0.8241370336238858,1,2023-2025,Weeks 10+,Home field,Conference
401752760,2025,11,Kentucky,Florida,1,False,True,0.39157952779766036,0,0.6084204722023396,0,2023-2025,Weeks 10+,Home field,Conference
401752762,2025,11,Mississippi State,Georgia,0,False,True,0.12733103512557944,0,0.8726689648744206,1,2023-2025,Weeks 10+,Home field,Conference
401752763,2025,11,Missouri,Texas A&M,0,False,True,0.4523692954341218,0,0.5476307045658781,1,2023-2025,Weeks 10+,Home field,Conference
401752764,2025,11,Vanderbilt,Auburn,1,False,True,0.7176568190576329,1,0.7176568190576329,1,2023-2025,Weeks 10+,Home field,Conference
401752893,2025,11,Penn State,Indiana,0,False,True,0.4045049451926349,0,0.5954950548073651,1,2023-2025,Weeks 10+,Home field,Conference
401752894,2025,11,Rutgers,Maryland,1,False,True,0.659226482138216,1,0.659226482138216,1,2023-2025,Weeks 10+,Home field,Conference
401752895,2025,11,UCLA,Nebraska,0,False,True,0.21849900740107864,0,0.7815009925989214,1,2023-2025,Weeks 10+,Home field,Conference
401752896,2025,11,USC,Northwestern,1,False,True,0.8929595974315159,1,0.8929595974315159,1,2023-2025,Weeks 10+,Home field,Conference
401752897,2025,11,Purdue,Ohio State,0,False,True,0.01905193889081569,0,0.9809480611091843,1,2023-2025,Weeks 10+,Home field,Conference
401752898,2025,11,Iowa,Oregon,0,False,True,0.4299035852484535,0,0.5700964147515465,1,2023-2025,Weeks 10+,Home field,Conference
401752899,2025,11,Wisconsin,Washington,1,False,True,0.28076696017944247,0,0.7192330398205575,0,2023-2025,Weeks 10+,Home field,Conference
401752944,2025,11,Oregon State,Sam Houston State,0,False,False,0.9248482119151608,1,0.9248482119151608,0,2023-2025,Weeks 10+,Home field,Non-conference
401754584,2025,11,Boston College,SMU,0,False,True,0.22040627799311388,0,0.7795937220068861,1,2023-2025,Weeks 10+,Home field,Conference
401754585,2025,11,Louisville,California,0,False,True,0.8557685028917249,1,0.8557685028917249,0,2023-2025,Weeks 10+,Home field,Conference
401754586,2025,11,Clemson,Florida State,1,False,True,0.7373291136731185,1,0.7373291136731185,1,2023-2025,Weeks 10+,Home field,Conference
401754587,2025,11,Miami,Syracuse,1,False,True,0.9647944694716191,1,0.9647944694716191,1,2023-2025,Weeks 10+,Home field,Conference
401754588,2025,11,North Carolina,Stanford,1,False,True,0.6908857855638587,1,0.6908857855638587,1,2023-2025,Weeks 10+,Home field,Conference
401754589,2025,11,Virginia,Wake Forest,0,False,True,0.8130213519948651,1,0.8130213519948651,0,2023-2025,Weeks 10+,Home field,Conference
401754590,2025,11,Connecticut,Duke,1,False,False,0.38018658411255984,0,0.6198134158874402,0,2023-2025,Weeks 10+,Home field,Non-conference
401756943,2025,11,Arizona,Kansas,1,False,True,0.5448045716734509,1,0.5448045716734509,1,2023-2025,Weeks 10+,Home field,Conference
401756944,2025,11,TCU,Iowa State,0,False,True,0.7205235637973166,1,0.7205235637973166,0,2023-2025,Weeks 10+,Home field,Conference
401756945,2025,11,Texas Tech,BYU,1,False,True,0.8118456020550151,1,0.8118456020550151,1,2023-2025,Weeks 10+,Home field,Conference
401756946,2025,11,UCF,Houston,0,False,True,0.5763435248021104,1,0.5763435248021104,0,2023-2025,Weeks 10+,Home field,Conference
401756947,2025,11,West Virginia,Colorado,1,False,True,0.5496931969861474,1,0.5496931969861474,1,2023-2025,Weeks 10+,Home field,Conference
401757166,2025,11,Notre Dame,Navy,1,False,False,0.985542338021993,1,0.985542338021993,1,2023-2025,Weeks 10+,Home field,Non-conference
401757295,2025,11,Delaware,Louisiana Tech,1,False,True,0.520289481884525,1,0.520289481884525,1,2023-2025,Weeks 10+,Home field,Conference
401757296,2025,11,Middle Tennessee,Florida International,0,False,True,0.5507843608093038,1,0.5507843608093038,0,2023-2025,Weeks 10+,Home field,Conference
401757297,2025,11,UTEP,Jacksonville State,0,False,True,0.39270472787473054,0,0.6072952721252695,1,2023-2025,Weeks 10+,Home field,Conference
401757298,2025,11,New Mexico State,Kennesaw State,0,False,True,0.3613165584755041,0,0.638683441524496,1,2023-2025,Weeks 10+,Home field,Conference
401757299,2025,11,Liberty,Missouri State,0,False,True,0.806687877571642,1,0.806687877571642,0,2023-2025,Weeks 10+,Home field,Conference
401760406,2025,11,San José State,Air Force,0,False,True,0.7247099355551769,1,0.7247099355551769,0,2023-2025,Weeks 10+,Home field,Conference
401760407,2025,11,Colorado State,UNLV,0,False,True,0.41042020319993266,0,0.5895797968000673,1,2023-2025,Weeks 10+,Home field,Conference
401760408,2025,11,Hawai'i,San Diego State,1,False,True,0.2475380750814481,0,0.7524619249185519,0,2023-2025,Weeks 10+,Home field,Conference
401760409,2025,11,Utah State,Nevada,1,False,True,0.7444372997998864,1,0.7444372997998864,1,2023-2025,Weeks 10+,Home field,Conference
401761644,2025,11,App State,Georgia Southern,0,False,True,0.5008316492171558,1,0.5008316492171558,0,2023-2025,Weeks 10+,Home field,Conference
401761645,2025,11,Coastal Carolina,Georgia State,1,False,True,0.7329321492419895,1,0.7329321492419895,1,2023-2025,Weeks 10+,Home field,Conference
401761646,2025,11,Marshall,James Madison,0,False,True,0.18037796014910554,0,0.8196220398508944,1,2023-2025,Weeks 10+,Home field,Conference
401761647,2025,11,Arkansas State,Southern Mississippi,0,False,True,0.5499797770862773,1,0.5499797770862773,0,2023-2025,Weeks 10+,Home field,Conference
401761648,2025,11,Louisiana,Texas State,1,False,True,0.43964885340007553,0,0.5603511465999245,0,2023-2025,Weeks 10+,Home field,Conference
401762500,2025,11,South Florida,UT San Antonio,1,False,True,0.7346371377687287,1,0.7346371377687287,1,2023-2025,Weeks 10+,Home field,Conference
401762501,2025,11,Memphis,Tulane,0,False,True,0.721730003901314,1,0.721730003901314,0,2023-2025,Weeks 10+,Home field,Conference
401762502,2025,11,Rice,UAB,1,False,True,0.4790880996240272,0,0.5209119003759728,0,2023-2025,Weeks 10+,Home field,Conference
401762503,2025,11,Army,Temple,1,False,True,0.556151108513657,1,0.556151108513657,1,2023-2025,Weeks 10+,Home field,Conference
401762504,2025,11,East Carolina,Charlotte,1,False,True,0.9578889891220943,1,0.9578889891220943,1,2023-2025,Weeks 10+,Home field,Conference
401762505,2025,11,Florida Atlantic,Tulsa,1,False,True,0.5868879959860941,1,0.5868879959860941,1,2023-2025,Weeks 10+,Home field,Conference
401762851,2025,11,Akron,UMass,1,False,True,0.8385720260824708,1,0.8385720260824708,1,2023-2025,Weeks 10+,Home field,Conference
401762852,2025,11,Ohio,Miami (OH),1,False,True,0.6875242300566762,1,0.6875242300566762,1,2023-2025,Weeks 10+,Home field,Conference
401762853,2025,11,Ball State,Kent State,1,False,True,0.6332554344786228,1,0.6332554344786228,1,2023-2025,Weeks 10+,Home field,Conference
401762854,2025,11,Toledo,Northern Illinois,1,False,True,0.9425955836402564,1,0.9425955836402564,1,2023-2025,Weeks 10+,Home field,Conference
401762855,2025,11,Eastern Michigan,Bowling Green,1,False,True,0.7070822487537098,1,0.7070822487537098,1,2023-2025,Weeks 10+,Home field,Conference
401752765,2025,12,Alabama,Oklahoma,0,False,True,0.6872469474897412,1,0.6872469474897412,0,2023-2025,Weeks 10+,Home field,Conference
401752766,2025,12,Georgia,Texas,1,False,True,0.7621850887066869,1,0.7621850887066869,1,2023-2025,Weeks 10+,Home field,Conference
401752768,2025,12,LSU,Arkansas,1,False,True,0.6667711393243139,1,0.6667711393243139,1,2023-2025,Weeks 10+,Home field,Conference
401752769,2025,12,Ole Miss,Florida,1,False,True,0.8010463568897648,1,0.8010463568897648,1,2023-2025,Weeks 10+,Home field,Conference
401752770,2025,12,Missouri,Mississippi State,1,False,True,0.8032392069454228,1,0.8032392069454228,1,2023-2025,Weeks 10+,Home field,Conference
401752771,2025,12,Tennessee,New Mexico State,1,False,False,0.9825884293145856,1,0.9825884293145856,1,2023-2025,Weeks 10+,Home field,Non-conference
401752772,2025,12,Texas A&M,South Carolina,1,False,True,0.8696572290981728,1,0.8696572290981728,1,2023-2025,Weeks 10+,Home field,Conference
401752900,2025,12,Ohio State,UCLA,1,False,True,0.9846591855689659,1,0.9846591855689659,1,2023-2025,Weeks 10+,Home field,Conference
401752901,2025,12,Indiana,Wisconsin,1,False,True,0.9613495615478086,1,0.9613495615478086,1,2023-2025,Weeks 10+,Home field,Conference
401752902,2025,12,Washington,Purdue,1,False,True,0.9026918535723554,1,0.9026918535723554,1,2023-2025,Weeks 10+,Home field,Conference
401752903,2025,12,Michigan State,Penn State,0,False,True,0.09646918721717185,0,0.9035308127828281,1,2023-2025,Weeks 10+,Home field,Conference
401752904,2025,12,Oregon,Minnesota,1,False,True,0.9382110910182206,1,0.9382110910182206,1,2023-2025,Weeks 10+,Home field,Conference
401752905,2025,12,Northwestern,Michigan,0,True,True,0.1689007595426527,0,0.8310992404573473,1,2023-2025,Weeks 10+,Neutral,Conference
401752906,2025,12,Illinois,Maryland,1,False,True,0.8522396629397431,1,0.8522396629397431,1,2023-2025,Weeks 10+,Home field,Conference
401752907,2025,12,USC,Iowa,1,False,True,0.5937587089405203,1,0.5937587089405203,1,2023-2025,Weeks 10+,Home field,Conference
401752945,2025,12,Tulsa,Oregon State,1,False,False,0.3445899332353316,0,0.6554100667646684,0,2023-2025,Weeks 10+,Home field,Non-conference
401752953,2025,12,Washington State,Louisiana Tech,1,False,False,0.45629405146295055,0,0.5437059485370495,0,2023-2025,Weeks 10+,Home field,Non-conference
401754591,2025,12,Louisville,Clemson,0,False,True,0.3180491302610566,0,0.6819508697389434,1,2023-2025,Weeks 10+,Home field,Conference
401754592,2025,12,Boston College,Georgia Tech,0,False,True,0.22110335554993588,0,0.7788966444500641,1,2023-2025,Weeks 10+,Home field,Conference
401754593,2025,12,Duke,Virginia,0,False,True,0.6823416757468933,1,0.6823416757468933,0,2023-2025,Weeks 10+,Home field,Conference
401754594,2025,12,Florida State,Virginia Tech,1,False,True,0.8537478020720817,1,0.8537478020720817,1,2023-2025,Weeks 10+,Home field,Conference
401754595,2025,12,Miami,NC State,1,False,True,0.852447058649558,1,0.852447058649558,1,2023-2025,Weeks 10+,Home field,Conference
401754596,2025,12,Wake Forest,North Carolina,1,False,True,0.5735511126685735,1,0.5735511126685735,1,2023-2025,Weeks 10+,Home field,Conference
401754597,2025,12,Pittsburgh,Notre Dame,0,False,False,0.16574739289579654,0,0.8342526071042035,1,2023-2025,Weeks 10+,Home field,Non-conference
401756948,2025,12,Arizona State,West Virginia,1,False,True,0.8595259853187311,1,0.8595259853187311,1,2023-2025,Weeks 10+,Home field,Conference
401756949,2025,12,Baylor,Utah,0,False,True,0.2306216038288517,0,0.7693783961711483,1,2023-2025,Weeks 10+,Home field,Conference
401756950,2025,12,BYU,TCU,1,False,True,0.5082423627083297,1,0.5082423627083297,1,2023-2025,Weeks 10+,Home field,Conference
401756951,2025,12,Cincinnati,Arizona,0,False,True,0.7092425911209222,1,0.7092425911209222,0,2023-2025,Weeks 10+,Home field,Conference
401756952,2025,12,Oklahoma State,Kansas State,0,False,True,0.08264461272465987,0,0.9173553872753402,1,2023-2025,Weeks 10+,Home field,Conference
401756953,2025,12,Texas Tech,UCF,1,False,True,0.9423903040170687,1,0.9423903040170687,1,2023-2025,Weeks 10+,Home field,Conference
401757174,2025,12,Connecticut,Air Force,1,False,False,0.8379558086466475,1,0.8379558086466475,1,2023-2025,Weeks 10+,Home field,Non-conference
401757300,2025,12,Sam Houston State,Delaware,1,True,True,0.11824454660847152,0,0.8817554533915285,0,2023-2025,Weeks 10+,Neutral,Conference
401757301,2025,12,Florida International,Liberty,1,False,True,0.32492725793303256,0,0.6750727420669674,0,2023-2025,Weeks 10+,Home field,Conference
401757302,2025,12,Jacksonville State,Kennesaw State,1,False,True,0.5418076912509476,1,0.5418076912509476,1,2023-2025,Weeks 10+,Home field,Conference
401757303,2025,12,Western Kentucky,Middle Tennessee,1,False,True,0.7926776812975423,1,0.7926776812975423,1,2023-2025,Weeks 10+,Home field,Conference
401757304,2025,12,Missouri State,UTEP,1,False,True,0.7343230415365531,1,0.7343230415365531,1,2023-2025,Weeks 10+,Home field,Conference
401760410,2025,12,San Diego State,Boise State,1,False,True,0.4593008237522911,0,0.5406991762477089,0,2023-2025,Weeks 10+,Home field,Conference
401760411,2025,12,New Mexico,Colorado State,1,False,True,0.6674135886117508,1,0.6674135886117508,1,2023-2025,Weeks 10+,Home field,Conference
401760412,2025,12,Fresno State,Wyoming,1,False,True,0.6415249070036348,1,0.6415249070036348,1,2023-2025,Weeks 10+,Home field,Conference
401760413,2025,12,Nevada,San José State,1,False,True,0.1719116221652338,0,0.8280883778347662,0,2023-2025,Weeks 10+,Home field,Conference
401760414,2025,12,UNLV,Utah State,1,False,True,0.7899670160122014,1,0.7899670160122014,1,2023-2025,Weeks 10+,Home field,Conference
401761649,2025,12,Old Dominion,Troy,1,False,True,0.6382845695674648,1,0.6382845695674648,1,2023-2025,Weeks 10+,Home field,Conference
401761650,2025,12,Georgia Southern,Coastal Carolina,1,False,True,0.633603392684846,1,0.633603392684846,1,2023-2025,Weeks 10+,Home field,Conference
401761651,2025,12,Georgia State,Marshall,0,False,True,0.32356381882047824,0,0.6764361811795218,1,2023-2025,Weeks 10+,Home field,Conference
401761652,2025,12,James Madison,App State,1,False,True,0.9245214604158314,1,0.9245214604158314,1,2023-2025,Weeks 10+,Home field,Conference
401761653,2025,12,Louisiana Monroe,South Alabama,0,False,True,0.3461753158930057,0,0.6538246841069943,1,2023-2025,Weeks 10+,Home field,Conference
401761654,2025,12,Southern Mississippi,Texas State,0,False,True,0.5388791177044915,1,0.5388791177044915,0,2023-2025,Weeks 10+,Home field,Conference
401762506,2025,12,UAB,North Texas,0,False,True,0.14464326232636057,0,0.8553567376736394,1,2023-2025,Weeks 10+,Home field,Conference
401762507,2025,12,Charlotte,UT San Antonio,0,False,True,0.08746700569093957,0,0.9125329943090604,1,2023-2025,Weeks 10+,Home field,Conference
401762508,2025,12,East Carolina,Memphis,1,False,True,0.509059778200374,1,0.509059778200374,1,2023-2025,Weeks 10+,Home field,Conference
401762509,2025,12,Tulane,Florida Atlantic,1,False,True,0.8872118434120498,1,0.8872118434120498,1,2023-2025,Weeks 10+,Home field,Conference
401762510,2025,12,Navy,South Florida,1,False,True,0.11289509035464364,0,0.8871049096453564,0,2023-2025,Weeks 10+,Home field,Conference
401762856,2025,12,Akron,Kent State,0,False,True,0.8310988309921071,1,0.8310988309921071,0,2023-2025,Weeks 10+,Home field,Conference
401762857,2025,12,Western Michigan,Ohio,1,False,True,0.2577085837317096,0,0.7422914162682904,0,2023-2025,Weeks 10+,Home field,Conference
401762858,2025,12,Central Michigan,Buffalo,1,False,True,0.44099304183290794,0,0.559006958167092,0,2023-2025,Weeks 10+,Home field,Conference
401762859,2025,12,UMass,Northern Illinois,0,False,True,0.23408301915940166,0,0.7659169808405983,1,2023-2025,Weeks 10+,Home field,Conference
401762860,2025,12,Miami (OH),Toledo,0,False,True,0.26320574428187876,0,0.7367942557181213,1,2023-2025,Weeks 10+,Home field,Conference
401762861,2025,12,Ball State,Eastern Michigan,0,False,True,0.2183123240691392,0,0.7816876759308609,1,2023-2025,Weeks 10+,Home field,Conference
401752775,2025,13,Florida,Tennessee,0,False,True,0.3711633532574944,0,0.6288366467425056,1,2023-2025,Weeks 10+,Home field,Conference
401752776,2025,13,Georgia,Charlotte,1,False,False,0.9975553856118902,1,0.9975553856118902,1,2023-2025,Weeks 10+,Home field,Non-conference
401752777,2025,13,LSU,Western Kentucky,1,False,False,0.9176150284056064,1,0.9176150284056064,1,2023-2025,Weeks 10+,Home field,Non-conference
401752778,2025,13,Oklahoma,Missouri,1,False,True,0.6813385817399435,1,0.6813385817399435,1,2023-2025,Weeks 10+,Home field,Conference
401752779,2025,13,South Carolina,Coastal Carolina,1,False,False,0.9091750080653598,1,0.9091750080653598,1,2023-2025,Weeks 10+,Home field,Non-conference
401752780,2025,13,Texas,Arkansas,1,False,True,0.746302100580018,1,0.746302100580018,1,2023-2025,Weeks 10+,Home field,Conference
401752782,2025,13,Vanderbilt,Kentucky,1,False,True,0.7727759815571777,1,0.7727759815571777,1,2023-2025,Weeks 10+,Home field,Conference
401752908,2025,13,Penn State,Nebraska,1,False,True,0.8265590409906395,1,0.8265590409906395,1,2023-2025,Weeks 10+,Home field,Conference
401752909,2025,13,Northwestern,Minnesota,1,True,True,0.5233066036661507,1,0.5233066036661507,1,2023-2025,Weeks 10+,Neutral,Conference
401752910,2025,13,UCLA,Washington,0,False,True,0.15522373455571858,0,0.8447762654442814,1,2023-2025,Weeks 10+,Home field,Conference
401752911,2025,13,Oregon,USC,1,False,True,0.7302507394996478,1,0.7302507394996478,1,2023-2025,Weeks 10+,Home field,Conference
401752912,2025,13,Ohio State,Rutgers,1,False,True,0.9688279574918863,1,0.9688279574918863,1,2023-2025,Weeks 10+,Home field,Conference
401752913,2025,13,Iowa,Michigan State,1,False,True,0.9239843157696787,1,0.9239843157696787,1,2023-2025,Weeks 10+,Home field,Conference
401752914,2025,13,Maryland,Michigan,0,False,True,0.1290968137546421,0,0.8709031862453579,1,2023-2025,Weeks 10+,Home field,Conference
401752915,2025,13,Wisconsin,Illinois,1,False,True,0.29915703841201824,0,0.7008429615879818,0,2023-2025,Weeks 10+,Home field,Conference
401752954,2025,13,James Madison,Washington State,1,False,False,0.9196079663672581,1,0.9196079663672581,1,2023-2025,Weeks 10+,Home field,Non-conference
401754598,2025,13,NC State,Florida State,1,False,True,0.38847533844799653,0,0.6115246615520035,0,2023-2025,Weeks 10+,Home field,Conference
401754599,2025,13,Stanford,California,1,False,True,0.44412435377989967,0,0.5558756462201003,0,2023-2025,Weeks 10+,Home field,Conference
401754600,2025,13,North Carolina,Duke,0,False,True,0.2810151388637374,0,0.7189848611362626,1,2023-2025,Weeks 10+,Home field,Conference
401754601,2025,13,Georgia Tech,Pittsburgh,0,False,True,0.5711204205712769,1,0.5711204205712769,0,2023-2025,Weeks 10+,Home field,Conference
401754602,2025,13,SMU,Louisville,1,False,True,0.6733797470172904,1,0.6733797470172904,1,2023-2025,Weeks 10+,Home field,Conference
401754603,2025,13,Virginia Tech,Miami,0,False,True,0.08419925338486253,0,0.9158007466151374,1,2023-2025,Weeks 10+,Home field,Conference
401754604,2025,13,Notre Dame,Syracuse,1,False,False,0.986417472052399,1,0.986417472052399,1,2023-2025,Weeks 10+,Home field,Non-conference
401754606,2025,13,Wake Forest,Delaware,1,False,False,0.7074165042220248,1,0.7074165042220248,1,2023-2025,Weeks 10+,Home field,Non-conference
401756954,2025,13,Arizona,Baylor,1,False,True,0.4680523032157201,0,0.5319476967842799,0,2023-2025,Weeks 10+,Home field,Conference
401756955,2025,13,Cincinnati,BYU,0,False,True,0.4723710388999248,0,0.5276289611000752,1,2023-2025,Weeks 10+,Home field,Conference
401756956,2025,13,Colorado,Arizona State,0,False,True,0.23893391344972836,0,0.7610660865502716,1,2023-2025,Weeks 10+,Home field,Conference
401756957,2025,13,Houston,TCU,0,False,True,0.35248269614104494,0,0.647517303858955,1,2023-2025,Weeks 10+,Home field,Conference
401756958,2025,13,Iowa State,Kansas,1,False,True,0.6394428537623841,1,0.6394428537623841,1,2023-2025,Weeks 10+,Home field,Conference
401756959,2025,13,UCF,Oklahoma State,1,False,True,0.8124330768526485,1,0.8124330768526485,1,2023-2025,Weeks 10+,Home field,Conference
401756960,2025,13,Utah,Kansas State,1,False,True,0.8905208230419752,1,0.8905208230419752,1,2023-2025,Weeks 10+,Home field,Conference
401757175,2025,13,Florida Atlantic,Connecticut,0,False,False,0.24010029532470975,0,0.7598997046752902,1,2023-2025,Weeks 10+,Home field,Non-conference
401757305,2025,13,Florida International,Jacksonville State,1,False,True,0.5516902744369322,1,0.5516902744369322,1,2023-2025,Weeks 10+,Home field,Conference
401757306,2025,13,Kennesaw State,Missouri State,1,False,True,0.6829169908643922,1,0.6829169908643922,1,2023-2025,Weeks 10+,Home field,Conference
401757307,2025,13,Louisiana Tech,Liberty,1,False,True,0.4458492078498554,0,0.5541507921501446,0,2023-2025,Weeks 10+,Home field,Conference
401757308,2025,13,Middle Tennessee,Sam Houston State,1,False,True,0.7766087689244499,1,0.7766087689244499,1,2023-2025,Weeks 10+,Home field,Conference
401757309,2025,13,UTEP,New Mexico State,0,False,True,0.5882565534076691,1,0.5882565534076691,0,2023-2025,Weeks 10+,Home field,Conference
401760415,2025,13,Air Force,New Mexico,0,False,True,0.4851450560669315,0,0.5148549439330685,1,2023-2025,Weeks 10+,Home field,Conference
401760416,2025,13,Boise State,Colorado State,1,False,True,0.8752449529313555,1,0.8752449529313555,1,2023-2025,Weeks 10+,Home field,Conference
401760417,2025,13,Fresno State,Utah State,0,False,True,0.7419940714048169,1,0.7419940714048169,0,2023-2025,Weeks 10+,Home field,Conference
401760418,2025,13,UNLV,Hawai'i,1,False,True,0.6640332767279225,1,0.6640332767279225,1,2023-2025,Weeks 10+,Home field,Conference
401760419,2025,13,Wyoming,Nevada,0,False,True,0.7799969529383611,1,0.7799969529383611,0,2023-2025,Weeks 10+,Home field,Conference
401760420,2025,13,San Diego State,San José State,1,False,True,0.8212192378946963,1,0.8212192378946963,1,2023-2025,Weeks 10+,Home field,Conference
401761655,2025,13,Arkansas State,Louisiana,0,False,True,0.6371561896546023,1,0.6371561896546023,0,2023-2025,Weeks 10+,Home field,Conference
401761656,2025,13,App State,Marshall,1,False,True,0.38078385193080366,0,0.6192161480691963,0,2023-2025,Weeks 10+,Home field,Conference
401761657,2025,13,Georgia Southern,Old Dominion,0,False,True,0.44198783585528423,0,0.5580121641447158,1,2023-2025,Weeks 10+,Home field,Conference
401761658,2025,13,South Alabama,Southern Mississippi,1,False,True,0.48909499704019754,0,0.5109050029598025,0,2023-2025,Weeks 10+,Home field,Conference
401761659,2025,13,Texas State,Louisiana Monroe,1,False,True,0.9069696813838878,1,0.9069696813838878,1,2023-2025,Weeks 10+,Home field,Conference
401761660,2025,13,Troy,Georgia State,1,False,True,0.7240898605211101,1,0.7240898605211101,1,2023-2025,Weeks 10+,Home field,Conference
401762511,2025,13,UAB,South Florida,0,False,True,0.07380940834965373,0,0.9261905916503462,1,2023-2025,Weeks 10+,Home field,Conference
401762512,2025,13,Army,Tulsa,0,False,True,0.6615408313986129,1,0.6615408313986129,0,2023-2025,Weeks 10+,Home field,Conference
401762513,2025,13,UT San Antonio,East Carolina,1,False,True,0.5465194117003482,1,0.5465194117003482,1,2023-2025,Weeks 10+,Home field,Conference
401762514,2025,13,Rice,North Texas,0,False,True,0.09835286874328668,0,0.9016471312567134,1,2023-2025,Weeks 10+,Home field,Conference
401762515,2025,13,Temple,Tulane,0,False,True,0.29311302992324917,0,0.7068869700767508,1,2023-2025,Weeks 10+,Home field,Conference
401762862,2025,13,Bowling Green,Akron,0,False,True,0.5552900341740723,1,0.5552900341740723,0,2023-2025,Weeks 10+,Home field,Conference
401762863,2025,13,Ohio,UMass,1,False,True,0.9859142375261903,1,0.9859142375261903,1,2023-2025,Weeks 10+,Home field,Conference
401762864,2025,13,Northern Illinois,Western Michigan,0,False,True,0.41317114183214004,0,0.58682885816786,1,2023-2025,Weeks 10+,Home field,Conference
401762865,2025,13,Buffalo,Miami (OH),0,False,True,0.4727133984872943,0,0.5272866015127057,1,2023-2025,Weeks 10+,Home field,Conference
401762866,2025,13,Kent State,Central Michigan,0,False,True,0.16272099931165762,0,0.8372790006883424,1,2023-2025,Weeks 10+,Home field,Conference
401762867,2025,13,Toledo,Ball State,1,False,True,0.9880990675841979,1,0.9880990675841979,1,2023-2025,Weeks 10+,Home field,Conference
401752783,2025,14,Arkansas,Missouri,0,False,True,0.42442694527598274,0,0.5755730547240172,1,2023-2025,Weeks 10+,Home field,Conference
401752784,2025,14,Auburn,Alabama,0,False,True,0.2917835395391429,0,0.7082164604608572,1,2023-2025,Weeks 10+,Home field,Conference
401752785,2025,14,Florida,Florida State,1,False,False,0.5520402654308777,1,0.5520402654308777,1,2023-2025,Weeks 10+,Home field,Non-conference
401752786,2025,14,Georgia Tech,Georgia,0,True,False,0.12665831071443664,0,0.8733416892855633,1,2023-2025,Weeks 10+,Neutral,Non-conference
401752787,2025,14,Louisville,Kentucky,1,False,False,0.5370935352188222,1,0.5370935352188222,1,2023-2025,Weeks 10+,Home field,Non-conference
401752788,2025,14,Mississippi State,Ole Miss,0,False,True,0.20879814918411965,0,0.7912018508158803,1,2023-2025,Weeks 10+,Home field,Conference
401752789,2025,14,Oklahoma,LSU,1,False,True,0.754727294578605,1,0.754727294578605,1,2023-2025,Weeks 10+,Home field,Conference
401752790,2025,14,South Carolina,Clemson,0,False,False,0.386108302184082,0,0.613891697815918,1,2023-2025,Weeks 10+,Home field,Non-conference
401752791,2025,14,Tennessee,Vanderbilt,0,False,True,0.4962193720233795,0,0.5037806279766205,1,2023-2025,Weeks 10+,Home field,Conference
401752792,2025,14,Texas,Texas A&M,1,False,True,0.42651608684501363,0,0.5734839131549864,0,2023-2025,Weeks 10+,Home field,Conference
401752916,2025,14,Nebraska,Iowa,0,False,True,0.3129258237237487,0,0.6870741762762513,1,2023-2025,Weeks 10+,Home field,Conference
401752917,2025,14,Washington,Oregon,0,False,True,0.2801284679522537,0,0.7198715320477462,1,2023-2025,Weeks 10+,Home field,Conference
401752918,2025,14,Minnesota,Wisconsin,1,False,True,0.5395320535301489,1,0.5395320535301489,1,2023-2025,Weeks 10+,Home field,Conference
401752919,2025,14,USC,UCLA,1,False,True,0.952707370926098,1,0.952707370926098,1,2023-2025,Weeks 10+,Home field,Conference
401752920,2025,14,Rutgers,Penn State,0,False,True,0.12705888034857246,0,0.8729411196514275,1,2023-2025,Weeks 10+,Home field,Conference
401752921,2025,14,Michigan,Ohio State,0,False,True,0.23460044485656484,0,0.7653995551434352,1,2023-2025,Weeks 10+,Home field,Conference
401752922,2025,14,Illinois,Northwestern,1,False,True,0.7427451805711838,1,0.7427451805711838,1,2023-2025,Weeks 10+,Home field,Conference
401752923,2025,14,Michigan State,Maryland,1,True,True,0.5943503711440405,1,0.5943503711440405,1,2023-2025,Weeks 10+,Neutral,Conference
401752924,2025,14,Purdue,Indiana,0,False,True,0.02788520377238138,0,0.9721147962276186,1,2023-2025,Weeks 10+,Home field,Conference
401752946,2025,14,Washington State,Oregon State,1,False,True,0.6532124694875734,1,0.6532124694875734,1,2023-2025,Weeks 10+,Home field,Conference
401754608,2025,14,Syracuse,Boston College,0,False,True,0.40743978643421574,0,0.5925602135657843,1,2023-2025,Weeks 10+,Home field,Conference
401754609,2025,14,California,SMU,1,False,True,0.12279111701087758,0,0.8772088829891225,0,2023-2025,Weeks 10+,Home field,Conference
401754610,2025,14,Duke,Wake Forest,1,False,True,0.7154218602609942,1,0.7154218602609942,1,2023-2025,Weeks 10+,Home field,Conference
401754611,2025,14,Pittsburgh,Miami,0,False,True,0.31177636810224,0,0.6882236318977599,1,2023-2025,Weeks 10+,Home field,Conference
401754612,2025,14,NC State,North Carolina,1,False,True,0.7996648809151391,1,0.7996648809151391,1,2023-2025,Weeks 10+,Home field,Conference
401754613,2025,14,Virginia,Virginia Tech,1,False,True,0.753615928163749,1,0.753615928163749,1,2023-2025,Weeks 10+,Home field,Conference
401754614,2025,14,Stanford,Notre Dame,0,False,False,0.03000453220567158,0,0.9699954677943284,1,2023-2025,Weeks 10+,Home field,Non-conference
401756961,2025,14,Arizona State,Arizona,0,False,True,0.6619845904413114,1,0.6619845904413114,0,2023-2025,Weeks 10+,Home field,Conference
401756962,2025,14,Baylor,Houston,0,False,True,0.7168079145979704,1,0.7168079145979704,0,2023-2025,Weeks 10+,Home field,Conference
401756963,2025,14,BYU,UCF,1,False,True,0.8797414553482107,1,0.8797414553482107,1,2023-2025,Weeks 10+,Home field,Conference
401756964,2025,14,Kansas,Utah,0,False,True,0.12922880521015565,0,0.8707711947898443,1,2023-2025,Weeks 10+,Home field,Conference
401756965,2025,14,Kansas State,Colorado,1,False,True,0.8890734315393793,1,0.8890734315393793,1,2023-2025,Weeks 10+,Home field,Conference
401756966,2025,14,Oklahoma State,Iowa State,0,False,True,0.10903657037994494,0,0.890963429620055,1,2023-2025,Weeks 10+,Home field,Conference
401756967,2025,14,TCU,Cincinnati,1,False,True,0.6121567117533109,1,0.6121567117533109,1,2023-2025,Weeks 10+,Home field,Conference
401756968,2025,14,West Virginia,Texas Tech,0,False,True,0.05248398900579093,0,0.9475160109942091,1,2023-2025,Weeks 10+,Home field,Conference
401757310,2025,14,Delaware,UTEP,1,False,True,0.7339162159330274,1,0.7339162159330274,1,2023-2025,Weeks 10+,Home field,Conference
401757311,2025,14,Sam Houston State,Florida International,0,True,True,0.14844526948939568,0,0.8515547305106044,1,2023-2025,Weeks 10+,Neutral,Conference
401757312,2025,14,Jacksonville State,Western Kentucky,1,False,True,0.4874794514267281,0,0.5125205485732719,0,2023-2025,Weeks 10+,Home field,Conference
401757313,2025,14,Liberty,Kennesaw State,0,False,True,0.7303655973765587,1,0.7303655973765587,0,2023-2025,Weeks 10+,Home field,Conference
401757314,2025,14,Missouri State,Louisiana Tech,0,False,True,0.5644537196933026,1,0.5644537196933026,0,2023-2025,Weeks 10+,Home field,Conference
401757315,2025,14,New Mexico State,Middle Tennessee,0,False,True,0.5354649816502425,1,0.5354649816502425,0,2023-2025,Weeks 10+,Home field,Conference
401760421,2025,14,Colorado State,Air Force,0,False,True,0.5863271612005664,1,0.5863271612005664,0,2023-2025,Weeks 10+,Home field,Conference
401760422,2025,14,Utah State,Boise State,0,False,True,0.23466560157493865,0,0.7653343984250613,1,2023-2025,Weeks 10+,Home field,Conference
401760423,2025,14,San José State,Fresno State,0,False,True,0.38590772773018783,0,0.6140922722698121,1,2023-2025,Weeks 10+,Home field,Conference
401760424,2025,14,Hawai'i,Wyoming,1,False,True,0.6276197108065269,1,0.6276197108065269,1,2023-2025,Weeks 10+,Home field,Conference
401760425,2025,14,Nevada,UNLV,0,False,True,0.18254864136366422,0,0.8174513586363358,1,2023-2025,Weeks 10+,Home field,Conference
401760426,2025,14,New Mexico,San Diego State,1,False,True,0.3875064803633326,0,0.6124935196366674,0,2023-2025,Weeks 10+,Home field,Conference
401761661,2025,14,App State,Arkansas State,0,False,True,0.46481824913247266,0,0.5351817508675274,1,2023-2025,Weeks 10+,Home field,Conference
401761662,2025,14,Coastal Carolina,James Madison,0,False,True,0.09022693453345412,0,0.9097730654665459,1,2023-2025,Weeks 10+,Home field,Conference
401761663,2025,14,Marshall,Georgia Southern,0,False,True,0.6485602007697094,1,0.6485602007697094,0,2023-2025,Weeks 10+,Home field,Conference
401761664,2025,14,Old Dominion,Georgia State,1,False,True,0.8944134945125003,1,0.8944134945125003,1,2023-2025,Weeks 10+,Home field,Conference
401761665,2025,14,Louisiana,Louisiana Monroe,1,False,True,0.8010190494594662,1,0.8010190494594662,1,2023-2025,Weeks 10+,Home field,Conference
401761666,2025,14,Southern Mississippi,Troy,0,False,True,0.6110989105978873,1,0.6110989105978873,0,2023-2025,Weeks 10+,Home field,Conference
401761667,2025,14,Texas State,South Alabama,1,False,True,0.7713224718140933,1,0.7713224718140933,1,2023-2025,Weeks 10+,Home field,Conference
401762441,2025,14,UT San Antonio,Army,0,False,True,0.9159438659788457,1,0.9159438659788457,0,2023-2025,Weeks 10+,Home field,Conference
401762442,2025,14,North Texas,Temple,1,False,True,0.9178427830708388,1,0.9178427830708388,1,2023-2025,Weeks 10+,Home field,Conference
401762516,2025,14,Memphis,Navy,0,False,True,0.8590456446887432,1,0.8590456446887432,0,2023-2025,Weeks 10+,Home field,Conference
401762517,2025,14,Tulsa,UAB,0,False,True,0.6007037723175586,1,0.6007037723175586,0,2023-2025,Weeks 10+,Home field,Conference
401762518,2025,14,Tulane,Charlotte,1,False,True,0.9555683512907097,1,0.9555683512907097,1,2023-2025,Weeks 10+,Home field,Conference
401762519,2025,14,Florida Atlantic,East Carolina,0,False,True,0.2686312999256442,0,0.7313687000743558,1,2023-2025,Weeks 10+,Home field,Conference
401762520,2025,14,South Florida,Rice,1,False,True,0.9738492871437208,1,0.9738492871437208,1,2023-2025,Weeks 10+,Home field,Conference
401762868,2025,14,UMass,Bowling Green,0,False,True,0.18109537608662207,0,0.8189046239133779,1,2023-2025,Weeks 10+,Home field,Conference
401762869,2025,14,Eastern Michigan,Western Michigan,0,False,True,0.5283383575602147,1,0.5283383575602147,0,2023-2025,Weeks 10+,Home field,Conference
401762870,2025,14,Buffalo,Ohio,0,False,True,0.313036873371969,0,0.6869631266280309,1,2023-2025,Weeks 10+,Home field,Conference
401762871,2025,14,Northern Illinois,Kent State,0,False,True,0.770551095539065,1,0.770551095539065,0,2023-2025,Weeks 10+,Home field,Conference
401762872,2025,14,Central Michigan,Toledo,0,False,True,0.12926772321086077,0,0.8707322767891392,1,2023-2025,Weeks 10+,Home field,Conference
401762875,2025,14,Miami (OH),Ball State,1,False,True,0.9469033373937952,1,0.9469033373937952,1,2023-2025,Weeks 10+,Home field,Conference
401777324,2025,15,Tulane,North Texas,1,False,False,0.4351519677607941,0,0.5648480322392059,0,2023-2025,Weeks 10+,Home field,Non-conference
401777325,2025,15,Jacksonville State,Kennesaw State,0,False,False,0.5431035776492925,1,0.5431035776492925,0,2023-2025,Weeks 10+,Home field,Non-conference
401777326,2025,15,Boise State,UNLV,1,False,False,0.6448409920754588,1,0.6448409920754588,1,2023-2025,Weeks 10+,Home field,Non-conference
401777327,2025,15,Texas Tech,BYU,1,True,False,0.8130530705107234,1,0.8130530705107234,1,2023-2025,Weeks 10+,Neutral,Non-conference
401777328,2025,15,Virginia,Duke,0,True,False,0.5116598495076136,1,0.5116598495076136,0,2023-2025,Weeks 10+,Neutral,Non-conference
401777329,2025,15,Western Michigan,Miami (OH),1,True,False,0.3712385186442545,0,0.6287614813557455,0,2023-2025,Weeks 10+,Neutral,Non-conference
401777351,2025,15,Alabama,Georgia,0,True,False,0.4934674524696974,0,0.5065325475303026,1,2023-2025,Weeks 10+,Neutral,Non-conference
401777352,2025,15,James Madison,Troy,1,False,False,0.9550037821216637,1,0.9550037821216637,1,2023-2025,Weeks 10+,Home field,Non-conference
401777353,2025,15,Ohio State,Indiana,0,True,False,0.6054075875657889,1,0.6054075875657889,0,2023-2025,Weeks 10+,Neutral,Non-conference
401762521,2025,16,Navy,Army,1,True,True,0.6435165334643622,1,0.6435165334643622,1,2023-2025,Weeks 10+,Neutral,Conference
