game_id,season,game_date,away_team,home_team,home_win,home_win_prob
2021020001,20212022,2021-10-12,PIT,TBL,0,0.49229923653153285
2021020002,20212022,2021-10-12,SEA,VGK,1,0.6423630346154614
2021020003,20212022,2021-10-13,MTL,TOR,1,0.6236515366517241
2021020004,20212022,2021-10-13,NYR,WSH,1,0.6089195006884591
2021020005,20212022,2021-10-13,CHI,COL,1,0.6767728062189232
2021020006,20212022,2021-10-13,VAN,EDM,1,0.6311589845819379
2021020015,20212022,2021-10-13,WPG,ANA,1,0.45043783833956114
2021020007,20212022,2021-10-14,MTL,BUF,1,0.5846956740693905
2021020008,20212022,2021-10-14,TOR,OTT,1,0.5400420353927088
2021020009,20212022,2021-10-14,TBL,DET,0,0.39970718340969247
2021020010,20212022,2021-10-14,PIT,FLA,1,0.5143509498992089
2021020011,20212022,2021-10-14,DAL,NYR,0,0.4615122732874324
2021020012,20212022,2021-10-14,NYI,CAR,1,0.5613195472920388
2021020013,20212022,2021-10-14,ARI,CBJ,1,0.4691364159377712
2021020014,20212022,2021-10-14,SEA,NSH,0,0.5861033157881809
2021020016,20212022,2021-10-14,VGK,LAK,1,0.34301443090185774
2021020017,20212022,2021-10-15,CHI,NJD,1,0.5076573127628817
2021020018,20212022,2021-10-15,VAN,PHI,0,0.5690672278367259
2021020019,20212022,2021-10-15,MIN,ANA,0,0.3896325667258663
2021020020,20212022,2021-10-16,DAL,BOS,1,0.6081662323077819
2021020021,20212022,2021-10-16,ARI,BUF,1,0.616697767247325
2021020022,20212022,2021-10-16,OTT,TOR,1,0.6585862053227053
2021020023,20212022,2021-10-16,NYR,MTL,0,0.4722178226948691
2021020024,20212022,2021-10-16,VAN,DET,1,0.5897075414259888
2021020025,20212022,2021-10-16,NYI,FLA,1,0.5237348509761799
2021020026,20212022,2021-10-16,CHI,PIT,1,0.7104246528946448
2021020027,20212022,2021-10-16,TBL,WSH,0,0.6484231375066927
2021020028,20212022,2021-10-16,SEA,CBJ,1,0.5047348170888754
2021020029,20212022,2021-10-16,CAR,NSH,0,0.603919527524007
2021020030,20212022,2021-10-16,STL,COL,0,0.6284088541025574
2021020031,20212022,2021-10-16,CGY,EDM,1,0.6077680327500622
2021020032,20212022,2021-10-16,MIN,LAK,0,0.5455673269466287
2021020033,20212022,2021-10-16,WPG,SJS,1,0.4802223041525634
2021020034,20212022,2021-10-17,DAL,OTT,1,0.5127835743515097
2021020035,20212022,2021-10-18,NYR,TOR,0,0.5593297251670588
2021020036,20212022,2021-10-18,SEA,PHI,1,0.5269087962058212
2021020037,20212022,2021-10-18,ANA,CGY,0,0.5855977700156619
2021020038,20212022,2021-10-18,STL,ARI,0,0.48774813129815175
2021020039,20212022,2021-10-19,VAN,BUF,1,0.4807217965686772
2021020040,20212022,2021-10-19,SJS,MTL,0,0.6344647102543319
2021020041,20212022,2021-10-19,CBJ,DET,1,0.5253686331304409
2021020042,20212022,2021-10-19,FLA,TBL,0,0.4633686250523648
2021020043,20212022,2021-10-19,SEA,NJD,1,0.4351627615069
2021020044,20212022,2021-10-19,DAL,PIT,0,0.6427835659797444
2021020045,20212022,2021-10-19,COL,WSH,1,0.5733965927274403
2021020046,20212022,2021-10-19,NYI,CHI,0,0.514473297976045
2021020047,20212022,2021-10-19,LAK,NSH,1,0.6489491436078981
2021020048,20212022,2021-10-19,WPG,MIN,1,0.5370144055162198
2021020049,20212022,2021-10-19,ANA,EDM,1,0.6721706707748545
2021020050,20212022,2021-10-20,BOS,PHI,1,0.5654012056358498
2021020051,20212022,2021-10-20,STL,VGK,0,0.5203537486648879
2021020052,20212022,2021-10-21,CAR,MTL,0,0.47980688680512185
2021020053,20212022,2021-10-21,SJS,OTT,0,0.5241261022253626
2021020054,20212022,2021-10-21,CGY,DET,0,0.4658399707947094
2021020055,20212022,2021-10-21,COL,FLA,1,0.5318627590504618
2021020056,20212022,2021-10-21,WSH,NJD,0,0.31009134305997926
2021020057,20212022,2021-10-21,NYI,CBJ,1,0.4451219907162451
2021020058,20212022,2021-10-21,VAN,CHI,0,0.5491060711508665
2021020059,20212022,2021-10-21,NYR,NSH,0,0.6051957569274766
2021020060,20212022,2021-10-21,ANA,WPG,1,0.603551339032579
2021020061,20212022,2021-10-21,EDM,ARI,0,0.4281395508735126
2021020062,20212022,2021-10-22,BOS,BUF,0,0.3968844597666251
2021020063,20212022,2021-10-22,SJS,TOR,0,0.6740374961874823
2021020064,20212022,2021-10-22,LAK,DAL,1,0.5275172847530002
2021020065,20212022,2021-10-22,EDM,VGK,0,0.6307138774599941
2021020066,20212022,2021-10-23,DET,MTL,1,0.5302350006392559
2021020067,20212022,2021-10-23,NYR,OTT,0,0.49336611807707914
2021020068,20212022,2021-10-23,COL,TBL,0,0.4215080832053035
2021020069,20212022,2021-10-23,BUF,NJD,1,0.5871914528677323
2021020070,20212022,2021-10-23,FLA,PHI,0,0.4326124979562725
2021020071,20212022,2021-10-23,TOR,PIT,1,0.6447384532705639
2021020072,20212022,2021-10-23,CGY,WSH,0,0.6499014867551114
2021020073,20212022,2021-10-23,CAR,CBJ,0,0.4007109893072986
2021020074,20212022,2021-10-23,LAK,STL,1,0.6126080285989878
2021020075,20212022,2021-10-23,ANA,MIN,1,0.5905912313097831
2021020076,20212022,2021-10-23,NSH,WPG,1,0.48469692849142815
2021020077,20212022,2021-10-23,NYI,ARI,0,0.42731857566421005
2021020078,20212022,2021-10-23,VAN,SEA,0,0.5311284241618773
2021020079,20212022,2021-10-24,SJS,BOS,1,0.6451723090074152
2021020080,20212022,2021-10-24,DET,CHI,0,0.6316080246107634
2021020081,20212022,2021-10-24,NSH,MIN,0,0.486052136934691
2021020082,20212022,2021-10-24,NYI,VGK,0,0.6452893329114547
2021020083,20212022,2021-10-25,TBL,BUF,1,0.44476965566522103
2021020084,20212022,2021-10-25,WSH,OTT,0,0.395478544531301
2021020085,20212022,2021-10-25,ARI,FLA,1,0.7185299580961416
2021020086,20212022,2021-10-25,CGY,NYR,0,0.5577197451175726
2021020087,20212022,2021-10-25,TOR,CAR,1,0.5960689489841963
2021020088,20212022,2021-10-25,DAL,CBJ,1,0.47922803983755213
2021020089,20212022,2021-10-25,LAK,STL,1,0.6097862790937209
2021020090,20212022,2021-10-26,CGY,NJD,0,0.4859715580162363
2021020091,20212022,2021-10-26,TBL,PIT,0,0.699138264443434
2021020092,20212022,2021-10-26,SJS,NSH,1,0.6256348369182758
2021020093,20212022,2021-10-26,VGK,COL,0,0.5239835645275226
2021020094,20212022,2021-10-26,MIN,VAN,0,0.46205636634765684
2021020095,20212022,2021-10-26,WPG,ANA,0,0.45992155658922884
2021020096,20212022,2021-10-26,MTL,SEA,1,0.5837638621055118
2021020097,20212022,2021-10-27,BOS,FLA,1,0.6132026195484177
2021020098,20212022,2021-10-27,DET,WSH,0,0.7375713290627804
2021020099,20212022,2021-10-27,TOR,CHI,0,0.4438906444922847
2021020100,20212022,2021-10-27,VGK,DAL,0,0.48724537788874045
2021020101,20212022,2021-10-27,PHI,EDM,0,0.5546070963540009
2021020102,20212022,2021-10-28,ARI,TBL,1,0.6616691442508661
2021020103,20212022,2021-10-28,CGY,PIT,0,0.6322358784103845
2021020104,20212022,2021-10-28,BOS,CAR,1,0.6155044976706078
2021020105,20212022,2021-10-28,COL,STL,0,0.48518115068893863
2021020106,20212022,2021-10-28,PHI,VAN,0,0.5472446382562857
2021020107,20212022,2021-10-28,BUF,ANA,0,0.5239870113348797
2021020108,20212022,2021-10-28,WPG,LAK,0,0.4765648578840565
2021020109,20212022,2021-10-28,MTL,SJS,0,0.5753128005655613
2021020110,20212022,2021-10-28,MIN,SEA,1,0.4981959183971198
2021020111,20212022,2021-10-29,FLA,DET,0,0.33234393147086305
2021020112,20212022,2021-10-29,CBJ,NYR,1,0.6157726103910866
2021020113,20212022,2021-10-29,ARI,WSH,1,0.7699571980162309
2021020114,20212022,2021-10-29,CHI,CAR,1,0.6153339974333751
2021020115,20212022,2021-10-29,OTT,DAL,0,0.5713031449925834
2021020116,20212022,2021-10-29,ANA,VGK,1,0.7444881430907265
2021020117,20212022,2021-10-30,FLA,BOS,1,0.522024400328252
2021020118,20212022,2021-10-30,DET,TOR,1,0.6610479032023845
2021020119,20212022,2021-10-30,NJD,PIT,0,0.7237820046477198
2021020120,20212022,2021-10-30,CHI,STL,1,0.719194727204546
2021020121,20212022,2021-10-30,NYI,NSH,1,0.5790661886371645
2021020122,20212022,2021-10-30,MIN,COL,1,0.5939124459390578
2021020123,20212022,2021-10-30,PHI,CGY,1,0.5505376924553445
2021020124,20212022,2021-10-30,EDM,VAN,0,0.4609504747086611
2021020125,20212022,2021-10-30,MTL,LAK,1,0.5494778891424794
2021020126,20212022,2021-10-30,WPG,SJS,1,0.4844970099573742
2021020127,20212022,2021-10-31,CBJ,NJD,0,0.46757106336715254
2021020128,20212022,2021-10-31,ARI,CAR,1,0.7156443189930373
2021020129,20212022,2021-10-31,MTL,ANA,1,0.5914912343159454
2021020130,20212022,2021-10-31,BUF,LAK,1,0.4677520335925573
2021020131,20212022,2021-10-31,NYR,SEA,0,0.4980491207777994
2021020132,20212022,2021-11-01,WSH,TBL,1,0.45245652005764603
2021020133,20212022,2021-11-01,OTT,CHI,1,0.48967494439699705
2021020134,20212022,2021-11-01,SEA,EDM,1,0.6585946731379404
2021020135,20212022,2021-11-02,VGK,TOR,1,0.47642399533062674
2021020136,20212022,2021-11-02,DET,MTL,1,0.5420453726333158
2021020137,20212022,2021-11-02,ARI,PHI,1,0.6111272347444682
2021020138,20212022,2021-11-02,OTT,MIN,1,0.6361374379998574
2021020139,20212022,2021-11-02,DAL,WPG,1,0.5785446467003453
2021020140,20212022,2021-11-02,NSH,CGY,0,0.5300026176109187
2021020141,20212022,2021-11-02,NYR,VAN,1,0.4517261309711162
2021020142,20212022,2021-11-02,NJD,ANA,1,0.5159621773873704
2021020143,20212022,2021-11-02,BUF,SJS,1,0.5182767534326794
2021020144,20212022,2021-11-03,CAR,CHI,0,0.38442739813086163
2021020145,20212022,2021-11-03,CBJ,COL,0,0.6837290726711925
2021020146,20212022,2021-11-03,NSH,EDM,1,0.6116836570780612
2021020147,20212022,2021-11-03,STL,LAK,1,0.4442386847910239
2021020148,20212022,2021-11-04,DET,BOS,1,0.6229670746811309
2021020149,20212022,2021-11-04,TBL,TOR,1,0.5264378475761246
2021020150,20212022,2021-11-04,NYI,MTL,0,0.4580169836111035
2021020151,20212022,2021-11-04,VGK,OTT,0,0.43084021128607486
2021020152,20212022,2021-11-04,WSH,FLA,1,0.5233770376036905
2021020153,20212022,2021-11-04,PHI,PIT,1,0.5518164833423337
2021020154,20212022,2021-11-04,DAL,CGY,0,0.6107108580207161
2021020155,20212022,2021-11-04,STL,SJS,0,0.49808645752426683
2021020156,20212022,2021-11-04,BUF,SEA,1,0.5623938456883909
2021020157,20212022,2021-11-05,CHI,WPG,1,0.5823520738440783
2021020158,20212022,2021-11-05,NYR,EDM,1,0.6033642952598899
2021020159,20212022,2021-11-05,NSH,VAN,0,0.4393159295213125
2021020160,20212022,2021-11-05,ARI,ANA,1,0.5637676164434372
2021020161,20212022,2021-11-05,NJD,LAK,1,0.5804344098524589
2021020162,20212022,2021-11-06,DET,BUF,0,0.5651051161578042
2021020163,20212022,2021-11-06,BOS,TOR,1,0.5019933732595415
2021020164,20212022,2021-11-06,VGK,MTL,0,0.36031580393077006
2021020165,20212022,2021-11-06,TBL,OTT,0,0.44060887706069085
2021020166,20212022,2021-11-06,CAR,FLA,1,0.5764328111621081
2021020167,20212022,2021-11-06,MIN,PIT,0,0.6185523384049121
2021020168,20212022,2021-11-06,PHI,WSH,0,0.617993798568997
2021020169,20212022,2021-11-06,COL,CBJ,1,0.37922741527179027
2021020170,20212022,2021-11-06,NYI,WPG,0,0.4042321099093519
2021020171,20212022,2021-11-06,NYR,CGY,1,0.6055481770877535
2021020172,20212022,2021-11-06,SEA,ARI,1,0.3738463226809706
2021020173,20212022,2021-11-06,NJD,SJS,0,0.6204271269725055
2021020174,20212022,2021-11-07,VGK,DET,1,0.33381838449396556
2021020175,20212022,2021-11-07,NSH,CHI,1,0.405813323863895
2021020176,20212022,2021-11-07,NYI,MIN,1,0.4915793495367549
2021020177,20212022,2021-11-07,DAL,VAN,1,0.5394370967383368
2021020178,20212022,2021-11-07,STL,ANA,1,0.42320822935396596
2021020179,20212022,2021-11-08,LAK,TOR,0,0.6264732077638864
2021020180,20212022,2021-11-08,FLA,NYR,1,0.3889018034439543
2021020181,20212022,2021-11-08,BUF,WSH,1,0.6918137493595443
2021020182,20212022,2021-11-09,OTT,BOS,1,0.6342128233346936
2021020183,20212022,2021-11-09,LAK,MTL,0,0.5076633006983226
2021020184,20212022,2021-11-09,EDM,DET,1,0.41009169954590474
2021020185,20212022,2021-11-09,CAR,TBL,0,0.49105543938083773
2021020186,20212022,2021-11-09,FLA,NJD,1,0.3800645549836406
2021020187,20212022,2021-11-09,PIT,CHI,1,0.40061013949534513
2021020188,20212022,2021-11-09,STL,WPG,0,0.4668833179950403
2021020189,20212022,2021-11-09,SJS,CGY,0,0.6312401487918547
2021020190,20212022,2021-11-09,ANA,VAN,0,0.5581065810411698
2021020191,20212022,2021-11-09,SEA,VGK,1,0.6417644730018697
2021020192,20212022,2021-11-10,TOR,PHI,0,0.49978252191368133
2021020193,20212022,2021-11-10,NSH,DAL,0,0.47317114569174235
2021020194,20212022,2021-11-10,MIN,ARI,0,0.3750377228376541
2021020195,20212022,2021-11-11,EDM,BOS,0,0.5143112317822685
2021020196,20212022,2021-11-11,CGY,MTL,1,0.3993980105596349
2021020197,20212022,2021-11-11,LAK,OTT,0,0.5244779576407567
2021020198,20212022,2021-11-11,WSH,DET,0,0.4007122102965578
2021020199,20212022,2021-11-11,NYI,NJD,1,0.47612667104233974
2021020200,20212022,2021-11-11,FLA,PIT,1,0.48267173724012297
2021020201,20212022,2021-11-11,NSH,STL,0,0.6140086852053204
2021020202,20212022,2021-11-11,SJS,WPG,1,0.5601330593224338
2021020203,20212022,2021-11-11,VAN,COL,1,0.597693077148853
2021020204,20212022,2021-11-11,MIN,VGK,1,0.6146258343107933
2021020205,20212022,2021-11-11,ANA,SEA,0,0.5578704542076625
2021020206,20212022,2021-11-12,EDM,BUF,1,0.40663790945733064
2021020207,20212022,2021-11-12,CGY,TOR,1,0.6012715398308216
2021020208,20212022,2021-11-12,PHI,CAR,0,0.6150483180604196
2021020209,20212022,2021-11-12,WSH,CBJ,0,0.3852027342303143
2021020210,20212022,2021-11-12,ARI,CHI,1,0.5439796336873924
2021020211,20212022,2021-11-13,TOR,BUF,0,0.42952624726989996
2021020212,20212022,2021-11-13,PIT,OTT,1,0.42288038095198527
2021020213,20212022,2021-11-13,MTL,DET,1,0.5658109017323322
2021020214,20212022,2021-11-13,FLA,TBL,1,0.4515189024859551
2021020215,20212022,2021-11-13,BOS,NJD,0,0.4564307728554962
2021020216,20212022,2021-11-13,STL,CAR,1,0.4992509697110137
2021020217,20212022,2021-11-13,NYR,CBJ,0,0.4277469461465247
2021020218,20212022,2021-11-13,ARI,NSH,1,0.7209211643905981
2021020219,20212022,2021-11-13,PHI,DAL,1,0.5269165810921004
2021020220,20212022,2021-11-13,LAK,WPG,1,0.5633743105524835
2021020221,20212022,2021-11-13,SJS,COL,1,0.6679512503008784
2021020222,20212022,2021-11-13,VAN,VGK,1,0.6595552563209347
2021020223,20212022,2021-11-13,MIN,SEA,0,0.4330916753475832
2021020224,20212022,2021-11-14,MTL,BOS,1,0.6717918557445658
2021020225,20212022,2021-11-14,CGY,OTT,0,0.3774351121551816
2021020226,20212022,2021-11-14,NJD,NYR,1,0.5689929401543384
2021020227,20212022,2021-11-14,PIT,WSH,1,0.6385267737104899
2021020228,20212022,2021-11-14,EDM,STL,0,0.41857753942136255
2021020229,20212022,2021-11-14,VAN,ANA,1,0.6022968053401984
2021020230,20212022,2021-11-15,NYI,TBL,1,0.606505921579428
2021020231,20212022,2021-11-15,DET,CBJ,1,0.5311417774812047
2021020232,20212022,2021-11-16,NSH,TOR,1,0.5250554389476209
2021020233,20212022,2021-11-16,NYI,FLA,1,0.659580395062784
2021020235,20212022,2021-11-16,MTL,NYR,1,0.659613289342038
2021020236,20212022,2021-11-16,CGY,PHI,1,0.47828535032281183
2021020237,20212022,2021-11-16,BUF,PIT,0,0.6413249522178217
2021020238,20212022,2021-11-16,ARI,STL,0,0.698646894939598
2021020239,20212022,2021-11-16,DET,DAL,1,0.6001026523176852
2021020240,20212022,2021-11-16,SJS,MIN,0,0.6553731903585173
2021020241,20212022,2021-11-16,EDM,WPG,1,0.42067372691886595
2021020242,20212022,2021-11-16,CAR,VGK,0,0.5019622466083434
2021020243,20212022,2021-11-16,WSH,ANA,1,0.4019081659669138
2021020244,20212022,2021-11-17,COL,VAN,0,0.384869885835162
2021020245,20212022,2021-11-17,WSH,LAK,0,0.4251514550367045
2021020246,20212022,2021-11-17,CHI,SEA,0,0.581580893075414
2021020247,20212022,2021-11-18,CGY,BUF,0,0.4245058708341193
2021020248,20212022,2021-11-18,NYR,TOR,1,0.5441444522835478
2021020249,20212022,2021-11-18,PIT,MTL,0,0.413501876132637
2021020251,20212022,2021-11-18,NJD,FLA,1,0.7140076493128933
2021020252,20212022,2021-11-18,TBL,PHI,0,0.4703335147027378
2021020253,20212022,2021-11-18,SJS,STL,1,0.6123646142322468
2021020254,20212022,2021-11-18,DAL,MIN,1,0.6242079051797191
2021020255,20212022,2021-11-18,WPG,EDM,1,0.6046767834835548
2021020256,20212022,2021-11-18,CBJ,ARI,0,0.5129319995080723
2021020257,20212022,2021-11-18,DET,VGK,1,0.6760711221716817
2021020258,20212022,2021-11-18,CAR,ANA,0,0.3899609455106509
2021020259,20212022,2021-11-19,WPG,VAN,1,0.5040630140721896
2021020260,20212022,2021-11-19,COL,SEA,0,0.3759387495720295
2021020261,20212022,2021-11-20,PIT,TOR,0,0.5519998214049974
2021020262,20212022,2021-11-20,NSH,MTL,1,0.4084315565395216
2021020264,20212022,2021-11-20,NJD,TBL,0,0.6450212610018758
2021020265,20212022,2021-11-20,MIN,FLA,1,0.5869959938298415
2021020266,20212022,2021-11-20,CGY,NYI,0,0.459285855389909
2021020267,20212022,2021-11-20,BOS,PHI,0,0.5371010336119512
2021020268,20212022,2021-11-20,STL,DAL,1,0.4564240502288253
2021020269,20212022,2021-11-20,CHI,EDM,1,0.6846939167492074
2021020270,20212022,2021-11-20,DET,ARI,1,0.5219385797835543
2021020271,20212022,2021-11-20,CBJ,VGK,1,0.6634006774495866
2021020272,20212022,2021-11-20,CAR,LAK,0,0.3612319704770976
2021020273,20212022,2021-11-20,WSH,SJS,0,0.40175082410319624
2021020274,20212022,2021-11-21,CGY,BOS,0,0.5311220342525405
2021020275,20212022,2021-11-21,MIN,TBL,1,0.5015244323948457
2021020276,20212022,2021-11-21,TOR,NYI,0,0.4593833305884025
2021020277,20212022,2021-11-21,BUF,NYR,1,0.6436736671396586
2021020278,20212022,2021-11-21,CHI,VAN,0,0.5946690385474059
2021020279,20212022,2021-11-21,ARI,LAK,0,0.5635882469919259
2021020280,20212022,2021-11-21,WSH,SEA,1,0.41651537641482583
2021020281,20212022,2021-11-22,CBJ,BUF,0,0.4247902128813206
2021020282,20212022,2021-11-22,VGK,STL,1,0.48249574635454834
2021020283,20212022,2021-11-22,ANA,NSH,1,0.6272548955582247
2021020284,20212022,2021-11-22,PIT,WPG,0,0.492273314785642
2021020285,20212022,2021-11-22,OTT,COL,1,0.7659057235923484
2021020286,20212022,2021-11-22,CAR,SJS,1,0.36461263964359736
2021020287,20212022,2021-11-23,PHI,TBL,1,0.6158689185391578
2021020288,20212022,2021-11-23,EDM,DAL,1,0.4205234761533312
2021020289,20212022,2021-11-23,CHI,CGY,1,0.6724626984381192
2021020290,20212022,2021-11-24,BOS,BUF,0,0.39087438400155367
2021020291,20212022,2021-11-24,STL,DET,1,0.3657987931799888
2021020292,20212022,2021-11-24,PHI,FLA,1,0.7063312470276556
2021020293,20212022,2021-11-24,MIN,NJD,0,0.4250503433154358
2021020294,20212022,2021-11-24,NYR,NYI,0,0.49715465083272803
2021020295,20212022,2021-11-24,VAN,PIT,1,0.6824881915824647
2021020296,20212022,2021-11-24,MTL,WSH,1,0.7394860585097877
2021020297,20212022,2021-11-24,WPG,CBJ,1,0.48716715551212053
2021020298,20212022,2021-11-24,VGK,NSH,0,0.48644774418200654
2021020299,20212022,2021-11-24,ANA,COL,1,0.6890245102727574
2021020300,20212022,2021-11-24,EDM,ARI,0,0.399208661155141
2021020301,20212022,2021-11-24,TOR,LAK,0,0.4189258316567476
2021020302,20212022,2021-11-24,OTT,SJS,1,0.5612899099717317
2021020303,20212022,2021-11-24,CAR,SEA,1,0.35841088607213534
2021020304,20212022,2021-11-26,NYR,BOS,0,0.5672230083156192
2021020305,20212022,2021-11-26,MTL,BUF,1,0.5471746813484156
2021020306,20212022,2021-11-26,SEA,TBL,1,0.6368033830739013
2021020307,20212022,2021-11-26,PIT,NYI,0,0.45556681520269005
2021020308,20212022,2021-11-26,CAR,PHI,0,0.4181803124720699
2021020309,20212022,2021-11-26,FLA,WSH,1,0.4861880464069657
2021020310,20212022,2021-11-26,VAN,CBJ,1,0.5911588327236805
2021020311,20212022,2021-11-26,STL,CHI,1,0.3935310477390338
2021020312,20212022,2021-11-26,NJD,NSH,1,0.5914819251827589
2021020313,20212022,2021-11-26,COL,DAL,1,0.38267032945377955
2021020314,20212022,2021-11-26,WPG,MIN,1,0.6100175863087685
2021020315,20212022,2021-11-26,OTT,ANA,1,0.5652059179931929
2021020316,20212022,2021-11-26,TOR,SJS,0,0.4296274998168208
2021020317,20212022,2021-11-27,BUF,DET,1,0.5972594194189059
2021020318,20212022,2021-11-27,SEA,FLA,0,0.6967315633801734
2021020319,20212022,2021-11-27,MTL,PIT,0,0.6912873075251342
2021020320,20212022,2021-11-27,CBJ,STL,1,0.5643264003646241
2021020321,20212022,2021-11-27,NSH,COL,1,0.5993522795518811
2021020322,20212022,2021-11-27,WPG,CGY,0,0.6486323078423161
2021020323,20212022,2021-11-27,DAL,ARI,0,0.48108753008026467
2021020324,20212022,2021-11-27,EDM,VGK,0,0.5384077079704558
2021020325,20212022,2021-11-27,OTT,LAK,1,0.6051312340430932
2021020326,20212022,2021-11-28,VAN,BOS,1,0.6925634502097867
2021020327,20212022,2021-11-28,PHI,NJD,1,0.5256705914888867
2021020329,20212022,2021-11-28,WSH,CAR,0,0.5739680143474669
2021020330,20212022,2021-11-28,SJS,CHI,0,0.49259166604359167
2021020331,20212022,2021-11-28,TBL,MIN,1,0.5517665855506775
2021020332,20212022,2021-11-28,TOR,ANA,0,0.41290820885182067
2021020333,20212022,2021-11-29,SEA,BUF,0,0.45915121820525395
2021020334,20212022,2021-11-29,VAN,MTL,0,0.5800529577145638
2021020335,20212022,2021-11-29,ARI,WPG,0,0.6387454551516368
2021020336,20212022,2021-11-29,PIT,CGY,1,0.5568963254135255
2021020337,20212022,2021-11-30,DET,BOS,0,0.6810042140782346
2021020338,20212022,2021-11-30,WSH,FLA,1,0.5464375941608463
2021020339,20212022,2021-11-30,SJS,NJD,0,0.5422617955714719
2021020341,20212022,2021-11-30,TBL,STL,1,0.49052915891875165
2021020342,20212022,2021-11-30,CBJ,NSH,1,0.58009426601805
2021020343,20212022,2021-11-30,CAR,DAL,1,0.3905711591838
2021020344,20212022,2021-11-30,ARI,MIN,1,0.7771856526380159
2021020345,20212022,2021-11-30,ANA,LAK,0,0.5128704046371575
2021020346,20212022,2021-12-01,COL,TOR,1,0.5202305460233192
2021020347,20212022,2021-12-01,VAN,OTT,0,0.5014450003711126
2021020348,20212022,2021-12-01,SEA,DET,1,0.4224385419298904
2021020349,20212022,2021-12-01,PHI,NYR,1,0.572016207819265
2021020350,20212022,2021-12-01,PIT,EDM,1,0.5600248217166962
2021020351,20212022,2021-12-01,VGK,ANA,1,0.36117259234339655
2021020352,20212022,2021-12-02,COL,MTL,0,0.3565035112332734
2021020353,20212022,2021-12-02,STL,TBL,1,0.5636440865135623
2021020354,20212022,2021-12-02,BUF,FLA,1,0.7672707570724356
2021020355,20212022,2021-12-02,SJS,NYI,0,0.47046072365181335
2021020356,20212022,2021-12-02,CHI,WSH,0,0.7396197482311615
2021020357,20212022,2021-12-02,OTT,CAR,0,0.7805717702118787
2021020358,20212022,2021-12-02,BOS,NSH,0,0.5115233575749378
2021020359,20212022,2021-12-02,CBJ,DAL,1,0.57268412611476
2021020360,20212022,2021-12-02,NJD,MIN,1,0.6816482448349455
2021020361,20212022,2021-12-02,CGY,LAK,0,0.44384306947814567
2021020362,20212022,2021-12-03,SJS,NYR,1,0.6628633486175228
2021020363,20212022,2021-12-03,NJD,WPG,1,0.5826765668630091
2021020364,20212022,2021-12-03,VGK,ARI,0,0.3430575760071457
2021020365,20212022,2021-12-03,CGY,ANA,0,0.5118094522976687
2021020366,20212022,2021-12-03,EDM,SEA,1,0.39214611490612133
2021020367,20212022,2021-12-04,TBL,BOS,0,0.5388097577133594
2021020368,20212022,2021-12-04,COL,OTT,1,0.33329469581593085
2021020369,20212022,2021-12-04,NYI,DET,1,0.4915022530772341
2021020370,20212022,2021-12-04,STL,FLA,1,0.6261625566111211
2021020371,20212022,2021-12-04,CHI,NYR,1,0.5886264796913626
2021020372,20212022,2021-12-04,CBJ,WSH,1,0.664314022404059
2021020373,20212022,2021-12-04,BUF,CAR,1,0.7282293711096125
2021020374,20212022,2021-12-04,MTL,NSH,1,0.6827238181715191
2021020375,20212022,2021-12-04,TOR,MIN,1,0.5561436738278162
2021020376,20212022,2021-12-04,PIT,VAN,0,0.42674842428296017
2021020377,20212022,2021-12-05,CHI,NYI,0,0.5622789698806236
2021020378,20212022,2021-12-05,TBL,PHI,0,0.4477982275975378
2021020379,20212022,2021-12-05,SJS,CBJ,1,0.4228096785062934
2021020380,20212022,2021-12-05,TOR,WPG,1,0.472150660538266
2021020381,20212022,2021-12-05,LAK,EDM,0,0.6906309449539282
2021020382,20212022,2021-12-05,CGY,VGK,1,0.5769333857993976
2021020234,20212022,2021-12-06,OTT,NJD,0,0.5632872061751124
2021020383,20212022,2021-12-06,COL,PHI,0,0.32280419729189797
2021020384,20212022,2021-12-06,ANA,WSH,1,0.6676741186650553
2021020385,20212022,2021-12-06,ARI,DAL,1,0.6504134174476015
2021020386,20212022,2021-12-06,LAK,VAN,1,0.5405908253600358
2021020387,20212022,2021-12-06,PIT,SEA,0,0.43658689839605186
2021020388,20212022,2021-12-07,ANA,BUF,0,0.4751145198144502
2021020389,20212022,2021-12-07,CBJ,TOR,1,0.6720762130743326
2021020390,20212022,2021-12-07,TBL,MTL,0,0.2993283264465808
2021020391,20212022,2021-12-07,NYI,OTT,0,0.37997124727218934
2021020392,20212022,2021-12-07,NSH,DET,0,0.4383093158639724
2021020393,20212022,2021-12-07,NYR,CHI,0,0.4234505199963337
2021020394,20212022,2021-12-07,FLA,STL,1,0.4424575079389378
2021020395,20212022,2021-12-07,CAR,WPG,0,0.4548931043476808
2021020396,20212022,2021-12-07,MIN,EDM,0,0.49881489975314514
2021020397,20212022,2021-12-07,CGY,SJS,1,0.45876575853646706
2021020398,20212022,2021-12-08,PHI,NJD,1,0.525327728947503
2021020399,20212022,2021-12-08,COL,NYR,0,0.4404430535645658
2021020400,20212022,2021-12-08,BOS,VAN,1,0.43609350603187136
2021020401,20212022,2021-12-08,DAL,VGK,1,0.6104512810743179
2021020402,20212022,2021-12-09,TBL,TOR,0,0.5350869617720739
2021020403,20212022,2021-12-09,CHI,MTL,0,0.47388070964261564
2021020404,20212022,2021-12-09,NSH,NYI,0,0.4599525901721288
2021020405,20212022,2021-12-09,ANA,CBJ,0,0.5219157418080422
2021020406,20212022,2021-12-09,DET,STL,1,0.615277471613669
2021020407,20212022,2021-12-09,CAR,CGY,0,0.4517582562495922
2021020408,20212022,2021-12-09,BOS,EDM,0,0.6048836464863755
2021020409,20212022,2021-12-09,DAL,LAK,1,0.5395108198656694
2021020410,20212022,2021-12-09,MIN,SJS,0,0.38076894588992954
2021020411,20212022,2021-12-09,WPG,SEA,0,0.46001852201638055
2021020412,20212022,2021-12-10,NYR,BUF,0,0.32145904142166104
2021020413,20212022,2021-12-10,NSH,NJD,0,0.491711507104886
2021020414,20212022,2021-12-10,PIT,WSH,0,0.5660369726962529
2021020415,20212022,2021-12-10,DET,COL,1,0.753321935607749
2021020416,20212022,2021-12-10,FLA,ARI,0,0.2926741540562938
2021020417,20212022,2021-12-10,WPG,VAN,1,0.5309266744184323
2021020418,20212022,2021-12-10,PHI,VGK,0,0.6897681922513275
2021020419,20212022,2021-12-11,WSH,BUF,0,0.3165652246572219
2021020420,20212022,2021-12-11,CHI,TOR,1,0.6865722715982011
2021020421,20212022,2021-12-11,TBL,OTT,1,0.2936507349537202
2021020422,20212022,2021-12-11,NJD,NYI,1,0.6290667026947943
2021020423,20212022,2021-12-11,ANA,PIT,1,0.5231090201205846
2021020424,20212022,2021-12-11,MTL,STL,1,0.6985355265634494
2021020425,20212022,2021-12-11,BOS,CGY,0,0.4859913102657536
2021020426,20212022,2021-12-11,CAR,EDM,0,0.47460348693156285
2021020427,20212022,2021-12-11,PHI,ARI,0,0.4403453101302895
2021020428,20212022,2021-12-11,MIN,LAK,1,0.37523972372622566
2021020429,20212022,2021-12-11,DAL,SJS,1,0.5079656734762549
2021020430,20212022,2021-12-11,CBJ,SEA,0,0.505404706513227
2021020431,20212022,2021-12-12,NSH,NYR,0,0.5632328169345702
2021020432,20212022,2021-12-12,ANA,STL,0,0.5747647378339168
2021020433,20212022,2021-12-12,FLA,COL,1,0.544130190365651
2021020434,20212022,2021-12-12,CAR,VAN,1,0.4084750117491487
2021020435,20212022,2021-12-12,MIN,VGK,1,0.5690025049172688
2021020437,20212022,2021-12-14,VGK,BOS,0,0.49742502725303644
2021020438,20212022,2021-12-14,NYI,DET,1,0.4505543778844635
2021020439,20212022,2021-12-14,LAK,TBL,1,0.6525353883557838
2021020440,20212022,2021-12-14,OTT,FLA,0,0.7241282791838048
2021020441,20212022,2021-12-14,NJD,PHI,1,0.5461661540091224
2021020442,20212022,2021-12-14,MTL,PIT,1,0.7176864902040541
2021020444,20212022,2021-12-14,STL,DAL,0,0.4860907293709219
2021020446,20212022,2021-12-14,BUF,WPG,0,0.6376446924220867
2021020447,20212022,2021-12-14,NYR,COL,1,0.5903636724114961
2021020448,20212022,2021-12-14,TOR,EDM,0,0.5033459234937178
2021020449,20212022,2021-12-14,CBJ,VAN,1,0.5314990526221174
2021020450,20212022,2021-12-14,SEA,SJS,0,0.5867341570132989
2021020451,20212022,2021-12-15,WSH,CHI,1,0.40080897550284245
2021020452,20212022,2021-12-15,NYR,ARI,0,0.3581509316462594
2021020453,20212022,2021-12-15,SEA,ANA,1,0.618853780607076
2021020454,20212022,2021-12-16,PHI,MTL,1,0.43300944092683874
2021020455,20212022,2021-12-16,OTT,TBL,1,0.6905005831473296
2021020456,20212022,2021-12-16,LAK,FLA,0,0.6382799190710293
2021020457,20212022,2021-12-16,VGK,NJD,0,0.33617772483063457
2021020458,20212022,2021-12-16,BOS,NYI,1,0.44223591737698814
2021020459,20212022,2021-12-16,DET,CAR,1,0.6968243150205992
2021020460,20212022,2021-12-16,COL,NSH,1,0.4366789871530265
2021020461,20212022,2021-12-16,BUF,MIN,0,0.7126003767233081
2021020463,20212022,2021-12-16,CBJ,EDM,1,0.6205008434751397
2021020464,20212022,2021-12-16,VAN,SJS,0,0.5614726004511111
2021020465,20212022,2021-12-17,VGK,NYR,0,0.5492519090249683
2021020466,20212022,2021-12-17,BUF,PIT,1,0.7355698143075562
2021020467,20212022,2021-12-17,NSH,CHI,0,0.4773609322319631
2021020468,20212022,2021-12-17,DAL,STL,1,0.5811611925558338
2021020469,20212022,2021-12-17,WSH,WPG,0,0.4265388097314817
2021020470,20212022,2021-12-17,ARI,ANA,0,0.6497428479502908
2021020472,20212022,2021-12-18,NJD,DET,1,0.5331972851286252
2021020473,20212022,2021-12-18,OTT,PHI,1,0.5472693694397686
2021020474,20212022,2021-12-18,LAK,CAR,1,0.664890662097331
2021020475,20212022,2021-12-18,CHI,DAL,1,0.5481205620154
2021020480,20212022,2021-12-18,EDM,SEA,0,0.40173311766672865
2021020482,20212022,2021-12-19,PIT,NJD,0,0.2941962708512682
2021020483,20212022,2021-12-19,VGK,NYI,0,0.38152159873736863
2021020484,20212022,2021-12-19,LAK,WSH,0,0.6918472300003516
2021020486,20212022,2021-12-19,STL,WPG,1,0.4592771528514001
2021020492,20212022,2021-12-20,MIN,DAL,1,0.45271524875485925
2021020501,20212022,2021-12-21,TBL,VGK,0,0.6010729958417858
2021020537,20212022,2021-12-28,MTL,TBL,1,0.8014748348939079
2021020539,20212022,2021-12-28,VGK,LAK,0,0.3860565145130469
2021020540,20212022,2021-12-28,ARI,SJS,1,0.5990487136899759
2021020541,20212022,2021-12-29,NJD,BUF,0,0.4990148324096572
2021020544,20212022,2021-12-29,NYR,FLA,1,0.5227520603998282
2021020546,20212022,2021-12-29,NSH,WSH,1,0.5652811176527938
2021020547,20212022,2021-12-29,EDM,STL,1,0.5178951396516889
2021020550,20212022,2021-12-29,VAN,ANA,0,0.5719750420171305
2021020551,20212022,2021-12-29,PHI,SEA,0,0.5160639311034204
2021020552,20212022,2021-12-30,TBL,FLA,1,0.4318198534771285
2021020553,20212022,2021-12-30,BUF,NYI,1,0.5455045684072555
2021020554,20212022,2021-12-30,MTL,CAR,1,0.6200421117372745
2021020555,20212022,2021-12-30,NSH,CBJ,1,0.2951750799520587
2021020556,20212022,2021-12-30,VAN,LAK,1,0.6144636599862857
2021020557,20212022,2021-12-30,PHI,SJS,1,0.6049893986510493
2021020558,20212022,2021-12-30,CGY,SEA,0,0.6429025275954258
2021020560,20212022,2021-12-31,WSH,DET,0,0.2149202493964334
2021020561,20212022,2021-12-31,NYR,TBL,0,0.45030543607589635
2021020562,20212022,2021-12-31,EDM,NJD,1,0.3729333329180856
2021020565,20212022,2021-12-31,ANA,VGK,1,0.6332917914814216
2021020566,20212022,2022-01-01,BUF,BOS,1,0.4795809983878729
2021020567,20212022,2022-01-01,OTT,TOR,1,0.6396559654840548
2021020568,20212022,2022-01-01,MTL,FLA,1,0.7306786476377544
2021020569,20212022,2022-01-01,EDM,NYI,1,0.5217825929471088
2021020570,20212022,2022-01-01,CAR,CBJ,0,0.3759257935958848
2021020571,20212022,2022-01-01,CHI,NSH,1,0.7973961499072956
2021020572,20212022,2022-01-01,STL,MIN,0,0.41697048729615893
2021020573,20212022,2022-01-01,PHI,LAK,1,0.5535038049735841
2021020574,20212022,2022-01-01,VAN,SEA,0,0.5006509187406144
2021020575,20212022,2022-01-02,BOS,DET,0,0.4611197665937935
2021020576,20212022,2022-01-02,TBL,NYR,1,0.5445952010042342
2021020577,20212022,2022-01-02,SJS,PIT,1,0.45445793795541034
2021020578,20212022,2022-01-02,NJD,WSH,0,0.6975442902694832
2021020579,20212022,2022-01-02,CGY,CHI,0,0.38248414389355984
2021020580,20212022,2022-01-02,ANA,COL,1,0.4014221103933307
2021020582,20212022,2022-01-02,WPG,VGK,0,0.8135281234584218
2021020585,20212022,2022-01-03,EDM,NYR,1,0.5006880353077118
2021020586,20212022,2022-01-04,NJD,BOS,1,0.6886396314885483
2021020588,20212022,2022-01-04,SJS,DET,1,0.48701356666933643
2021020589,20212022,2022-01-04,CGY,FLA,1,0.5748765335420324
2021020590,20212022,2022-01-04,TBL,CBJ,0,0.43841011306922356
2021020591,20212022,2022-01-04,COL,CHI,0,0.3560889658399499
2021020592,20212022,2022-01-04,WPG,ARI,0,0.3329949312048892
2021020593,20212022,2022-01-04,NSH,VGK,0,0.5958708556507459
2021020594,20212022,2022-01-04,PHI,ANA,1,0.5851302834658567
2021020596,20212022,2022-01-05,EDM,TOR,1,0.5829380681627548
2021020597,20212022,2022-01-05,STL,PIT,1,0.5759338559214033
2021020599,20212022,2022-01-06,MIN,BOS,0,0.575789644728029
2021020600,20212022,2022-01-06,SJS,BUF,0,0.4268408553000406
2021020602,20212022,2022-01-06,CGY,TBL,1,0.5801829335203437
2021020603,20212022,2022-01-06,CBJ,NJD,1,0.49942897585569346
2021020604,20212022,2022-01-06,PIT,PHI,0,0.46484493142845834
2021020605,20212022,2022-01-06,FLA,DAL,1,0.2170790855760737
2021020606,20212022,2022-01-06,WPG,COL,1,0.6584352815370361
2021020607,20212022,2022-01-06,CHI,ARI,1,0.47094334725546966
2021020608,20212022,2022-01-06,NYR,VGK,1,0.5423046711390498
2021020610,20212022,2022-01-06,NSH,LAK,0,0.38136945432941405
2021020612,20212022,2022-01-07,CGY,CAR,1,0.6405922496265469
2021020613,20212022,2022-01-07,WSH,STL,1,0.5543335062696116
2021020615,20212022,2022-01-08,BOS,TBL,0,0.5463448262720594
2021020616,20212022,2022-01-08,SJS,PHI,0,0.5202424819738805
2021020617,20212022,2022-01-08,FLA,CAR,0,0.47165408052233904
2021020618,20212022,2022-01-08,NJD,CBJ,1,0.5579787334314948
2021020619,20212022,2022-01-08,PIT,DAL,1,0.4678183991640668
2021020620,20212022,2022-01-08,WSH,MIN,1,0.6218414377933008
2021020622,20212022,2022-01-08,TOR,COL,1,0.5568861819563584
2021020624,20212022,2022-01-08,NSH,ARI,0,0.3281345618472888
2021020626,20212022,2022-01-08,CHI,VGK,0,0.7130875301577427
2021020627,20212022,2022-01-08,NYR,ANA,0,0.39012278075392565
2021020628,20212022,2022-01-08,DET,LAK,1,0.6003983471825518
2021020609,20212022,2022-01-09,DET,ANA,1,0.5587679365161436
2021020629,20212022,2022-01-09,DAL,STL,1,0.63028679689574
2021020632,20212022,2022-01-10,BOS,WSH,0,0.5292227793677013
2021020634,20212022,2022-01-10,SEA,COL,1,0.8172025059773697
2021020636,20212022,2022-01-10,NYR,LAK,1,0.40356308890045195
2021020637,20212022,2022-01-11,TBL,BUF,0,0.32477434062749266
2021020638,20212022,2022-01-11,VAN,FLA,1,0.7620959520150881
2021020640,20212022,2022-01-11,CHI,CBJ,0,0.5405320078568178
2021020641,20212022,2022-01-11,COL,NSH,1,0.5437924507587028
2021020643,20212022,2022-01-11,TOR,VGK,0,0.5167859215483398
2021020644,20212022,2022-01-11,PIT,ANA,0,0.46332537505122057
2021020645,20212022,2022-01-11,DET,SJS,1,0.5346715285909401
2021020647,20212022,2022-01-12,SEA,DAL,1,0.6201781180524452
2021020649,20212022,2022-01-12,TOR,ARI,1,0.3174873425671767
2021021000,20212022,2022-01-12,MTL,BOS,1,0.8345267797513859
2021020650,20212022,2022-01-13,PHI,BOS,1,0.6533157487657489
2021020651,20212022,2022-01-13,WPG,DET,0,0.5734590610549094
2021020652,20212022,2022-01-13,VAN,TBL,1,0.6532892520556803
2021020653,20212022,2022-01-13,NJD,NYI,1,0.493736019667064
2021020654,20212022,2022-01-13,CBJ,CAR,0,0.6720770299952261
2021020655,20212022,2022-01-13,MTL,CHI,1,0.6867978403296702
2021020656,20212022,2022-01-13,SEA,STL,1,0.6972964467215857
2021020657,20212022,2022-01-13,BUF,NSH,0,0.7490144545874348
2021020658,20212022,2022-01-13,OTT,CGY,0,0.7226643048831226
2021020659,20212022,2022-01-13,PIT,LAK,1,0.4341975941058276
2021020660,20212022,2022-01-13,NYR,SJS,0,0.4072839083194578
2021020661,20212022,2022-01-14,DAL,FLA,1,0.6059501137316451
2021020662,20212022,2022-01-14,ANA,MIN,1,0.6027279166229484
2021020663,20212022,2022-01-14,ARI,COL,1,0.7352325524527105
2021020635,20212022,2022-01-15,OTT,EDM,0,0.5009757000172219
2021020665,20212022,2022-01-15,NSH,BOS,1,0.5325294762435043
2021020667,20212022,2022-01-15,BUF,DET,1,0.5853997948315557
2021020668,20212022,2022-01-15,DAL,TBL,1,0.6762371835114129
2021020669,20212022,2022-01-15,CBJ,FLA,1,0.6241758857571794
2021020670,20212022,2022-01-15,WSH,NYI,0,0.5150544559239576
2021020671,20212022,2022-01-15,NYR,PHI,0,0.3748196653860025
2021020672,20212022,2022-01-15,VAN,CAR,1,0.6737704781159484
2021020673,20212022,2022-01-15,ANA,CHI,1,0.5721383418702577
2021020674,20212022,2022-01-15,TOR,STL,0,0.5053572406009336
2021020677,20212022,2022-01-15,COL,ARI,0,0.29364413760395913
2021020678,20212022,2022-01-15,PIT,SJS,0,0.4144641572071259
2021020679,20212022,2022-01-15,LAK,SEA,0,0.452146954340837
2021020680,20212022,2022-01-16,VAN,WSH,0,0.617182055483892
2021020682,20212022,2022-01-17,DET,BUF,0,0.4467542261341105
2021020684,20212022,2022-01-17,PHI,NYI,1,0.5649213553854474
2021020685,20212022,2022-01-17,NSH,STL,1,0.49285524988199075
2021020686,20212022,2022-01-17,MIN,COL,1,0.5849647722448102
2021020687,20212022,2022-01-17,MTL,ARI,1,0.5986406362521691
2021020688,20212022,2022-01-17,PIT,VGK,0,0.49773738553307756
2021020689,20212022,2022-01-17,LAK,SJS,1,0.4670969159280633
2021020690,20212022,2022-01-17,CHI,SEA,1,0.483733008624797
2021020340,20212022,2022-01-18,NYI,PHI,0,0.45334867522103045
2021020691,20212022,2022-01-18,CAR,BOS,0,0.5117009892607931
2021020692,20212022,2022-01-18,BUF,OTT,0,0.6671822244570366
2021020695,20212022,2022-01-18,WPG,WSH,1,0.6344317486266959
2021020696,20212022,2022-01-18,VAN,NSH,0,0.5638989410769057
2021020697,20212022,2022-01-18,MTL,DAL,0,0.7321061046965107
2021020698,20212022,2022-01-18,FLA,CGY,1,0.3738850519312783
2021020700,20212022,2022-01-18,TBL,LAK,0,0.3586124262843548
2021020701,20212022,2022-01-19,ARI,NJD,0,0.49577447866484564
2021020702,20212022,2022-01-19,TOR,NYR,1,0.5295396773087563
2021020703,20212022,2022-01-19,COL,ANA,0,0.3223036790691455
2021020704,20212022,2022-01-20,WSH,BOS,1,0.5511718426188484
2021020705,20212022,2022-01-20,DAL,BUF,0,0.43333858767581557
2021020706,20212022,2022-01-20,CBJ,PHI,0,0.5721044727120137
2021020707,20212022,2022-01-20,OTT,PIT,1,0.647430655150161
2021020708,20212022,2022-01-20,WPG,NSH,1,0.6218126836141052
2021020709,20212022,2022-01-20,FLA,EDM,0,0.3772674085364543
2021020710,20212022,2022-01-20,MTL,VGK,1,0.7625526266935078
2021020711,20212022,2022-01-20,COL,LAK,0,0.4450166407386116
2021020712,20212022,2022-01-20,SJS,SEA,1,0.500742579898992
2021020713,20212022,2022-01-21,DAL,DET,0,0.5327690437536424
2021020714,20212022,2022-01-21,ARI,NYI,1,0.6053663589160344
2021020715,20212022,2022-01-21,NYR,CAR,1,0.547944070851861
2021020716,20212022,2022-01-21,PIT,CBJ,0,0.35699363723832284
2021020717,20212022,2022-01-21,MIN,CHI,0,0.3775910081519252
2021020718,20212022,2022-01-21,FLA,VAN,0,0.42238071287907397
2021020719,20212022,2022-01-21,TBL,ANA,1,0.38906721521322707
2021020720,20212022,2022-01-21,STL,SEA,0,0.35369856828728397
2021020721,20212022,2022-01-22,WPG,BOS,1,0.6270538742907694
2021020722,20212022,2022-01-22,PHI,BUF,1,0.47594437494121916
2021020724,20212022,2022-01-22,CAR,NJD,1,0.3443607845946778
2021020725,20212022,2022-01-22,ARI,NYR,1,0.7062104957290032
2021020726,20212022,2022-01-22,OTT,WSH,1,0.6146656313460621
2021020727,20212022,2022-01-22,DET,NSH,1,0.7155764759411359
2021020728,20212022,2022-01-22,CHI,MIN,1,0.6924298390163723
2021020729,20212022,2022-01-22,MTL,COL,1,0.8092505527869719
2021020730,20212022,2022-01-22,CGY,EDM,1,0.5391455728308256
2021020731,20212022,2022-01-22,TBL,SJS,0,0.4468856850946939
2021021211,20212022,2022-01-22,TOR,NYI,0,0.34797524481256686
2021020732,20212022,2022-01-23,LAK,NJD,0,0.38418898672340074
2021020733,20212022,2022-01-23,WPG,PIT,1,0.717003958824859
2021020734,20212022,2022-01-23,OTT,CBJ,0,0.569775454122643
2021020735,20212022,2022-01-23,STL,VAN,0,0.46413389570149893
2021020736,20212022,2022-01-23,FLA,SEA,1,0.30235599047196215
2021020737,20212022,2022-01-24,ANA,BOS,0,0.6548786996202599
2021020738,20212022,2022-01-24,LAK,NYR,1,0.6926055729046817
2021020739,20212022,2022-01-24,DAL,PHI,0,0.47086870952501025
2021020740,20212022,2022-01-24,VGK,WSH,0,0.4995175229874872
2021020741,20212022,2022-01-24,MTL,MIN,1,0.7716447289434037
2021020742,20212022,2022-01-24,CHI,COL,1,0.7408061322217542
2021020743,20212022,2022-01-24,STL,CGY,1,0.5402920868943909
2021020744,20212022,2022-01-25,BUF,OTT,1,0.6343694209192964
2021020745,20212022,2022-01-25,DAL,NJD,0,0.4979540648372306
2021020746,20212022,2022-01-25,PHI,NYI,1,0.6487809410024659
2021020747,20212022,2022-01-25,ARI,PIT,1,0.7604696359372278
2021020748,20212022,2022-01-25,VGK,CAR,1,0.5932986977556282
2021020749,20212022,2022-01-25,FLA,WPG,0,0.36770547564633216
2021020750,20212022,2022-01-25,EDM,VAN,0,0.5450970622501669
2021020751,20212022,2022-01-25,NSH,SEA,0,0.3878450300669557
2021020752,20212022,2022-01-26,ANA,TOR,1,0.6401958834755348
2021020753,20212022,2022-01-26,CHI,DET,0,0.4938712816477611
2021020754,20212022,2022-01-26,SJS,WSH,0,0.6582259456370742
2021020755,20212022,2022-01-26,CGY,CBJ,0,0.4195804655253257
2021020756,20212022,2022-01-26,BOS,COL,1,0.6256410371659582
2021020757,20212022,2022-01-27,ANA,MTL,0,0.4484851462612861
2021020758,20212022,2022-01-27,CAR,OTT,0,0.37704080405243906
2021020759,20212022,2022-01-27,NJD,TBL,1,0.700570995735881
2021020760,20212022,2022-01-27,VGK,FLA,1,0.5634685349710917
2021020761,20212022,2022-01-27,LAK,NYI,0,0.5271587282749113
2021020762,20212022,2022-01-27,SEA,PIT,0,0.7279934607701088
2021020763,20212022,2022-01-27,NYR,CBJ,1,0.2886823081532573
2021020764,20212022,2022-01-27,CGY,STL,1,0.5967106051378128
2021020765,20212022,2022-01-27,VAN,WPG,0,0.4971518898898237
2021020766,20212022,2022-01-27,NSH,EDM,1,0.4594486208582078
2021020767,20212022,2022-01-28,MIN,NYR,0,0.45623824670455165
2021020768,20212022,2022-01-28,DET,PIT,0,0.630524963110219
2021020769,20212022,2022-01-28,COL,CHI,0,0.31605604122743536
2021020770,20212022,2022-01-28,WSH,DAL,0,0.5089221393457539
2021020771,20212022,2022-01-28,BOS,ARI,0,0.3305529441577427
2021020772,20212022,2022-01-29,EDM,MTL,0,0.34033506207988184
2021020773,20212022,2022-01-29,ANA,OTT,0,0.5238088938473662
2021020774,20212022,2022-01-29,TOR,DET,0,0.28955957445501307
2021020775,20212022,2022-01-29,VGK,TBL,0,0.5462390459460169
2021020776,20212022,2022-01-29,SJS,FLA,1,0.7141693252987578
2021020778,20212022,2022-01-29,LAK,PHI,1,0.4011303948332297
2021020779,20212022,2022-01-29,NJD,CAR,1,0.7308818645413852
2021020780,20212022,2022-01-29,WPG,STL,0,0.6490258645588978
2021020781,20212022,2022-01-29,VAN,CGY,1,0.5640126240255159
2021020782,20212022,2022-01-29,BUF,ARI,0,0.49752617075517597
2021020783,20212022,2022-01-30,CBJ,MTL,0,0.35423328639043505
2021020784,20212022,2022-01-30,MIN,NYI,0,0.3735750461926665
2021020785,20212022,2022-01-30,SEA,NYR,1,0.7081356153835907
2021020786,20212022,2022-01-30,LAK,PIT,0,0.6850522137246345
2021020787,20212022,2022-01-30,SJS,CAR,1,0.661623558145073
2021020789,20212022,2022-01-30,BOS,DAL,1,0.4822603130430096
2021020790,20212022,2022-01-30,BUF,COL,1,0.8405184859009411
2021020683,20212022,2022-01-31,NJD,TOR,1,0.7218788830136105
2021020791,20212022,2022-01-31,EDM,OTT,1,0.4509887845825405
2021020792,20212022,2022-01-31,ANA,DET,1,0.4887207399670234
2021020793,20212022,2022-01-31,FLA,CBJ,0,0.25084565201431636
2021020794,20212022,2022-01-31,VAN,CHI,0,0.44445046298924074
2021020795,20212022,2022-02-01,SEA,BOS,1,0.6585914021274213
2021020797,20212022,2022-02-01,SJS,TBL,1,0.644826423249143
2021020798,20212022,2022-02-01,TOR,NJD,0,0.3220728487661101
2021020799,20212022,2022-02-01,OTT,NYI,1,0.6045572843777872
2021020800,20212022,2022-02-01,FLA,NYR,1,0.5281956932803124
2021020801,20212022,2022-02-01,WPG,PHI,1,0.46767399048860553
2021020802,20212022,2022-02-01,WSH,PIT,0,0.6003004809232386
2021020803,20212022,2022-02-01,VAN,NSH,1,0.6183803736291278
2021020804,20212022,2022-02-01,CGY,DAL,0,0.5272274661134169
2021020805,20212022,2022-02-01,ARI,COL,0,0.8107604596163355
2021020806,20212022,2022-02-01,BUF,VGK,1,0.7517711526621479
2021020777,20212022,2022-02-02,SEA,NYI,0,0.5831366682238028
2021020807,20212022,2022-02-02,LAK,DET,0,0.47055625867738865
2021020808,20212022,2022-02-02,EDM,WSH,0,0.4750551516591816
2021020809,20212022,2022-02-02,MIN,CHI,0,0.37417703966783294
2021020810,20212022,2022-02-02,CGY,ARI,0,0.3499808011014919
2021020583,20212022,2022-02-07,CAR,TOR,1,0.5718783163967798
2021021128,20212022,2022-02-07,NJD,OTT,1,0.5838678066076466
2021020487,20212022,2022-02-08,ARI,VAN,1,0.6525635560966978
2021020510,20212022,2022-02-08,CAR,OTT,1,0.3678297601856967
2021020523,20212022,2022-02-08,PIT,BOS,0,0.4972902295192147
2021020531,20212022,2022-02-08,MIN,WPG,1,0.3707535431800479
2021020664,20212022,2022-02-08,VGK,EDM,0,0.46563962985619417
2021020666,20212022,2022-02-08,NJD,MTL,0,0.39503155754561553
2021021293,20212022,2022-02-08,CBJ,WSH,0,0.6746194600160407
2021020503,20212022,2022-02-09,ARI,SEA,0,0.5690581852579776
2021020530,20212022,2022-02-09,NSH,DAL,1,0.44934689178076376
2021020598,20212022,2022-02-09,NYI,VAN,0,0.5695351926861065
2021020676,20212022,2022-02-09,VGK,CGY,1,0.446133551475846
2021020694,20212022,2022-02-09,DET,PHI,0,0.5235934986791118
2021020699,20212022,2022-02-09,CHI,EDM,0,0.6082974804062882
2021020462,20212022,2022-02-10,TOR,CGY,1,0.40852896029879626
2021020477,20212022,2022-02-10,TBL,COL,1,0.5890787496370538
2021020489,20212022,2022-02-10,CBJ,BUF,0,0.34626691518797204
2021020494,20212022,2022-02-10,CAR,BOS,0,0.4576275259154984
2021020529,20212022,2022-02-10,NJD,STL,0,0.5236653971605144
2021020559,20212022,2022-02-10,PIT,OTT,0,0.41318924553280334
2021020587,20212022,2022-02-10,WSH,MTL,0,0.2984351031525188
2021020506,20212022,2022-02-11,WPG,DAL,1,0.5776191561389605
2021020519,20212022,2022-02-11,TBL,ARI,0,0.3674183856222091
2021020623,20212022,2022-02-11,NYI,EDM,1,0.5374815872585015
2021021033,20212022,2022-02-11,SEA,ANA,0,0.45833598877323467
2021020445,20212022,2022-02-12,CAR,MIN,1,0.48890194887316435
2021020479,20212022,2022-02-12,TOR,VAN,1,0.4013943902616135
2021020499,20212022,2022-02-12,WPG,NSH,0,0.6782561438840248
2021020543,20212022,2022-02-12,BOS,OTT,0,0.4713436569593886
2021020630,20212022,2022-02-12,CBJ,MTL,0,0.38691436031471876
2021020642,20212022,2022-02-12,NYI,CGY,1,0.6876047302153044
2021020788,20212022,2022-02-12,CHI,STL,1,0.6339649872154182
2021020811,20212022,2022-02-12,PHI,DET,1,0.5537371690355563
2021020526,20212022,2022-02-13,OTT,WSH,0,0.6562528238900293
2021020563,20212022,2022-02-13,COL,DAL,0,0.40724019251398547
2021020614,20212022,2022-02-13,BUF,MTL,0,0.38710679851660684
2021020817,20212022,2022-02-13,PIT,NJD,0,0.34600861680120837
2021020488,20212022,2022-02-14,TOR,SEA,0,0.3306345823151826
2021020517,20212022,2022-02-14,DET,MIN,1,0.7330615100855465
2021020522,20212022,2022-02-14,EDM,SJS,0,0.3679278542604874
2021020548,20212022,2022-02-14,CHI,WPG,0,0.5940631636488972
2021020478,20212022,2022-02-15,CBJ,CGY,1,0.6744080177809112
2021020495,20212022,2022-02-15,STL,OTT,0,0.4713044388136824
2021020507,20212022,2022-02-15,EDM,LAK,0,0.4135333999048757
2021020514,20212022,2022-02-15,PHI,PIT,1,0.7543848854347539
2021020524,20212022,2022-02-15,NYI,BUF,1,0.42769098318772364
2021020549,20212022,2022-02-15,DAL,COL,0,0.6999737865820495
2021020631,20212022,2022-02-15,TBL,NJD,0,0.37669554061323074
2021021095,20212022,2022-02-15,WSH,NSH,0,0.5741395495364425
2021021263,20212022,2022-02-15,BOS,NYR,1,0.39957577323783183
2021020500,20212022,2022-02-16,ANA,CGY,1,0.6162916075189467
2021020527,20212022,2022-02-16,FLA,CAR,0,0.6950134956796542
2021020535,20212022,2022-02-16,COL,VGK,0,0.4307461688748858
2021020633,20212022,2022-02-16,MIN,WPG,1,0.39288937869673196
2021020493,20212022,2022-02-17,ANA,EDM,1,0.6566884635725745
2021020496,20212022,2022-02-17,WSH,PHI,0,0.3863394656814387
2021020502,20212022,2022-02-17,VAN,SJS,0,0.5401317653392655
2021020525,20212022,2022-02-17,DET,NYR,0,0.7162693039602102
2021020538,20212022,2022-02-17,CBJ,CHI,0,0.5315475862122924
2021020542,20212022,2022-02-17,PIT,TOR,1,0.5324834153592571
2021020621,20212022,2022-02-17,SEA,WPG,1,0.5525785292592951
2021020796,20212022,2022-02-17,STL,MTL,1,0.23329373393736094
2021021006,20212022,2022-02-17,BOS,NYI,1,0.4488898976793726
2021021228,20212022,2022-02-17,OTT,BUF,0,0.4354473684129585
2021020476,20212022,2022-02-18,FLA,MIN,0,0.509326284748281
2021020485,20212022,2022-02-18,NSH,CAR,1,0.6094889290910271
2021020516,20212022,2022-02-18,DAL,CHI,0,0.3697220845018041
2021020521,20212022,2022-02-18,LAK,VGK,0,0.6230984487500231
2021020481,20212022,2022-02-19,BOS,OTT,0,0.4458186263068717
2021020504,20212022,2022-02-19,COL,BUF,0,0.25314800316336045
2021020509,20212022,2022-02-19,STL,TOR,0,0.6145723512458586
2021020518,20212022,2022-02-19,SEA,CGY,1,0.6857582070943267
2021020520,20212022,2022-02-19,ANA,VAN,0,0.5977373649203856
2021020533,20212022,2022-02-19,LAK,ARI,0,0.36832321288420805
2021020681,20212022,2022-02-19,EDM,WPG,0,0.486247826157323
2021020263,20212022,2022-02-20,NYR,OTT,0,0.3237616274804661
2021020491,20212022,2022-02-20,MTL,NYI,0,0.7179531493452125
2021020498,20212022,2022-02-20,FLA,CHI,0,0.3168158079942345
2021020515,20212022,2022-02-20,BUF,CBJ,1,0.6630266992036951
2021020581,20212022,2022-02-20,DAL,ARI,1,0.29291525268289875
2021020648,20212022,2022-02-20,MIN,EDM,0,0.4066645361218154
2021021161,20212022,2022-02-20,VGK,SJS,0,0.43406797820560117
2021021304,20212022,2022-02-20,CAR,PIT,0,0.49765638043433075
2021020508,20212022,2022-02-21,COL,BOS,1,0.39523951429711607
2021020534,20212022,2022-02-21,SEA,VAN,1,0.6047679542181281
2021020564,20212022,2022-02-21,WPG,CGY,1,0.6283218681475444
2021020601,20212022,2022-02-21,TOR,MTL,1,0.16925668599378835
2021020639,20212022,2022-02-21,CAR,PHI,0,0.30641645209914736
2021020511,20212022,2022-02-22,NSH,FLA,0,0.6553349496982374
2021020528,20212022,2022-02-22,TOR,CBJ,1,0.42346391894040986
2021020536,20212022,2022-02-22,SJS,ANA,1,0.5029802487375621
2021020584,20212022,2022-02-22,MIN,OTT,1,0.37445224580127734
2021020595,20212022,2022-02-22,NYI,SEA,0,0.3856595263073816
2021020848,20212022,2022-02-22,STL,PHI,0,0.27743449940509257
2021020490,20212022,2022-02-23,COL,DET,0,0.24382359282597302
2021020812,20212022,2022-02-23,EDM,TBL,1,0.5287490662879154
2021020813,20212022,2022-02-23,WPG,DAL,1,0.5735057089485023
2021020814,20212022,2022-02-23,LAK,ARI,0,0.43193993368753547
2021021273,20212022,2022-02-23,BUF,MTL,1,0.5102772722224238
2021020497,20212022,2022-02-24,NJD,PIT,0,0.7883175733189912
2021020815,20212022,2022-02-24,MIN,TOR,1,0.5410109417128706
2021020816,20212022,2022-02-24,CBJ,FLA,0,0.7120892846011226
2021020818,20212022,2022-02-24,WSH,NYR,1,0.638801334258742
2021020819,20212022,2022-02-24,DAL,NSH,1,0.6197330412259501
2021020820,20212022,2022-02-24,CGY,VAN,1,0.4391283260696637
2021020821,20212022,2022-02-24,NYI,SJS,1,0.5235987662699991
2021020822,20212022,2022-02-24,BOS,SEA,0,0.4004711867220274
2021020823,20212022,2022-02-25,CBJ,CAR,1,0.7242571244629867
2021020824,20212022,2022-02-25,NJD,CHI,1,0.5405414858782999
2021020825,20212022,2022-02-25,BUF,STL,1,0.7328702381290542
2021020826,20212022,2022-02-25,WPG,COL,1,0.7198179149091494
2021020827,20212022,2022-02-25,VGK,ARI,1,0.39621807267138537
2021020828,20212022,2022-02-25,LAK,ANA,0,0.457434857071603
2021020830,20212022,2022-02-26,MTL,OTT,0,0.6615864928543262
2021020831,20212022,2022-02-26,EDM,FLA,0,0.6446638853648496
2021020832,20212022,2022-02-26,WSH,PHI,1,0.33830057379675493
2021020833,20212022,2022-02-26,NYR,PIT,1,0.5006571673098134
2021020834,20212022,2022-02-26,TBL,NSH,0,0.4960415058218081
2021020835,20212022,2022-02-26,MIN,CGY,1,0.49791549017336384
2021020836,20212022,2022-02-26,COL,VGK,0,0.39964932794813746
2021020837,20212022,2022-02-26,NYI,LAK,1,0.515305076479957
2021020838,20212022,2022-02-26,BOS,SJS,0,0.4309990165243159
2021021275,20212022,2022-02-26,TOR,DET,0,0.31965355312156024
2021020839,20212022,2022-02-27,VAN,NYR,0,0.5640144735979669
2021020840,20212022,2022-02-27,EDM,CAR,1,0.71064631057683
2021020841,20212022,2022-02-27,PIT,CBJ,0,0.4893863504410065
2021020842,20212022,2022-02-27,STL,CHI,0,0.38908514858292736
2021020843,20212022,2022-02-27,BUF,DAL,1,0.7073311152708935
2021020844,20212022,2022-02-27,WPG,ARI,0,0.45741812090610623
2021020845,20212022,2022-02-27,NYI,ANA,0,0.5901696528010499
2021020846,20212022,2022-02-27,SEA,SJS,1,0.5337539911006646
2021020847,20212022,2022-02-28,VAN,NJD,1,0.47299121073128986
2021020849,20212022,2022-02-28,TOR,WSH,0,0.43735455066560175
2021020850,20212022,2022-02-28,BOS,LAK,0,0.48823343301211697
2021020851,20212022,2022-03-01,CAR,DET,1,0.2718706239634965
2021020852,20212022,2022-03-01,OTT,TBL,1,0.7006860151139731
2021020853,20212022,2022-03-01,EDM,PHI,0,0.34848070320810814
2021020854,20212022,2022-03-01,NJD,CBJ,1,0.6484894598211226
2021020855,20212022,2022-03-01,CGY,MIN,0,0.5457139311576056
2021020856,20212022,2022-03-01,MTL,WPG,1,0.6949105315952289
2021020857,20212022,2022-03-01,NYI,COL,1,0.7258704689551698
2021020858,20212022,2022-03-01,SJS,VGK,1,0.6156452765797908
2021020859,20212022,2022-03-01,BOS,ANA,1,0.42490342887268134
2021020860,20212022,2022-03-02,BUF,TOR,0,0.7987837371010753
2021020861,20212022,2022-03-02,STL,NYR,1,0.5407131724120086
2021020862,20212022,2022-03-02,LAK,DAL,1,0.5460478665499671
2021020863,20212022,2022-03-02,NSH,SEA,1,0.3715310381286521
2021020864,20212022,2022-03-03,PIT,TBL,0,0.6331292729488067
2021020865,20212022,2022-03-03,OTT,FLA,1,0.639798172332529
2021020866,20212022,2022-03-03,VAN,NYI,0,0.5278937322639938
2021020867,20212022,2022-03-03,MIN,PHI,0,0.3170639678364079
2021020868,20212022,2022-03-03,CAR,WSH,1,0.37496201697046727
2021020869,20212022,2022-03-03,EDM,CHI,1,0.3741693080487172
2021020870,20212022,2022-03-03,MTL,CGY,0,0.7858314496742221
2021020871,20212022,2022-03-03,COL,ARI,1,0.23008048116955646
2021020872,20212022,2022-03-03,BOS,VGK,0,0.5168758752900551
2021020873,20212022,2022-03-04,MIN,BUF,1,0.38790579403697795
2021020874,20212022,2022-03-04,DET,TBL,1,0.6528021335625258
2021020875,20212022,2022-03-04,NJD,NYR,1,0.7264793061254048
2021020876,20212022,2022-03-04,PIT,CAR,1,0.5648754921868794
2021020877,20212022,2022-03-04,LAK,CBJ,0,0.493738370021094
2021020878,20212022,2022-03-04,DAL,WPG,0,0.4644464746172465
2021020879,20212022,2022-03-04,VGK,ANA,0,0.4576266797752346
2021020880,20212022,2022-03-05,VAN,TOR,0,0.6282779329910975
2021020881,20212022,2022-03-05,DET,FLA,1,0.7697662241940474
2021020882,20212022,2022-03-05,STL,NYI,1,0.42881387844559343
2021020883,20212022,2022-03-05,CHI,PHI,1,0.4794499129077243
2021020884,20212022,2022-03-05,SEA,WSH,1,0.6844487443696454
2021020885,20212022,2022-03-05,BOS,CBJ,0,0.32738948079212143
2021020886,20212022,2022-03-05,CGY,COL,0,0.6303086192843332
2021020887,20212022,2022-03-05,MTL,EDM,0,0.7235962659349826
2021020888,20212022,2022-03-05,OTT,ARI,1,0.48854944665278743
2021020889,20212022,2022-03-05,NSH,SJS,0,0.417085254989936
2021020890,20212022,2022-03-06,LAK,BUF,0,0.38304866662187764
2021020891,20212022,2022-03-06,STL,NJD,1,0.4389545164752991
2021020892,20212022,2022-03-06,SEA,CAR,1,0.7955006189963724
2021020893,20212022,2022-03-06,TBL,CHI,0,0.26029374957497114
2021020894,20212022,2022-03-06,DAL,MIN,0,0.5566633831312411
2021020895,20212022,2022-03-06,NYR,WPG,0,0.4192977787818895
2021020896,20212022,2022-03-06,OTT,VGK,1,0.7225531314541406
2021020897,20212022,2022-03-06,SJS,ANA,1,0.614622330266661
2021020532,20212022,2022-03-07,EDM,CGY,1,0.6028279140007761
2021020898,20212022,2022-03-07,LAK,BOS,0,0.6781443669495888
2021020899,20212022,2022-03-07,FLA,BUF,0,0.2073748322024202
2021020900,20212022,2022-03-07,COL,NYI,0,0.33771904400868624
2021020901,20212022,2022-03-07,TOR,CBJ,0,0.4293601855388511
2021020902,20212022,2022-03-08,SEA,TOR,1,0.6349834352759742
2021020903,20212022,2022-03-08,ARI,DET,0,0.5489585211436255
2021020904,20212022,2022-03-08,COL,NJD,1,0.3590439760012079
2021020905,20212022,2022-03-08,VGK,PHI,1,0.3266587963332262
2021020906,20212022,2022-03-08,FLA,PIT,0,0.49471889887329223
2021020907,20212022,2022-03-08,ANA,CHI,1,0.5036061191322535
2021020908,20212022,2022-03-08,OTT,STL,0,0.6660263585992585
2021020909,20212022,2022-03-08,DAL,NSH,1,0.5338928729893663
2021020910,20212022,2022-03-08,NYR,MIN,1,0.48152554815235166
2021020911,20212022,2022-03-08,TBL,WPG,1,0.3837844127532192
2021020912,20212022,2022-03-08,WSH,CGY,0,0.5298644322959697
2021020913,20212022,2022-03-09,WSH,EDM,1,0.5856526782332717
2021020914,20212022,2022-03-09,MTL,VAN,1,0.6778525985248076
2021020693,20212022,2022-03-10,CBJ,NYI,1,0.5237502348631137
2021020915,20212022,2022-03-10,CHI,BOS,1,0.6803807893185706
2021020916,20212022,2022-03-10,VGK,BUF,1,0.3089178603628292
2021020917,20212022,2022-03-10,ARI,TOR,0,0.6802501018974093
2021020918,20212022,2022-03-10,SEA,OTT,1,0.5843367718220295
2021020919,20212022,2022-03-10,MIN,DET,0,0.36080251903412347
2021020920,20212022,2022-03-10,PHI,FLA,1,0.7747970502980415
2021020921,20212022,2022-03-10,WPG,NJD,0,0.48185069081414966
2021020923,20212022,2022-03-10,COL,CAR,1,0.45908355621275704
2021020924,20212022,2022-03-10,NYR,STL,1,0.48895778995563677
2021020925,20212022,2022-03-10,ANA,NSH,1,0.6983139903983864
2021020926,20212022,2022-03-10,TBL,CGY,1,0.5141753452176906
2021020927,20212022,2022-03-10,SJS,LAK,0,0.6564863253551164
2021020928,20212022,2022-03-11,WPG,NYI,1,0.5117364772181404
2021020929,20212022,2022-03-11,VGK,PIT,1,0.6100111210783371
2021020930,20212022,2022-03-11,MIN,CBJ,1,0.41037403232399944
2021020931,20212022,2022-03-11,WSH,VAN,0,0.5026332713787879
2021020932,20212022,2022-03-12,ARI,BOS,1,0.6767766560537101
2021020933,20212022,2022-03-12,SEA,MTL,0,0.463660229220678
2021020934,20212022,2022-03-12,CHI,OTT,0,0.5571775196732776
2021020935,20212022,2022-03-12,ANA,NJD,1,0.5553281677299079
2021020936,20212022,2022-03-12,PHI,CAR,1,0.7526084579841501
2021020937,20212022,2022-03-12,STL,NSH,0,0.5506471701571112
2021020938,20212022,2022-03-12,NYR,DAL,0,0.4692939548789465
2021020939,20212022,2022-03-12,DET,CGY,1,0.7263745949192807
2021020940,20212022,2022-03-12,TBL,EDM,1,0.4520233140941166
2021020941,20212022,2022-03-12,LAK,SJS,1,0.4319033614315635
2021020942,20212022,2022-03-13,TOR,BUF,1,0.325001103964773
2021020943,20212022,2022-03-13,ANA,NYI,1,0.6724072070613131
2021020944,20212022,2022-03-13,MTL,PHI,0,0.5512906009766039
2021020945,20212022,2022-03-13,CAR,PIT,1,0.5706579692531738
2021020946,20212022,2022-03-13,VGK,CBJ,1,0.4697192930269009
2021020947,20212022,2022-03-13,WPG,STL,0,0.5434516774601295
2021020948,20212022,2022-03-13,NSH,MIN,0,0.5899189097416375
2021020949,20212022,2022-03-13,CGY,COL,1,0.625184581180094
2021020950,20212022,2022-03-13,TBL,VAN,0,0.5132981512173306
2021020951,20212022,2022-03-13,FLA,LAK,1,0.32491662289625994
2021020952,20212022,2022-03-14,ARI,OTT,0,0.5290689439991889
2021020953,20212022,2022-03-15,DAL,TOR,1,0.5598561799828673
2021020954,20212022,2022-03-15,ARI,MTL,0,0.500155171573611
2021020955,20212022,2022-03-15,ANA,NYR,1,0.6877915985948568
2021020956,20212022,2022-03-15,NYI,WSH,1,0.5426228115256937
2021020957,20212022,2022-03-15,BOS,CHI,0,0.3792144338064268
2021020958,20212022,2022-03-15,PIT,NSH,1,0.5073119656300804
2021020959,20212022,2022-03-15,VGK,WPG,1,0.48527330912824934
2021020960,20212022,2022-03-15,DET,EDM,1,0.6783105641267145
2021020961,20212022,2022-03-15,NJD,VAN,1,0.6278342663315901
2021020962,20212022,2022-03-15,COL,LAK,0,0.3958369244233948
2021020963,20212022,2022-03-15,FLA,SJS,0,0.30921528855451585
2021020964,20212022,2022-03-16,CBJ,OTT,0,0.4791238935110187
2021020965,20212022,2022-03-16,BOS,MIN,1,0.5244870426575358
2021020966,20212022,2022-03-16,NJD,CGY,1,0.7439253496924181
2021020967,20212022,2022-03-16,TBL,SEA,0,0.31826620610342654
2021020328,20212022,2022-03-17,NYI,NYR,0,0.6404811695149215
2021020968,20212022,2022-03-17,CAR,TOR,1,0.5095515963405963
2021020969,20212022,2022-03-17,DAL,MTL,0,0.33439308447484756
2021020970,20212022,2022-03-17,NSH,PHI,1,0.28337719333108125
2021020971,20212022,2022-03-17,WSH,CBJ,0,0.40816719018143915
2021020972,20212022,2022-03-17,PIT,STL,0,0.46923951214861964
2021020973,20212022,2022-03-17,BUF,EDM,1,0.728412113610649
2021020974,20212022,2022-03-17,DET,VAN,0,0.6580248199496561
2021020975,20212022,2022-03-17,FLA,VGK,1,0.38479612466158297
2021020976,20212022,2022-03-17,SJS,LAK,1,0.616648493821232
2021020977,20212022,2022-03-18,PHI,OTT,1,0.6488975995515273
2021020978,20212022,2022-03-18,WSH,CAR,0,0.5796794892583427
2021020979,20212022,2022-03-18,BOS,WPG,0,0.40293907421790603
2021020980,20212022,2022-03-18,BUF,CGY,0,0.807028126325194
2021020981,20212022,2022-03-18,FLA,ANA,0,0.36308022921947525
2021020982,20212022,2022-03-18,COL,SJS,0,0.23974457092750365
2021020983,20212022,2022-03-19,OTT,MTL,1,0.5286102894625797
2021020984,20212022,2022-03-19,NYR,TBL,0,0.5344649350607644
2021020985,20212022,2022-03-19,DAL,NYI,1,0.492711869384849
2021020986,20212022,2022-03-19,STL,CBJ,1,0.44919165296843877
2021020987,20212022,2022-03-19,TOR,NSH,1,0.5481108391261197
2021020988,20212022,2022-03-19,CHI,MIN,1,0.6564699785965928
2021020989,20212022,2022-03-19,NJD,EDM,1,0.6830404627782088
2021020990,20212022,2022-03-19,CGY,VAN,0,0.5004126616352247
2021020991,20212022,2022-03-19,PIT,ARI,0,0.3602451649461055
2021020992,20212022,2022-03-19,LAK,VGK,1,0.510582464187885
2021020993,20212022,2022-03-19,DET,SEA,1,0.4952010003010658
2021020994,20212022,2022-03-20,NYI,PHI,1,0.4499918497417669
2021020995,20212022,2022-03-20,DAL,WSH,0,0.6238341196147199
2021020996,20212022,2022-03-20,NYR,CAR,0,0.6251650914737709
2021020997,20212022,2022-03-20,WPG,CHI,0,0.4038757565959476
2021020998,20212022,2022-03-20,BUF,VAN,0,0.5694440227569916
2021020999,20212022,2022-03-20,ARI,SJS,1,0.5930373585646095
2021020646,20212022,2022-03-21,BOS,MTL,0,0.3056283089392138
2021021001,20212022,2022-03-21,VGK,MIN,1,0.5592813114546139
2021021002,20212022,2022-03-21,EDM,COL,1,0.6314428184729418
2021021003,20212022,2022-03-21,NSH,ANA,0,0.3392893161844818
2021021004,20212022,2022-03-22,PHI,DET,1,0.5481597456422158
2021021005,20212022,2022-03-22,NYR,NJD,1,0.33676052494607417
2021021007,20212022,2022-03-22,CBJ,PIT,1,0.66176717212866
2021021008,20212022,2022-03-22,STL,WSH,0,0.5344874454712841
2021021009,20212022,2022-03-22,TBL,CAR,1,0.5566257924142813
2021021010,20212022,2022-03-22,EDM,DAL,1,0.5732052442778487
2021021011,20212022,2022-03-22,VGK,WPG,1,0.5677983948718643
2021021012,20212022,2022-03-22,SJS,CGY,0,0.6923828484657029
2021021013,20212022,2022-03-22,NSH,LAK,1,0.5147839091086911
2021021017,20212022,2022-03-22,SEA,ARI,0,0.5928634455657217
2021021021,20212022,2022-03-22,OTT,NYI,1,0.6443049962528911
2021021014,20212022,2022-03-23,PIT,BUF,1,0.3447616022442421
2021021015,20212022,2022-03-23,NJD,TOR,1,0.7020187128694879
2021021016,20212022,2022-03-23,VAN,COL,0,0.7324351428762197
2021021018,20212022,2022-03-23,CHI,ANA,0,0.5335663560269842
2021020545,20212022,2022-03-24,DET,NYI,1,0.6169948949292763
2021020675,20212022,2022-03-24,OTT,WPG,0,0.6450059532620198
2021021019,20212022,2022-03-24,TBL,BOS,1,0.5028872033108923
2021021020,20212022,2022-03-24,FLA,MTL,0,0.3032026838586455
2021021022,20212022,2022-03-24,DAL,CAR,0,0.602172035676703
2021021023,20212022,2022-03-24,PHI,STL,0,0.735400417323138
2021021024,20212022,2022-03-24,VAN,MIN,1,0.629357045945818
2021021025,20212022,2022-03-24,SJS,EDM,1,0.6367498379027905
2021021026,20212022,2022-03-24,NSH,VGK,1,0.4755648431748376
2021021027,20212022,2022-03-24,CHI,LAK,0,0.6918148883066532
2021021028,20212022,2022-03-25,WSH,BUF,0,0.4035811825028611
2021021029,20212022,2022-03-25,PIT,NYR,1,0.48132241867170145
2021021030,20212022,2022-03-25,CBJ,WPG,1,0.47024919599873816
2021021031,20212022,2022-03-25,PHI,COL,1,0.8429465126066448
2021021032,20212022,2022-03-25,ARI,CGY,1,0.7038247331693619
2021021034,20212022,2022-03-26,NYI,BOS,1,0.6171103189899676
2021021035,20212022,2022-03-26,TOR,MTL,1,0.34904642275035946
2021021036,20212022,2022-03-26,FLA,OTT,0,0.3052406837926619
2021021037,20212022,2022-03-26,TBL,DET,0,0.33902280357478404
2021021038,20212022,2022-03-26,NJD,WSH,1,0.582828658868712
2021021039,20212022,2022-03-26,CAR,STL,0,0.4837978890797894
2021021040,20212022,2022-03-26,VAN,DAL,0,0.5714084435374174
2021021041,20212022,2022-03-26,CBJ,MIN,1,0.6963240221519889
2021021042,20212022,2022-03-26,EDM,CGY,1,0.510058557409715
2021021043,20212022,2022-03-26,CHI,VGK,1,0.6170503881283065
2021021044,20212022,2022-03-26,SEA,LAK,1,0.7017365769500327
2021021045,20212022,2022-03-26,ANA,SJS,1,0.5736137842937201
2021021046,20212022,2022-03-27,FLA,TOR,1,0.4354764336300897
2021021047,20212022,2022-03-27,MTL,NJD,1,0.53445587974687
2021021048,20212022,2022-03-27,TBL,NYI,0,0.3928905285803419
2021021049,20212022,2022-03-27,BUF,NYR,1,0.7349964095018476
2021021050,20212022,2022-03-27,DET,PIT,1,0.7696803474383263
2021021051,20212022,2022-03-27,PHI,NSH,1,0.6831805122276755
2021021052,20212022,2022-03-27,COL,MIN,1,0.344214800230274
2021021053,20212022,2022-03-27,ARI,WPG,1,0.5872923482471555
2021021054,20212022,2022-03-28,CAR,WSH,0,0.4388531695793185
2021021055,20212022,2022-03-28,BUF,CHI,0,0.6478557779250131
2021021056,20212022,2022-03-28,VAN,STL,1,0.5237964907961219
2021021057,20212022,2022-03-28,ARI,EDM,1,0.6925190704166619
2021021058,20212022,2022-03-28,SEA,LAK,0,0.6808096503562038
2021021059,20212022,2022-03-29,TOR,BOS,0,0.5441938813875655
2021021060,20212022,2022-03-29,CAR,TBL,1,0.5738590487195977
2021021061,20212022,2022-03-29,MTL,FLA,1,0.7494551564108876
2021021062,20212022,2022-03-29,NYR,PIT,0,0.5541500573836606
2021021063,20212022,2022-03-29,NYI,CBJ,0,0.49893925171010706
2021021064,20212022,2022-03-29,OTT,NSH,1,0.6914456915517979
2021021065,20212022,2022-03-29,PHI,MIN,1,0.7159804356880792
2021021066,20212022,2022-03-29,COL,CGY,0,0.4759196747036754
2021021067,20212022,2022-03-29,DAL,ANA,0,0.3818088766984642
2021021068,20212022,2022-03-30,WPG,BUF,0,0.4567198528073174
2021021069,20212022,2022-03-30,NYR,DET,0,0.36372156565665686
2021021070,20212022,2022-03-30,LAK,EDM,1,0.5492140210012726
2021021071,20212022,2022-03-30,STL,VAN,0,0.5401622015076138
2021021072,20212022,2022-03-30,SJS,ARI,1,0.5206044833912771
2021021073,20212022,2022-03-30,VGK,SEA,0,0.45573370428056154
2021021074,20212022,2022-03-31,NJD,BOS,1,0.7270788227901908
2021021075,20212022,2022-03-31,WPG,TOR,1,0.682991889038089
2021021076,20212022,2022-03-31,CHI,FLA,1,0.7219332910535592
2021021077,20212022,2022-03-31,CBJ,NYI,1,0.5703892593838324
2021021078,20212022,2022-03-31,MTL,CAR,1,0.7715004471948814
2021021079,20212022,2022-03-31,PIT,MIN,0,0.5045785893189125
2021021080,20212022,2022-03-31,SJS,COL,1,0.7951569256811919
2021021081,20212022,2022-03-31,LAK,CGY,0,0.6881442495382696
2021021082,20212022,2022-03-31,DAL,ANA,0,0.38644213972901353
2021021083,20212022,2022-04-01,NSH,BUF,1,0.394430580062195
2021021084,20212022,2022-04-01,OTT,DET,0,0.5527187641043483
2021021085,20212022,2022-04-01,CHI,TBL,1,0.7567247590535227
2021021086,20212022,2022-04-01,NYI,NYR,0,0.6917874952701082
2021021087,20212022,2022-04-01,STL,EDM,1,0.5515917298775725
2021021088,20212022,2022-04-01,ANA,ARI,0,0.6122313473453548
2021021089,20212022,2022-04-01,VGK,SEA,0,0.4114195159040737
2021021090,20212022,2022-04-02,CBJ,BOS,1,0.6818161069940495
2021021091,20212022,2022-04-02,MTL,TBL,0,0.7006445547431744
2021021092,20212022,2022-04-02,FLA,NJD,0,0.31132498873027303
2021021093,20212022,2022-04-02,TOR,PHI,0,0.2857515607126917
2021021094,20212022,2022-04-02,MIN,CAR,0,0.6112774566790575
2021021096,20212022,2022-04-02,LAK,WPG,0,0.4880312441243706
2021021097,20212022,2022-04-02,PIT,COL,1,0.593656203661474
2021021098,20212022,2022-04-02,STL,CGY,0,0.6722212505951493
2021021099,20212022,2022-04-02,DAL,SJS,0,0.43463816648905657
2021021100,20212022,2022-04-03,FLA,BUF,0,0.3690460116182512
2021021101,20212022,2022-04-03,DET,OTT,1,0.5689702388679719
2021021102,20212022,2022-04-03,NYI,NJD,0,0.34168494427836255
2021021103,20212022,2022-04-03,PHI,NYR,0,0.7893138187929534
2021021104,20212022,2022-04-03,MIN,WSH,0,0.473735577989204
2021021105,20212022,2022-04-03,ARI,CHI,0,0.5483660654024787
2021021106,20212022,2022-04-03,VGK,VAN,0,0.4879641138397804
2021021107,20212022,2022-04-03,EDM,ANA,0,0.41473773165156047
2021021108,20212022,2022-04-03,DAL,SEA,1,0.4450415880625578
2021021109,20212022,2022-04-04,TOR,TBL,0,0.5510212520174458
2021021110,20212022,2022-04-04,BOS,CBJ,0,0.37097770669000646
2021021111,20212022,2022-04-04,ARI,STL,1,0.7114029615280747
2021021112,20212022,2022-04-04,CGY,LAK,0,0.47713224630822726
2021021113,20212022,2022-04-05,CAR,BUF,1,0.3153520591982481
2021021114,20212022,2022-04-05,OTT,MTL,0,0.4835547099962238
2021021115,20212022,2022-04-05,BOS,DET,1,0.3471075489950365
2021021116,20212022,2022-04-05,TOR,FLA,1,0.6151924257339384
2021021117,20212022,2022-04-05,NYR,NJD,0,0.3494416182613852
2021021118,20212022,2022-04-05,CBJ,PHI,0,0.5083079267325434
2021021119,20212022,2022-04-05,COL,PIT,0,0.48370626204136824
2021021120,20212022,2022-04-05,MIN,NSH,1,0.4485826010669596
2021021121,20212022,2022-04-05,NYI,DAL,1,0.5510401111551702
2021021122,20212022,2022-04-05,EDM,SJS,0,0.3872714674480078
2021021123,20212022,2022-04-06,TBL,WSH,1,0.41697603409459205
2021021124,20212022,2022-04-06,SEA,STL,1,0.6793452463885206
2021021125,20212022,2022-04-06,DET,WPG,0,0.6689133347223541
2021021126,20212022,2022-04-06,VAN,VGK,0,0.5592848962526945
2021021127,20212022,2022-04-06,CGY,ANA,0,0.33403827961380217
2021020250,20212022,2022-04-07,NSH,OTT,0,0.40180827305059463
2021020512,20212022,2022-04-07,MTL,NJD,0,0.5569558835739987
2021021129,20212022,2022-04-07,PIT,NYR,1,0.5074248073099249
2021021130,20212022,2022-04-07,BUF,CAR,1,0.7263544597470466
2021021131,20212022,2022-04-07,PHI,CBJ,0,0.6264707814165589
2021021132,20212022,2022-04-07,SEA,CHI,0,0.5863612738359041
2021021133,20212022,2022-04-07,TOR,DAL,0,0.4735097736873839
2021021134,20212022,2022-04-07,VAN,ARI,0,0.45582142322060004
2021021135,20212022,2022-04-07,EDM,LAK,0,0.4818401483528227
2021021136,20212022,2022-04-07,CGY,SJS,0,0.4265349429134545
2021021137,20212022,2022-04-08,BOS,TBL,0,0.5401471019864902
2021021138,20212022,2022-04-08,BUF,FLA,1,0.7656120502039191
2021021139,20212022,2022-04-08,NYI,CAR,0,0.5683486349752356
2021021140,20212022,2022-04-08,MIN,STL,1,0.502374135587376
2021021141,20212022,2022-04-08,COL,WPG,0,0.3575519234169514
2021021142,20212022,2022-04-09,MTL,TOR,1,0.7476944773657288
2021021143,20212022,2022-04-09,CBJ,DET,0,0.4553759571878694
2021021144,20212022,2022-04-09,OTT,NYR,1,0.6992493925097426
2021021145,20212022,2022-04-09,ANA,PHI,0,0.5271809724714789
2021021146,20212022,2022-04-09,WSH,PIT,0,0.6392149384768993
2021021147,20212022,2022-04-09,NYI,STL,1,0.530898010738883
2021021148,20212022,2022-04-09,FLA,NSH,0,0.5316119276033024
2021021149,20212022,2022-04-09,NJD,DAL,0,0.6770043697927427
2021021151,20212022,2022-04-09,COL,EDM,0,0.5030791603227084
2021021152,20212022,2022-04-09,SJS,VAN,1,0.6405639939629967
2021021153,20212022,2022-04-09,ARI,VGK,1,0.6457794063880162
2021021154,20212022,2022-04-09,CGY,SEA,0,0.352252747825847
2021021150,20212022,2022-04-10,LAK,MIN,1,0.6057517565305703
2021021155,20212022,2022-04-10,WPG,OTT,0,0.39826874372398247
2021021156,20212022,2022-04-10,BUF,TBL,1,0.6851575870283422
2021021157,20212022,2022-04-10,NSH,PIT,1,0.5641350214564945
2021021158,20212022,2022-04-10,BOS,WSH,1,0.37370537204417037
2021021159,20212022,2022-04-10,ANA,CAR,1,0.7746875196657257
2021021160,20212022,2022-04-10,DAL,CHI,0,0.4539552359566441
2021021162,20212022,2022-04-11,WPG,MTL,0,0.49853388956096534
2021020922,20212022,2022-04-12,PIT,NYI,1,0.42287582496601644
2021021163,20212022,2022-04-12,EDM,MIN,1,0.5756450606192317
2021021164,20212022,2022-04-12,STL,BOS,0,0.6087649590947544
2021021165,20212022,2022-04-12,BUF,TOR,0,0.6902588698500185
2021021166,20212022,2022-04-12,OTT,DET,0,0.4838319553036924
2021021167,20212022,2022-04-12,ANA,FLA,1,0.7402918179135771
2021021168,20212022,2022-04-12,CAR,NYR,0,0.5055142861687542
2021021170,20212022,2022-04-12,PHI,WSH,1,0.7067320179313866
2021021173,20212022,2022-04-12,TBL,DAL,1,0.47391342239149076
2021021174,20212022,2022-04-12,SEA,CGY,1,0.7207899097884826
2021021175,20212022,2022-04-12,VGK,VAN,1,0.5289101173126662
2021021176,20212022,2022-04-12,NJD,ARI,0,0.5143900046231944
2021021187,20212022,2022-04-12,LAK,CHI,0,0.4011142690149036
2021021188,20212022,2022-04-12,SJS,NSH,1,0.6721560867096662
2021021177,20212022,2022-04-13,NYR,PHI,0,0.2823759183390918
2021021178,20212022,2022-04-13,MTL,CBJ,1,0.6002075201751705
2021021180,20212022,2022-04-13,LAK,COL,1,0.7064302763563126
2021021171,20212022,2022-04-14,SJS,CHI,1,0.4864146637179037
2021021172,20212022,2022-04-14,EDM,NSH,0,0.5324695622965603
2021021181,20212022,2022-04-14,OTT,BOS,0,0.7053083640407827
2021021182,20212022,2022-04-14,STL,BUF,0,0.4114237488079201
2021021183,20212022,2022-04-14,WSH,TOR,1,0.5718313777861588
2021021184,20212022,2022-04-14,ANA,TBL,1,0.7092451244216976
2021021185,20212022,2022-04-14,NYI,PIT,1,0.6098750455622977
2021021186,20212022,2022-04-14,DET,CAR,0,0.7553313573896315
2021021189,20212022,2022-04-14,MIN,DAL,0,0.47180184990255264
2021021190,20212022,2022-04-14,NJD,COL,1,0.7176381238164483
2021021191,20212022,2022-04-14,VGK,CGY,0,0.595728945437688
2021021192,20212022,2022-04-14,ARI,VAN,1,0.6976656471422745
2021021193,20212022,2022-04-15,NYI,MTL,0,0.4497261820440732
2021021194,20212022,2022-04-15,WPG,FLA,1,0.6994703035106847
2021021195,20212022,2022-04-16,VGK,EDM,1,0.550831782214728
2021021196,20212022,2022-04-16,PIT,BOS,1,0.5465652786246485
2021021197,20212022,2022-04-16,PHI,BUF,1,0.6196839047207889
2021021198,20212022,2022-04-16,WSH,MTL,0,0.27296240415359013
2021021199,20212022,2022-04-16,TOR,OTT,0,0.3688414701256001
2021021200,20212022,2022-04-16,WPG,TBL,1,0.7055490390439202
2021021201,20212022,2022-04-16,DET,NYR,1,0.7168170679256881
2021021202,20212022,2022-04-16,MIN,STL,1,0.48858312808161236
2021021203,20212022,2022-04-16,CHI,NSH,1,0.6820288544812664
2021021204,20212022,2022-04-16,SJS,DAL,1,0.6434774837859336
2021021205,20212022,2022-04-16,CAR,COL,1,0.620637393457823
2021021206,20212022,2022-04-16,ARI,CGY,1,0.7543418033247604
2021021208,20212022,2022-04-16,CBJ,LAK,1,0.5570863532312016
2021021209,20212022,2022-04-16,NJD,SEA,1,0.49895985300683265
2021020723,20212022,2022-04-17,NYI,TOR,1,0.5507887516381298
2021021210,20212022,2022-04-17,FLA,DET,0,0.20813175112673638
2021021212,20212022,2022-04-17,BUF,PHI,0,0.43159989769863527
2021021213,20212022,2022-04-17,STL,NSH,0,0.4791376180950898
2021021214,20212022,2022-04-17,SJS,MIN,1,0.6943792738277126
2021021215,20212022,2022-04-17,CBJ,ANA,1,0.5045581685143448
2021020436,20212022,2022-04-18,CGY,CHI,0,0.33353974435994865
2021020611,20212022,2022-04-18,OTT,SEA,1,0.5189682445212291
2021021216,20212022,2022-04-18,WSH,COL,0,0.6780103451332763
2021021217,20212022,2022-04-18,DAL,VAN,1,0.5003311955238484
2021021218,20212022,2022-04-18,CAR,ARI,0,0.2681017487803435
2021021219,20212022,2022-04-18,NJD,VGK,0,0.672232316760612
2021020443,20212022,2022-04-19,CGY,NSH,1,0.5360669806661378
2021020625,20212022,2022-04-19,OTT,VAN,0,0.6425118112615349
2021021220,20212022,2022-04-19,PHI,TOR,1,0.7795043144293669
2021021221,20212022,2022-04-19,MIN,MTL,0,0.250953436125097
2021021222,20212022,2022-04-19,DET,TBL,0,0.7110104759617613
2021021223,20212022,2022-04-19,FLA,NYI,0,0.37748316358970485
2021021224,20212022,2022-04-19,WPG,NYR,1,0.6812164537772216
2021021225,20212022,2022-04-19,BOS,STL,0,0.5387385989282154
2021021226,20212022,2022-04-19,LAK,ANA,0,0.4412685930982222
2021021227,20212022,2022-04-19,CBJ,SJS,1,0.5150997138698146
2021021229,20212022,2022-04-20,DAL,EDM,1,0.5445578633791589
2021021230,20212022,2022-04-20,CHI,ARI,0,0.4596371640381957
2021021231,20212022,2022-04-20,WSH,VGK,1,0.49962629739488484
2021021232,20212022,2022-04-20,COL,SEA,1,0.28384596678415164
2021021233,20212022,2022-04-21,PHI,MTL,0,0.5357545206760232
2021021234,20212022,2022-04-21,TOR,TBL,1,0.5099658762091595
2021021235,20212022,2022-04-21,DET,FLA,1,0.779978190646851
2021021236,20212022,2022-04-21,BUF,NJD,0,0.5392797508984751
2021021237,20212022,2022-04-21,NYR,NYI,0,0.4078896256710339
2021021238,20212022,2022-04-21,BOS,PIT,1,0.4469506187027489
2021021239,20212022,2022-04-21,WPG,CAR,1,0.6291116521342429
2021021240,20212022,2022-04-21,VAN,MIN,1,0.6021965774318665
2021021241,20212022,2022-04-21,DAL,CGY,1,0.6372510776685143
2021021242,20212022,2022-04-21,CHI,LAK,1,0.7184809609984866
2021021243,20212022,2022-04-21,STL,SJS,0,0.3841691601462659
2021021244,20212022,2022-04-22,OTT,CBJ,0,0.5456153656355961
2021021245,20212022,2022-04-22,SEA,MIN,1,0.6455320106551176
2021021246,20212022,2022-04-22,COL,EDM,1,0.44711369718581956
2021021247,20212022,2022-04-22,WSH,ARI,0,0.28660513923681147
2021021248,20212022,2022-04-23,NYR,BOS,1,0.4737624895660731
2021021249,20212022,2022-04-23,NYI,BUF,1,0.4772089371694673
2021021250,20212022,2022-04-23,MTL,OTT,1,0.5681109986348025
2021021251,20212022,2022-04-23,PIT,DET,0,0.34023489372959714
2021021252,20212022,2022-04-23,NSH,TBL,1,0.6406821814297843
2021021253,20212022,2022-04-23,TOR,FLA,1,0.6094092023355843
2021021254,20212022,2022-04-23,CAR,NJD,0,0.367155233015004
2021021255,20212022,2022-04-23,SEA,DAL,1,0.7081697519426783
2021021256,20212022,2022-04-23,VAN,CGY,1,0.5845436866673692
2021021257,20212022,2022-04-23,STL,ARI,0,0.20288070663902988
2021021258,20212022,2022-04-23,ANA,LAK,1,0.6824142316078133
2021021259,20212022,2022-04-23,CHI,SJS,1,0.5875388385462014
2021020471,20212022,2022-04-24,BOS,MTL,0,0.25600679961607115
2021021260,20212022,2022-04-24,TBL,FLA,0,0.5744390486737588
2021021261,20212022,2022-04-24,DET,NJD,0,0.5540385708801014
2021021262,20212022,2022-04-24,CAR,NYI,0,0.433973801204199
2021021264,20212022,2022-04-24,PIT,PHI,1,0.3231970047992383
2021021265,20212022,2022-04-24,TOR,WSH,0,0.5803635667240156
2021021266,20212022,2022-04-24,EDM,CBJ,1,0.36661209033922776
2021021267,20212022,2022-04-24,MIN,NSH,0,0.35076900608596345
2021021268,20212022,2022-04-24,COL,WPG,1,0.33091491737098094
2021021269,20212022,2022-04-24,SJS,VGK,0,0.6669182815832715
2021021270,20212022,2022-04-24,STL,ANA,0,0.31119834278430686
2021021271,20212022,2022-04-25,PHI,CHI,1,0.6024196978056189
2021020829,20212022,2022-04-26,DET,TOR,1,0.7211130471830391
2021021272,20212022,2022-04-26,FLA,BOS,1,0.47688061014491395
2021021274,20212022,2022-04-26,NJD,OTT,1,0.5645504845138637
2021021276,20212022,2022-04-26,CBJ,TBL,1,0.7091348819727517
2021021277,20212022,2022-04-26,CAR,NYR,0,0.5782207636648373
2021021278,20212022,2022-04-26,EDM,PIT,0,0.513693398836686
2021021279,20212022,2022-04-26,NYI,WSH,0,0.6209664477121161
2021021280,20212022,2022-04-26,CGY,NSH,0,0.4677718522564391
2021021281,20212022,2022-04-26,VGK,DAL,1,0.5283503227908712
2021021282,20212022,2022-04-26,ARI,MIN,0,0.8094574653428473
2021021283,20212022,2022-04-26,STL,COL,1,0.5966042027359162
2021021284,20212022,2022-04-26,SEA,VAN,1,0.6379747546128822
2021021285,20212022,2022-04-26,ANA,SJS,0,0.5952150921480346
2021020505,20212022,2022-04-27,MTL,NYR,0,0.7508782688795321
2021021286,20212022,2022-04-27,VGK,CHI,1,0.43350383257940356
2021021287,20212022,2022-04-27,ARI,DAL,0,0.7063486582082116
2021021288,20212022,2022-04-27,PHI,WPG,1,0.6536506225104222
2021021289,20212022,2022-04-27,LAK,SEA,0,0.36869246690689045
2021020513,20212022,2022-04-28,WSH,NYI,1,0.47123792131532566
2021021290,20212022,2022-04-28,BUF,BOS,1,0.7327796563010042
2021021291,20212022,2022-04-28,FLA,OTT,0,0.3080575930013163
2021021294,20212022,2022-04-28,NJD,CAR,1,0.7250176778068402
2021021295,20212022,2022-04-28,CGY,MIN,1,0.5319303124343372
2021021296,20212022,2022-04-28,NSH,COL,0,0.6789310557696261
2021021297,20212022,2022-04-28,SJS,EDM,1,0.7163673837842599
2021021305,20212022,2022-04-28,TBL,CBJ,1,0.3415186533035664
2021021310,20212022,2022-04-28,LAK,VAN,1,0.5817924688491675
2021021169,20212022,2022-04-29,CBJ,PIT,1,0.6829346983704808
2021021207,20212022,2022-04-29,VAN,EDM,1,0.6049414621098101
2021021292,20212022,2022-04-29,TBL,NYI,0,0.42467979769270814
2021021298,20212022,2022-04-29,CHI,BUF,1,0.5234090385249883
2021021299,20212022,2022-04-29,BOS,TOR,1,0.5548999166185217
2021021300,20212022,2022-04-29,FLA,MTL,1,0.26842844725651643
2021021301,20212022,2022-04-29,DET,NJD,0,0.45781458015676185
2021021302,20212022,2022-04-29,WSH,NYR,1,0.6599983242929597
2021021303,20212022,2022-04-29,OTT,PHI,0,0.5178866229093216
2021021306,20212022,2022-04-29,VGK,STL,0,0.5849353860247093
2021021307,20212022,2022-04-29,ANA,DAL,1,0.6771851857485469
2021021308,20212022,2022-04-29,COL,MIN,1,0.45237153170029315
2021021309,20212022,2022-04-29,CGY,WPG,1,0.4867659078407443
2021021311,20212022,2022-04-29,NSH,ARI,1,0.4194884495093387
2021021312,20212022,2022-04-29,SJS,SEA,1,0.585959718288831
2021021179,20212022,2022-05-01,SEA,WPG,1,0.6206549957427652
2022020001,20222023,2022-10-07,SJS,NSH,1,0.6907367653589822
2022020002,20222023,2022-10-08,NSH,SJS,0,0.37747527322755337
2022020003,20222023,2022-10-11,TBL,NYR,1,0.5803906343296859
2022020004,20222023,2022-10-11,VGK,LAK,0,0.6022320390824025
2022020005,20222023,2022-10-12,BOS,WSH,0,0.5145452358145348
2022020006,20222023,2022-10-12,CBJ,CAR,1,0.7171711173616739
2022020007,20222023,2022-10-12,TOR,MTL,1,0.34638109691499736
2022020008,20222023,2022-10-12,CHI,COL,1,0.7650669867904526
2022020009,20222023,2022-10-12,SEA,ANA,1,0.5468428846083039
2022020010,20222023,2022-10-12,VAN,EDM,1,0.6594939795111633
2022020011,20222023,2022-10-13,ARI,PIT,1,0.7051027848831242
2022020012,20222023,2022-10-13,NJD,PHI,1,0.5682414026020066
2022020013,20222023,2022-10-13,OTT,BUF,1,0.5912373790393279
2022020014,20222023,2022-10-13,FLA,NYI,0,0.44338390996374016
2022020015,20222023,2022-10-13,WSH,TOR,1,0.6327082584563811
2022020016,20222023,2022-10-13,DAL,NSH,0,0.5774150570485634
2022020017,20222023,2022-10-13,NYR,MIN,0,0.6090060684115747
2022020018,20222023,2022-10-13,COL,CGY,1,0.6183743938281726
2022020019,20222023,2022-10-13,CHI,VGK,1,0.6586506589531863
2022020020,20222023,2022-10-13,SEA,LAK,0,0.6989747591159147
2022020021,20222023,2022-10-14,TBL,CBJ,0,0.3853226736133175
2022020022,20222023,2022-10-14,MTL,DET,1,0.6185908543865287
2022020023,20222023,2022-10-14,NYR,WPG,1,0.5771100087809137
2022020024,20222023,2022-10-14,CAR,SJS,0,0.3254866269359144
2022020025,20222023,2022-10-15,FLA,BUF,0,0.40725332026919797
2022020026,20222023,2022-10-15,VAN,PHI,1,0.3793762052495725
2022020027,20222023,2022-10-15,ARI,BOS,1,0.7308717738614384
2022020028,20222023,2022-10-15,DET,NJD,0,0.5559468022289686
2022020029,20222023,2022-10-15,MTL,WSH,1,0.7699591581323526
2022020030,20222023,2022-10-15,OTT,TOR,1,0.6699315777664474
2022020031,20222023,2022-10-15,TBL,PIT,1,0.5967407445631759
2022020032,20222023,2022-10-15,ANA,NYI,1,0.7149087403465663
2022020033,20222023,2022-10-15,CBJ,STL,1,0.7816816286056064
2022020034,20222023,2022-10-15,LAK,MIN,0,0.5828320210908887
2022020035,20222023,2022-10-15,NSH,DAL,1,0.5794695368674071
2022020036,20222023,2022-10-15,CGY,EDM,0,0.5463427832119147
2022020037,20222023,2022-10-15,VGK,SEA,0,0.5327950010895911
2022020038,20222023,2022-10-15,CHI,SJS,0,0.4213316887144397
2022020039,20222023,2022-10-17,ANA,NYR,1,0.759128796792708
2022020040,20222023,2022-10-17,ARI,TOR,0,0.7176120903589339
2022020041,20222023,2022-10-17,FLA,BOS,1,0.5401404988602115
2022020042,20222023,2022-10-17,PIT,MTL,1,0.317160860725525
2022020043,20222023,2022-10-17,VAN,WSH,1,0.5184720560919903
2022020044,20222023,2022-10-17,LAK,DET,0,0.45941691411000474
2022020045,20222023,2022-10-17,COL,MIN,0,0.5435189072330556
2022020046,20222023,2022-10-17,WPG,DAL,1,0.5866901100841517
2022020047,20222023,2022-10-17,CAR,SEA,0,0.4134706697051424
2022020048,20222023,2022-10-18,ANA,NJD,1,0.6128161928436321
2022020049,20222023,2022-10-18,BOS,OTT,1,0.47344286994139967
2022020050,20222023,2022-10-18,VAN,CBJ,1,0.49497566244921304
2022020051,20222023,2022-10-18,SJS,NYI,1,0.6944689022816223
2022020052,20222023,2022-10-18,LAK,NSH,0,0.5704276840197752
2022020053,20222023,2022-10-18,PHI,TBL,0,0.7227201563247113
2022020054,20222023,2022-10-18,BUF,EDM,0,0.6314161866621445
2022020055,20222023,2022-10-18,VGK,CGY,1,0.5939611082133809
2022020056,20222023,2022-10-19,PHI,FLA,1,0.8109360207295276
2022020057,20222023,2022-10-19,WPG,COL,0,0.6438222623975808
2022020058,20222023,2022-10-19,STL,SEA,0,0.3902223702080394
2022020059,20222023,2022-10-20,ANA,BOS,1,0.7582418668444303
2022020060,20222023,2022-10-20,ARI,MTL,1,0.5016837272231106
2022020061,20222023,2022-10-20,DAL,TOR,1,0.5495351401191277
2022020062,20222023,2022-10-20,LAK,PIT,1,0.5988737599386625
2022020063,20222023,2022-10-20,NSH,CBJ,1,0.46338719403261946
2022020064,20222023,2022-10-20,SJS,NYR,0,0.7160696739471318
2022020065,20222023,2022-10-20,WSH,OTT,1,0.49768852299773636
2022020066,20222023,2022-10-20,NJD,NYI,0,0.7037918170071512
2022020067,20222023,2022-10-20,VAN,MIN,1,0.602470583437556
2022020068,20222023,2022-10-20,BUF,CGY,0,0.5832913958324916
2022020069,20222023,2022-10-20,CAR,EDM,1,0.5453260230309688
2022020070,20222023,2022-10-20,WPG,VGK,1,0.6064528211930931
2022020071,20222023,2022-10-21,TBL,FLA,0,0.5948302919284232
2022020072,20222023,2022-10-21,DET,CHI,1,0.47829966997759804
2022020073,20222023,2022-10-21,SEA,COL,0,0.7251065620185239
2022020074,20222023,2022-10-22,MIN,BOS,1,0.5515522385167602
2022020075,20222023,2022-10-22,SJS,NJD,1,0.5357944076378013
2022020076,20222023,2022-10-22,ARI,OTT,1,0.6331191135631659
2022020077,20222023,2022-10-22,STL,EDM,0,0.5792581497894178
2022020078,20222023,2022-10-22,DAL,MTL,0,0.3514208283115222
2022020079,20222023,2022-10-22,LAK,WSH,1,0.5526033693279165
2022020080,20222023,2022-10-22,NYI,TBL,1,0.465379833907063
2022020081,20222023,2022-10-22,PIT,CBJ,0,0.3618092312220295
2022020082,20222023,2022-10-22,TOR,WPG,0,0.45786411843650776
2022020083,20222023,2022-10-22,PHI,NSH,0,0.6330013642479058
2022020084,20222023,2022-10-22,BUF,VAN,0,0.5284844434575968
2022020085,20222023,2022-10-22,CAR,CGY,1,0.48688139049891005
2022020086,20222023,2022-10-22,COL,VGK,0,0.5158786811903091
2022020087,20222023,2022-10-23,SEA,CHI,1,0.5260200147014986
2022020088,20222023,2022-10-23,ANA,DET,1,0.6325471927907991
2022020089,20222023,2022-10-23,CBJ,NYR,0,0.7404492309644556
2022020090,20222023,2022-10-23,NYI,FLA,1,0.7027563274771199
2022020091,20222023,2022-10-23,SJS,PHI,0,0.5225456119526978
2022020092,20222023,2022-10-24,DAL,OTT,1,0.4552259964939699
2022020093,20222023,2022-10-24,WSH,NJD,0,0.40114380852216014
2022020094,20222023,2022-10-24,PIT,EDM,1,0.5215974118135291
2022020095,20222023,2022-10-24,STL,WPG,1,0.45908545808068274
2022020096,20222023,2022-10-24,TOR,VGK,1,0.4640735616172859
2022020097,20222023,2022-10-24,CAR,VAN,0,0.4183417266942321
2022020098,20222023,2022-10-25,ARI,CBJ,0,0.6039574966398764
2022020099,20222023,2022-10-25,COL,NYR,0,0.4918079733714173
2022020100,20222023,2022-10-25,DAL,BOS,1,0.6295369498625819
2022020101,20222023,2022-10-25,MIN,MTL,0,0.336885670214989
2022020102,20222023,2022-10-25,NJD,DET,0,0.6929839157858779
2022020103,20222023,2022-10-25,FLA,CHI,1,0.3362475269547052
2022020104,20222023,2022-10-25,PIT,CGY,1,0.5728700175562553
2022020105,20222023,2022-10-25,BUF,SEA,1,0.4293298054844325
2022020106,20222023,2022-10-25,TBL,LAK,1,0.4691637000423846
2022020107,20222023,2022-10-25,VGK,SJS,0,0.46340149380760637
2022020108,20222023,2022-10-26,NYR,NYI,1,0.5563443327619773
2022020109,20222023,2022-10-26,EDM,STL,0,0.5008723855680236
2022020110,20222023,2022-10-26,TBL,ANA,0,0.3998630413919403
2022020111,20222023,2022-10-27,DET,BOS,1,0.6880130756480968
2022020112,20222023,2022-10-27,FLA,PHI,1,0.3104453861423478
2022020113,20222023,2022-10-27,MIN,OTT,0,0.44487650630999814
2022020114,20222023,2022-10-27,MTL,BUF,0,0.6636219049102432
2022020115,20222023,2022-10-27,STL,NSH,1,0.4953985500701527
2022020116,20222023,2022-10-27,EDM,CHI,0,0.43185218771568523
2022020117,20222023,2022-10-27,WSH,DAL,1,0.5775120109379822
2022020118,20222023,2022-10-27,VAN,SEA,0,0.49678934815514036
2022020119,20222023,2022-10-27,TOR,SJS,1,0.338850202287772
2022020120,20222023,2022-10-27,WPG,LAK,0,0.5355494033559025
2022020121,20222023,2022-10-28,ANA,VGK,1,0.6954376916459889
2022020122,20222023,2022-10-28,BOS,CBJ,0,0.4092482373936807
2022020123,20222023,2022-10-28,COL,NJD,1,0.32385160075612807
2022020124,20222023,2022-10-28,NYI,CAR,0,0.6000954281333374
2022020125,20222023,2022-10-28,PIT,VAN,1,0.3449597037021983
2022020126,20222023,2022-10-28,WPG,ARI,0,0.4685729115017814
2022020127,20222023,2022-10-29,NYR,DAL,0,0.5659472313784523
2022020128,20222023,2022-10-29,OTT,FLA,1,0.6336803095664043
2022020129,20222023,2022-10-29,TBL,SJS,0,0.37255234722755487
2022020130,20222023,2022-10-29,CAR,PHI,0,0.42817666857236647
2022020131,20222023,2022-10-29,CHI,BUF,1,0.6119375356016233
2022020132,20222023,2022-10-29,MIN,DET,1,0.37900003274352484
2022020133,20222023,2022-10-29,MTL,STL,0,0.6834921848645645
2022020134,20222023,2022-10-29,TOR,LAK,1,0.4546090126373108
2022020135,20222023,2022-10-29,COL,NYI,1,0.4281166181728377
2022020136,20222023,2022-10-29,WSH,NSH,0,0.5074715066720479
2022020137,20222023,2022-10-29,EDM,CGY,0,0.49491411448380407
2022020138,20222023,2022-10-29,PIT,SEA,1,0.4827498947692822
2022020139,20222023,2022-10-30,CBJ,NJD,1,0.5205904216348708
2022020140,20222023,2022-10-30,MIN,CHI,0,0.34731145780484485
2022020141,20222023,2022-10-30,NYR,ARI,0,0.45432359074844164
2022020142,20222023,2022-10-30,TOR,ANA,1,0.38403320865496626
2022020143,20222023,2022-10-30,WPG,VGK,1,0.5522373814485716
2022020144,20222023,2022-10-31,DET,BUF,1,0.6020968479656879
2022020145,20222023,2022-10-31,WSH,CAR,1,0.5857056384221823
2022020146,20222023,2022-10-31,LAK,STL,0,0.5560063224613842
2022020147,20222023,2022-11-01,BOS,PIT,0,0.45225519487327936
2022020148,20222023,2022-11-01,OTT,TBL,1,0.6020793444551723
2022020149,20222023,2022-11-01,PHI,NYR,1,0.6815682473671288
2022020150,20222023,2022-11-01,VGK,WSH,0,0.40326546475987096
2022020151,20222023,2022-11-01,MTL,MIN,1,0.7042147480237467
2022020152,20222023,2022-11-01,NYI,CHI,0,0.4318881340723538
2022020153,20222023,2022-11-01,LAK,DAL,1,0.6267364242030936
2022020154,20222023,2022-11-01,NSH,EDM,1,0.6568738416102129
2022020155,20222023,2022-11-01,SEA,CGY,0,0.6736196122170618
2022020156,20222023,2022-11-01,FLA,ARI,1,0.3405620442488538
2022020157,20222023,2022-11-01,NJD,VAN,0,0.5854362092227251
2022020158,20222023,2022-11-01,ANA,SJS,0,0.5563836858124167
2022020159,20222023,2022-11-02,PHI,TOR,1,0.7349178546976233
2022020160,20222023,2022-11-02,PIT,BUF,1,0.594050635995375
2022020161,20222023,2022-11-03,BOS,NYR,0,0.45355999483380643
2022020162,20222023,2022-11-03,CAR,TBL,0,0.5239353233819614
2022020163,20222023,2022-11-03,VGK,OTT,0,0.4675485832365741
2022020164,20222023,2022-11-03,WSH,DET,1,0.4304736860561998
2022020165,20222023,2022-11-03,MTL,WPG,1,0.6383307482700509
2022020166,20222023,2022-11-03,NYI,STL,0,0.5052677786235196
2022020167,20222023,2022-11-03,SEA,MIN,0,0.6734951316695903
2022020168,20222023,2022-11-03,LAK,CHI,1,0.44225465741789993
2022020169,20222023,2022-11-03,NSH,CGY,0,0.6334310054241368
2022020170,20222023,2022-11-03,NJD,EDM,0,0.700919285086033
2022020171,20222023,2022-11-03,ANA,VAN,1,0.6450424866428095
2022020172,20222023,2022-11-03,DAL,ARI,0,0.38650510119683507
2022020173,20222023,2022-11-03,FLA,SJS,0,0.3228993297165534
2022020174,20222023,2022-11-04,BUF,CAR,1,0.48822497912014823
2022020175,20222023,2022-11-04,CBJ,COL,1,0.7095954353896489
2022020176,20222023,2022-11-05,CHI,WPG,1,0.6408130763220966
2022020177,20222023,2022-11-05,DAL,EDM,0,0.5681903333669971
2022020178,20222023,2022-11-05,ARI,WSH,0,0.6393946652774579
2022020179,20222023,2022-11-05,BOS,TOR,1,0.4416010953989744
2022020180,20222023,2022-11-05,BUF,TBL,1,0.6369975473270544
2022020181,20222023,2022-11-05,NYI,DET,1,0.42020238043085895
2022020182,20222023,2022-11-05,PHI,OTT,0,0.6286323621394416
2022020183,20222023,2022-11-05,SEA,PIT,0,0.5863099840120584
2022020184,20222023,2022-11-05,VGK,MTL,0,0.3742672521722447
2022020185,20222023,2022-11-05,COL,CBJ,0,0.30049268822005265
2022020186,20222023,2022-11-05,NSH,VAN,0,0.5272478342083171
2022020187,20222023,2022-11-05,NJD,CGY,0,0.6432427806945882
2022020188,20222023,2022-11-05,ANA,SJS,0,0.5390876515967076
2022020189,20222023,2022-11-05,FLA,LAK,1,0.44233916564836595
2022020190,20222023,2022-11-06,DET,NYR,0,0.6874576141239084
2022020191,20222023,2022-11-06,TOR,CAR,0,0.6285753355730841
2022020192,20222023,2022-11-06,FLA,ANA,0,0.2907192302565788
2022020193,20222023,2022-11-07,CGY,NYI,1,0.5088083520468668
2022020194,20222023,2022-11-07,STL,BOS,1,0.6733115035251827
2022020195,20222023,2022-11-07,EDM,WSH,1,0.4470960719885839
2022020196,20222023,2022-11-08,ARI,BUF,0,0.6375452800289297
2022020197,20222023,2022-11-08,CGY,NJD,1,0.5082429106392846
2022020198,20222023,2022-11-08,NYI,NYR,0,0.6097472427590825
2022020199,20222023,2022-11-08,STL,PHI,1,0.5008801833832613
2022020200,20222023,2022-11-08,VAN,OTT,0,0.5431429688947008
2022020201,20222023,2022-11-08,VGK,TOR,0,0.5572306648818258
2022020202,20222023,2022-11-08,EDM,TBL,0,0.5909369047192856
2022020203,20222023,2022-11-08,MTL,DET,0,0.5926052002251857
2022020204,20222023,2022-11-08,DAL,WPG,1,0.4866669099274674
2022020205,20222023,2022-11-08,NSH,SEA,1,0.49895583138649136
2022020206,20222023,2022-11-08,MIN,LAK,1,0.4988249300164501
2022020207,20222023,2022-11-09,CAR,FLA,1,0.5356298787725261
2022020208,20222023,2022-11-09,PIT,WSH,0,0.5453469290107974
2022020209,20222023,2022-11-09,VAN,MTL,1,0.4306384713202569
2022020210,20222023,2022-11-09,MIN,ANA,0,0.40866330604949774
2022020211,20222023,2022-11-10,CGY,BOS,1,0.6217674173496947
2022020212,20222023,2022-11-10,EDM,CAR,1,0.4252909265124078
2022020213,20222023,2022-11-10,OTT,NJD,1,0.538860135172334
2022020214,20222023,2022-11-10,PHI,CBJ,1,0.4621375237722041
2022020215,20222023,2022-11-10,VGK,BUF,0,0.45803360306251817
2022020216,20222023,2022-11-10,ARI,NYI,0,0.6452409816909239
2022020217,20222023,2022-11-10,NYR,DET,0,0.4437615271140696
2022020218,20222023,2022-11-10,SJS,STL,1,0.6820770158311037
2022020219,20222023,2022-11-10,NSH,COL,1,0.6334376775740521
2022020220,20222023,2022-11-10,CHI,LAK,1,0.6754957893089715
2022020221,20222023,2022-11-11,PIT,TOR,0,0.5865503590980268
2022020222,20222023,2022-11-11,TBL,WSH,1,0.4746391900321964
2022020223,20222023,2022-11-11,SJS,DAL,0,0.7814878520692052
2022020224,20222023,2022-11-11,MIN,SEA,0,0.44773043851445415
2022020225,20222023,2022-11-12,OTT,PHI,0,0.4992122312428394
2022020226,20222023,2022-11-12,EDM,FLA,0,0.5784120532662823
2022020227,20222023,2022-11-12,ARI,NJD,1,0.5690821913430797
2022020228,20222023,2022-11-12,BOS,BUF,0,0.38344081202798286
2022020229,20222023,2022-11-12,PIT,MTL,1,0.5008017973419149
2022020230,20222023,2022-11-12,VAN,TOR,1,0.5512191433157381
2022020231,20222023,2022-11-12,CBJ,NYI,1,0.6491673038554555
2022020232,20222023,2022-11-12,NYR,NSH,1,0.4795971848700276
2022020233,20222023,2022-11-12,CAR,COL,1,0.5628959961584937
2022020234,20222023,2022-11-12,CHI,ANA,0,0.4744258037877969
2022020235,20222023,2022-11-12,STL,VGK,0,0.61903881691278
2022020236,20222023,2022-11-12,WPG,CGY,1,0.545581200827016
2022020237,20222023,2022-11-12,DET,LAK,1,0.6525657429259267
2022020238,20222023,2022-11-13,DAL,PHI,0,0.28598933965035456
2022020239,20222023,2022-11-13,ARI,NYR,1,0.6021795856068417
2022020240,20222023,2022-11-13,SJS,MIN,0,0.7162559659023169
2022020241,20222023,2022-11-13,VAN,BOS,1,0.6935660851304702
2022020242,20222023,2022-11-13,WSH,TBL,1,0.5602377441935191
2022020243,20222023,2022-11-13,WPG,SEA,0,0.5238363145986131
2022020244,20222023,2022-11-14,NYI,OTT,0,0.49949789769566755
2022020245,20222023,2022-11-14,CAR,CHI,0,0.3832605823418054
2022020246,20222023,2022-11-14,LAK,CGY,1,0.5605921212682009
2022020247,20222023,2022-11-14,STL,COL,0,0.6460245723680631
2022020248,20222023,2022-11-15,DAL,TBL,1,0.5175765667557957
2022020249,20222023,2022-11-15,NJD,MTL,0,0.4836966497783215
2022020250,20222023,2022-11-15,PHI,CBJ,1,0.5328267037612758
2022020251,20222023,2022-11-15,TOR,PIT,0,0.4764419745776052
2022020252,20222023,2022-11-15,VAN,BUF,0,0.5660837446885407
2022020253,20222023,2022-11-15,WSH,FLA,1,0.6172572930224799
2022020254,20222023,2022-11-15,MIN,NSH,1,0.4589946360313924
2022020255,20222023,2022-11-15,DET,ANA,1,0.47216624233501986
2022020256,20222023,2022-11-15,SJS,VGK,0,0.7031161721427611
2022020257,20222023,2022-11-16,BUF,OTT,1,0.5933477964295764
2022020258,20222023,2022-11-16,STL,CHI,0,0.42763988108044854
2022020259,20222023,2022-11-16,LAK,EDM,0,0.5628786752293218
2022020260,20222023,2022-11-17,CGY,TBL,1,0.5372784379812959
2022020261,20222023,2022-11-17,COL,CAR,0,0.5088748289323276
2022020262,20222023,2022-11-17,DAL,FLA,0,0.5828448669564706
2022020263,20222023,2022-11-17,MTL,CBJ,1,0.5286021797360497
2022020264,20222023,2022-11-17,NJD,TOR,0,0.6208840384631031
2022020265,20222023,2022-11-17,PHI,BOS,1,0.7623840831336954
2022020266,20222023,2022-11-17,ANA,WPG,1,0.7109407638452742
2022020267,20222023,2022-11-17,NYI,NSH,1,0.5130926129282193
2022020268,20222023,2022-11-17,PIT,MIN,0,0.5769647807749911
2022020269,20222023,2022-11-17,WSH,STL,1,0.46056188234338524
2022020270,20222023,2022-11-17,ARI,VGK,1,0.6761964998637783
2022020271,20222023,2022-11-17,NYR,SEA,1,0.47333736737212045
2022020272,20222023,2022-11-17,DET,SJS,0,0.5314174043301457
2022020273,20222023,2022-11-18,LAK,VAN,1,0.4405748011742599
2022020274,20222023,2022-11-19,NJD,OTT,0,0.5054505298017581
2022020275,20222023,2022-11-19,CGY,FLA,0,0.572491559257737
2022020276,20222023,2022-11-19,BUF,TOR,1,0.6467127149049723
2022020277,20222023,2022-11-19,CHI,BOS,1,0.7725440198694674
2022020278,20222023,2022-11-19,COL,WSH,0,0.412623776957012
2022020279,20222023,2022-11-19,DET,CBJ,0,0.5346903958220373
2022020280,20222023,2022-11-19,PHI,MTL,1,0.5467091390207246
2022020281,20222023,2022-11-19,PIT,WPG,0,0.5780919028741955
2022020282,20222023,2022-11-19,ANA,STL,1,0.7043842416841405
2022020283,20222023,2022-11-19,CAR,MIN,1,0.4938930425224653
2022020284,20222023,2022-11-19,NYI,DAL,1,0.5936484518587274
2022020285,20222023,2022-11-19,TBL,NSH,0,0.4596993574708804
2022020286,20222023,2022-11-19,LAK,SEA,1,0.5637317755714103
2022020287,20222023,2022-11-19,VGK,EDM,1,0.527138686551824
2022020288,20222023,2022-11-19,NYR,SJS,0,0.38897100476301594
2022020289,20222023,2022-11-20,FLA,CBJ,1,0.3212557651693837
2022020290,20222023,2022-11-20,PIT,CHI,0,0.36362829185197565
2022020291,20222023,2022-11-21,BOS,TBL,0,0.4273692655703869
2022020292,20222023,2022-11-21,CGY,PHI,0,0.36300103797382943
2022020293,20222023,2022-11-21,EDM,NJD,1,0.4778102400079552
2022020294,20222023,2022-11-21,CAR,WPG,1,0.49655289045781936
2022020295,20222023,2022-11-21,NYI,TOR,0,0.5981289944501559
2022020296,20222023,2022-11-21,ANA,STL,1,0.7149683110391533
2022020297,20222023,2022-11-21,ARI,NSH,1,0.6106826554440593
2022020298,20222023,2022-11-21,COL,DAL,0,0.48720602197250445
2022020299,20222023,2022-11-21,OTT,SJS,1,0.4583590728609779
2022020300,20222023,2022-11-21,VGK,VAN,0,0.43546652576920636
2022020301,20222023,2022-11-22,BUF,MTL,0,0.4905180413180422
2022020302,20222023,2022-11-22,NYR,LAK,0,0.5108448210688465
2022020303,20222023,2022-11-23,ARI,CAR,0,0.6931930894398228
2022020304,20222023,2022-11-23,BOS,FLA,1,0.4129794762202142
2022020305,20222023,2022-11-23,CGY,PIT,1,0.5009361576328086
2022020306,20222023,2022-11-23,MTL,CBJ,0,0.6054080253743767
2022020307,20222023,2022-11-23,STL,BUF,1,0.3588509714337336
2022020308,20222023,2022-11-23,TOR,NJD,0,0.5019312051624978
2022020309,20222023,2022-11-23,WPG,MIN,1,0.5082738499582186
2022020310,20222023,2022-11-23,EDM,NYI,1,0.4805904843261397
2022020311,20222023,2022-11-23,NSH,DET,1,0.4791549644336518
2022020312,20222023,2022-11-23,PHI,WSH,1,0.61890632503439
2022020313,20222023,2022-11-23,CHI,DAL,1,0.7221518626140349
2022020314,20222023,2022-11-23,NYR,ANA,1,0.4056136695462764
2022020315,20222023,2022-11-23,OTT,VGK,1,0.6536169671625861
2022020316,20222023,2022-11-23,SJS,SEA,1,0.6030704904862196
2022020317,20222023,2022-11-23,VAN,COL,0,0.7031532528643306
2022020318,20222023,2022-11-25,CAR,BOS,1,0.6387105327876204
2022020319,20222023,2022-11-25,CGY,WSH,1,0.45114670232074083
2022020321,20222023,2022-11-25,MTL,CHI,0,0.5013562759527459
2022020322,20222023,2022-11-25,TOR,MIN,0,0.5395193327144835
2022020323,20222023,2022-11-25,OTT,ANA,0,0.466246616345081
2022020324,20222023,2022-11-25,PIT,PHI,0,0.3722697233348656
2022020325,20222023,2022-11-25,ARI,DET,1,0.5700700758817053
2022020326,20222023,2022-11-25,NYI,CBJ,0,0.40574739519866254
2022020327,20222023,2022-11-25,NJD,BUF,0,0.5084572367313898
2022020328,20222023,2022-11-25,STL,TBL,1,0.5659494763842469
2022020329,20222023,2022-11-25,SEA,VGK,0,0.6279589768238967
2022020330,20222023,2022-11-25,WPG,DAL,0,0.5733758398080975
2022020331,20222023,2022-11-25,LAK,SJS,0,0.4222756812003628
2022020332,20222023,2022-11-26,EDM,NYR,0,0.522711011401922
2022020333,20222023,2022-11-26,CGY,CAR,1,0.5351245259034138
2022020334,20222023,2022-11-26,STL,FLA,0,0.6656781797710526
2022020335,20222023,2022-11-26,TOR,PIT,0,0.46099469935663057
2022020336,20222023,2022-11-26,WSH,NJD,1,0.5485401610551441
2022020337,20222023,2022-11-26,PHI,NYI,1,0.6567479696917017
2022020339,20222023,2022-11-26,DAL,COL,1,0.6541945617708986
2022020340,20222023,2022-11-26,VAN,VGK,0,0.5318434560906381
2022020341,20222023,2022-11-27,ARI,MIN,1,0.6627877636692342
2022020342,20222023,2022-11-27,WPG,CHI,0,0.3606343514490569
2022020343,20222023,2022-11-27,SEA,ANA,0,0.3833726115785235
2022020344,20222023,2022-11-27,VAN,SJS,0,0.4817903234836927
2022020345,20222023,2022-11-27,OTT,LAK,0,0.6001454568361753
2022020346,20222023,2022-11-28,NJD,NYR,0,0.5335819589118552
2022020347,20222023,2022-11-28,TBL,BUF,0,0.42172671566777714
2022020348,20222023,2022-11-28,TOR,DET,0,0.4097704237725197
2022020349,20222023,2022-11-28,VGK,CBJ,0,0.37739343393304625
2022020350,20222023,2022-11-28,DAL,STL,0,0.5011393236990009
2022020351,20222023,2022-11-28,FLA,EDM,1,0.5116012777135102
2022020352,20222023,2022-11-29,CAR,PIT,0,0.4833054329040753
2022020353,20222023,2022-11-29,NYI,PHI,1,0.3559928290447428
2022020354,20222023,2022-11-29,SJS,MTL,0,0.569880947804785
2022020355,20222023,2022-11-29,TBL,BOS,1,0.6746410587336492
2022020356,20222023,2022-11-29,ANA,NSH,1,0.6206150344784607
2022020357,20222023,2022-11-29,COL,WPG,1,0.4762797310561321
2022020358,20222023,2022-11-29,FLA,CGY,1,0.5497502360118799
2022020359,20222023,2022-11-29,WSH,VAN,0,0.5709091286860632
2022020360,20222023,2022-11-29,SEA,LAK,0,0.5274775364854685
2022020361,20222023,2022-11-30,BUF,DET,0,0.5279735607028383
2022020362,20222023,2022-11-30,NYR,OTT,0,0.4406274732415495
2022020363,20222023,2022-11-30,SJS,TOR,1,0.7884175782774717
2022020364,20222023,2022-11-30,EDM,CHI,0,0.32687342406795133
2022020365,20222023,2022-12-01,COL,BUF,0,0.3021319147707447
2022020366,20222023,2022-12-01,NSH,NJD,0,0.6078578031072821
2022020367,20222023,2022-12-01,TBL,PHI,0,0.32756744981124153
2022020368,20222023,2022-12-01,VGK,PIT,1,0.49245426772809164
2022020369,20222023,2022-12-01,CAR,STL,0,0.46059606090449096
2022020370,20222023,2022-12-01,EDM,MIN,1,0.5982926669175179
2022020371,20222023,2022-12-01,ANA,DAL,1,0.7316399691522945
2022020372,20222023,2022-12-01,MTL,CGY,0,0.6716737388697832
2022020373,20222023,2022-12-01,FLA,VAN,0,0.4483994124031289
2022020374,20222023,2022-12-01,WSH,SEA,1,0.5665294202151595
2022020375,20222023,2022-12-01,ARI,LAK,1,0.6197227205446407
2022020376,20222023,2022-12-02,OTT,NYR,0,0.6299570429558122
2022020377,20222023,2022-12-02,NSH,NYI,0,0.6400432545668758
2022020378,20222023,2022-12-02,CBJ,WPG,0,0.7050327883275699
2022020379,20222023,2022-12-03,ANA,MIN,1,0.7479001904822876
2022020380,20222023,2022-12-03,COL,BOS,1,0.5830962264905951
2022020381,20222023,2022-12-03,MTL,EDM,1,0.6798013848386473
2022020382,20222023,2022-12-03,NJD,PHI,0,0.3449558587501244
2022020383,20222023,2022-12-03,SJS,OTT,1,0.4934361519012806
2022020384,20222023,2022-12-03,STL,PIT,1,0.547900919661919
2022020385,20222023,2022-12-03,TOR,TBL,1,0.5426977328402857
2022020386,20222023,2022-12-03,VGK,DET,0,0.43361205725164875
2022020387,20222023,2022-12-03,CHI,NYR,0,0.5784229821617533
2022020388,20222023,2022-12-03,ARI,VAN,1,0.5560618721348966
2022020389,20222023,2022-12-03,FLA,SEA,0,0.4834192064758738
2022020390,20222023,2022-12-03,WSH,CGY,1,0.5728448103343764
2022020391,20222023,2022-12-03,CAR,LAK,0,0.4691880325998964
2022020392,20222023,2022-12-04,ANA,WPG,1,0.7952445200052338
2022020393,20222023,2022-12-04,MIN,DAL,0,0.6045195234582975
2022020394,20222023,2022-12-04,DET,CBJ,0,0.5818671719563291
2022020395,20222023,2022-12-04,SJS,BUF,1,0.6925941498338211
2022020396,20222023,2022-12-04,CHI,NYI,1,0.7341629864744584
2022020397,20222023,2022-12-05,COL,PHI,1,0.30335043253832145
2022020398,20222023,2022-12-05,STL,NYR,1,0.5168731080915931
2022020399,20222023,2022-12-05,VGK,BOS,0,0.6640177134216002
2022020400,20222023,2022-12-05,WSH,EDM,0,0.6291558671845701
2022020401,20222023,2022-12-05,ARI,CGY,1,0.629572793220379
2022020402,20222023,2022-12-05,MTL,VAN,1,0.5885235447523085
2022020403,20222023,2022-12-06,CHI,NJD,1,0.7048413922479221
2022020404,20222023,2022-12-06,CBJ,PIT,1,0.6370431805493055
2022020405,20222023,2022-12-06,DET,TBL,0,0.6479012567071778
2022020406,20222023,2022-12-06,LAK,OTT,0,0.4614369105584009
2022020407,20222023,2022-12-06,STL,NYI,0,0.639979916864099
2022020408,20222023,2022-12-06,FLA,WPG,1,0.5123502236097024
2022020409,20222023,2022-12-06,TOR,DAL,0,0.5219958819183064
2022020410,20222023,2022-12-06,CAR,ANA,1,0.29667096423194916
2022020411,20222023,2022-12-06,MTL,SEA,0,0.6935289267319066
2022020412,20222023,2022-12-07,BUF,CBJ,0,0.3589110679831714
2022020413,20222023,2022-12-07,WSH,PHI,0,0.4325100364892704
2022020414,20222023,2022-12-07,MIN,CGY,1,0.4988757319398969
2022020415,20222023,2022-12-07,BOS,COL,0,0.43768305641073385
2022020416,20222023,2022-12-07,ARI,EDM,1,0.6493026708590663
2022020417,20222023,2022-12-07,NYR,VGK,0,0.6099429686493579
2022020418,20222023,2022-12-07,VAN,SJS,0,0.4325015751689316
2022020419,20222023,2022-12-08,DET,FLA,1,0.6366645712281407
2022020420,20222023,2022-12-08,LAK,TOR,1,0.6180050170048484
2022020421,20222023,2022-12-08,NSH,TBL,1,0.6354367671315213
2022020422,20222023,2022-12-08,WPG,STL,0,0.47642209751352294
2022020423,20222023,2022-12-08,OTT,DAL,1,0.6499897783799453
2022020424,20222023,2022-12-09,CGY,CBJ,1,0.38060857078198446
2022020425,20222023,2022-12-09,NYI,NJD,0,0.5805030226677761
2022020426,20222023,2022-12-09,PIT,BUF,0,0.4962820235167441
2022020427,20222023,2022-12-09,SEA,WSH,1,0.5369732652913225
2022020428,20222023,2022-12-09,WPG,CHI,0,0.38058060674278227
2022020429,20222023,2022-12-09,MIN,EDM,1,0.5336398259864532
2022020430,20222023,2022-12-09,NYR,COL,0,0.6007700002735514
2022020431,20222023,2022-12-09,BOS,ARI,1,0.26676874562200875
2022020432,20222023,2022-12-09,PHI,VGK,1,0.7125471853961671
2022020433,20222023,2022-12-09,SJS,ANA,0,0.5018650094219665
2022020434,20222023,2022-12-10,OTT,NSH,0,0.6085657878330752
2022020435,20222023,2022-12-10,DET,DAL,1,0.6272705277490723
2022020436,20222023,2022-12-10,FLA,TBL,1,0.5436330220907968
2022020437,20222023,2022-12-10,BUF,PIT,1,0.5576097089150759
2022020438,20222023,2022-12-10,CGY,TOR,1,0.6722514515780881
2022020439,20222023,2022-12-10,LAK,MTL,0,0.42682431488650246
2022020440,20222023,2022-12-10,CAR,NYI,0,0.38800115480745634
2022020441,20222023,2022-12-10,MIN,VAN,0,0.5147751893205997
2022020442,20222023,2022-12-11,COL,STL,0,0.45704027341078607
2022020443,20222023,2022-12-11,LAK,CBJ,1,0.4979355049281031
2022020444,20222023,2022-12-11,SEA,FLA,0,0.5194370899538043
2022020445,20222023,2022-12-11,PHI,ARI,1,0.6091341968718401
2022020446,20222023,2022-12-11,WSH,WPG,0,0.6360183797244211
2022020447,20222023,2022-12-11,BOS,VGK,0,0.3870633159789149
2022020448,20222023,2022-12-12,CGY,MTL,1,0.40557681330217055
2022020449,20222023,2022-12-12,DAL,PIT,1,0.5303429654785019
2022020450,20222023,2022-12-12,NJD,NYR,1,0.4916872224776574
2022020451,20222023,2022-12-12,ANA,OTT,1,0.6547779174204339
2022020452,20222023,2022-12-12,EDM,MIN,1,0.515335665768804
2022020453,20222023,2022-12-12,NSH,STL,1,0.426543530183528
2022020454,20222023,2022-12-13,ANA,TOR,1,0.8349131555547157
2022020455,20222023,2022-12-13,CBJ,FLA,1,0.6601876514524354
2022020456,20222023,2022-12-13,DAL,NJD,0,0.5142709798811319
2022020457,20222023,2022-12-13,LAK,BUF,1,0.5046424270467105
2022020458,20222023,2022-12-13,NYI,BOS,1,0.7176584424476333
2022020459,20222023,2022-12-13,SEA,TBL,1,0.6344223805088821
2022020460,20222023,2022-12-13,CAR,DET,0,0.402258109377878
2022020461,20222023,2022-12-13,EDM,NSH,0,0.4182374959977464
2022020462,20222023,2022-12-13,VGK,WPG,0,0.5718156140610393
2022020463,20222023,2022-12-13,WSH,CHI,0,0.38245896289587356
2022020464,20222023,2022-12-13,PHI,COL,1,0.7361433100092011
2022020465,20222023,2022-12-13,ARI,SJS,1,0.4574394841932269
2022020466,20222023,2022-12-14,MTL,OTT,1,0.560236126859692
2022020467,20222023,2022-12-14,DET,MIN,1,0.7161221826751948
2022020468,20222023,2022-12-14,VAN,CGY,0,0.6149891199537502
2022020469,20222023,2022-12-15,ANA,MTL,0,0.543858276782027
2022020470,20222023,2022-12-15,CBJ,TBL,1,0.728692165855353
2022020471,20222023,2022-12-15,DAL,WSH,0,0.5004063916964716
2022020472,20222023,2022-12-15,LAK,BOS,0,0.7356396715947643
2022020473,20222023,2022-12-15,PHI,NJD,0,0.7168904956686375
2022020474,20222023,2022-12-15,PIT,FLA,0,0.546142948651819
2022020475,20222023,2022-12-15,SEA,CAR,1,0.627913045373836
2022020476,20222023,2022-12-15,TOR,NYR,1,0.43615727906386165
2022020477,20222023,2022-12-15,NSH,WPG,1,0.619126497681166
2022020478,20222023,2022-12-15,VGK,CHI,0,0.34977364303281017
2022020479,20222023,2022-12-15,BUF,COL,0,0.6166947047351452
2022020480,20222023,2022-12-15,STL,EDM,0,0.6226025321371847
2022020481,20222023,2022-12-16,CHI,MIN,1,0.7863392230710751
2022020482,20222023,2022-12-16,STL,CGY,0,0.608685615030265
2022020483,20222023,2022-12-16,NYI,ARI,1,0.4363738612494704
2022020484,20222023,2022-12-17,CBJ,BOS,1,0.7827249944674423
2022020485,20222023,2022-12-17,OTT,DET,0,0.5249324174709487
2022020486,20222023,2022-12-17,ANA,EDM,0,0.7703130837654308
2022020487,20222023,2022-12-17,DAL,CAR,1,0.5600071516218096
2022020488,20222023,2022-12-17,FLA,NJD,0,0.5173014168770315
2022020489,20222023,2022-12-17,NYR,PHI,0,0.35900098551109433
2022020490,20222023,2022-12-17,TBL,MTL,0,0.32560897262425653
2022020491,20222023,2022-12-17,TOR,WSH,1,0.4309131982973449
2022020492,20222023,2022-12-17,BUF,ARI,0,0.3519336338019565
2022020493,20222023,2022-12-17,NSH,COL,1,0.6070580732923914
2022020494,20222023,2022-12-17,NYI,VGK,0,0.6450604831949952
2022020495,20222023,2022-12-17,WPG,VAN,0,0.4015508298806517
2022020496,20222023,2022-12-17,SJS,LAK,1,0.65404500946752
2022020497,20222023,2022-12-18,OTT,MIN,1,0.7028858289410048
2022020498,20222023,2022-12-18,PIT,CAR,1,0.44427429431913856
2022020499,20222023,2022-12-18,NYR,CHI,0,0.41439800673576244
2022020500,20222023,2022-12-18,WPG,SEA,1,0.4930971606606801
2022020501,20222023,2022-12-18,CGY,SJS,0,0.31458477959705494
2022020502,20222023,2022-12-19,DAL,CBJ,0,0.38104543949422515
2022020503,20222023,2022-12-19,DET,WSH,1,0.6276839937253108
2022020504,20222023,2022-12-19,FLA,BOS,1,0.6697046589196403
2022020505,20222023,2022-12-19,EDM,NSH,1,0.44206729417910534
2022020506,20222023,2022-12-19,NYI,COL,1,0.5637286955636869
2022020507,20222023,2022-12-19,BUF,VGK,0,0.5649555241887376
2022020508,20222023,2022-12-19,MTL,ARI,0,0.5409602038917076
2022020509,20222023,2022-12-19,STL,VAN,0,0.46694502784553843
2022020510,20222023,2022-12-20,CBJ,PHI,1,0.5658822548937715
2022020511,20222023,2022-12-20,NYR,PIT,1,0.5581035683902378
2022020512,20222023,2022-12-20,NJD,CAR,1,0.6018521502628669
2022020513,20222023,2022-12-20,TBL,TOR,1,0.514928917904696
2022020514,20222023,2022-12-20,OTT,WPG,1,0.6506633825819476
2022020515,20222023,2022-12-20,STL,SEA,1,0.5611202871609692
2022020516,20222023,2022-12-20,ANA,LAK,1,0.6842739583045346
2022020517,20222023,2022-12-20,CGY,SJS,0,0.3999026239398253
2022020518,20222023,2022-12-21,NJD,FLA,0,0.6323936149348423
2022020519,20222023,2022-12-21,TBL,DET,1,0.4109788548922938
2022020520,20222023,2022-12-21,MTL,COL,1,0.6849005491208744
2022020521,20222023,2022-12-21,NSH,CHI,0,0.3592117352751773
2022020522,20222023,2022-12-21,EDM,DAL,0,0.5098184305743644
2022020523,20222023,2022-12-21,ARI,VGK,1,0.6715541570515917
2022020524,20222023,2022-12-21,MIN,ANA,0,0.20866699807898675
2022020525,20222023,2022-12-22,PHI,TOR,1,0.7669100335544354
2022020526,20222023,2022-12-22,CAR,PIT,0,0.51445656435988
2022020527,20222023,2022-12-22,NYI,NYR,1,0.5582484537325801
2022020528,20222023,2022-12-22,WSH,OTT,0,0.459092966574051
2022020529,20222023,2022-12-22,WPG,BOS,1,0.636885244004745
2022020530,20222023,2022-12-22,SEA,VAN,1,0.4501661886816257
2022020531,20222023,2022-12-22,CGY,LAK,1,0.5061417557900036
2022020532,20222023,2022-12-22,MIN,SJS,1,0.37495765187798796
2022020533,20222023,2022-12-23,BOS,NJD,0,0.4236471896807203
2022020535,20222023,2022-12-23,PHI,CAR,1,0.7219135478287023
2022020537,20222023,2022-12-23,WPG,WSH,1,0.4378914407013164
2022020538,20222023,2022-12-23,FLA,NYI,1,0.4222085549032901
2022020539,20222023,2022-12-23,COL,NSH,0,0.4652665760172993
2022020540,20222023,2022-12-23,CBJ,CHI,1,0.48854901850982047
2022020541,20222023,2022-12-23,MTL,DAL,1,0.646839033828502
2022020542,20222023,2022-12-23,VAN,EDM,0,0.7263009830498723
2022020543,20222023,2022-12-23,LAK,ARI,1,0.5071360089482989
2022020544,20222023,2022-12-23,CGY,ANA,0,0.41338347929600505
2022020545,20222023,2022-12-23,STL,VGK,1,0.5515827601373312
2022020546,20222023,2022-12-27,BOS,OTT,1,0.28360783510006926
2022020548,20222023,2022-12-27,CHI,CAR,1,0.7780476361138179
2022020549,20222023,2022-12-27,WSH,NYR,0,0.5370737265904085
2022020550,20222023,2022-12-27,PIT,NYI,1,0.5152775404767178
2022020551,20222023,2022-12-27,DAL,NSH,0,0.5102511176842128
2022020552,20222023,2022-12-27,MIN,WPG,0,0.5450997558004417
2022020553,20222023,2022-12-27,TOR,STL,0,0.4441003960285554
2022020554,20222023,2022-12-27,COL,ARI,1,0.3476939433807361
2022020555,20222023,2022-12-27,EDM,CGY,0,0.4719701186875785
2022020556,20222023,2022-12-27,SJS,VAN,1,0.6414927098636587
2022020557,20222023,2022-12-27,VGK,LAK,1,0.46539313506541924
2022020558,20222023,2022-12-28,BOS,NJD,0,0.41061985890643604
2022020559,20222023,2022-12-28,MTL,TBL,1,0.7051322790575323
2022020560,20222023,2022-12-28,DET,PIT,0,0.5785457167820202
2022020561,20222023,2022-12-28,CGY,SEA,0,0.5798439384658801
2022020562,20222023,2022-12-28,VGK,ANA,1,0.3475448596771128
2022020563,20222023,2022-12-29,DET,BUF,1,0.6010663616434272
2022020564,20222023,2022-12-29,MTL,FLA,1,0.6764148522061338
2022020565,20222023,2022-12-29,NYR,TBL,1,0.5111699222912173
2022020566,20222023,2022-12-29,OTT,WSH,0,0.629218697719619
2022020567,20222023,2022-12-29,CBJ,NYI,1,0.7367996301783953
2022020568,20222023,2022-12-29,CHI,STL,1,0.7176486512088093
2022020569,20222023,2022-12-29,DAL,MIN,0,0.5896627945778455
2022020570,20222023,2022-12-29,VAN,WPG,1,0.6176610738981761
2022020571,20222023,2022-12-29,LAK,COL,0,0.6101128789931927
2022020572,20222023,2022-12-29,TOR,ARI,1,0.3043712218253949
2022020573,20222023,2022-12-29,PHI,SJS,0,0.562924064060682
2022020574,20222023,2022-12-30,NSH,ANA,0,0.3558853849222966
2022020575,20222023,2022-12-30,FLA,CAR,1,0.6797594231753946
2022020576,20222023,2022-12-30,NJD,PIT,0,0.5547068297172809
2022020577,20222023,2022-12-30,EDM,SEA,0,0.4865095657787894
2022020578,20222023,2022-12-31,BUF,BOS,0,0.6691706177121942
2022020579,20222023,2022-12-31,NSH,VGK,1,0.6113498990248137
2022020580,20222023,2022-12-31,MTL,WSH,1,0.6872257343762364
2022020581,20222023,2022-12-31,PHI,LAK,0,0.6524768737450459
2022020582,20222023,2022-12-31,ARI,TBL,1,0.723454496053009
2022020583,20222023,2022-12-31,CHI,CBJ,1,0.5783633103759206
2022020584,20222023,2022-12-31,OTT,DET,1,0.5135359296826297
2022020585,20222023,2022-12-31,TOR,COL,0,0.473560884658095
2022020586,20222023,2022-12-31,SJS,DAL,1,0.7277320711683696
2022020587,20222023,2022-12-31,VAN,CGY,1,0.5596296871444606
2022020588,20222023,2022-12-31,WPG,EDM,0,0.4340242767169781
2022020589,20222023,2022-12-31,MIN,STL,0,0.48317427696665344
2022020590,20222023,2023-01-01,CAR,NJD,0,0.45087625783899954
2022020591,20222023,2023-01-01,NYR,FLA,0,0.5209174252729046
2022020592,20222023,2023-01-01,BUF,OTT,1,0.4062195947170341
2022020593,20222023,2023-01-01,SJS,CHI,0,0.4674131449299517
2022020594,20222023,2023-01-01,NYI,SEA,1,0.4985025982986575
2022020595,20222023,2023-01-02,PIT,BOS,1,0.6779277380775581
2022020596,20222023,2023-01-02,VGK,COL,0,0.5270871157248764
2022020597,20222023,2023-01-02,PHI,ANA,0,0.4426569674889912
2022020598,20222023,2023-01-03,ARI,FLA,1,0.6161637385604556
2022020599,20222023,2023-01-03,BUF,WSH,0,0.5599271252759617
2022020600,20222023,2023-01-03,CAR,NYR,1,0.45611478790408644
2022020601,20222023,2023-01-03,CBJ,OTT,1,0.629654623243217
2022020602,20222023,2023-01-03,STL,TOR,0,0.6461232469543678
2022020603,20222023,2023-01-03,CGY,WPG,1,0.601778015887568
2022020604,20222023,2023-01-03,MTL,NSH,1,0.6684067580429705
2022020605,20222023,2023-01-03,TBL,CHI,0,0.23897749934597948
2022020606,20222023,2023-01-03,SEA,EDM,0,0.5906548032106705
2022020607,20222023,2023-01-03,NYI,VAN,0,0.4672795279686956
2022020608,20222023,2023-01-03,DAL,LAK,1,0.45237734223438153
2022020609,20222023,2023-01-04,NJD,DET,0,0.46347956707162274
2022020610,20222023,2023-01-04,TBL,MIN,1,0.5479041316154027
2022020611,20222023,2023-01-04,DAL,ANA,1,0.35434698397061554
2022020612,20222023,2023-01-05,ARI,PHI,1,0.49143376496974883
2022020613,20222023,2023-01-05,NYR,MTL,0,0.3498073318463029
2022020614,20222023,2023-01-05,NSH,CAR,0,0.6360923455830686
2022020615,20222023,2023-01-05,SEA,TOR,0,0.621954865872171
2022020616,20222023,2023-01-05,STL,NJD,0,0.4398081392583804
2022020617,20222023,2023-01-05,WSH,CBJ,0,0.3493249850872119
2022020618,20222023,2023-01-05,NYI,EDM,1,0.5368896294099766
2022020619,20222023,2023-01-05,COL,VAN,1,0.483762783966942
2022020620,20222023,2023-01-05,PIT,VGK,1,0.5428164429836629
2022020621,20222023,2023-01-05,BOS,LAK,0,0.35636456519043347
2022020622,20222023,2023-01-06,NSH,WSH,0,0.5438664701327881
2022020623,20222023,2023-01-06,FLA,DET,0,0.48993518316390905
2022020624,20222023,2023-01-06,TBL,WPG,1,0.48808067470328065
2022020625,20222023,2023-01-06,ARI,CHI,1,0.4847158853261557
2022020626,20222023,2023-01-06,NYI,CGY,1,0.5646823261254483
2022020627,20222023,2023-01-06,SJS,ANA,1,0.5249338434575267
2022020628,20222023,2023-01-07,NYR,NJD,1,0.4858325445067523
2022020629,20222023,2023-01-07,CAR,CBJ,1,0.30589183142390464
2022020630,20222023,2023-01-07,DET,TOR,1,0.7468800214916093
2022020631,20222023,2023-01-07,MIN,BUF,1,0.46123750282170606
2022020632,20222023,2023-01-07,SEA,OTT,0,0.4547133855788641
2022020633,20222023,2023-01-07,STL,MTL,1,0.3585236056958553
2022020634,20222023,2023-01-07,COL,EDM,0,0.5670830770611406
2022020635,20222023,2023-01-07,LAK,VGK,0,0.608712923138967
2022020636,20222023,2023-01-07,BOS,SJS,0,0.15171380466708062
2022020637,20222023,2023-01-08,FLA,DAL,1,0.5512278836624805
2022020638,20222023,2023-01-08,VAN,WPG,1,0.6486037791432052
2022020639,20222023,2023-01-08,CBJ,WSH,1,0.7541241583679827
2022020640,20222023,2023-01-08,CGY,CHI,1,0.3332180494197238
2022020641,20222023,2023-01-08,PIT,ARI,0,0.41146439484898717
2022020642,20222023,2023-01-08,STL,MIN,0,0.5723239164380085
2022020643,20222023,2023-01-08,TOR,PHI,0,0.4076693122994935
2022020644,20222023,2023-01-08,BOS,ANA,0,0.2682775581462613
2022020645,20222023,2023-01-09,NSH,OTT,0,0.4933554190862411
2022020646,20222023,2023-01-09,SEA,MTL,0,0.34183034802561507
2022020647,20222023,2023-01-09,EDM,LAK,1,0.4935901185127422
2022020990,20222023,2023-01-09,PHI,BUF,0,0.742600430613523
2022020648,20222023,2023-01-10,CBJ,TBL,1,0.7267827374514266
2022020649,20222023,2023-01-10,MIN,NYR,1,0.5056853417788718
2022020650,20222023,2023-01-10,NJD,CAR,0,0.6132413610329329
2022020651,20222023,2023-01-10,SEA,BUF,0,0.45099810772551585
2022020652,20222023,2023-01-10,VAN,PIT,1,0.5994578175793303
2022020653,20222023,2023-01-10,DAL,NYI,0,0.4765939442364328
2022020654,20222023,2023-01-10,WPG,DET,1,0.35947025888119744
2022020655,20222023,2023-01-10,CGY,STL,1,0.5794404880891415
2022020656,20222023,2023-01-10,FLA,COL,0,0.5686533229298651
2022020657,20222023,2023-01-10,SJS,ARI,0,0.588762963571599
2022020658,20222023,2023-01-11,NSH,TOR,1,0.5935327811721817
2022020659,20222023,2023-01-11,WSH,PHI,1,0.4013722772583842
2022020660,20222023,2023-01-11,EDM,ANA,0,0.3166332072253144
2022020661,20222023,2023-01-11,SJS,LAK,1,0.7583268610927668
2022020662,20222023,2023-01-12,CAR,CBJ,0,0.3169667680328264
2022020663,20222023,2023-01-12,DAL,NYR,1,0.5487920269746721
2022020664,20222023,2023-01-12,NSH,MTL,1,0.4176843186181411
2022020665,20222023,2023-01-12,SEA,BOS,0,0.6414112410504231
2022020666,20222023,2023-01-12,TOR,DET,1,0.44748863467269967
2022020667,20222023,2023-01-12,VAN,TBL,1,0.659294933446782
2022020668,20222023,2023-01-12,WPG,BUF,0,0.456354517687839
2022020669,20222023,2023-01-12,MIN,NYI,0,0.4682509011229539
2022020670,20222023,2023-01-12,CGY,STL,0,0.5826666085287188
2022020671,20222023,2023-01-12,COL,CHI,1,0.30792088212129104
2022020672,20222023,2023-01-12,OTT,ARI,0,0.4522833545855493
2022020673,20222023,2023-01-12,FLA,VGK,1,0.5517379902469542
2022020674,20222023,2023-01-13,WPG,PIT,0,0.5727257884105137
2022020675,20222023,2023-01-13,NJD,ANA,0,0.3281847688163414
2022020676,20222023,2023-01-13,EDM,SJS,0,0.34963221723433063
2022020677,20222023,2023-01-14,CGY,DAL,0,0.5898480228602065
2022020678,20222023,2023-01-14,CBJ,DET,0,0.6306270661398092
2022020679,20222023,2023-01-14,MTL,NYI,1,0.6639930250193938
2022020680,20222023,2023-01-14,OTT,COL,1,0.5957526809270709
2022020681,20222023,2023-01-14,PHI,WSH,0,0.6585382092560684
2022020682,20222023,2023-01-14,PIT,CAR,1,0.6701513863154052
2022020683,20222023,2023-01-14,TOR,BOS,1,0.6303742652029002
2022020684,20222023,2023-01-14,VAN,FLA,1,0.5496885564889837
2022020685,20222023,2023-01-14,ARI,MIN,1,0.7438950689781118
2022020686,20222023,2023-01-14,BUF,NSH,0,0.5679662012525319
2022020687,20222023,2023-01-14,SEA,CHI,0,0.2897635236551686
2022020688,20222023,2023-01-14,TBL,STL,0,0.4522415831079574
2022020689,20222023,2023-01-14,EDM,VGK,0,0.6092264070684937
2022020690,20222023,2023-01-14,NJD,LAK,0,0.5816707300594911
2022020691,20222023,2023-01-15,MTL,NYR,0,0.7766200596980802
2022020692,20222023,2023-01-15,VAN,CAR,0,0.623294857082652
2022020693,20222023,2023-01-15,ARI,WPG,1,0.785153229969993
2022020694,20222023,2023-01-16,FLA,BUF,0,0.542708899447504
2022020695,20222023,2023-01-16,PHI,BOS,1,0.7614505657712489
2022020696,20222023,2023-01-16,DET,COL,1,0.6491238145205316
2022020697,20222023,2023-01-16,NJD,SJS,0,0.310510929920415
2022020698,20222023,2023-01-16,TBL,SEA,0,0.5077755178718346
2022020699,20222023,2023-01-16,DAL,VGK,0,0.522187803654341
2022020700,20222023,2023-01-16,ANA,PIT,1,0.7573950603615551
2022020701,20222023,2023-01-16,NYR,CBJ,0,0.4183955694892356
2022020702,20222023,2023-01-16,WSH,NYI,0,0.49117443998417587
2022020703,20222023,2023-01-16,CGY,NSH,1,0.5400635180065113
2022020704,20222023,2023-01-16,OTT,STL,1,0.5992432118639752
2022020338,20222023,2023-01-17,CBJ,NSH,1,0.649067469685624
2022020705,20222023,2023-01-17,ANA,PHI,1,0.6114502765287078
2022020706,20222023,2023-01-17,FLA,TOR,1,0.6716809747619498
2022020707,20222023,2023-01-17,MIN,WSH,0,0.38923728058207724
2022020708,20222023,2023-01-17,WPG,MTL,1,0.3251095502245128
2022020709,20222023,2023-01-17,BUF,CHI,1,0.42508635135140616
2022020710,20222023,2023-01-17,DET,ARI,1,0.5503177629903578
2022020711,20222023,2023-01-17,SEA,EDM,1,0.5868351664350651
2022020712,20222023,2023-01-18,PIT,OTT,1,0.43886786509352715
2022020713,20222023,2023-01-18,BOS,NYI,0,0.323192995835156
2022020714,20222023,2023-01-18,COL,CGY,0,0.472746777907167
2022020715,20222023,2023-01-18,TBL,VAN,0,0.3980729989945186
2022020716,20222023,2023-01-18,DAL,SJS,1,0.30713834399524886
2022020717,20222023,2023-01-19,ANA,CBJ,0,0.5942816984037996
2022020718,20222023,2023-01-19,BOS,NYR,0,0.4481009579837899
2022020719,20222023,2023-01-19,CHI,PHI,0,0.6135886386802172
2022020720,20222023,2023-01-19,FLA,MTL,0,0.41398027747432536
2022020721,20222023,2023-01-19,MIN,CAR,1,0.5247173304343681
2022020722,20222023,2023-01-19,NYI,BUF,1,0.6137476237880529
2022020723,20222023,2023-01-19,WPG,TOR,1,0.5694090980935032
2022020724,20222023,2023-01-19,NSH,STL,1,0.5318917939217594
2022020725,20222023,2023-01-19,TBL,EDM,1,0.5509427136491025
2022020726,20222023,2023-01-19,WSH,ARI,0,0.37683046547116533
2022020727,20222023,2023-01-19,DET,VGK,0,0.6215118263878943
2022020728,20222023,2023-01-19,NJD,SEA,1,0.5534360078393356
2022020729,20222023,2023-01-19,DAL,LAK,0,0.5413974997450697
2022020730,20222023,2023-01-20,OTT,PIT,1,0.6124445510470887
2022020731,20222023,2023-01-20,COL,VAN,0,0.4407305033019259
2022020732,20222023,2023-01-21,ANA,BUF,1,0.7159373874321212
2022020733,20222023,2023-01-21,TBL,CGY,1,0.3891677696660573
2022020734,20222023,2023-01-21,MIN,FLA,1,0.4589000371759948
2022020735,20222023,2023-01-21,PHI,DET,0,0.5654815132925486
2022020736,20222023,2023-01-21,SJS,CBJ,1,0.5290022719630921
2022020737,20222023,2023-01-21,TOR,MTL,1,0.30866350689148514
2022020738,20222023,2023-01-21,WPG,OTT,0,0.32034955357890343
2022020739,20222023,2023-01-21,CAR,NYI,0,0.3961256323542642
2022020740,20222023,2023-01-21,ARI,DAL,1,0.73158070284817
2022020741,20222023,2023-01-21,CHI,STL,0,0.6982350359491227
2022020742,20222023,2023-01-21,LAK,NSH,1,0.519278188993358
2022020743,20222023,2023-01-21,COL,SEA,0,0.5917071682927915
2022020744,20222023,2023-01-21,EDM,VAN,0,0.3228842267440757
2022020745,20222023,2023-01-21,WSH,VGK,1,0.5144036737143821
2022020746,20222023,2023-01-22,PIT,NJD,1,0.5418533989858667
2022020747,20222023,2023-01-22,LAK,CHI,0,0.3628666301045987
2022020748,20222023,2023-01-22,SJS,BOS,1,0.8736840004228247
2022020749,20222023,2023-01-22,WPG,PHI,0,0.34085456860990326
2022020750,20222023,2023-01-22,VGK,ARI,1,0.32408533281661994
2022020751,20222023,2023-01-23,FLA,NYR,1,0.5529377204216042
2022020752,20222023,2023-01-23,NYI,TOR,1,0.652766903065381
2022020753,20222023,2023-01-23,BUF,DAL,0,0.6173828034248879
2022020754,20222023,2023-01-23,CBJ,CGY,1,0.6923622684166225
2022020755,20222023,2023-01-24,BOS,MTL,0,0.23299702527909102
2022020756,20222023,2023-01-24,FLA,PIT,1,0.6184331267481261
2022020757,20222023,2023-01-24,LAK,PHI,0,0.43937120438573807
2022020758,20222023,2023-01-24,MIN,TBL,1,0.5698404668188103
2022020759,20222023,2023-01-24,VGK,NJD,1,0.5823293818254995
2022020760,20222023,2023-01-24,SJS,DET,1,0.6284063893317328
2022020761,20222023,2023-01-24,BUF,STL,0,0.5935861776082805
2022020762,20222023,2023-01-24,WPG,NSH,1,0.43575764986606147
2022020763,20222023,2023-01-24,ANA,ARI,0,0.604441262123642
2022020764,20222023,2023-01-24,WSH,COL,1,0.6076888570526019
2022020765,20222023,2023-01-24,CHI,VAN,1,0.6284374001912202
2022020766,20222023,2023-01-25,NYI,OTT,1,0.48540765917438167
2022020767,20222023,2023-01-25,NYR,TOR,1,0.5641159741146402
2022020768,20222023,2023-01-25,CAR,DAL,0,0.4910329675863465
2022020769,20222023,2023-01-25,CBJ,EDM,0,0.7332125366298705
2022020770,20222023,2023-01-25,VAN,SEA,1,0.6770640941420787
2022020771,20222023,2023-01-26,BOS,TBL,1,0.4361853393982008
2022020772,20222023,2023-01-26,DET,MTL,0,0.4884503435913034
2022020773,20222023,2023-01-26,PIT,WSH,1,0.5201406326892161
2022020774,20222023,2023-01-26,BUF,WPG,0,0.5880016126695269
2022020775,20222023,2023-01-26,NJD,NSH,1,0.49127529204502063
2022020776,20222023,2023-01-26,ANA,COL,0,0.7737531002283551
2022020777,20222023,2023-01-26,CHI,CGY,0,0.692411100134247
2022020778,20222023,2023-01-26,PHI,MIN,1,0.7014328080186665
2022020779,20222023,2023-01-26,STL,ARI,1,0.3793302041897328
2022020780,20222023,2023-01-27,DET,NYI,1,0.6240417991460493
2022020781,20222023,2023-01-27,LAK,FLA,0,0.5433299307276434
2022020782,20222023,2023-01-27,OTT,TOR,0,0.6854089005784231
2022020783,20222023,2023-01-27,SJS,CAR,1,0.8083481389060555
2022020784,20222023,2023-01-27,VGK,NYR,1,0.5973050944370276
2022020785,20222023,2023-01-27,NJD,DAL,0,0.6285203257566992
2022020786,20222023,2023-01-27,CGY,SEA,0,0.6805754776479748
2022020787,20222023,2023-01-27,CBJ,VAN,1,0.6239487577367021
2022020788,20222023,2023-01-28,STL,COL,1,0.6143299133045216
2022020789,20222023,2023-01-28,BOS,FLA,1,0.24135423159433222
2022020790,20222023,2023-01-28,LAK,TBL,1,0.7125297912544584
2022020791,20222023,2023-01-28,MTL,OTT,1,0.49702268571260744
2022020792,20222023,2023-01-28,PHI,WPG,0,0.6955495362647637
2022020793,20222023,2023-01-28,SJS,PIT,0,0.7701314961920744
2022020794,20222023,2023-01-28,VGK,NYI,1,0.45009078571979677
2022020795,20222023,2023-01-28,BUF,MIN,1,0.5726745928213359
2022020796,20222023,2023-01-28,ARI,ANA,1,0.5028036650260738
2022020797,20222023,2023-01-28,CHI,EDM,1,0.718432571977282
2022020798,20222023,2023-01-28,CBJ,SEA,1,0.6922751550567307
2022020799,20222023,2023-01-29,BOS,CAR,1,0.5332449659348626
2022020800,20222023,2023-01-29,WSH,TOR,1,0.6121783363412647
2022020801,20222023,2023-01-30,STL,WPG,1,0.6071522311490561
2022020802,20222023,2023-01-31,LAK,CAR,1,0.6717844018199453
2022020803,20222023,2023-01-31,OTT,MTL,0,0.4394246295131402
2022020804,20222023,2023-01-31,WSH,CBJ,0,0.3818693856329223
2022020805,20222023,2023-02-01,CAR,BUF,0,0.4831280896601176
2022020806,20222023,2023-02-01,BOS,TOR,0,0.4348237314192429
2022020807,20222023,2023-02-06,NYI,PHI,0,0.4970265248564178
2022020808,20222023,2023-02-06,TBL,FLA,1,0.4196132920156035
2022020809,20222023,2023-02-06,CGY,NYR,1,0.6016910425663763
2022020810,20222023,2023-02-06,VAN,NJD,1,0.608862887554421
2022020811,20222023,2023-02-06,ANA,DAL,1,0.7184011379579194
2022020812,20222023,2023-02-06,MIN,ARI,1,0.32802055647496453
2022020813,20222023,2023-02-07,COL,PIT,1,0.4567474912958103
2022020814,20222023,2023-02-07,SJS,TBL,0,0.7549639851851542
2022020815,20222023,2023-02-07,EDM,DET,0,0.37331481933020927
2022020816,20222023,2023-02-07,SEA,NYI,1,0.40325862247294525
2022020817,20222023,2023-02-07,VGK,NSH,0,0.5413526281420041
2022020818,20222023,2023-02-07,ANA,CHI,0,0.540922003518639
2022020819,20222023,2023-02-08,VAN,NYR,1,0.6539733595639023
2022020820,20222023,2023-02-08,MIN,DAL,1,0.5339282091721422
2022020821,20222023,2023-02-09,COL,TBL,1,0.5729985162542729
2022020822,20222023,2023-02-09,EDM,PHI,1,0.3599775336162474
2022020823,20222023,2023-02-09,SJS,FLA,1,0.7051597833548378
2022020824,20222023,2023-02-09,SEA,NJD,1,0.530073450832742
2022020825,20222023,2023-02-09,CGY,DET,1,0.46674628782079847
2022020826,20222023,2023-02-09,VAN,NYI,0,0.6353288047849511
2022020827,20222023,2023-02-09,VGK,MIN,0,0.445544861016341
2022020828,20222023,2023-02-10,SEA,NYR,1,0.6406058752648125
2022020829,20222023,2023-02-10,TOR,CBJ,0,0.2991362954886782
2022020830,20222023,2023-02-10,ARI,CHI,1,0.5368204249864673
2022020831,20222023,2023-02-10,PIT,ANA,0,0.38006411260379913
2022020832,20222023,2023-02-11,VAN,DET,1,0.5174153507809778
2022020833,20222023,2023-02-11,CGY,BUF,0,0.4877530075100257
2022020834,20222023,2023-02-11,EDM,OTT,0,0.3573503272677731
2022020835,20222023,2023-02-11,NYI,MTL,1,0.3679108021971533
2022020836,20222023,2023-02-11,NSH,PHI,0,0.46882349083616776
2022020837,20222023,2023-02-11,TBL,DAL,0,0.4674798710730575
2022020838,20222023,2023-02-11,WSH,BOS,0,0.7243915581848449
2022020839,20222023,2023-02-11,COL,FLA,0,0.5434920488560094
2022020840,20222023,2023-02-11,CBJ,TOR,0,0.7233725617755812
2022020841,20222023,2023-02-11,NYR,CAR,0,0.5890771698449799
2022020842,20222023,2023-02-11,ARI,STL,1,0.629239123825898
2022020843,20222023,2023-02-11,NJD,MIN,1,0.5024452198649096
2022020844,20222023,2023-02-11,CHI,WPG,1,0.6939772172312801
2022020845,20222023,2023-02-11,PIT,LAK,1,0.5063905243878876
2022020846,20222023,2023-02-12,EDM,MTL,1,0.31486018190253856
2022020847,20222023,2023-02-12,SJS,WSH,0,0.6025769118258959
2022020848,20222023,2023-02-12,SEA,PHI,0,0.33374791685245014
2022020849,20222023,2023-02-12,ANA,VGK,1,0.7018952004836813
2022020850,20222023,2023-02-13,CGY,OTT,1,0.49932085073941385
2022020851,20222023,2023-02-13,ARI,NSH,0,0.6885143473157556
2022020852,20222023,2023-02-13,FLA,MIN,0,0.5277916244204842
2022020853,20222023,2023-02-13,DET,VAN,0,0.5435873291354384
2022020854,20222023,2023-02-13,BUF,LAK,1,0.5618459277246204
2022020855,20222023,2023-02-14,CAR,WSH,0,0.4060270399934508
2022020856,20222023,2023-02-14,CHI,MTL,1,0.5810157714211668
2022020857,20222023,2023-02-14,NJD,CBJ,0,0.34540837738609187
2022020858,20222023,2023-02-14,OTT,NYI,0,0.5688322641888802
2022020859,20222023,2023-02-14,FLA,STL,1,0.5392205443943415
2022020860,20222023,2023-02-14,SEA,WPG,1,0.5632044620036847
2022020861,20222023,2023-02-14,BOS,DAL,0,0.39063120805454593
2022020862,20222023,2023-02-14,TBL,COL,0,0.44813829486175205
2022020863,20222023,2023-02-14,PIT,SJS,0,0.4101130574068147
2022020864,20222023,2023-02-15,CHI,TOR,1,0.7718309889863105
2022020865,20222023,2023-02-15,TBL,ARI,1,0.3451917081792373
2022020866,20222023,2023-02-15,COL,MIN,0,0.6004904587901119
2022020867,20222023,2023-02-15,DET,EDM,0,0.6271200649730664
2022020868,20222023,2023-02-15,BUF,ANA,0,0.3747367252570583
2022020869,20222023,2023-02-15,NYR,VAN,0,0.36532201904958117
2022020870,20222023,2023-02-16,FLA,WSH,0,0.5008532950652647
2022020871,20222023,2023-02-16,MTL,CAR,1,0.7329546659328802
2022020872,20222023,2023-02-16,WPG,CBJ,1,0.31528457799740206
2022020873,20222023,2023-02-16,BOS,NSH,0,0.331414622019262
2022020874,20222023,2023-02-16,NJD,STL,1,0.4810008265478054
2022020875,20222023,2023-02-16,DET,CGY,0,0.6509097838342427
2022020876,20222023,2023-02-16,PHI,SEA,1,0.6455556962477149
2022020877,20222023,2023-02-16,SJS,VGK,1,0.7026539784729559
2022020878,20222023,2023-02-17,CHI,OTT,0,0.6546002486001776
2022020879,20222023,2023-02-17,PIT,NYI,1,0.46735736649213194
2022020880,20222023,2023-02-17,DAL,MIN,1,0.5218577523179265
2022020881,20222023,2023-02-17,NYR,EDM,0,0.4742470767789532
2022020882,20222023,2023-02-17,LAK,ANA,0,0.33752604888208987
2022020883,20222023,2023-02-18,COL,STL,0,0.5004614117882773
2022020884,20222023,2023-02-18,FLA,NSH,1,0.46794698840941357
2022020885,20222023,2023-02-18,NYI,BOS,1,0.8109547818280765
2022020886,20222023,2023-02-18,NJD,PIT,0,0.37718388349240756
2022020887,20222023,2023-02-18,CBJ,DAL,0,0.6023791733224072
2022020888,20222023,2023-02-18,MTL,TOR,1,0.6879583195787686
2022020889,20222023,2023-02-18,WSH,CAR,1,0.6874190452439538
2022020890,20222023,2023-02-18,NYR,CGY,1,0.4779101768929312
2022020891,20222023,2023-02-18,PHI,VAN,1,0.5261455475685216
2022020892,20222023,2023-02-18,ARI,LAK,1,0.6001430308586687
2022020893,20222023,2023-02-18,BUF,SJS,0,0.4041204360716655
2022020894,20222023,2023-02-18,DET,SEA,1,0.6038264965744438
2022020895,20222023,2023-02-18,TBL,VGK,1,0.4762487247652476
2022020896,20222023,2023-02-19,NSH,MIN,1,0.636982860964098
2022020897,20222023,2023-02-19,STL,OTT,1,0.5902602007200303
2022020898,20222023,2023-02-19,EDM,COL,1,0.4342525065132365
2022020899,20222023,2023-02-19,TOR,CHI,1,0.383483583876844
2022020900,20222023,2023-02-19,WPG,NJD,1,0.4205351412760184
2022020901,20222023,2023-02-19,CBJ,ARI,1,0.5053674821702661
2022020902,20222023,2023-02-20,ANA,FLA,1,0.7312209131443747
2022020903,20222023,2023-02-20,OTT,BOS,1,0.7889060771998442
2022020904,20222023,2023-02-20,PHI,CGY,0,0.6174066846760479
2022020905,20222023,2023-02-20,SEA,SJS,1,0.3436233966640321
2022020906,20222023,2023-02-20,NYI,PIT,0,0.5812832552373566
2022020907,20222023,2023-02-20,WPG,NYR,0,0.6540474910596141
2022020908,20222023,2023-02-21,ANA,TBL,1,0.8280947969377779
2022020909,20222023,2023-02-21,DET,WSH,0,0.5418870131058997
2022020910,20222023,2023-02-21,MTL,NJD,0,0.6913073875838772
2022020911,20222023,2023-02-21,STL,CAR,1,0.680476760679828
2022020912,20222023,2023-02-21,TOR,BUF,0,0.4627892866950718
2022020913,20222023,2023-02-21,LAK,MIN,1,0.5154480583092119
2022020914,20222023,2023-02-21,VAN,NSH,1,0.6074787103893036
2022020915,20222023,2023-02-21,VGK,CHI,1,0.36560316451006136
2022020916,20222023,2023-02-21,PHI,EDM,1,0.723092305947117
2022020917,20222023,2023-02-22,WPG,NYI,1,0.41363237294830757
2022020918,20222023,2023-02-22,CHI,DAL,0,0.7167861406510807
2022020919,20222023,2023-02-22,CGY,ARI,0,0.4282596753424601
2022020920,20222023,2023-02-23,ANA,WSH,0,0.676864570107728
2022020921,20222023,2023-02-23,BUF,TBL,0,0.6583135005645416
2022020922,20222023,2023-02-23,EDM,PIT,0,0.44199253761010227
2022020923,20222023,2023-02-23,LAK,NJD,1,0.5432037319182237
2022020924,20222023,2023-02-23,MIN,CBJ,0,0.3526558726673801
2022020925,20222023,2023-02-23,NYR,DET,1,0.43081177943516347
2022020926,20222023,2023-02-23,VAN,STL,0,0.5766233641860293
2022020927,20222023,2023-02-23,BOS,SEA,0,0.34061884959938066
2022020928,20222023,2023-02-23,CGY,VGK,1,0.6432045920575927
2022020929,20222023,2023-02-23,NSH,SJS,0,0.397509245053967
2022020930,20222023,2023-02-24,BUF,FLA,0,0.5970940816116582
2022020931,20222023,2023-02-24,MIN,TOR,1,0.6350117247816313
2022020932,20222023,2023-02-24,MTL,PHI,0,0.5092544710634183
2022020933,20222023,2023-02-24,OTT,CAR,1,0.6888063942175889
2022020934,20222023,2023-02-24,LAK,NYI,0,0.5170231653094599
2022020935,20222023,2023-02-24,COL,WPG,0,0.5520857854968896
2022020936,20222023,2023-02-25,EDM,CBJ,1,0.3438515618144457
2022020937,20222023,2023-02-25,NYR,WSH,1,0.4043613801930605
2022020938,20222023,2023-02-25,ANA,CAR,0,0.7418929673457462
2022020939,20222023,2023-02-25,BOS,VAN,0,0.2712032658123001
2022020940,20222023,2023-02-25,OTT,MTL,0,0.44248056655253754
2022020941,20222023,2023-02-25,PHI,NJD,1,0.7495005003838833
2022020942,20222023,2023-02-25,TBL,DET,0,0.40851542141161107
2022020943,20222023,2023-02-25,PIT,STL,0,0.5321546375832332
2022020944,20222023,2023-02-25,CGY,COL,1,0.5158633828499273
2022020945,20222023,2023-02-25,DAL,VGK,0,0.576790771978878
2022020946,20222023,2023-02-25,CHI,SJS,0,0.507036100656841
2022020947,20222023,2023-02-26,WSH,BUF,1,0.6684014744214904
2022020948,20222023,2023-02-26,CBJ,MIN,1,0.7419482112634593
2022020949,20222023,2023-02-26,NYI,WPG,0,0.6166523967701006
2022020950,20222023,2023-02-26,LAK,NYR,1,0.42479087228665097
2022020951,20222023,2023-02-26,TBL,PIT,1,0.3315696225290213
2022020952,20222023,2023-02-26,NSH,ARI,0,0.39715558248526284
2022020953,20222023,2023-02-26,TOR,SEA,0,0.4487492195251196
2022020534,20222023,2023-02-27,DET,OTT,1,0.5537253402764893
2022020954,20222023,2023-02-27,BOS,EDM,0,0.37292358601241155
2022020955,20222023,2023-02-27,VAN,DAL,0,0.6070857059126283
2022020956,20222023,2023-02-27,VGK,COL,1,0.599259322420254
2022020957,20222023,2023-02-27,CHI,ANA,1,0.488212734625105
2022020958,20222023,2023-02-28,CBJ,BUF,0,0.6919380441421428
2022020959,20222023,2023-02-28,DET,OTT,1,0.5379564199558912
2022020960,20222023,2023-02-28,FLA,TBL,0,0.6617450544609463
2022020961,20222023,2023-02-28,LAK,WPG,0,0.4978531477269173
2022020962,20222023,2023-02-28,NYI,MIN,1,0.5856072951123004
2022020963,20222023,2023-02-28,PIT,NSH,0,0.5931955605427461
2022020964,20222023,2023-02-28,SEA,STL,0,0.4759440941497473
2022020965,20222023,2023-02-28,BOS,CGY,0,0.38529902756461537
2022020966,20222023,2023-02-28,CHI,ARI,1,0.5971233473824401
2022020967,20222023,2023-02-28,MTL,SJS,0,0.4523124729972447
2022020968,20222023,2023-03-01,NYR,PHI,0,0.32929143941750333
2022020969,20222023,2023-03-01,TOR,EDM,1,0.4854822789887208
2022020970,20222023,2023-03-01,ARI,DAL,1,0.7201300699302315
2022020971,20222023,2023-03-01,NJD,COL,0,0.5792926934125966
2022020972,20222023,2023-03-01,CAR,VGK,1,0.4145482732700925
2022020973,20222023,2023-03-01,WSH,ANA,0,0.43941174414730977
2022020974,20222023,2023-03-02,BUF,BOS,1,0.7111968046699896
2022020975,20222023,2023-03-02,NSH,FLA,0,0.5410935621512291
2022020976,20222023,2023-03-02,OTT,NYR,0,0.4744644102550922
2022020977,20222023,2023-03-02,PIT,TBL,0,0.6423506261747616
2022020978,20222023,2023-03-02,SEA,DET,0,0.4751229289965992
2022020979,20222023,2023-03-02,DAL,CHI,0,0.48362205351051035
2022020980,20222023,2023-03-02,TOR,CGY,0,0.5024661337199291
2022020981,20222023,2023-03-02,MIN,VAN,0,0.43254168621167943
2022020982,20222023,2023-03-02,MTL,LAK,1,0.6541987151397045
2022020983,20222023,2023-03-02,STL,SJS,0,0.42370363846596104
2022020984,20222023,2023-03-03,SEA,CBJ,0,0.4624253979378038
2022020985,20222023,2023-03-03,WPG,EDM,1,0.5882060699749426
2022020986,20222023,2023-03-03,CAR,ARI,0,0.27193442886835184
2022020987,20222023,2023-03-03,MTL,ANA,1,0.5344304478095161
2022020988,20222023,2023-03-03,NJD,VGK,1,0.45964075429704304
2022020536,20222023,2023-03-04,TBL,BUF,1,0.4563588013881202
2022020989,20222023,2023-03-04,DET,NYI,1,0.5412078743387984
2022020991,20222023,2023-03-04,NYR,BOS,1,0.6835321932389739
2022020992,20222023,2023-03-04,PIT,FLA,1,0.549012194975295
2022020993,20222023,2023-03-04,WSH,SJS,0,0.41113937084554736
2022020994,20222023,2023-03-04,CBJ,OTT,1,0.7482185882945035
2022020995,20222023,2023-03-04,EDM,WPG,1,0.437024065259238
2022020996,20222023,2023-03-04,TOR,VAN,1,0.3737838964321521
2022020997,20222023,2023-03-04,COL,DAL,1,0.46310798537650366
2022020998,20222023,2023-03-04,NSH,CHI,0,0.365153896769926
2022020999,20222023,2023-03-04,MIN,CGY,0,0.4692234651228669
2022021000,20222023,2023-03-04,STL,LAK,1,0.6313011289719977
2022021001,20222023,2023-03-05,TBL,CAR,1,0.6876212269105082
2022021002,20222023,2023-03-05,DET,PHI,1,0.5181941900217458
2022021003,20222023,2023-03-05,MTL,VGK,1,0.633763715690883
2022021004,20222023,2023-03-05,NJD,ARI,0,0.30421902817423957
2022021005,20222023,2023-03-05,SEA,COL,0,0.4817529719866548
2022021006,20222023,2023-03-06,EDM,BUF,0,0.4950751032028528
2022021007,20222023,2023-03-06,SJS,WPG,0,0.7176359502273396
2022021008,20222023,2023-03-06,CGY,DAL,0,0.5971091823912805
2022021009,20222023,2023-03-06,OTT,CHI,1,0.34389325070332966
2022021010,20222023,2023-03-06,NSH,VAN,1,0.4434394214913289
2022021011,20222023,2023-03-06,WSH,LAK,1,0.5936052733076674
2022021012,20222023,2023-03-07,CAR,MTL,0,0.28563911250268986
2022021013,20222023,2023-03-07,CBJ,PIT,1,0.651248598214502
2022021014,20222023,2023-03-07,PHI,TBL,1,0.7088707746126174
2022021015,20222023,2023-03-07,TOR,NJD,0,0.549416144124164
2022021016,20222023,2023-03-07,VGK,FLA,1,0.5262728447667413
2022021017,20222023,2023-03-07,BUF,NYI,1,0.5693584176326076
2022021018,20222023,2023-03-07,CGY,MIN,0,0.6754966796456747
2022021019,20222023,2023-03-07,SJS,COL,1,0.804740427870266
2022021020,20222023,2023-03-07,STL,ARI,1,0.4339351456379166
2022021021,20222023,2023-03-07,ANA,SEA,1,0.7163799705038429
2022021022,20222023,2023-03-08,CHI,DET,1,0.5839744625374601
2022021023,20222023,2023-03-08,MIN,WPG,0,0.5869048436712204
2022021024,20222023,2023-03-08,ANA,VAN,1,0.6985036769657639
2022021025,20222023,2023-03-09,DAL,BUF,0,0.5297631160416362
2022021026,20222023,2023-03-09,EDM,BOS,0,0.6728734858797252
2022021027,20222023,2023-03-09,NYI,PIT,0,0.5559272208374425
2022021028,20222023,2023-03-09,NYR,MTL,0,0.414513752620999
2022021029,20222023,2023-03-09,NJD,WSH,0,0.421525196854799
2022021030,20222023,2023-03-09,PHI,CAR,1,0.8029135931179583
2022021031,20222023,2023-03-09,VGK,TBL,0,0.5900533733265918
2022021032,20222023,2023-03-09,SJS,STL,1,0.6561510999193175
2022021033,20222023,2023-03-09,LAK,COL,0,0.5703303021975088
2022021034,20222023,2023-03-09,NSH,ARI,1,0.3757182952415568
2022021035,20222023,2023-03-09,OTT,SEA,0,0.5408622007470228
2022021036,20222023,2023-03-10,CHI,FLA,1,0.6672513313068003
2022021037,20222023,2023-03-10,ANA,CGY,0,0.640404402141216
2022021038,20222023,2023-03-11,DET,BOS,1,0.7864881360905689
2022021039,20222023,2023-03-11,PHI,PIT,1,0.6539748651070107
2022021040,20222023,2023-03-11,NYR,BUF,0,0.448047468382537
2022021041,20222023,2023-03-11,ARI,COL,1,0.7100880011647918
2022021042,20222023,2023-03-11,CHI,TBL,1,0.7559991277996204
2022021043,20222023,2023-03-11,EDM,TOR,1,0.5362431973942635
2022021044,20222023,2023-03-11,NJD,MTL,0,0.3672772390683571
2022021045,20222023,2023-03-11,STL,CBJ,0,0.44474469319164345
2022021046,20222023,2023-03-11,VGK,CAR,0,0.687248711715189
2022021047,20222023,2023-03-11,WPG,FLA,0,0.4654755740354889
2022021048,20222023,2023-03-11,WSH,NYI,0,0.543379966256829
2022021049,20222023,2023-03-11,DAL,SEA,0,0.5267936521876375
2022021050,20222023,2023-03-11,OTT,VAN,1,0.45252650473893724
2022021051,20222023,2023-03-11,MIN,SJS,0,0.3086918809490093
2022021052,20222023,2023-03-11,NSH,LAK,0,0.575074185260506
2022021053,20222023,2023-03-12,BOS,DET,1,0.24766022429982085
2022021054,20222023,2023-03-12,NYR,PIT,1,0.4133918249003108
2022021055,20222023,2023-03-12,CAR,NJD,1,0.42337576626649287
2022021056,20222023,2023-03-12,VGK,STL,0,0.4022229189045935
2022021057,20222023,2023-03-12,WPG,TBL,0,0.5434800366676678
2022021058,20222023,2023-03-12,MIN,ARI,1,0.32573860240912644
2022021059,20222023,2023-03-12,OTT,CGY,1,0.5552427143709444
2022021060,20222023,2023-03-12,NSH,ANA,0,0.44465571029916734
2022021061,20222023,2023-03-13,BUF,TOR,0,0.6486900803694492
2022021062,20222023,2023-03-13,COL,MTL,0,0.3771683794887023
2022021063,20222023,2023-03-13,DAL,SEA,0,0.5212703755297898
2022021064,20222023,2023-03-14,MTL,PIT,0,0.6917510500518175
2022021065,20222023,2023-03-14,TBL,NJD,0,0.6041555209058482
2022021066,20222023,2023-03-14,VGK,PHI,0,0.33976057549960526
2022021067,20222023,2023-03-14,WSH,NYR,1,0.617883042496641
2022021068,20222023,2023-03-14,WPG,CAR,1,0.6690511064564103
2022021069,20222023,2023-03-14,DET,NSH,1,0.6039066551334609
2022021070,20222023,2023-03-14,BOS,CHI,1,0.24311155837973378
2022021071,20222023,2023-03-14,OTT,EDM,1,0.5765246068367076
2022021072,20222023,2023-03-14,CGY,ARI,1,0.4520418719078832
2022021073,20222023,2023-03-14,DAL,VAN,1,0.5298199691303364
2022021074,20222023,2023-03-14,CBJ,SJS,0,0.4586927178793647
2022021075,20222023,2023-03-14,NYI,LAK,1,0.6244957208347225
2022021076,20222023,2023-03-15,BUF,WSH,1,0.41470615186291465
2022021077,20222023,2023-03-15,COL,TOR,0,0.5277097637832477
2022021078,20222023,2023-03-15,MIN,STL,0,0.4342375726679135
2022021079,20222023,2023-03-15,NYI,ANA,0,0.49247373185534904
2022021080,20222023,2023-03-16,COL,OTT,0,0.5075709688369063
2022021081,20222023,2023-03-16,MTL,FLA,1,0.6179362554337159
2022021082,20222023,2023-03-16,PIT,NYR,1,0.6143825001500689
2022021083,20222023,2023-03-16,TBL,NJD,0,0.5737362192693709
2022021084,20222023,2023-03-16,BOS,WPG,0,0.3614196157301257
2022021085,20222023,2023-03-16,CHI,NSH,0,0.6529143807893936
2022021086,20222023,2023-03-16,DAL,EDM,1,0.5735578112423257
2022021087,20222023,2023-03-16,CGY,VGK,0,0.6222319699466958
2022021088,20222023,2023-03-16,VAN,ARI,1,0.4474872988548707
2022021089,20222023,2023-03-16,CBJ,LAK,1,0.7117650858971125
2022021090,20222023,2023-03-16,SEA,SJS,0,0.3247985621048702
2022021091,20222023,2023-03-17,BUF,PHI,1,0.3914682639491869
2022021092,20222023,2023-03-17,CAR,TOR,1,0.45768404040171023
2022021093,20222023,2023-03-17,STL,WSH,0,0.5750833852293201
2022021094,20222023,2023-03-17,CBJ,ANA,1,0.5992698348075783
2022021095,20222023,2023-03-18,COL,DET,0,0.3758620209645363
2022021096,20222023,2023-03-18,BOS,MIN,0,0.4047116848754401
2022021097,20222023,2023-03-18,WPG,NSH,0,0.5578160061387352
2022021098,20222023,2023-03-18,EDM,SEA,0,0.4716435593958092
2022021099,20222023,2023-03-18,CAR,PHI,0,0.25377631925113264
2022021100,20222023,2023-03-18,NJD,FLA,1,0.488865350986771
2022021101,20222023,2023-03-18,MTL,TBL,1,0.6783507822108283
2022021102,20222023,2023-03-18,TOR,OTT,0,0.514583695585675
2022021103,20222023,2023-03-18,PIT,NYR,1,0.6172341229449101
2022021104,20222023,2023-03-18,DAL,CGY,0,0.4965568561693261
2022021105,20222023,2023-03-18,VAN,LAK,0,0.6243893317219006
2022021106,20222023,2023-03-18,CHI,ARI,1,0.5150502259140904
2022021107,20222023,2023-03-18,NYI,SJS,0,0.35535821895618797
2022021108,20222023,2023-03-19,BOS,BUF,0,0.3859925163104756
2022021109,20222023,2023-03-19,WSH,MIN,1,0.5098905481535898
2022021110,20222023,2023-03-19,CBJ,VGK,1,0.6980479582861921
2022021111,20222023,2023-03-19,NSH,NYR,1,0.5784297678081949
2022021112,20222023,2023-03-19,NJD,TBL,0,0.49158810799034586
2022021113,20222023,2023-03-19,WPG,STL,1,0.5558765396466714
2022021114,20222023,2023-03-19,VAN,ANA,0,0.49060051992553416
2022021115,20222023,2023-03-20,OTT,PIT,0,0.5214614739227368
2022021116,20222023,2023-03-20,FLA,DET,0,0.42908381811063073
2022021117,20222023,2023-03-20,CHI,COL,1,0.7154490491238182
2022021118,20222023,2023-03-20,SJS,EDM,1,0.7908009698590376
2022021119,20222023,2023-03-20,CGY,LAK,1,0.6139983869832025
2022021120,20222023,2023-03-21,CAR,NYR,0,0.514225715051541
2022021121,20222023,2023-03-21,CBJ,WSH,0,0.6491866230550409
2022021122,20222023,2023-03-21,FLA,PHI,1,0.4091062446365413
2022021123,20222023,2023-03-21,MIN,NJD,0,0.5519797207352862
2022021124,20222023,2023-03-21,NSH,BUF,0,0.5085918016260962
2022021125,20222023,2023-03-21,OTT,BOS,1,0.8037462894828676
2022021126,20222023,2023-03-21,TBL,MTL,1,0.3978324319752277
2022021127,20222023,2023-03-21,TOR,NYI,1,0.43378286783385134
2022021128,20222023,2023-03-21,ARI,WPG,1,0.609812004327813
2022021129,20222023,2023-03-21,DET,STL,0,0.626697147340896
2022021130,20222023,2023-03-21,SEA,DAL,0,0.5573665461308297
2022021131,20222023,2023-03-21,CGY,ANA,0,0.5245852445315304
2022021132,20222023,2023-03-21,VGK,VAN,0,0.4762509423715949
2022021133,20222023,2023-03-22,PIT,COL,0,0.6774742927321413
2022021134,20222023,2023-03-22,ARI,EDM,1,0.7393172535647639
2022021135,20222023,2023-03-23,CHI,WSH,1,0.5900793792429813
2022021136,20222023,2023-03-23,MIN,PHI,1,0.35256493424052726
2022021137,20222023,2023-03-23,MTL,BOS,1,0.8050105816373325
2022021138,20222023,2023-03-23,NYR,CAR,0,0.5629927229253271
2022021139,20222023,2023-03-23,TBL,OTT,1,0.4953911754462375
2022021140,20222023,2023-03-23,TOR,FLA,0,0.5052429997621871
2022021141,20222023,2023-03-23,STL,DET,0,0.5366256425497363
2022021142,20222023,2023-03-23,SEA,NSH,1,0.527979704549304
2022021143,20222023,2023-03-23,PIT,DAL,1,0.6372105074823854
2022021144,20222023,2023-03-23,VGK,CGY,0,0.44145980947240065
2022021145,20222023,2023-03-23,SJS,VAN,1,0.7363556267372561
2022021146,20222023,2023-03-23,WPG,ANA,0,0.41376023724242944
2022021147,20222023,2023-03-24,NYI,CBJ,1,0.3782649297662716
2022021148,20222023,2023-03-24,NJD,BUF,1,0.41962199798739896
2022021149,20222023,2023-03-24,ARI,COL,1,0.7111252209906674
2022021150,20222023,2023-03-25,DET,PHI,1,0.512347024805604
2022021151,20222023,2023-03-25,TBL,BOS,1,0.7242920750683275
2022021152,20222023,2023-03-25,SEA,NSH,0,0.5347235823902211
2022021153,20222023,2023-03-25,SJS,CGY,1,0.7150709751522851
2022021154,20222023,2023-03-25,WPG,LAK,1,0.598110179120477
2022021155,20222023,2023-03-25,CHI,MIN,1,0.705481279251056
2022021156,20222023,2023-03-25,NYR,FLA,0,0.45371669524197555
2022021157,20222023,2023-03-25,BUF,NYI,0,0.532291731670918
2022021158,20222023,2023-03-25,CBJ,MTL,1,0.6482830506453912
2022021159,20222023,2023-03-25,OTT,NJD,1,0.48566251494399515
2022021160,20222023,2023-03-25,TOR,CAR,1,0.5685078788425806
2022021161,20222023,2023-03-25,VAN,DAL,0,0.568487298815013
2022021162,20222023,2023-03-25,WSH,PIT,1,0.5435736327589338
2022021163,20222023,2023-03-25,VGK,EDM,0,0.5239955384852685
2022021164,20222023,2023-03-25,STL,ANA,0,0.43545476484049667
2022021165,20222023,2023-03-26,COL,ARI,0,0.3441763742773277
2022021166,20222023,2023-03-26,BOS,CAR,0,0.39426879755598077
2022021167,20222023,2023-03-26,TOR,NSH,0,0.3967386397408985
2022021168,20222023,2023-03-26,VAN,CHI,0,0.38267357535075447
2022021169,20222023,2023-03-26,STL,LAK,1,0.6316589050478953
2022021170,20222023,2023-03-27,FLA,OTT,1,0.5188439112046908
2022021171,20222023,2023-03-27,MTL,BUF,0,0.5811183210408352
2022021172,20222023,2023-03-27,NJD,NYI,1,0.44912236344465234
2022021173,20222023,2023-03-27,SEA,MIN,1,0.5750130856647728
2022021174,20222023,2023-03-27,COL,ANA,0,0.37114423589921136
2022021175,20222023,2023-03-27,EDM,ARI,0,0.2809082830305753
2022021176,20222023,2023-03-28,CBJ,NYR,1,0.7755561329561519
2022021177,20222023,2023-03-28,MTL,PHI,1,0.5956029068331554
2022021178,20222023,2023-03-28,NSH,BOS,0,0.751245944482594
2022021179,20222023,2023-03-28,TBL,CAR,0,0.6417444903412123
2022021180,20222023,2023-03-28,PIT,DET,1,0.4639286027045093
2022021181,20222023,2023-03-28,VAN,STL,1,0.4824312473052102
2022021182,20222023,2023-03-28,DAL,CHI,0,0.40351385649572674
2022021183,20222023,2023-03-28,LAK,CGY,1,0.392844370451077
2022021184,20222023,2023-03-28,EDM,VGK,0,0.6228915277710452
2022021185,20222023,2023-03-28,WPG,SJS,1,0.3323826018185817
2022021186,20222023,2023-03-29,FLA,TOR,0,0.6071989528493105
2022021187,20222023,2023-03-29,NYI,WSH,0,0.4898036921219627
2022021188,20222023,2023-03-29,MIN,COL,0,0.5494253474476888
2022021189,20222023,2023-03-30,CBJ,BOS,1,0.8413360824742591
2022021190,20222023,2023-03-30,FLA,MTL,0,0.4906284843461487
2022021191,20222023,2023-03-30,NYR,NJD,1,0.4541125444353131
2022021192,20222023,2023-03-30,NSH,PIT,1,0.5115306197641027
2022021193,20222023,2023-03-30,PHI,OTT,1,0.6216319343709737
2022021194,20222023,2023-03-30,WSH,TBL,1,0.6737077182044326
2022021195,20222023,2023-03-30,CAR,DET,1,0.36233543968893256
2022021196,20222023,2023-03-30,STL,CHI,0,0.42179416205475595
2022021197,20222023,2023-03-30,LAK,EDM,1,0.5101037668060299
2022021198,20222023,2023-03-30,ANA,SEA,1,0.7106548879299724
2022021199,20222023,2023-03-30,VGK,SJS,1,0.2801235760535697
2022021200,20222023,2023-03-31,NYR,BUF,1,0.4156261293059857
2022021201,20222023,2023-03-31,DET,WPG,1,0.6062942032329948
2022021202,20222023,2023-03-31,CGY,VAN,0,0.5636043666911245
2022021203,20222023,2023-03-31,DAL,ARI,0,0.4097552697148669
2022021204,20222023,2023-04-01,STL,NSH,1,0.5548105227527811
2022021205,20222023,2023-04-01,BOS,PIT,0,0.3177770616099167
2022021206,20222023,2023-04-01,BUF,PHI,0,0.562545869594691
2022021207,20222023,2023-04-01,CAR,MTL,0,0.3338183228915629
2022021208,20222023,2023-04-01,FLA,CBJ,0,0.3315882736501105
2022021209,20222023,2023-04-01,NYI,TBL,1,0.581149387214892
2022021210,20222023,2023-04-01,TOR,OTT,0,0.4770974962595068
2022021211,20222023,2023-04-01,NJD,CHI,0,0.3179834698551931
2022021212,20222023,2023-04-01,DAL,COL,1,0.6716011512349752
2022021213,20222023,2023-04-01,ANA,EDM,1,0.760787465525562
2022021214,20222023,2023-04-01,LAK,SEA,0,0.4799365484305239
2022021215,20222023,2023-04-01,MIN,VGK,1,0.5007180186968566
2022021216,20222023,2023-04-01,SJS,ARI,0,0.49685400975481
2022021217,20222023,2023-04-02,NYR,WSH,0,0.35967677709023005
2022021218,20222023,2023-04-02,BOS,STL,0,0.2673070841546878
2022021219,20222023,2023-04-02,NYI,CAR,1,0.6052277967152896
2022021220,20222023,2023-04-02,OTT,CBJ,1,0.3014882379049824
2022021221,20222023,2023-04-02,PHI,PIT,1,0.5786419529948306
2022021222,20222023,2023-04-02,DET,TOR,0,0.5963890260820696
2022021223,20222023,2023-04-02,NJD,WPG,1,0.5086560336112183
2022021224,20222023,2023-04-02,ANA,CGY,1,0.7517370005280088
2022021225,20222023,2023-04-02,LAK,VAN,0,0.514888663661578
2022021226,20222023,2023-04-03,VGK,MIN,0,0.5587197558488434
2022021227,20222023,2023-04-03,NSH,DAL,1,0.5286402517130104
2022021228,20222023,2023-04-03,ARI,SEA,1,0.6813512716863315
2022021229,20222023,2023-04-04,BUF,FLA,1,0.6126168834103153
2022021230,20222023,2023-04-04,CBJ,TOR,1,0.7616532842803372
2022021231,20222023,2023-04-04,DET,MTL,0,0.4673510591399282
2022021232,20222023,2023-04-04,OTT,CAR,1,0.6368339408913406
2022021233,20222023,2023-04-04,PIT,NJD,1,0.6018862100132769
2022021234,20222023,2023-04-04,PHI,STL,1,0.5865691732593733
2022021235,20222023,2023-04-04,VGK,NSH,1,0.4237284030073672
2022021236,20222023,2023-04-04,CHI,CGY,0,0.6876946626398915
2022021237,20222023,2023-04-04,EDM,LAK,0,0.5492051382238753
2022021238,20222023,2023-04-04,SEA,VAN,0,0.5716215590747263
2022021239,20222023,2023-04-04,COL,SJS,0,0.27888539295333015
2022021240,20222023,2023-04-05,CGY,WPG,0,0.6292367190381447
2022021241,20222023,2023-04-05,TBL,NYR,1,0.6098483776587436
2022021242,20222023,2023-04-05,EDM,ANA,0,0.317104540860369
2022021243,20222023,2023-04-06,CBJ,NJD,1,0.7504650630766361
2022021244,20222023,2023-04-06,MIN,PIT,1,0.4404936310574828
2022021245,20222023,2023-04-06,OTT,FLA,1,0.5897049618308757
2022021246,20222023,2023-04-06,TOR,BOS,1,0.6478531327524344
2022021247,20222023,2023-04-06,WSH,MTL,1,0.4936935346560167
2022021248,20222023,2023-04-06,BUF,DET,0,0.5163841811227998
2022021249,20222023,2023-04-06,TBL,NYI,1,0.5414318140970189
2022021250,20222023,2023-04-06,CAR,NSH,1,0.4226888866589374
2022021251,20222023,2023-04-06,NYR,STL,1,0.4313531682706632
2022021252,20222023,2023-04-06,PHI,DAL,1,0.6564162626628028
2022021253,20222023,2023-04-06,ARI,SEA,1,0.7149432214352086
2022021254,20222023,2023-04-06,CHI,VAN,1,0.662271278010094
2022021255,20222023,2023-04-06,LAK,VGK,1,0.50822033094655
2022021256,20222023,2023-04-06,COL,SJS,0,0.2743631462259401
2022021257,20222023,2023-04-08,CAR,BUF,1,0.41048216949231525
2022021258,20222023,2023-04-08,STL,MIN,1,0.6256342273783263
2022021259,20222023,2023-04-08,EDM,SJS,0,0.26936500720589
2022021260,20222023,2023-04-08,ANA,ARI,1,0.5904934311998329
2022021261,20222023,2023-04-08,FLA,WSH,0,0.38520932234541255
2022021262,20222023,2023-04-08,MTL,TOR,1,0.7028239178130936
2022021263,20222023,2023-04-08,NYR,CBJ,0,0.24383910030631736
2022021264,20222023,2023-04-08,NSH,WPG,1,0.4932498084145538
2022021265,20222023,2023-04-08,NJD,BOS,1,0.6648286999725025
2022021266,20222023,2023-04-08,PIT,DET,0,0.498052132388598
2022021267,20222023,2023-04-08,TBL,OTT,1,0.4737716083661386
2022021268,20222023,2023-04-08,PHI,NYI,1,0.6615531337672261
2022021269,20222023,2023-04-08,VGK,DAL,1,0.4856257606565082
2022021270,20222023,2023-04-08,CGY,VAN,1,0.562006442419384
2022021271,20222023,2023-04-08,CHI,SEA,1,0.7256583027488209
2022021272,20222023,2023-04-08,COL,LAK,0,0.4974215138891554
2022021273,20222023,2023-04-09,BOS,PHI,0,0.20989431130054037
2022021274,20222023,2023-04-09,COL,ANA,0,0.22052800448201518
2022021275,20222023,2023-04-10,BUF,NYR,0,0.6611801117621613
2022021276,20222023,2023-04-10,CAR,OTT,1,0.4290757553539391
2022021277,20222023,2023-04-10,NYI,WSH,1,0.4273799452405101
2022021278,20222023,2023-04-10,SJS,WPG,1,0.7169874846623375
2022021279,20222023,2023-04-10,TOR,FLA,0,0.5174343905927956
2022021280,20222023,2023-04-10,DAL,DET,0,0.4368954660314993
2022021281,20222023,2023-04-10,MIN,CHI,0,0.3113944958087326
2022021282,20222023,2023-04-10,NSH,CGY,0,0.4876982983661376
2022021283,20222023,2023-04-10,SEA,ARI,0,0.35043136920665147
2022021284,20222023,2023-04-10,VAN,LAK,1,0.6027938822198273
2022021285,20222023,2023-04-11,BUF,NJD,1,0.6648504395036811
2022021286,20222023,2023-04-11,CHI,PIT,0,0.7444696790448592
2022021287,20222023,2023-04-11,CBJ,PHI,1,0.6098303697763049
2022021288,20222023,2023-04-11,DET,CAR,1,0.649094455257009
2022021289,20222023,2023-04-11,TOR,TBL,0,0.5266710342731034
2022021290,20222023,2023-04-11,WSH,BOS,1,0.820184546111407
2022021291,20222023,2023-04-11,WPG,MIN,0,0.5592621159336248
2022021292,20222023,2023-04-11,EDM,COL,0,0.5361194516383213
2022021293,20222023,2023-04-11,SEA,VGK,1,0.5998526094147613
2022021294,20222023,2023-04-11,VAN,ANA,0,0.4278918414968003
2022021295,20222023,2023-04-12,MTL,NYI,1,0.6819611618312974
2022021296,20222023,2023-04-12,DAL,STL,0,0.41763579991367045
2022021297,20222023,2023-04-12,SJS,CGY,1,0.697245371252077
2022021298,20222023,2023-04-13,BOS,MTL,0,0.16489645431393823
2022021299,20222023,2023-04-13,CAR,FLA,0,0.5002610245111742
2022021300,20222023,2023-04-13,DET,TBL,1,0.6405016584942055
2022021301,20222023,2023-04-13,NJD,WSH,0,0.38010214328156333
2022021302,20222023,2023-04-13,OTT,BUF,1,0.5377349290278484
2022021303,20222023,2023-04-13,PIT,CBJ,1,0.3545259131186874
2022021304,20222023,2023-04-13,TOR,NYR,0,0.5233839339843204
2022021305,20222023,2023-04-13,MIN,NSH,1,0.48284038556695075
2022021306,20222023,2023-04-13,PHI,CHI,0,0.5143309203375221
2022021307,20222023,2023-04-13,STL,DAL,1,0.6022245028833285
2022021308,20222023,2023-04-13,SJS,EDM,1,0.8657478367739213
2022021309,20222023,2023-04-13,WPG,COL,1,0.6210009782087296
2022021310,20222023,2023-04-13,LAK,ANA,0,0.2906383366728465
2022021311,20222023,2023-04-13,VAN,ARI,0,0.40192838586253127
2022021312,20222023,2023-04-13,VGK,SEA,0,0.5001328978541034
2022020320,20222023,2023-04-14,COL,NSH,0,0.41522680218276087
2022020547,20222023,2023-04-14,BUF,CBJ,0,0.32006117181967786
2023020001,20232024,2023-10-10,NSH,TBL,1,0.5939786675060974
2023020002,20232024,2023-10-10,CHI,PIT,0,0.7008676324837373
2023020003,20232024,2023-10-10,SEA,VGK,1,0.6612326176982489
2023020004,20232024,2023-10-11,OTT,CAR,1,0.6880920611296121
2023020005,20232024,2023-10-11,MTL,TOR,1,0.7683654496736405
2023020006,20232024,2023-10-11,CHI,BOS,1,0.8846244510829848
2023020007,20232024,2023-10-11,WPG,CGY,1,0.5717556281830659
2023020008,20232024,2023-10-11,COL,LAK,0,0.5569958985758127
2023020009,20232024,2023-10-11,EDM,VAN,1,0.4900902434855155
2023020010,20232024,2023-10-12,NYR,BUF,0,0.5764935224546588
2023020011,20232024,2023-10-12,PHI,CBJ,0,0.5691942408472235
2023020012,20232024,2023-10-12,DET,NJD,1,0.7214308195998166
2023020013,20232024,2023-10-12,STL,DAL,1,0.6913444368667285
2023020014,20232024,2023-10-12,FLA,MIN,1,0.608862836991341
2023020015,20232024,2023-10-12,SEA,NSH,1,0.5528196569875307
2023020016,20232024,2023-10-12,VGK,SJS,0,0.35901723639373473
2023020017,20232024,2023-10-13,ARI,NJD,0,0.6742249759744374
2023020018,20232024,2023-10-13,PIT,WSH,0,0.5679486838404817
2023020019,20232024,2023-10-14,PHI,OTT,1,0.6477779845683733
2023020020,20232024,2023-10-14,FLA,WPG,1,0.4887161546524945
2023020021,20232024,2023-10-14,NSH,BOS,1,0.6496594654149708
2023020022,20232024,2023-10-14,NYR,CBJ,1,0.35362028792196143
2023020023,20232024,2023-10-14,TBL,DET,1,0.5574643501871632
2023020024,20232024,2023-10-14,CHI,MTL,1,0.5967627094388611
2023020025,20232024,2023-10-14,CGY,PIT,1,0.4834741068928017
2023020026,20232024,2023-10-14,MIN,TOR,1,0.5274651570931088
2023020027,20232024,2023-10-14,BUF,NYI,1,0.6039987698385788
2023020028,20232024,2023-10-14,SEA,STL,1,0.5447844391762974
2023020029,20232024,2023-10-14,VAN,EDM,0,0.4397311145823048
2023020030,20232024,2023-10-14,COL,SJS,0,0.2873884363019626
2023020031,20232024,2023-10-14,ANA,VGK,1,0.8136805974029095
2023020032,20232024,2023-10-14,CAR,LAK,0,0.5439366332900932
2023020033,20232024,2023-10-15,TBL,OTT,1,0.4987070278135729
2023020034,20232024,2023-10-15,CAR,ANA,1,0.31440314102487876
2023020035,20232024,2023-10-16,DET,CBJ,0,0.45849964978817276
2023020036,20232024,2023-10-16,FLA,NJD,0,0.5156444662506844
2023020037,20232024,2023-10-16,ARI,NYR,1,0.7557518869372992
2023020038,20232024,2023-10-16,CHI,TOR,0,0.68427092657772
2023020039,20232024,2023-10-16,CGY,WSH,1,0.45723343724548515
2023020040,20232024,2023-10-17,TBL,BUF,1,0.5570638685303128
2023020041,20232024,2023-10-17,MIN,MTL,0,0.40595097043531286
2023020042,20232024,2023-10-17,VAN,PHI,1,0.39531122455379375
2023020043,20232024,2023-10-17,ARI,NYI,1,0.657296655423086
2023020044,20232024,2023-10-17,EDM,NSH,0,0.5026086305133832
2023020045,20232024,2023-10-17,LAK,WPG,0,0.47260242237838934
2023020046,20232024,2023-10-17,COL,SEA,0,0.4604042912641063
2023020047,20232024,2023-10-17,CAR,SJS,0,0.3477617284067726
2023020048,20232024,2023-10-17,DAL,VGK,1,0.6174539472826037
2023020049,20232024,2023-10-18,WSH,OTT,1,0.6349990411064435
2023020050,20232024,2023-10-18,PIT,DET,1,0.5101652592756843
2023020051,20232024,2023-10-19,CGY,BUF,0,0.5693382731914264
2023020052,20232024,2023-10-19,TOR,FLA,1,0.5022395764730603
2023020053,20232024,2023-10-19,NSH,NYR,0,0.5612946719506376
2023020054,20232024,2023-10-19,EDM,PHI,1,0.3442102488981317
2023020055,20232024,2023-10-19,VAN,TBL,1,0.4919689791868825
2023020056,20232024,2023-10-19,LAK,MIN,0,0.492219817404041
2023020057,20232024,2023-10-19,ARI,STL,0,0.573803740919047
2023020058,20232024,2023-10-19,VGK,WPG,0,0.4448239217703143
2023020059,20232024,2023-10-19,DAL,ANA,0,0.3020536544740508
2023020060,20232024,2023-10-19,CAR,SEA,1,0.48342296977489413
2023020061,20232024,2023-10-19,CHI,COL,1,0.7226991006067076
2023020062,20232024,2023-10-19,BOS,SJS,0,0.25670049829542785
2023020063,20232024,2023-10-20,CGY,CBJ,1,0.4835694725899488
2023020064,20232024,2023-10-20,NJD,NYI,0,0.4491785990215101
2023020065,20232024,2023-10-21,DET,OTT,0,0.5827804002819499
2023020066,20232024,2023-10-21,ANA,ARI,1,0.5896709340878818
2023020067,20232024,2023-10-21,NYI,BUF,1,0.6212962894738164
2023020068,20232024,2023-10-21,VAN,FLA,0,0.5297312802053058
2023020069,20232024,2023-10-21,WSH,MTL,1,0.546713189046894
2023020070,20232024,2023-10-21,TOR,TBL,0,0.45836207972853343
2023020071,20232024,2023-10-21,VGK,CHI,0,0.3433312526060928
2023020072,20232024,2023-10-21,PHI,DAL,1,0.6469531224619824
2023020073,20232024,2023-10-21,CBJ,MIN,0,0.737951468715554
2023020074,20232024,2023-10-21,SJS,NSH,1,0.7012056676581535
2023020075,20232024,2023-10-21,PIT,STL,1,0.5089073169868626
2023020076,20232024,2023-10-21,CAR,COL,1,0.6073153810919055
2023020077,20232024,2023-10-21,WPG,EDM,0,0.6203440310126005
2023020078,20232024,2023-10-21,NYR,SEA,0,0.49095864065424505
2023020079,20232024,2023-10-21,BOS,LAK,0,0.4375532550878905
2023020080,20232024,2023-10-22,CGY,DET,1,0.4343762824701552
2023020081,20232024,2023-10-22,BOS,ANA,0,0.21772406812331582
2023020082,20232024,2023-10-23,MTL,BUF,0,0.642051463478112
2023020083,20232024,2023-10-24,TOR,WSH,0,0.3591841806517999
2023020084,20232024,2023-10-24,ANA,CBJ,0,0.5406894107156265
2023020085,20232024,2023-10-24,BUF,OTT,0,0.6044857203847629
2023020086,20232024,2023-10-24,CAR,TBL,1,0.47895247815947317
2023020087,20232024,2023-10-24,NJD,MTL,0,0.30536427806998506
2023020088,20232024,2023-10-24,DAL,PIT,0,0.46461357419776034
2023020089,20232024,2023-10-24,SJS,FLA,1,0.7170070770313893
2023020090,20232024,2023-10-24,COL,NYI,0,0.4039138199280573
2023020091,20232024,2023-10-24,SEA,DET,0,0.5290476113879125
2023020092,20232024,2023-10-24,BOS,CHI,0,0.2522649732244831
2023020093,20232024,2023-10-24,STL,WPG,1,0.5683953372602448
2023020094,20232024,2023-10-24,EDM,MIN,1,0.46319945519391037
2023020095,20232024,2023-10-24,VAN,NSH,0,0.5262661177217789
2023020096,20232024,2023-10-24,NYR,CGY,0,0.43359800218079503
2023020097,20232024,2023-10-24,ARI,LAK,1,0.6835008044814432
2023020098,20232024,2023-10-24,PHI,VGK,1,0.677411009658729
2023020099,20232024,2023-10-25,WSH,NJD,0,0.6676957881606507
2023020100,20232024,2023-10-26,ANA,BOS,0,0.8152411661674555
2023020101,20232024,2023-10-26,SEA,CAR,1,0.5686669072989927
2023020102,20232024,2023-10-26,WPG,DET,0,0.506891988154042
2023020103,20232024,2023-10-26,CBJ,MTL,1,0.5541366155143932
2023020104,20232024,2023-10-26,MIN,PHI,1,0.4443103938386575
2023020105,20232024,2023-10-26,COL,PIT,1,0.3658641165310709
2023020106,20232024,2023-10-26,SJS,TBL,1,0.6975917774055209
2023020107,20232024,2023-10-26,OTT,NYI,1,0.5256541664949065
2023020108,20232024,2023-10-26,TOR,DAL,0,0.5142890233513541
2023020109,20232024,2023-10-26,STL,CGY,0,0.51656695206759
2023020110,20232024,2023-10-26,NYR,EDM,0,0.5392007954012698
2023020111,20232024,2023-10-27,CHI,VGK,0,0.7191808634070218
2023020112,20232024,2023-10-27,SJS,CAR,1,0.7195977059991074
2023020113,20232024,2023-10-27,BUF,NJD,1,0.5768031925922503
2023020114,20232024,2023-10-27,MIN,WSH,1,0.49444365876622987
2023020115,20232024,2023-10-27,LAK,ARI,0,0.36374770744276896
2023020116,20232024,2023-10-27,STL,VAN,1,0.6615851085963296
2023020117,20232024,2023-10-28,ANA,PHI,0,0.6192371844336276
2023020118,20232024,2023-10-28,SEA,FLA,1,0.551524328593935
2023020119,20232024,2023-10-28,DET,BOS,1,0.7305925698470045
2023020120,20232024,2023-10-28,NYI,CBJ,0,0.412148207513953
2023020121,20232024,2023-10-28,WPG,MTL,1,0.4164359840232873
2023020122,20232024,2023-10-28,TOR,NSH,1,0.4541993373838093
2023020123,20232024,2023-10-28,OTT,PIT,0,0.5224095548717688
2023020124,20232024,2023-10-28,NYR,VAN,0,0.40293635676833517
2023020125,20232024,2023-10-28,VGK,LAK,0,0.4882394242059575
2023020126,20232024,2023-10-29,COL,BUF,1,0.41884592840816315
2023020127,20232024,2023-10-29,MIN,NJD,1,0.57047412140906
2023020128,20232024,2023-10-29,SJS,WSH,1,0.6316897484863767
2023020129,20232024,2023-10-29,CGY,EDM,1,0.6482356280134773
2023020130,20232024,2023-10-30,FLA,BOS,1,0.680952053183952
2023020131,20232024,2023-10-30,CAR,PHI,0,0.43439183511059776
2023020132,20232024,2023-10-30,ANA,PIT,0,0.6224061409620889
2023020133,20232024,2023-10-30,SEA,TBL,0,0.5434220448287047
2023020134,20232024,2023-10-30,DET,NYI,0,0.5653092754801283
2023020135,20232024,2023-10-30,NYR,WPG,0,0.4622396884196687
2023020136,20232024,2023-10-30,CBJ,DAL,1,0.6904406508587692
2023020137,20232024,2023-10-30,CHI,ARI,1,0.5366527851284194
2023020138,20232024,2023-10-30,MTL,VGK,1,0.7012296698743739
2023020139,20232024,2023-10-31,LAK,TOR,0,0.548589873612505
2023020140,20232024,2023-10-31,NSH,VAN,1,0.5393104526038671
2023020141,20232024,2023-11-01,BUF,PHI,0,0.45230725393460935
2023020142,20232024,2023-11-01,DAL,CGY,0,0.3928559535996616
2023020143,20232024,2023-11-01,STL,COL,1,0.6883679349901418
2023020144,20232024,2023-11-01,ARI,ANA,1,0.4838381080858458
2023020145,20232024,2023-11-02,TOR,BOS,1,0.6395037349523914
2023020146,20232024,2023-11-02,TBL,CBJ,1,0.3866546369286406
2023020147,20232024,2023-11-02,FLA,DET,0,0.46273558412292304
2023020148,20232024,2023-11-02,CAR,NYR,1,0.565508874407751
2023020149,20232024,2023-11-02,LAK,OTT,0,0.43139525318754857
2023020150,20232024,2023-11-02,NYI,WSH,0,0.43776302960091595
2023020151,20232024,2023-11-02,NJD,MIN,0,0.48285850658076407
2023020152,20232024,2023-11-02,DAL,EDM,0,0.5946087301309838
2023020153,20232024,2023-11-02,MTL,ARI,1,0.438251615670601
2023020154,20232024,2023-11-02,NSH,SEA,1,0.49229683230832305
2023020155,20232024,2023-11-02,WPG,VGK,1,0.6160105577831413
2023020156,20232024,2023-11-02,VAN,SJS,0,0.27371397724937513
2023020157,20232024,2023-11-03,PHI,BUF,0,0.6324833004374223
2023020158,20232024,2023-11-03,NJD,STL,1,0.5060425025897188
2023020159,20232024,2023-11-04,NSH,EDM,0,0.5732643475948555
2023020160,20232024,2023-11-04,WPG,ARI,0,0.45005600250755606
2023020161,20232024,2023-11-04,BOS,DET,1,0.29906891087531356
2023020162,20232024,2023-11-04,TBL,OTT,0,0.5313988994331411
2023020163,20232024,2023-11-04,LAK,PHI,0,0.29645206984820566
2023020164,20232024,2023-11-04,MTL,STL,1,0.48148737122043744
2023020165,20232024,2023-11-04,BUF,TOR,0,0.6656498632148762
2023020166,20232024,2023-11-04,CBJ,WSH,1,0.5562704359894356
2023020167,20232024,2023-11-04,CAR,NYI,0,0.4861209005017552
2023020168,20232024,2023-11-04,FLA,CHI,1,0.3470033674797696
2023020169,20232024,2023-11-04,NYR,MIN,1,0.4333577682996101
2023020170,20232024,2023-11-04,CGY,SEA,0,0.6108021566456844
2023020171,20232024,2023-11-04,PIT,SJS,0,0.36621264088330857
2023020172,20232024,2023-11-04,DAL,VAN,1,0.532060620780379
2023020173,20232024,2023-11-04,COL,VGK,1,0.5219427434853332
2023020174,20232024,2023-11-05,NJD,CHI,0,0.29113157876311097
2023020175,20232024,2023-11-05,VGK,ANA,1,0.3625567608961338
2023020176,20232024,2023-11-06,CBJ,FLA,1,0.6829227787022758
2023020177,20232024,2023-11-06,TBL,TOR,1,0.5854755819118213
2023020178,20232024,2023-11-06,BOS,DAL,0,0.40346390143092903
2023020179,20232024,2023-11-06,EDM,VAN,1,0.5566727067692108
2023020180,20232024,2023-11-07,BUF,CAR,1,0.5785212933742625
2023020181,20232024,2023-11-07,TBL,MTL,0,0.4932574397409949
2023020182,20232024,2023-11-07,MIN,NYI,0,0.525150854043624
2023020183,20232024,2023-11-07,DET,NYR,1,0.6338470718826705
2023020184,20232024,2023-11-07,WPG,STL,0,0.5007350182750558
2023020185,20232024,2023-11-07,SEA,ARI,1,0.4655324485505701
2023020186,20232024,2023-11-07,NSH,CGY,1,0.45133425276471595
2023020187,20232024,2023-11-07,PIT,ANA,0,0.45719278134087515
2023020188,20232024,2023-11-07,NJD,COL,1,0.5677066539565812
2023020189,20232024,2023-11-07,PHI,SJS,1,0.35619176129369357
2023020190,20232024,2023-11-08,OTT,TOR,0,0.6244216907822951
2023020191,20232024,2023-11-08,FLA,WSH,0,0.40047396648388334
2023020192,20232024,2023-11-08,LAK,VGK,0,0.550718090818675
2023020193,20232024,2023-11-09,NYI,BOS,1,0.7104391532694084
2023020194,20232024,2023-11-09,DAL,CBJ,0,0.3424809587906133
2023020195,20232024,2023-11-09,MTL,DET,0,0.601572931798595
2023020196,20232024,2023-11-09,MIN,NYR,1,0.5946257135204489
2023020197,20232024,2023-11-09,VAN,OTT,0,0.34885966903293386
2023020198,20232024,2023-11-09,CHI,TBL,0,0.6503694544319215
2023020199,20232024,2023-11-09,ARI,STL,1,0.5649557913569212
2023020200,20232024,2023-11-09,NSH,WPG,1,0.5334463928307089
2023020201,20232024,2023-11-09,SEA,COL,0,0.664210096266585
2023020202,20232024,2023-11-09,PIT,LAK,0,0.5391807118224939
2023020203,20232024,2023-11-09,EDM,SJS,1,0.26734013740582757
2023020204,20232024,2023-11-10,MIN,BUF,1,0.608510477192051
2023020205,20232024,2023-11-10,CAR,FLA,1,0.496752588009605
2023020206,20232024,2023-11-10,WSH,NJD,0,0.649259166093243
2023020207,20232024,2023-11-10,CGY,TOR,1,0.6316096589759373
2023020208,20232024,2023-11-10,PHI,ANA,0,0.503110512477878
2023020209,20232024,2023-11-10,SJS,VGK,1,0.8582661930048925
2023020210,20232024,2023-11-11,CBJ,DET,1,0.6192223046835474
2023020211,20232024,2023-11-11,DAL,WPG,0,0.493459841094278
2023020212,20232024,2023-11-11,BOS,MTL,1,0.2482687557852883
2023020213,20232024,2023-11-11,CGY,OTT,1,0.647929451932427
2023020214,20232024,2023-11-11,CAR,TBL,0,0.5385610924461595
2023020215,20232024,2023-11-11,VAN,TOR,1,0.38126272233827446
2023020216,20232024,2023-11-11,WSH,NYI,0,0.6729063780561408
2023020217,20232024,2023-11-11,BUF,PIT,1,0.5895681847012695
2023020218,20232024,2023-11-11,ARI,NSH,0,0.6160659782997607
2023020219,20232024,2023-11-11,STL,COL,0,0.6634433484457654
2023020220,20232024,2023-11-11,EDM,SEA,0,0.4846297046679064
2023020221,20232024,2023-11-11,PHI,LAK,0,0.7404415784081385
2023020222,20232024,2023-11-12,CHI,FLA,1,0.6658250520124175
2023020223,20232024,2023-11-12,DAL,MIN,0,0.5355559452827637
2023020224,20232024,2023-11-12,VAN,MTL,0,0.351607090048196
2023020225,20232024,2023-11-12,CBJ,NYR,1,0.7871395085342284
2023020226,20232024,2023-11-12,SJS,ANA,1,0.6550023409993949
2023020227,20232024,2023-11-13,NYI,EDM,1,0.5822958809220314
2023020228,20232024,2023-11-13,COL,SEA,0,0.4178603730469119
2023020229,20232024,2023-11-14,BOS,BUF,0,0.3398251373247742
2023020230,20232024,2023-11-14,PIT,CBJ,0,0.4006892438542821
2023020231,20232024,2023-11-14,CGY,MTL,0,0.5064285838179988
2023020232,20232024,2023-11-14,VGK,WSH,1,0.3681735570952372
2023020233,20232024,2023-11-14,ARI,DAL,1,0.6995163728281074
2023020234,20232024,2023-11-14,ANA,NSH,0,0.6317862012904214
2023020235,20232024,2023-11-14,TBL,STL,1,0.5381322078823518
2023020236,20232024,2023-11-14,NJD,WPG,1,0.5345561866636316
2023020237,20232024,2023-11-14,FLA,SJS,0,0.2496032548374577
2023020238,20232024,2023-11-15,PHI,CAR,0,0.6489471855462229
2023020239,20232024,2023-11-15,SEA,EDM,1,0.6112074457531649
2023020240,20232024,2023-11-15,ANA,COL,1,0.7815813718668105
2023020241,20232024,2023-11-15,NYI,VAN,1,0.6392653956045007
2023020242,20232024,2023-11-16,DET,OTT,1,0.5679351874648045
2023020243,20232024,2023-11-16,ARI,CBJ,0,0.4639113685594511
2023020244,20232024,2023-11-16,VGK,MTL,0,0.33280117121900743
2023020245,20232024,2023-11-16,NJD,PIT,0,0.5261529100538407
2023020246,20232024,2023-11-16,TBL,CHI,0,0.4544600167922597
2023020247,20232024,2023-11-16,VAN,CGY,1,0.4616676215410479
2023020248,20232024,2023-11-16,NYI,SEA,1,0.4980763054398392
2023020249,20232024,2023-11-16,FLA,LAK,1,0.5413564274920032
2023020250,20232024,2023-11-16,STL,SJS,1,0.2715421764417197
2023020251,20232024,2023-11-17,TOR,DET,0,0.35266104074824106
2023020252,20232024,2023-11-17,BUF,WPG,1,0.5728894113349329
2023020253,20232024,2023-11-17,FLA,ANA,0,0.43949215768048383
2023020254,20232024,2023-11-18,MIN,OTT,1,0.5807197865493648
2023020255,20232024,2023-11-18,VGK,PHI,1,0.3649099937539271
2023020256,20232024,2023-11-18,CHI,NSH,1,0.6009063307205743
2023020257,20232024,2023-11-18,EDM,TBL,1,0.47228413147193676
2023020258,20232024,2023-11-18,MTL,BOS,1,0.7818767936376023
2023020259,20232024,2023-11-18,PIT,CAR,1,0.574000641409914
2023020260,20232024,2023-11-18,NYI,CGY,0,0.5289808367591087
2023020261,20232024,2023-11-18,NYR,NJD,0,0.49835367483536447
2023020262,20232024,2023-11-18,ARI,WPG,1,0.5386276370937623
2023020263,20232024,2023-11-18,CBJ,WSH,1,0.6162471316472149
2023020264,20232024,2023-11-18,COL,DAL,0,0.5113297957817843
2023020265,20232024,2023-11-18,SEA,VAN,0,0.6460878891755344
2023020266,20232024,2023-11-18,STL,LAK,1,0.62235171550982
2023020267,20232024,2023-11-19,TOR,MIN,0,0.3398000381562091
2023020268,20232024,2023-11-19,CBJ,PHI,1,0.6184029495075845
2023020269,20232024,2023-11-19,VGK,PIT,1,0.4002290204244999
2023020270,20232024,2023-11-19,BUF,CHI,0,0.32609679227309957
2023020271,20232024,2023-11-19,STL,ANA,0,0.507904776598446
2023020272,20232024,2023-11-20,EDM,FLA,1,0.5456055196549815
2023020273,20232024,2023-11-20,BOS,TBL,1,0.29588758393361647
2023020274,20232024,2023-11-20,NYR,DAL,1,0.5067533125369104
2023020275,20232024,2023-11-20,COL,NSH,1,0.3989406095217543
2023020276,20232024,2023-11-20,LAK,ARI,0,0.35903213395809713
2023020277,20232024,2023-11-20,CGY,SEA,0,0.5362272116511583
2023020278,20232024,2023-11-20,SJS,VAN,1,0.7971965081579655
2023020279,20232024,2023-11-22,EDM,CAR,1,0.5563324915341863
2023020280,20232024,2023-11-22,CHI,CBJ,1,0.480515236245316
2023020281,20232024,2023-11-22,NJD,DET,1,0.45128487709770515
2023020282,20232024,2023-11-22,BOS,FLA,0,0.38108399987411007
2023020283,20232024,2023-11-22,NYR,PIT,0,0.4278101613512047
2023020284,20232024,2023-11-22,WPG,TBL,0,0.4663884498814207
2023020285,20232024,2023-11-22,BUF,WSH,1,0.4845856717823826
2023020286,20232024,2023-11-22,PHI,NYI,1,0.5308384273678113
2023020287,20232024,2023-11-22,STL,ARI,0,0.45266344022729704
2023020288,20232024,2023-11-22,CGY,NSH,1,0.566551125486906
2023020289,20232024,2023-11-22,VGK,DAL,0,0.5455752765280721
2023020290,20232024,2023-11-22,MTL,ANA,0,0.4946010619243892
2023020291,20232024,2023-11-22,VAN,COL,1,0.5834032326632848
2023020292,20232024,2023-11-22,SJS,SEA,1,0.7102142903068316
2023020293,20232024,2023-11-24,DET,BOS,0,0.7440993164845902
2023020294,20232024,2023-11-24,NYR,PHI,0,0.38219453491952027
2023020295,20232024,2023-11-24,TOR,CHI,1,0.3400400573985924
2023020296,20232024,2023-11-24,CBJ,NJD,0,0.6864409118089102
2023020297,20232024,2023-11-24,NSH,STL,0,0.5150947255636226
2023020298,20232024,2023-11-24,EDM,WSH,0,0.48838018206031475
2023020299,20232024,2023-11-24,LAK,ANA,0,0.31674679650030424
2023020300,20232024,2023-11-24,MTL,SJS,0,0.35881504194741054
2023020301,20232024,2023-11-24,PIT,BUF,1,0.5163380944620338
2023020302,20232024,2023-11-24,NYI,OTT,0,0.5375956451138988
2023020303,20232024,2023-11-24,TBL,CAR,0,0.6361187989222556
2023020304,20232024,2023-11-24,WPG,FLA,0,0.5202545826762086
2023020305,20232024,2023-11-24,CGY,DAL,0,0.6734808421155681
2023020306,20232024,2023-11-24,COL,MIN,0,0.3732746599569678
2023020307,20232024,2023-11-24,VAN,SEA,0,0.4624689725827533
2023020308,20232024,2023-11-25,BOS,NYR,1,0.4247735318170923
2023020309,20232024,2023-11-25,MTL,LAK,1,0.6907382061998367
2023020310,20232024,2023-11-25,BUF,NJD,1,0.5214677608407846
2023020311,20232024,2023-11-25,TOR,PIT,1,0.423901838702472
2023020312,20232024,2023-11-25,PHI,NYI,0,0.5407377587202121
2023020313,20232024,2023-11-25,CGY,COL,1,0.6664990350070811
2023020314,20232024,2023-11-25,VAN,SJS,1,0.2331045624246114
2023020315,20232024,2023-11-25,ARI,VGK,0,0.7278554553655441
2023020316,20232024,2023-11-26,MIN,DET,1,0.5356813070998131
2023020317,20232024,2023-11-26,STL,CHI,0,0.44138027084401704
2023020318,20232024,2023-11-26,CBJ,CAR,1,0.7108815006832829
2023020319,20232024,2023-11-26,WPG,NSH,1,0.487954890913084
2023020320,20232024,2023-11-26,ANA,EDM,1,0.6714735386806653
2023020321,20232024,2023-11-27,BOS,CBJ,1,0.16198894448129622
2023020322,20232024,2023-11-27,BUF,NYR,0,0.6750351122798955
2023020323,20232024,2023-11-27,FLA,OTT,0,0.5016437190631231
2023020324,20232024,2023-11-27,TBL,COL,1,0.6721214616866426
2023020325,20232024,2023-11-27,VGK,CGY,1,0.3884758506004806
2023020326,20232024,2023-11-27,WSH,SJS,1,0.3561781586126137
2023020327,20232024,2023-11-28,NYI,NJD,1,0.5874569503462926
2023020328,20232024,2023-11-28,CAR,PHI,0,0.4192610835234309
2023020329,20232024,2023-11-28,FLA,TOR,1,0.6032826473458458
2023020330,20232024,2023-11-28,STL,MIN,1,0.5136365436098528
2023020331,20232024,2023-11-28,PIT,NSH,1,0.5720568813042765
2023020332,20232024,2023-11-28,DAL,WPG,0,0.5083758552960245
2023020333,20232024,2023-11-28,SEA,CHI,1,0.47340969137581135
2023020334,20232024,2023-11-28,TBL,ARI,1,0.5342887179817751
2023020335,20232024,2023-11-28,VGK,EDM,1,0.5631216208279256
2023020336,20232024,2023-11-28,ANA,VAN,1,0.68896372478761
2023020337,20232024,2023-11-29,MTL,CBJ,0,0.5083306076077637
2023020338,20232024,2023-11-29,DET,NYR,1,0.6468977152355353
2023020339,20232024,2023-11-29,WSH,LAK,0,0.6714008070695889
2023020340,20232024,2023-11-30,SJS,BOS,1,0.8322133833447829
2023020341,20232024,2023-11-30,NYI,CAR,0,0.6217976223208066
2023020342,20232024,2023-11-30,CHI,DET,1,0.526671099787014
2023020343,20232024,2023-11-30,FLA,MTL,0,0.2899931762328305
2023020344,20232024,2023-11-30,NJD,PHI,0,0.4469932005388186
2023020345,20232024,2023-11-30,PIT,TBL,0,0.5171193395908584
2023020346,20232024,2023-11-30,SEA,TOR,1,0.6391176007264375
2023020347,20232024,2023-11-30,MIN,NSH,0,0.5857522584588797
2023020348,20232024,2023-11-30,BUF,STL,1,0.5057320831777944
2023020349,20232024,2023-11-30,EDM,WPG,0,0.5389497618959209
2023020350,20232024,2023-11-30,COL,ARI,1,0.32284284770699495
2023020351,20232024,2023-11-30,DAL,CGY,1,0.39245325378209417
2023020352,20232024,2023-11-30,WSH,ANA,0,0.49889693132699137
2023020353,20232024,2023-11-30,VGK,VAN,0,0.507510725567104
2023020354,20232024,2023-12-01,OTT,CBJ,1,0.4121904403585677
2023020355,20232024,2023-12-01,SJS,NJD,0,0.7285483695879978
2023020356,20232024,2023-12-02,TBL,DAL,1,0.6460345571869158
2023020357,20232024,2023-12-02,CHI,WPG,1,0.6802025921310467
2023020358,20232024,2023-12-02,NYR,NSH,0,0.42745969837120923
2023020359,20232024,2023-12-02,NYI,FLA,0,0.6222817400722569
2023020360,20232024,2023-12-02,BUF,CAR,1,0.5960283760622735
2023020361,20232024,2023-12-02,DET,MTL,0,0.41990606677679326
2023020362,20232024,2023-12-02,SEA,OTT,1,0.4511591771083396
2023020363,20232024,2023-12-02,PHI,PIT,0,0.595119243846507
2023020364,20232024,2023-12-02,BOS,TOR,0,0.4151522287096783
2023020365,20232024,2023-12-02,STL,ARI,1,0.485141625013083
2023020366,20232024,2023-12-02,COL,ANA,1,0.2692071996520435
2023020367,20232024,2023-12-02,VAN,CGY,0,0.46824776774619853
2023020368,20232024,2023-12-02,WSH,VGK,1,0.6310574182496157
2023020369,20232024,2023-12-03,CHI,MIN,1,0.703691631818343
2023020370,20232024,2023-12-03,SJS,NYR,1,0.7137715617782806
2023020371,20232024,2023-12-03,CBJ,BOS,1,0.7259618408355186
2023020372,20232024,2023-12-03,NSH,BUF,0,0.48826987343428346
2023020373,20232024,2023-12-03,COL,LAK,1,0.5900181581959298
2023020374,20232024,2023-12-04,PIT,PHI,1,0.48304143822297985
2023020375,20232024,2023-12-04,DAL,TBL,1,0.37635928928476087
2023020376,20232024,2023-12-04,SEA,MTL,1,0.48974995612262107
2023020377,20232024,2023-12-04,CAR,WPG,1,0.5031389444978335
2023020378,20232024,2023-12-04,WSH,ARI,1,0.5155500854364864
2023020379,20232024,2023-12-04,STL,VGK,0,0.6387637283548554
2023020380,20232024,2023-12-05,DET,BUF,0,0.49800464603920985
2023020381,20232024,2023-12-05,LAK,CBJ,0,0.2731728845212092
2023020382,20232024,2023-12-05,NYR,OTT,1,0.386088320567608
2023020383,20232024,2023-12-05,SJS,NYI,0,0.6802857794939632
2023020384,20232024,2023-12-05,NSH,CHI,0,0.3992339084986091
2023020385,20232024,2023-12-05,MIN,CGY,0,0.47467538860605957
2023020386,20232024,2023-12-05,ANA,COL,1,0.7562756133138614
2023020387,20232024,2023-12-05,NJD,VAN,0,0.5529023847592148
2023020388,20232024,2023-12-06,DAL,FLA,1,0.49188802981612745
2023020389,20232024,2023-12-06,PIT,TBL,1,0.5002531530896276
2023020390,20232024,2023-12-06,VGK,STL,0,0.4343913667038732
2023020391,20232024,2023-12-06,CAR,EDM,1,0.48186416279609
2023020392,20232024,2023-12-07,BUF,BOS,0,0.7073975957511174
2023020393,20232024,2023-12-07,SJS,DET,0,0.710178058367466
2023020394,20232024,2023-12-07,LAK,MTL,0,0.3133507118219457
2023020395,20232024,2023-12-07,TOR,OTT,0,0.4830217350265619
2023020396,20232024,2023-12-07,DAL,WSH,0,0.4642972311176955
2023020397,20232024,2023-12-07,CBJ,NYI,1,0.6487851174229992
2023020398,20232024,2023-12-07,TBL,NSH,1,0.6258323175703887
2023020399,20232024,2023-12-07,ANA,CHI,1,0.5179640141315327
2023020400,20232024,2023-12-07,PHI,ARI,0,0.5396691378020964
2023020401,20232024,2023-12-07,CAR,CGY,1,0.518578577647871
2023020402,20232024,2023-12-07,WPG,COL,0,0.5926859487815996
2023020403,20232024,2023-12-07,NJD,SEA,0,0.43251488417059275
2023020404,20232024,2023-12-07,MIN,VAN,1,0.5466489490177909
2023020405,20232024,2023-12-08,STL,CBJ,1,0.30217753160088434
2023020406,20232024,2023-12-08,PIT,FLA,1,0.6212056681748854
2023020407,20232024,2023-12-08,MIN,EDM,1,0.6645903011157456
2023020408,20232024,2023-12-09,ARI,BOS,1,0.7227736402319827
2023020409,20232024,2023-12-09,NJD,CGY,0,0.46458818310812694
2023020410,20232024,2023-12-09,VGK,DAL,0,0.5403603875692868
2023020411,20232024,2023-12-09,MTL,BUF,0,0.6055110151446619
2023020412,20232024,2023-12-09,OTT,DET,0,0.5512346221530626
2023020413,20232024,2023-12-09,NSH,TOR,1,0.5894733067827366
2023020414,20232024,2023-12-09,NYR,WSH,1,0.3814895855018845
2023020415,20232024,2023-12-09,LAK,NYI,1,0.372420008610081
2023020416,20232024,2023-12-09,STL,CHI,1,0.5218718078536874
2023020417,20232024,2023-12-09,PHI,COL,0,0.6436312655264339
2023020418,20232024,2023-12-09,TBL,SEA,0,0.4923442765091315
2023020419,20232024,2023-12-09,CAR,VAN,1,0.5378546447828138
2023020420,20232024,2023-12-10,FLA,CBJ,0,0.30478944042054534
2023020421,20232024,2023-12-10,NJD,EDM,1,0.638033392087536
2023020422,20232024,2023-12-10,WSH,CHI,0,0.40862351244411094
2023020423,20232024,2023-12-10,NSH,MTL,0,0.39845553022890456
2023020424,20232024,2023-12-10,LAK,NYR,1,0.47985591126342275
2023020425,20232024,2023-12-10,WPG,ANA,0,0.3498378326506874
2023020426,20232024,2023-12-10,MIN,SEA,0,0.35067352768028415
2023020427,20232024,2023-12-10,SJS,VGK,1,0.6858296683827066
2023020428,20232024,2023-12-11,ARI,BUF,1,0.5459882406195302
2023020429,20232024,2023-12-11,TOR,NYI,1,0.4164475037425211
2023020430,20232024,2023-12-11,DET,DAL,1,0.6087774629897135
2023020431,20232024,2023-12-11,CGY,COL,1,0.6445286884386472
2023020432,20232024,2023-12-12,TOR,NYR,0,0.6269107217520522
2023020433,20232024,2023-12-12,CAR,OTT,0,0.5011072340912616
2023020434,20232024,2023-12-12,ARI,PIT,1,0.6274365120681311
2023020435,20232024,2023-12-12,PHI,NSH,1,0.5504960438098575
2023020436,20232024,2023-12-12,DET,STL,0,0.567743839589867
2023020437,20232024,2023-12-12,CHI,EDM,1,0.7390594013164573
2023020438,20232024,2023-12-12,FLA,SEA,1,0.3689185318991984
2023020439,20232024,2023-12-12,TBL,VAN,1,0.5904156108287538
2023020440,20232024,2023-12-12,CGY,VGK,1,0.7278874322544663
2023020441,20232024,2023-12-12,WPG,SJS,1,0.30090996772471645
2023020442,20232024,2023-12-13,PIT,MTL,0,0.5050287613260948
2023020443,20232024,2023-12-13,BOS,NJD,1,0.39897781646440755
2023020444,20232024,2023-12-13,ANA,NYI,1,0.6532302607245338
2023020445,20232024,2023-12-13,BUF,COL,1,0.6265061722263344
2023020446,20232024,2023-12-13,WPG,LAK,0,0.6496066249523638
2023020447,20232024,2023-12-14,CAR,DET,0,0.46109134270087243
2023020448,20232024,2023-12-14,WSH,PHI,1,0.5668067886519306
2023020449,20232024,2023-12-14,CBJ,TOR,0,0.7761837385854781
2023020450,20232024,2023-12-14,CGY,MIN,1,0.5784694300000295
2023020451,20232024,2023-12-14,OTT,STL,1,0.47281466197649896
2023020452,20232024,2023-12-14,TBL,EDM,0,0.6489366955815103
2023020453,20232024,2023-12-14,CHI,SEA,1,0.6037345569700426
2023020454,20232024,2023-12-14,FLA,VAN,1,0.5081968458411191
2023020455,20232024,2023-12-15,NSH,CAR,0,0.47936740140520495
2023020456,20232024,2023-12-15,ANA,NYR,1,0.7314937573123941
2023020457,20232024,2023-12-15,BOS,NYI,0,0.37361721397598874
2023020458,20232024,2023-12-15,OTT,DAL,1,0.6733137812420863
2023020459,20232024,2023-12-15,SJS,ARI,1,0.6111779366973736
2023020460,20232024,2023-12-15,BUF,VGK,0,0.6475791101257461
2023020461,20232024,2023-12-16,VAN,MIN,1,0.47680646980932345
2023020462,20232024,2023-12-16,NYR,BOS,0,0.5596274630186633
2023020463,20232024,2023-12-16,NJD,CBJ,0,0.3602757170500761
2023020464,20232024,2023-12-16,NYI,MTL,1,0.5020219799353374
2023020465,20232024,2023-12-16,DET,PHI,1,0.5469281674859129
2023020466,20232024,2023-12-16,PIT,TOR,1,0.6415022289483219
2023020467,20232024,2023-12-16,COL,WPG,1,0.5206536969902325
2023020468,20232024,2023-12-16,WSH,NSH,1,0.470194358595578
2023020469,20232024,2023-12-16,DAL,STL,1,0.48311105915480496
2023020470,20232024,2023-12-16,BUF,ARI,1,0.44570068328139273
2023020471,20232024,2023-12-16,TBL,CGY,1,0.5022806643718005
2023020472,20232024,2023-12-16,FLA,EDM,0,0.540757226765456
2023020473,20232024,2023-12-16,LAK,SEA,0,0.38228820977945194
2023020474,20232024,2023-12-17,VAN,CHI,0,0.38741517075470344
2023020475,20232024,2023-12-17,WSH,CAR,0,0.6800177498934263
2023020476,20232024,2023-12-17,ANA,NJD,0,0.6075004238783296
2023020477,20232024,2023-12-17,SJS,COL,1,0.6567585178264372
2023020478,20232024,2023-12-17,OTT,VGK,1,0.610913636633273
2023020479,20232024,2023-12-18,ANA,DET,0,0.7009284623844722
2023020480,20232024,2023-12-18,MIN,PIT,1,0.48045129540324466
2023020481,20232024,2023-12-18,MTL,WPG,0,0.7000412762794672
2023020482,20232024,2023-12-18,SEA,DAL,1,0.6481333094052907
2023020483,20232024,2023-12-18,FLA,CGY,1,0.40985446603085557
2023020484,20232024,2023-12-19,MIN,BOS,0,0.728608143682951
2023020485,20232024,2023-12-19,CBJ,BUF,0,0.6594091721046705
2023020486,20232024,2023-12-19,VGK,CAR,1,0.500123601446068
2023020487,20232024,2023-12-19,PHI,NJD,0,0.5535799343846889
2023020488,20232024,2023-12-19,STL,TBL,1,0.5286755826997602
2023020489,20232024,2023-12-19,NYR,TOR,0,0.5240505879807997
2023020490,20232024,2023-12-19,EDM,NYI,1,0.4517964526016306
2023020491,20232024,2023-12-19,VAN,NSH,0,0.5091405539182513
2023020492,20232024,2023-12-19,COL,CHI,1,0.30164491575262864
2023020493,20232024,2023-12-19,OTT,ARI,1,0.47930627632399225
2023020494,20232024,2023-12-19,LAK,SJS,0,0.2849745321631601
2023020495,20232024,2023-12-20,DET,WPG,1,0.6453072144085567
2023020496,20232024,2023-12-20,NYI,WSH,1,0.5990654170037533
2023020497,20232024,2023-12-20,SEA,LAK,0,0.6016077068534305
2023020498,20232024,2023-12-21,TOR,BUF,1,0.3960893548808768
2023020499,20232024,2023-12-21,WSH,CBJ,0,0.48335454687160073
2023020500,20232024,2023-12-21,STL,FLA,0,0.63021130219723
2023020501,20232024,2023-12-21,EDM,NJD,0,0.4972708001253526
2023020502,20232024,2023-12-21,NSH,PHI,0,0.5108877780271246
2023020503,20232024,2023-12-21,CAR,PIT,1,0.44437607965188297
2023020504,20232024,2023-12-21,VGK,TBL,1,0.4450284013093012
2023020505,20232024,2023-12-21,VAN,DAL,1,0.5295803202703362
2023020506,20232024,2023-12-21,MTL,MIN,1,0.6245522210839629
2023020507,20232024,2023-12-21,OTT,COL,1,0.6114781161442283
2023020508,20232024,2023-12-21,CGY,ANA,0,0.44742693823522167
2023020509,20232024,2023-12-21,ARI,SJS,0,0.4193369856084657
2023020510,20232024,2023-12-22,PHI,DET,1,0.5589762295733095
2023020511,20232024,2023-12-22,EDM,NYR,0,0.6719102031733141
2023020512,20232024,2023-12-22,BOS,WPG,1,0.4756839365362313
2023020513,20232024,2023-12-22,MTL,CHI,0,0.5334136566106276
2023020514,20232024,2023-12-23,VGK,FLA,1,0.5132427947010287
2023020515,20232024,2023-12-23,DAL,NSH,0,0.4884624746128914
2023020516,20232024,2023-12-23,NYI,CAR,0,0.6018179958252982
2023020517,20232024,2023-12-23,TOR,CBJ,0,0.3217032138767931
2023020518,20232024,2023-12-23,BOS,MIN,1,0.4985656052967646
2023020519,20232024,2023-12-23,DET,NJD,1,0.6478701757410356
2023020520,20232024,2023-12-23,PIT,OTT,1,0.5288933840563598
2023020521,20232024,2023-12-23,TBL,WSH,0,0.5517668139175244
2023020522,20232024,2023-12-23,BUF,NYR,1,0.5698092181064142
2023020523,20232024,2023-12-23,SEA,ANA,0,0.4670275149573348
2023020524,20232024,2023-12-23,CHI,STL,1,0.7142808187280497
2023020525,20232024,2023-12-23,ARI,COL,1,0.6239615516517865
2023020526,20232024,2023-12-23,CGY,LAK,1,0.6348736956039591
2023020527,20232024,2023-12-23,SJS,VAN,1,0.7363404360735443
2023020528,20232024,2023-12-27,CBJ,NJD,1,0.6733458316100425
2023020529,20232024,2023-12-27,WSH,NYR,1,0.6595102301015262
2023020530,20232024,2023-12-27,FLA,TBL,0,0.47985141010345517
2023020531,20232024,2023-12-27,OTT,TOR,0,0.6288249736901551
2023020532,20232024,2023-12-27,BOS,BUF,0,0.3831033477161934
2023020533,20232024,2023-12-27,PIT,NYI,0,0.5515303114643956
2023020534,20232024,2023-12-27,DET,MIN,1,0.5914249945348368
2023020535,20232024,2023-12-27,CAR,NSH,0,0.5278015332387009
2023020536,20232024,2023-12-27,DAL,STL,1,0.4277688034305013
2023020537,20232024,2023-12-27,COL,ARI,1,0.4223349292549892
2023020538,20232024,2023-12-27,WPG,CHI,1,0.29863918728439964
2023020539,20232024,2023-12-27,SEA,CGY,0,0.5584097428654168
2023020540,20232024,2023-12-27,VGK,ANA,1,0.3498110133276646
2023020541,20232024,2023-12-27,SJS,LAK,1,0.7704992778531835
2023020542,20232024,2023-12-28,MTL,CAR,1,0.5638737470437442
2023020543,20232024,2023-12-28,PHI,VAN,0,0.618989131577637
2023020544,20232024,2023-12-28,LAK,VGK,1,0.41962195358289517
2023020545,20232024,2023-12-28,EDM,SJS,0,0.235836532672241
2023020546,20232024,2023-12-29,TOR,CBJ,1,0.3202891204459412
2023020547,20232024,2023-12-29,NSH,DET,1,0.4543294216576922
2023020548,20232024,2023-12-29,NYR,FLA,1,0.4309127307051898
2023020549,20232024,2023-12-29,NJD,OTT,0,0.5136490428472196
2023020550,20232024,2023-12-29,WSH,NYI,1,0.5062326189657379
2023020551,20232024,2023-12-29,CHI,DAL,1,0.7307935461206113
2023020552,20232024,2023-12-29,COL,STL,0,0.44311810881250135
2023020553,20232024,2023-12-29,ARI,ANA,0,0.4507757497661766
2023020554,20232024,2023-12-29,PHI,SEA,1,0.5517015155333567
2023020555,20232024,2023-12-30,MIN,WPG,1,0.5799967344456504
2023020556,20232024,2023-12-30,CBJ,BUF,1,0.6951479743964868
2023020557,20232024,2023-12-30,NJD,BOS,1,0.6926454640906365
2023020558,20232024,2023-12-30,MTL,FLA,1,0.5494373075827649
2023020559,20232024,2023-12-30,STL,PIT,1,0.6161506177925984
2023020560,20232024,2023-12-30,NYR,TBL,0,0.45253628982289845
2023020561,20232024,2023-12-30,CAR,TOR,0,0.44327602334926774
2023020562,20232024,2023-12-30,NSH,WSH,0,0.4614590847539045
2023020563,20232024,2023-12-30,EDM,LAK,0,0.5536371243948676
2023020564,20232024,2023-12-31,WPG,MIN,0,0.4284638947709655
2023020565,20232024,2023-12-31,BOS,DET,0,0.4195516226080021
2023020566,20232024,2023-12-31,BUF,OTT,1,0.6203984486045154
2023020567,20232024,2023-12-31,NYI,PIT,1,0.43876891562950304
2023020568,20232024,2023-12-31,MTL,TBL,1,0.5544923227719709
2023020569,20232024,2023-12-31,EDM,ANA,0,0.3974266384872064
2023020570,20232024,2023-12-31,PHI,CGY,1,0.47750456317785184
2023020571,20232024,2023-12-31,SJS,COL,1,0.7661501349380552
2023020572,20232024,2023-12-31,CHI,DAL,1,0.7195915404969218
2023020573,20232024,2024-01-01,VGK,SEA,1,0.45671501900815714
2023020574,20232024,2024-01-02,BOS,CBJ,0,0.2538746553427416
2023020575,20232024,2024-01-02,CAR,NYR,0,0.6292269204432456
2023020576,20232024,2024-01-02,WSH,PIT,0,0.5672837635561778
2023020577,20232024,2024-01-02,MTL,DAL,0,0.6735607767510094
2023020578,20232024,2024-01-02,CGY,MIN,0,0.5546351344269752
2023020579,20232024,2024-01-02,CHI,NSH,1,0.6912392175350515
2023020580,20232024,2024-01-02,TBL,WPG,1,0.6476020445384678
2023020581,20232024,2024-01-02,FLA,ARI,0,0.4275633523878337
2023020582,20232024,2024-01-02,NYI,COL,1,0.6194268278054677
2023020583,20232024,2024-01-02,PHI,EDM,1,0.6266497256966012
2023020584,20232024,2024-01-02,OTT,VAN,1,0.5702447606213
2023020585,20232024,2024-01-02,TOR,LAK,0,0.5734004270547581
2023020586,20232024,2024-01-02,DET,SJS,0,0.400267745669351
2023020587,20232024,2024-01-03,NJD,WSH,0,0.389251732515698
2023020588,20232024,2024-01-03,TOR,ANA,0,0.39450973341824724
2023020589,20232024,2024-01-04,PIT,BOS,0,0.6911039370879603
2023020590,20232024,2024-01-04,BUF,MTL,0,0.5429845501099464
2023020591,20232024,2024-01-04,CHI,NYR,1,0.7890019800765763
2023020592,20232024,2024-01-04,CBJ,PHI,0,0.6678158621190448
2023020593,20232024,2024-01-04,COL,DAL,0,0.5197576496635329
2023020594,20232024,2024-01-04,TBL,MIN,0,0.5434542952080444
2023020595,20232024,2024-01-04,CGY,NSH,0,0.5688988022417306
2023020596,20232024,2024-01-04,VAN,STL,1,0.41000580986680496
2023020597,20232024,2024-01-04,NYI,ARI,0,0.5084349652695608
2023020598,20232024,2024-01-04,OTT,SEA,1,0.5022046511761831
2023020599,20232024,2024-01-04,FLA,VGK,0,0.4637374771251492
2023020600,20232024,2024-01-04,DET,LAK,0,0.6456644486017189
2023020601,20232024,2024-01-04,WPG,SJS,0,0.24733706171427083
2023020602,20232024,2024-01-05,CHI,NJD,1,0.7841622806678131
2023020603,20232024,2024-01-05,CAR,WSH,0,0.42602664457676087
2023020604,20232024,2024-01-05,WPG,ANA,0,0.357496149220086
2023020605,20232024,2024-01-06,CGY,PHI,1,0.5085952390741216
2023020606,20232024,2024-01-06,FLA,COL,0,0.5225513946363824
2023020607,20232024,2024-01-06,TBL,BOS,1,0.6620659896168026
2023020608,20232024,2024-01-06,STL,CAR,0,0.5351040501521549
2023020609,20232024,2024-01-06,MIN,CBJ,0,0.39812590527362957
2023020610,20232024,2024-01-06,NYR,MTL,1,0.32162774795291915
2023020611,20232024,2024-01-06,VAN,NJD,0,0.4041093499969593
2023020612,20232024,2024-01-06,BUF,PIT,0,0.5589788205173947
2023020613,20232024,2024-01-06,TOR,SJS,0,0.29869305425791187
2023020614,20232024,2024-01-06,NSH,DAL,0,0.5706196611101151
2023020615,20232024,2024-01-06,OTT,EDM,1,0.652865031523526
2023020616,20232024,2024-01-06,NYI,VGK,1,0.5444686349159267
2023020617,20232024,2024-01-07,CGY,CHI,1,0.4506618702752216
2023020618,20232024,2024-01-07,LAK,WSH,1,0.4095719221002923
2023020619,20232024,2024-01-07,WPG,ARI,0,0.3635973381382709
2023020620,20232024,2024-01-07,DET,ANA,0,0.4164098548349515
2023020621,20232024,2024-01-08,VAN,NYR,0,0.5754863048312212
2023020622,20232024,2024-01-08,PIT,PHI,0,0.5281909776830448
2023020623,20232024,2024-01-08,DAL,MIN,0,0.4687351595700185
2023020624,20232024,2024-01-08,BOS,COL,1,0.4488383230824028
2023020625,20232024,2024-01-09,SEA,BUF,0,0.5509777895797141
2023020626,20232024,2024-01-09,LAK,TBL,1,0.4488202585855009
2023020627,20232024,2024-01-09,SJS,TOR,1,0.7645920003305053
2023020628,20232024,2024-01-09,VAN,NYI,0,0.5028213742110474
2023020629,20232024,2024-01-09,ANA,NSH,0,0.7073232547388187
2023020630,20232024,2024-01-09,FLA,STL,0,0.4078253967313891
2023020631,20232024,2024-01-09,CBJ,WPG,1,0.7612012998925243
2023020632,20232024,2024-01-09,EDM,CHI,0,0.26806159069085067
2023020633,20232024,2024-01-09,BOS,ARI,1,0.4057882993790974
2023020634,20232024,2024-01-09,OTT,CGY,1,0.5459183901573126
2023020635,20232024,2024-01-10,MTL,PHI,1,0.6021264694289254
2023020636,20232024,2024-01-10,MIN,DAL,1,0.6158244012299003
2023020637,20232024,2024-01-10,VGK,COL,1,0.5807663489219493
2023020638,20232024,2024-01-11,OTT,BUF,1,0.5483325886281153
2023020639,20232024,2024-01-11,ANA,CAR,1,0.7132437581230106
2023020640,20232024,2024-01-11,EDM,DET,0,0.36134259501411986
2023020641,20232024,2024-01-11,LAK,FLA,1,0.5830213351856126
2023020642,20232024,2024-01-11,SJS,MTL,0,0.5586584458508963
2023020643,20232024,2024-01-11,VAN,PIT,0,0.44777796612860804
2023020644,20232024,2024-01-11,NJD,TBL,1,0.5038589908145301
2023020645,20232024,2024-01-11,SEA,WSH,0,0.48377481031475944
2023020646,20232024,2024-01-11,TOR,NYI,1,0.43750727138165596
2023020647,20232024,2024-01-11,NYR,STL,1,0.39914615386131236
2023020648,20232024,2024-01-11,CHI,WPG,1,0.7764010556136867
2023020649,20232024,2024-01-11,CGY,ARI,0,0.4957157325570612
2023020650,20232024,2024-01-11,BOS,VGK,1,0.34049196107813695
2023020651,20232024,2024-01-12,NSH,DAL,0,0.5968208388541814
2023020652,20232024,2024-01-12,PHI,MIN,0,0.5104349206976081
2023020653,20232024,2024-01-13,NYR,WSH,1,0.37975753025673065
2023020654,20232024,2024-01-13,VAN,BUF,0,0.40234462747266814
2023020655,20232024,2024-01-13,SJS,OTT,1,0.6601733260619226
2023020656,20232024,2024-01-13,NJD,FLA,0,0.6040359973983245
2023020657,20232024,2024-01-13,PIT,CAR,1,0.5869634595382492
2023020658,20232024,2024-01-13,SEA,CBJ,0,0.3831774570513987
2023020659,20232024,2024-01-13,LAK,DET,1,0.4221445359908116
2023020660,20232024,2024-01-13,EDM,MTL,0,0.33408510005590336
2023020661,20232024,2024-01-13,ANA,TBL,1,0.6605624123982208
2023020662,20232024,2024-01-13,COL,TOR,0,0.522588468060406
2023020663,20232024,2024-01-13,PHI,WPG,0,0.7158080056366926
2023020664,20232024,2024-01-13,DAL,CHI,0,0.3688533080379383
2023020665,20232024,2024-01-13,ARI,MIN,0,0.4619513313725359
2023020666,20232024,2024-01-13,NYI,NSH,1,0.47689887848978
2023020667,20232024,2024-01-13,BOS,STL,0,0.41346568855656113
2023020668,20232024,2024-01-13,CGY,VGK,0,0.5675771397968246
2023020669,20232024,2024-01-14,WSH,NYR,1,0.6224580402630899
2023020670,20232024,2024-01-14,DET,TOR,0,0.5999020514953541
2023020671,20232024,2024-01-15,NJD,BOS,1,0.5922124852654269
2023020672,20232024,2024-01-15,SJS,BUF,1,0.6936483225673469
2023020673,20232024,2024-01-15,VAN,CBJ,1,0.28902238925144036
2023020674,20232024,2024-01-15,ANA,FLA,0,0.755071785607632
2023020675,20232024,2024-01-15,LAK,CAR,0,0.5606598805981714
2023020676,20232024,2024-01-15,NYI,MIN,1,0.5122489690759731
2023020677,20232024,2024-01-15,SEA,PIT,1,0.5568883570538354
2023020678,20232024,2024-01-15,COL,MTL,1,0.3593382623121367
2023020679,20232024,2024-01-15,PHI,STL,0,0.521622226301956
2023020680,20232024,2024-01-15,NSH,VGK,1,0.5062570449623155
2023020681,20232024,2024-01-16,SEA,NYR,1,0.7160585629250606
2023020682,20232024,2024-01-16,COL,OTT,0,0.4595305399029998
2023020683,20232024,2024-01-16,ANA,WSH,1,0.7023871771313807
2023020684,20232024,2024-01-16,LAK,DAL,1,0.623976831376899
2023020685,20232024,2024-01-16,NYI,WPG,1,0.723724042178764
2023020686,20232024,2024-01-16,SJS,CHI,1,0.6390859899794908
2023020687,20232024,2024-01-16,ARI,CGY,1,0.577386909399519
2023020688,20232024,2024-01-16,TOR,EDM,1,0.5943746988940176
2023020689,20232024,2024-01-17,DET,FLA,0,0.6413152478398088
2023020690,20232024,2024-01-17,MTL,NJD,0,0.637955486169292
2023020691,20232024,2024-01-18,CHI,BUF,1,0.6470251769669213
2023020692,20232024,2024-01-18,COL,BOS,1,0.5672930800116617
2023020693,20232024,2024-01-18,MTL,OTT,1,0.6113135190689963
2023020694,20232024,2024-01-18,DAL,PHI,1,0.44082653237626074
2023020695,20232024,2024-01-18,MIN,TBL,1,0.5481181522013778
2023020696,20232024,2024-01-18,STL,WSH,1,0.5130686487372685
2023020697,20232024,2024-01-18,TOR,CGY,0,0.5021095342259179
2023020698,20232024,2024-01-18,SEA,EDM,1,0.6785500202978805
2023020699,20232024,2024-01-18,NSH,LAK,0,0.5566085181657163
2023020700,20232024,2024-01-18,ARI,VAN,1,0.642110386682056
2023020701,20232024,2024-01-18,NYR,VGK,1,0.4495451877435638
2023020702,20232024,2024-01-19,DET,CAR,1,0.5894175389381516
2023020703,20232024,2024-01-19,NJD,CBJ,0,0.3422277933468007
2023020704,20232024,2024-01-19,MIN,FLA,0,0.7157907646355215
2023020705,20232024,2024-01-19,NYI,CHI,1,0.30308679948701334
2023020706,20232024,2024-01-20,TBL,BUF,0,0.4750489496321312
2023020707,20232024,2024-01-20,COL,PHI,0,0.4798262074199449
2023020708,20232024,2024-01-20,NSH,ARI,1,0.4520857166382387
2023020709,20232024,2024-01-20,WPG,OTT,0,0.39484392628984705
2023020710,20232024,2024-01-20,MTL,BOS,1,0.7299487575244815
2023020711,20232024,2024-01-20,DAL,NJD,0,0.3849202914768759
2023020712,20232024,2024-01-20,TOR,VAN,1,0.5787550904746197
2023020713,20232024,2024-01-20,WSH,STL,1,0.5380460513887549
2023020714,20232024,2024-01-20,EDM,CGY,0,0.39094677258018357
2023020715,20232024,2024-01-20,ANA,SJS,1,0.4693303675712974
2023020716,20232024,2024-01-20,PIT,VGK,1,0.5659429384908465
2023020717,20232024,2024-01-20,NYR,LAK,1,0.4863911903186587
2023020718,20232024,2024-01-21,OTT,PHI,0,0.553447719289703
2023020719,20232024,2024-01-21,MIN,CAR,0,0.6231333201437032
2023020720,20232024,2024-01-21,TBL,DET,1,0.5549667753598526
2023020721,20232024,2024-01-21,DAL,NYI,1,0.4775942844895866
2023020722,20232024,2024-01-21,NYR,ANA,0,0.28225166452124323
2023020723,20232024,2024-01-21,TOR,SEA,0,0.5479892265079086
2023020724,20232024,2024-01-22,WPG,BOS,1,0.5636060339318301
2023020725,20232024,2024-01-22,VGK,NJD,1,0.5172349551379006
2023020726,20232024,2024-01-22,FLA,NSH,0,0.4839958380027811
2023020727,20232024,2024-01-22,PIT,ARI,1,0.48541698091287133
2023020728,20232024,2024-01-22,CHI,VAN,1,0.7556383953087487
2023020729,20232024,2024-01-22,SJS,LAK,0,0.7431282521187887
2023020730,20232024,2024-01-23,DAL,DET,0,0.44276291992655
2023020731,20232024,2024-01-23,OTT,MTL,0,0.4590179467010973
2023020732,20232024,2024-01-23,TBL,PHI,0,0.4937483472324336
2023020733,20232024,2024-01-23,VGK,NYI,0,0.5320486883972281
2023020734,20232024,2024-01-23,WSH,MIN,1,0.5529022435306356
2023020735,20232024,2024-01-23,STL,CGY,0,0.5292506028575819
2023020736,20232024,2024-01-23,CBJ,EDM,1,0.7865997712975619
2023020737,20232024,2024-01-23,BUF,ANA,1,0.4060859028994526
2023020738,20232024,2024-01-23,NYR,SJS,1,0.19984699512573942
2023020739,20232024,2024-01-24,ARI,FLA,1,0.6296714716803185
2023020740,20232024,2024-01-24,WPG,TOR,1,0.4508066238353902
2023020741,20232024,2024-01-24,CAR,BOS,0,0.6427608093994024
2023020742,20232024,2024-01-24,WSH,COL,1,0.7075956780280505
2023020743,20232024,2024-01-24,CHI,SEA,1,0.6452159068755291
2023020744,20232024,2024-01-24,STL,VAN,0,0.69348245768199
2023020745,20232024,2024-01-24,BUF,LAK,0,0.6658214324553574
2023020746,20232024,2024-01-25,NJD,CAR,1,0.45832801623479497
2023020747,20232024,2024-01-25,PHI,DET,1,0.5402225741965553
2023020748,20232024,2024-01-25,NYI,MTL,1,0.46926684712655425
2023020749,20232024,2024-01-25,BOS,OTT,0,0.4392247183539648
2023020750,20232024,2024-01-25,ARI,TBL,1,0.6668225723427739
2023020751,20232024,2024-01-25,ANA,DAL,1,0.7444150209720088
2023020752,20232024,2024-01-25,NSH,MIN,0,0.4963782168004557
2023020753,20232024,2024-01-25,CBJ,CGY,0,0.6742509102623899
2023020754,20232024,2024-01-25,CHI,EDM,1,0.8449476186535234
2023020755,20232024,2024-01-26,VGK,NYR,0,0.55700767081245
2023020756,20232024,2024-01-26,FLA,PIT,0,0.42770812284044224
2023020757,20232024,2024-01-26,LAK,COL,1,0.6230813245348575
2023020758,20232024,2024-01-26,STL,SEA,0,0.514930352718516
2023020759,20232024,2024-01-27,BOS,PHI,0,0.357630773841864
2023020760,20232024,2024-01-27,WSH,DAL,1,0.6507699420602815
2023020761,20232024,2024-01-27,NSH,EDM,1,0.6466641424809313
2023020762,20232024,2024-01-27,BUF,SJS,0,0.3720323078883574
2023020763,20232024,2024-01-27,ARI,CAR,1,0.6302223855518139
2023020764,20232024,2024-01-27,VGK,DET,1,0.5468185887198816
2023020765,20232024,2024-01-27,NYR,OTT,0,0.5236213830483392
2023020766,20232024,2024-01-27,MTL,PIT,1,0.5353068967874143
2023020767,20232024,2024-01-27,NJD,TBL,1,0.5375207582070195
2023020768,20232024,2024-01-27,TOR,WPG,0,0.582161109340321
2023020769,20232024,2024-01-27,FLA,NYI,0,0.4503573261678252
2023020770,20232024,2024-01-27,ANA,MIN,0,0.6680038400572033
2023020771,20232024,2024-01-27,CHI,CGY,1,0.676627198280907
2023020772,20232024,2024-01-27,CBJ,VAN,1,0.7179699325809693
2023020773,20232024,2024-01-28,LAK,STL,1,0.5531335401955929
2023020774,20232024,2024-01-28,CBJ,SEA,1,0.7168820992714126
2023020775,20232024,2024-01-29,NSH,OTT,1,0.4573268609045141
2023020776,20232024,2024-01-30,CBJ,STL,0,0.6911283039484097
2023020777,20232024,2024-01-30,SEA,SJS,1,0.3445623415232415
2023020778,20232024,2024-01-31,OTT,DET,0,0.5724490458438968
2023020779,20232024,2024-01-31,LAK,NSH,0,0.5723571454936847
2023020780,20232024,2024-01-31,SJS,ANA,1,0.6147843552841036
2023020781,20232024,2024-02-05,COL,NYR,1,0.48183287989258794
2023020782,20232024,2024-02-05,NYI,TOR,0,0.6491514788861094
2023020783,20232024,2024-02-06,CGY,BOS,0,0.6879653797946964
2023020784,20232024,2024-02-06,DAL,BUF,0,0.44093445379629304
2023020785,20232024,2024-02-06,VAN,CAR,0,0.5176775321140343
2023020786,20232024,2024-02-06,PHI,FLA,0,0.6753532902778672
2023020787,20232024,2024-02-06,COL,NJD,1,0.45482284933398226
2023020788,20232024,2024-02-06,WPG,PIT,1,0.43752701783843023
2023020789,20232024,2024-02-06,MTL,WSH,0,0.5715909356668689
2023020790,20232024,2024-02-06,EDM,VGK,1,0.4158519248336373
2023020791,20232024,2024-02-07,TBL,NYR,1,0.6200679619211091
2023020792,20232024,2024-02-07,DAL,TOR,1,0.5897093693692889
2023020793,20232024,2024-02-07,MIN,CHI,0,0.39615431261000766
2023020794,20232024,2024-02-08,VAN,BOS,1,0.5601853023533054
2023020795,20232024,2024-02-08,WSH,FLA,1,0.6737302669864994
2023020796,20232024,2024-02-08,CGY,NJD,0,0.577933055789018
2023020797,20232024,2024-02-08,WPG,PHI,1,0.40723515919449466
2023020798,20232024,2024-02-08,TBL,NYI,1,0.5044729931854741
2023020799,20232024,2024-02-08,COL,CAR,1,0.4855370519871387
2023020800,20232024,2024-02-08,VGK,ARI,0,0.36273910324628345
2023020801,20232024,2024-02-09,PIT,MIN,1,0.4839990989428497
2023020802,20232024,2024-02-09,NYR,CHI,0,0.29950455013204075
2023020803,20232024,2024-02-09,EDM,ANA,0,0.21306334058792453
2023020804,20232024,2024-02-10,STL,BUF,0,0.5559084884676595
2023020805,20232024,2024-02-10,VAN,DET,1,0.393233918785081
2023020806,20232024,2024-02-10,DAL,MTL,0,0.3816727821224853
2023020807,20232024,2024-02-10,CGY,NYI,0,0.5050540373521073
2023020808,20232024,2024-02-10,WSH,BOS,0,0.7057309513302744
2023020809,20232024,2024-02-10,COL,FLA,1,0.5355980015263113
2023020810,20232024,2024-02-10,NJD,CAR,1,0.5770904790076665
2023020811,20232024,2024-02-10,TBL,CBJ,0,0.30019377442258993
2023020812,20232024,2024-02-10,TOR,OTT,1,0.3806904638357448
2023020813,20232024,2024-02-10,SEA,PHI,1,0.6137178826102735
2023020814,20232024,2024-02-10,PIT,WPG,1,0.6601894243794718
2023020815,20232024,2024-02-10,ARI,NSH,1,0.4913457021731623
2023020816,20232024,2024-02-10,EDM,LAK,1,0.37147728199397384
2023020817,20232024,2024-02-11,STL,MTL,0,0.38644320246484815
2023020818,20232024,2024-02-11,VAN,WSH,0,0.38786030047541975
2023020819,20232024,2024-02-12,SEA,NJD,1,0.5674205082490832
2023020820,20232024,2024-02-12,CGY,NYR,1,0.587771065752395
2023020821,20232024,2024-02-12,ARI,PHI,1,0.5551734554968167
2023020822,20232024,2024-02-12,MIN,VGK,0,0.6059096330889865
2023020823,20232024,2024-02-13,TBL,BOS,0,0.5973957290645873
2023020824,20232024,2024-02-13,LAK,BUF,1,0.4978869868448439
2023020825,20232024,2024-02-13,ANA,MTL,1,0.5797857238077162
2023020826,20232024,2024-02-13,CBJ,OTT,1,0.6394745853403561
2023020827,20232024,2024-02-13,STL,TOR,1,0.5279331882349892
2023020828,20232024,2024-02-13,COL,WSH,0,0.3981714574466601
2023020829,20232024,2024-02-13,SEA,NYI,0,0.5847510150520951
2023020830,20232024,2024-02-13,CAR,DAL,1,0.5238255420742516
2023020831,20232024,2024-02-13,NJD,NSH,0,0.588094316897019
2023020832,20232024,2024-02-13,VAN,CHI,0,0.2694172134360374
2023020833,20232024,2024-02-13,DET,EDM,1,0.657675811844915
2023020834,20232024,2024-02-14,FLA,PIT,0,0.4361903398812708
2023020835,20232024,2024-02-14,SJS,WPG,1,0.8167066232834175
2023020836,20232024,2024-02-14,MIN,ARI,0,0.49031524343696425
2023020837,20232024,2024-02-15,SEA,BOS,0,0.6561219192980646
2023020838,20232024,2024-02-15,FLA,BUF,0,0.48827533947412316
2023020839,20232024,2024-02-15,LAK,NJD,0,0.5649037351963793
2023020840,20232024,2024-02-15,MTL,NYR,1,0.6922433203803368
2023020841,20232024,2024-02-15,ANA,OTT,0,0.6685692904253474
2023020842,20232024,2024-02-15,COL,TBL,1,0.4940732334001286
2023020843,20232024,2024-02-15,PHI,TOR,1,0.5755635487339883
2023020844,20232024,2024-02-15,EDM,STL,1,0.38604474286069057
2023020845,20232024,2024-02-15,PIT,CHI,0,0.4177114065717383
2023020846,20232024,2024-02-15,SJS,CGY,0,0.7497529133427165
2023020847,20232024,2024-02-15,DAL,NSH,0,0.46002277728575264
2023020848,20232024,2024-02-15,DET,VAN,1,0.5991608952427392
2023020849,20232024,2024-02-16,CAR,ARI,0,0.40845131121624184
2023020850,20232024,2024-02-17,EDM,DAL,0,0.4709690874252791
2023020851,20232024,2024-02-17,OTT,CHI,1,0.3831131467555347
2023020852,20232024,2024-02-17,DET,CGY,0,0.5220480249132001
2023020853,20232024,2024-02-17,LAK,BOS,0,0.6266360001544558
2023020854,20232024,2024-02-17,BUF,MIN,0,0.5421325515748111
2023020855,20232024,2024-02-17,NSH,STL,0,0.5757425860759197
2023020856,20232024,2024-02-17,FLA,TBL,0,0.4737301374248327
2023020857,20232024,2024-02-17,WSH,MTL,0,0.5022869054004733
2023020858,20232024,2024-02-17,ANA,TOR,1,0.6979345845206091
2023020859,20232024,2024-02-17,PHI,NJD,1,0.5440140582443784
2023020860,20232024,2024-02-17,WPG,VAN,0,0.5406352505977349
2023020861,20232024,2024-02-17,CBJ,SJS,0,0.5251112284903896
2023020862,20232024,2024-02-17,CAR,VGK,0,0.5551575007641084
2023020863,20232024,2024-02-18,NYR,NYI,0,0.38521521952863563
2023020864,20232024,2024-02-18,ARI,COL,1,0.6732423892340925
2023020865,20232024,2024-02-18,LAK,PIT,0,0.6105354166415957
2023020866,20232024,2024-02-19,ANA,BUF,0,0.67083383959822
2023020867,20232024,2024-02-19,DAL,BOS,1,0.52656246183598
2023020868,20232024,2024-02-19,TOR,STL,0,0.48021812366878125
2023020869,20232024,2024-02-19,VAN,MIN,1,0.4390453239498894
2023020870,20232024,2024-02-19,DET,SEA,0,0.4811920616604896
2023020871,20232024,2024-02-19,EDM,ARI,0,0.22672776691923882
2023020872,20232024,2024-02-19,WPG,CGY,1,0.4086897213204268
2023020873,20232024,2024-02-19,VGK,SJS,0,0.3240678165859997
2023020874,20232024,2024-02-19,CHI,CAR,1,0.7689766011935119
2023020875,20232024,2024-02-19,OTT,TBL,0,0.6264127943774942
2023020876,20232024,2024-02-20,OTT,FLA,1,0.7517373081865043
2023020877,20232024,2024-02-20,DAL,NYR,1,0.6212051821941955
2023020878,20232024,2024-02-20,NYI,PIT,0,0.5768486384935599
2023020879,20232024,2024-02-20,NJD,WSH,1,0.4611741125347667
2023020880,20232024,2024-02-20,MIN,WPG,1,0.5777706361648106
2023020881,20232024,2024-02-20,VAN,COL,1,0.6162389644430705
2023020882,20232024,2024-02-20,NSH,VGK,0,0.4839221913943625
2023020883,20232024,2024-02-20,CBJ,LAK,1,0.6666915586514774
2023020884,20232024,2024-02-21,BUF,MTL,0,0.43481332924282284
2023020885,20232024,2024-02-21,PHI,CHI,0,0.3817392828784903
2023020886,20232024,2024-02-21,CBJ,ANA,0,0.5855138249658568
2023020887,20232024,2024-02-21,TOR,ARI,0,0.3877637562546696
2023020888,20232024,2024-02-21,BOS,EDM,0,0.6086084877555745
2023020889,20232024,2024-02-22,FLA,CAR,1,0.4756305987060535
2023020890,20232024,2024-02-22,COL,DET,1,0.45967977476327254
2023020891,20232024,2024-02-22,NYR,NJD,0,0.453993392347236
2023020892,20232024,2024-02-22,DAL,OTT,1,0.42222312282042795
2023020893,20232024,2024-02-22,MTL,PIT,1,0.6860565043163451
2023020894,20232024,2024-02-22,WSH,TBL,0,0.5774445427029596
2023020895,20232024,2024-02-22,NYI,STL,1,0.5770369730436861
2023020896,20232024,2024-02-22,BOS,CGY,1,0.49466408625287805
2023020897,20232024,2024-02-22,VAN,SEA,1,0.4522178534191097
2023020898,20232024,2024-02-22,TOR,VGK,0,0.5772252558018397
2023020899,20232024,2024-02-22,NSH,LAK,0,0.5325846142636625
2023020900,20232024,2024-02-23,BUF,CBJ,0,0.42756288528292735
2023020901,20232024,2024-02-23,WPG,CHI,0,0.2733003891058562
2023020902,20232024,2024-02-23,MIN,EDM,0,0.6860647101709264
2023020903,20232024,2024-02-24,MTL,NJD,1,0.6363347080479005
2023020904,20232024,2024-02-24,TBL,NYI,0,0.4663120250169694
2023020905,20232024,2024-02-24,NYR,PHI,0,0.4178080238209107
2023020906,20232024,2024-02-24,WSH,FLA,1,0.6776647145778246
2023020907,20232024,2024-02-24,DAL,CAR,0,0.5736040692748321
2023020908,20232024,2024-02-24,TOR,COL,0,0.5209028684554732
2023020909,20232024,2024-02-24,STL,DET,1,0.5431584228797388
2023020910,20232024,2024-02-24,VGK,OTT,1,0.4721753632846788
2023020911,20232024,2024-02-24,BOS,VAN,1,0.49489203988942193
2023020912,20232024,2024-02-24,CGY,EDM,0,0.5842562247260951
2023020913,20232024,2024-02-24,MIN,SEA,0,0.5858728876696307
2023020914,20232024,2024-02-24,NSH,SJS,0,0.31981949561791756
2023020915,20232024,2024-02-24,ANA,LAK,1,0.686823478512425
2023020916,20232024,2024-02-25,TBL,NJD,0,0.47796420079828483
2023020917,20232024,2024-02-25,PHI,PIT,1,0.6048616042299461
2023020918,20232024,2024-02-25,CAR,BUF,1,0.48415820863359177
2023020919,20232024,2024-02-25,NYR,CBJ,1,0.382153239043645
2023020920,20232024,2024-02-25,DET,CHI,0,0.3780150001138872
2023020921,20232024,2024-02-25,ARI,WPG,1,0.7079988019423183
2023020922,20232024,2024-02-25,NSH,ANA,0,0.3224258256536107
2023020923,20232024,2024-02-26,OTT,WSH,1,0.5310862181343698
2023020924,20232024,2024-02-26,NYI,DAL,0,0.6638310321515074
2023020925,20232024,2024-02-26,LAK,EDM,1,0.6588782764631865
2023020926,20232024,2024-02-26,BOS,SEA,1,0.43503167989343905
2023020927,20232024,2024-02-27,WSH,DET,1,0.668970179968102
2023020928,20232024,2024-02-27,BUF,FLA,1,0.6646645937357896
2023020929,20232024,2024-02-27,ARI,MTL,1,0.49639131084728916
2023020930,20232024,2024-02-27,TBL,PHI,1,0.4741369010243604
2023020931,20232024,2024-02-27,VGK,TOR,0,0.6068901712500996
2023020932,20232024,2024-02-27,CAR,MIN,0,0.4453617085757296
2023020933,20232024,2024-02-27,OTT,NSH,1,0.6564127171243753
2023020934,20232024,2024-02-27,STL,WPG,1,0.6002020876857102
2023020935,20232024,2024-02-27,LAK,CGY,1,0.6159031199026015
2023020936,20232024,2024-02-27,DAL,COL,1,0.6038913653985679
2023020937,20232024,2024-02-27,PIT,VAN,0,0.5904115572274745
2023020938,20232024,2024-02-27,NJD,SJS,0,0.36102170031742437
2023020939,20232024,2024-02-28,CBJ,NYR,1,0.709093841797062
2023020940,20232024,2024-02-28,STL,EDM,1,0.7001290089295831
2023020941,20232024,2024-02-29,VGK,BOS,1,0.5473213771024786
2023020942,20232024,2024-02-29,CAR,CBJ,0,0.23532657799541465
2023020943,20232024,2024-02-29,NYI,DET,0,0.6504130642710513
2023020944,20232024,2024-02-29,MTL,FLA,1,0.7558483592064867
2023020945,20232024,2024-02-29,BUF,TBL,0,0.5506422963644685
2023020946,20232024,2024-02-29,ARI,TOR,1,0.6919144832444077
2023020947,20232024,2024-02-29,WPG,DAL,1,0.49511585925536555
2023020948,20232024,2024-02-29,MIN,NSH,1,0.5459961624410723
2023020949,20232024,2024-02-29,COL,CHI,0,0.26794656964947805
2023020950,20232024,2024-02-29,PIT,SEA,1,0.49846483968729205
2023020951,20232024,2024-02-29,LAK,VAN,0,0.6055928595969836
2023020952,20232024,2024-02-29,ANA,SJS,0,0.5386212607105676
2023020953,20232024,2024-03-01,ARI,OTT,0,0.665790389377526
2023020954,20232024,2024-03-01,PHI,WSH,1,0.5014553354392512
2023020955,20232024,2024-03-01,NJD,ANA,1,0.28829033167577284
2023020956,20232024,2024-03-02,WPG,CAR,0,0.5571173644430126
2023020957,20232024,2024-03-02,BOS,NYI,1,0.4082125434714289
2023020958,20232024,2024-03-02,EDM,SEA,0,0.4024403347128445
2023020959,20232024,2024-03-02,COL,NSH,1,0.4768978013314463
2023020960,20232024,2024-03-02,VGK,BUF,1,0.4852173113613275
2023020961,20232024,2024-03-02,FLA,DET,0,0.4314399205000952
2023020962,20232024,2024-03-02,OTT,PHI,1,0.5305347162716084
2023020963,20232024,2024-03-02,MTL,TBL,1,0.6335100753053928
2023020964,20232024,2024-03-02,NYR,TOR,1,0.533055977995265
2023020965,20232024,2024-03-02,CBJ,CHI,0,0.46317155008209393
2023020966,20232024,2024-03-02,SJS,DAL,1,0.7565942055137684
2023020967,20232024,2024-03-02,MIN,STL,1,0.5353987317950855
2023020968,20232024,2024-03-02,PIT,CGY,1,0.5251647428175615
2023020969,20232024,2024-03-03,ARI,WSH,0,0.5993363213008277
2023020970,20232024,2024-03-03,NJD,LAK,1,0.531237954939662
2023020971,20232024,2024-03-03,WPG,BUF,0,0.4267657337448671
2023020972,20232024,2024-03-03,SJS,MIN,1,0.6777537714706826
2023020973,20232024,2024-03-03,VAN,ANA,0,0.3636194483680495
2023020974,20232024,2024-03-03,PIT,EDM,1,0.6452417142492506
2023020975,20232024,2024-03-04,VGK,CBJ,1,0.38924787294580515
2023020976,20232024,2024-03-04,FLA,NYR,0,0.4663008536146179
2023020977,20232024,2024-03-04,STL,PHI,0,0.4974755098531294
2023020978,20232024,2024-03-04,BOS,TOR,0,0.5638931329587077
2023020979,20232024,2024-03-04,CHI,COL,1,0.7815063670689868
2023020980,20232024,2024-03-04,SEA,CGY,0,0.5584554049352448
2023020981,20232024,2024-03-05,EDM,BOS,0,0.3438064981183243
2023020982,20232024,2024-03-05,FLA,NJD,0,0.42283663698231044
2023020983,20232024,2024-03-05,CBJ,PIT,1,0.6806547187899042
2023020984,20232024,2024-03-05,STL,NYI,1,0.5444277243761337
2023020985,20232024,2024-03-05,MTL,NSH,0,0.6841783926093703
2023020986,20232024,2024-03-05,SEA,WPG,0,0.6971481465128889
2023020987,20232024,2024-03-05,CHI,ARI,0,0.7328914418907906
2023020988,20232024,2024-03-05,VAN,LAK,0,0.5021576227734114
2023020989,20232024,2024-03-05,DAL,SJS,0,0.2951310790477185
2023020990,20232024,2024-03-06,BUF,TOR,1,0.6268312402443966
2023020991,20232024,2024-03-06,DET,COL,1,0.5884430654998848
2023020992,20232024,2024-03-06,OTT,ANA,1,0.42952867903856495
2023020993,20232024,2024-03-07,TOR,BOS,1,0.5765269005563716
2023020994,20232024,2024-03-07,MTL,CAR,1,0.6865018315340073
2023020995,20232024,2024-03-07,EDM,CBJ,1,0.27839424476916136
2023020996,20232024,2024-03-07,PHI,FLA,0,0.6948311152220338
2023020997,20232024,2024-03-07,STL,NJD,1,0.4862221612630752
2023020998,20232024,2024-03-07,WSH,PIT,0,0.5587942206012689
2023020999,20232024,2024-03-07,CGY,TBL,0,0.5146605463258603
2023021000,20232024,2024-03-07,BUF,NSH,1,0.6593214381566159
2023021001,20232024,2024-03-07,MIN,ARI,0,0.43511781178326775
2023021002,20232024,2024-03-07,VAN,VGK,0,0.48952589641839794
2023021003,20232024,2024-03-07,OTT,LAK,1,0.6624059364809828
2023021004,20232024,2024-03-07,NYI,SJS,0,0.3616785150593662
2023021005,20232024,2024-03-08,DET,ARI,1,0.29352275590899657
2023021006,20232024,2024-03-08,MIN,COL,1,0.6811969465738512
2023021007,20232024,2024-03-08,DAL,ANA,0,0.3392095160847442
2023021008,20232024,2024-03-08,WPG,SEA,0,0.43914244174531114
2023021009,20232024,2024-03-09,EDM,BUF,1,0.3729938401457526
2023021010,20232024,2024-03-09,NSH,CBJ,0,0.38063445826418074
2023021011,20232024,2024-03-09,CAR,NJD,0,0.4056602729616155
2023021012,20232024,2024-03-09,PIT,BOS,1,0.6290666490870459
2023021013,20232024,2024-03-09,CGY,FLA,1,0.6479576326305541
2023021014,20232024,2024-03-09,TOR,MTL,0,0.37037626238691024
2023021015,20232024,2024-03-09,OTT,SJS,1,0.3797175164166316
2023021016,20232024,2024-03-09,PHI,TBL,1,0.5260389570515396
2023021017,20232024,2024-03-09,CHI,WSH,1,0.7234535498246643
2023021018,20232024,2024-03-09,STL,NYR,1,0.5913508237024037
2023021019,20232024,2024-03-09,WPG,VAN,1,0.5644429896722757
2023021020,20232024,2024-03-09,DET,VGK,1,0.6075996312806273
2023021021,20232024,2024-03-09,DAL,LAK,0,0.5630419575695433
2023021022,20232024,2024-03-10,EDM,PIT,0,0.31568518362829745
2023021023,20232024,2024-03-10,NSH,MIN,1,0.55494776979237
2023021024,20232024,2024-03-10,CGY,CAR,1,0.5950865884016301
2023021025,20232024,2024-03-10,ARI,CHI,1,0.3161217850189234
2023021026,20232024,2024-03-10,NYI,ANA,0,0.3959682290869507
2023021027,20232024,2024-03-11,STL,BOS,0,0.6051856170209644
2023021028,20232024,2024-03-11,NJD,NYR,1,0.6605531583866394
2023021029,20232024,2024-03-11,WSH,WPG,1,0.6312026573227064
2023021030,20232024,2024-03-11,NYI,LAK,1,0.6244235038002185
2023021031,20232024,2024-03-12,DET,BUF,1,0.5213808909547587
2023021032,20232024,2024-03-12,NYR,CAR,0,0.6125030459302426
2023021033,20232024,2024-03-12,CBJ,MTL,1,0.5265241824623945
2023021034,20232024,2024-03-12,PIT,OTT,1,0.5401567412852813
2023021035,20232024,2024-03-12,SJS,PHI,1,0.7030153394656173
2023021036,20232024,2024-03-12,FLA,DAL,0,0.4487328528242533
2023021037,20232024,2024-03-12,ARI,MIN,1,0.6600810140381959
2023021038,20232024,2024-03-12,ANA,CHI,1,0.477476949343123
2023021039,20232024,2024-03-12,COL,CGY,0,0.4408877738772384
2023021040,20232024,2024-03-12,VGK,SEA,0,0.5083128295327746
2023021041,20232024,2024-03-13,LAK,STL,1,0.5129106870132665
2023021042,20232024,2024-03-13,NSH,WPG,0,0.5750616257007486
2023021043,20232024,2024-03-13,WSH,EDM,1,0.6717507917746006
2023021044,20232024,2024-03-13,COL,VAN,0,0.5458561834393929
2023021045,20232024,2024-03-14,NYI,BUF,1,0.5588432827442056
2023021046,20232024,2024-03-14,FLA,CAR,1,0.4815154998288523
2023021047,20232024,2024-03-14,OTT,CBJ,0,0.48723937090360525
2023021048,20232024,2024-03-14,ARI,DET,0,0.6434698609537605
2023021049,20232024,2024-03-14,BOS,MTL,0,0.38047363335106654
2023021050,20232024,2024-03-14,TOR,PHI,0,0.4677079814006218
2023021051,20232024,2024-03-14,SJS,PIT,1,0.6444750798493575
2023021052,20232024,2024-03-14,NYR,TBL,1,0.41367356653356124
2023021053,20232024,2024-03-14,NJD,DAL,0,0.6248707745412942
2023021054,20232024,2024-03-14,ANA,MIN,1,0.7019634903309979
2023021055,20232024,2024-03-14,VGK,CGY,1,0.49809904863226606
2023021056,20232024,2024-03-14,WSH,SEA,0,0.6319823302805285
2023021057,20232024,2024-03-15,ANA,WPG,1,0.8125064970263931
2023021058,20232024,2024-03-15,LAK,CHI,0,0.3220112173763613
2023021059,20232024,2024-03-16,BUF,DET,1,0.48545284669450534
2023021060,20232024,2024-03-16,OTT,NYI,0,0.5630888593746407
2023021061,20232024,2024-03-16,NYR,PIT,0,0.34557249369648635
2023021062,20232024,2024-03-16,NJD,ARI,1,0.418493744645497
2023021063,20232024,2024-03-16,TBL,FLA,0,0.6104097102459051
2023021064,20232024,2024-03-16,PHI,BOS,1,0.6111081333232953
2023021065,20232024,2024-03-16,SJS,CBJ,1,0.6187890761696822
2023021066,20232024,2024-03-16,MTL,CGY,1,0.6280698918536247
2023021067,20232024,2024-03-16,CAR,TOR,0,0.4822645731336535
2023021068,20232024,2024-03-16,LAK,DAL,1,0.614020834281955
2023021069,20232024,2024-03-16,MIN,STL,1,0.5135352388974253
2023021070,20232024,2024-03-16,COL,EDM,0,0.5448607598284355
2023021071,20232024,2024-03-16,NSH,SEA,0,0.44848114072924994
2023021072,20232024,2024-03-16,WSH,VAN,0,0.6124574443351276
2023021073,20232024,2024-03-17,NYI,NYR,1,0.6492677509842798
2023021074,20232024,2024-03-17,NJD,VGK,1,0.6192139389367405
2023021075,20232024,2024-03-17,WPG,CBJ,0,0.2370473462362939
2023021076,20232024,2024-03-17,SJS,CHI,1,0.6181063666540595
2023021077,20232024,2024-03-17,CAR,OTT,0,0.3353017032233211
2023021078,20232024,2024-03-17,DET,PIT,1,0.4443981843671976
2023021079,20232024,2024-03-17,ANA,STL,1,0.6356024472080668
2023021080,20232024,2024-03-18,WSH,CGY,0,0.5579051487592276
2023021081,20232024,2024-03-18,BUF,SEA,0,0.4836513417713712
2023021082,20232024,2024-03-19,OTT,BOS,1,0.6309150183087338
2023021083,20232024,2024-03-19,CBJ,DET,1,0.6291487349719503
2023021084,20232024,2024-03-19,PIT,NJD,1,0.5734298424948959
2023021085,20232024,2024-03-19,WPG,NYR,0,0.5403746259702525
2023021086,20232024,2024-03-19,TOR,PHI,1,0.4173636845999711
2023021087,20232024,2024-03-19,CAR,NYI,0,0.3564247300468956
2023021088,20232024,2024-03-19,SJS,NSH,1,0.7899165091618106
2023021089,20232024,2024-03-19,COL,STL,0,0.4266818803811039
2023021090,20232024,2024-03-19,MTL,EDM,1,0.7532110902974309
2023021091,20232024,2024-03-19,MIN,ANA,0,0.326331194581735
2023021092,20232024,2024-03-19,CHI,LAK,1,0.7295425690982871
2023021093,20232024,2024-03-19,BUF,VAN,1,0.633027323195584
2023021094,20232024,2024-03-19,TBL,VGK,0,0.48370080487792155
2023021095,20232024,2024-03-20,TOR,WSH,0,0.5243925273949543
2023021096,20232024,2024-03-20,ARI,DAL,1,0.6879015124539035
2023021097,20232024,2024-03-20,MIN,LAK,1,0.5016935475108015
2023021098,20232024,2024-03-21,NYR,BOS,0,0.471908426131101
2023021099,20232024,2024-03-21,PHI,CAR,1,0.6969247645674644
2023021100,20232024,2024-03-21,NYI,DET,1,0.5467118419855379
2023021101,20232024,2024-03-21,NSH,FLA,0,0.5458489353973035
2023021102,20232024,2024-03-21,WPG,NJD,1,0.3836630731022209
2023021103,20232024,2024-03-21,STL,OTT,0,0.4534279975564083
2023021104,20232024,2024-03-21,BUF,EDM,1,0.6434342777058525
2023021105,20232024,2024-03-21,CHI,ANA,1,0.5481314490160902
2023021106,20232024,2024-03-21,MTL,VAN,1,0.6945290376694075
2023021107,20232024,2024-03-21,SEA,VGK,1,0.5782148513147882
2023021108,20232024,2024-03-21,TBL,SJS,0,0.2441090860874232
2023021109,20232024,2024-03-22,CAR,WSH,1,0.44227703675270996
2023021110,20232024,2024-03-22,PIT,DAL,1,0.6721973694461744
2023021111,20232024,2024-03-22,CBJ,COL,1,0.7627159508545395
2023021112,20232024,2024-03-22,SEA,ARI,1,0.532506725917118
2023021113,20232024,2024-03-23,WPG,NYI,1,0.36707170764839764
2023021114,20232024,2024-03-23,BOS,PHI,1,0.4452480308857056
2023021115,20232024,2024-03-23,STL,MIN,0,0.5091943812556338
2023021116,20232024,2024-03-23,DET,NSH,1,0.6579256906809622
2023021117,20232024,2024-03-23,OTT,NJD,0,0.5968502630629485
2023021118,20232024,2024-03-23,EDM,TOR,1,0.45536745951003677
2023021119,20232024,2024-03-23,FLA,NYR,1,0.5248956824965105
2023021120,20232024,2024-03-23,CGY,VAN,1,0.621418788350292
2023021121,20232024,2024-03-23,TBL,LAK,1,0.4819655978104472
2023021122,20232024,2024-03-23,CHI,SJS,0,0.5074410428501541
2023021123,20232024,2024-03-23,CBJ,VGK,1,0.7306649524908244
2023021124,20232024,2024-03-24,WPG,WSH,1,0.5000485786186085
2023021125,20232024,2024-03-24,PIT,COL,1,0.7324255079665968
2023021126,20232024,2024-03-24,NJD,NYI,0,0.4932080514399781
2023021127,20232024,2024-03-24,TOR,CAR,1,0.6349993145294537
2023021128,20232024,2024-03-24,EDM,OTT,1,0.29191546449488753
2023021129,20232024,2024-03-24,FLA,PHI,0,0.3478198688673822
2023021130,20232024,2024-03-24,DAL,ARI,0,0.36452581300617964
2023021131,20232024,2024-03-24,TBL,ANA,0,0.35022497645932044
2023021132,20232024,2024-03-24,BUF,CGY,0,0.42466651436743974
2023021133,20232024,2024-03-24,MTL,SEA,0,0.6038657672742342
2023021134,20232024,2024-03-25,VGK,STL,0,0.5632345954960046
2023021135,20232024,2024-03-25,LAK,VAN,0,0.5543496953100462
2023021136,20232024,2024-03-26,BOS,FLA,0,0.6247617567438716
2023021137,20232024,2024-03-26,PHI,NYR,1,0.6740607755648494
2023021138,20232024,2024-03-26,CAR,PIT,1,0.31853589015728795
2023021139,20232024,2024-03-26,NJD,TOR,0,0.650442615242933
2023021140,20232024,2024-03-26,DET,WSH,1,0.5630811155078109
2023021141,20232024,2024-03-26,VGK,NSH,1,0.6913018829457781
2023021142,20232024,2024-03-26,EDM,WPG,0,0.47957081020494696
2023021143,20232024,2024-03-26,CGY,CHI,1,0.31352404594436656
2023021144,20232024,2024-03-26,MTL,COL,0,0.7430797255369355
2023021145,20232024,2024-03-26,CBJ,ARI,1,0.5662254618142392
2023021146,20232024,2024-03-26,ANA,SEA,1,0.6437760085075727
2023021147,20232024,2024-03-26,DAL,SJS,0,0.22616213656718906
2023021148,20232024,2024-03-27,OTT,BUF,0,0.6166124646527231
2023021149,20232024,2024-03-27,BOS,TBL,1,0.6142213478621343
2023021150,20232024,2024-03-28,DET,CAR,1,0.670194043591345
2023021151,20232024,2024-03-28,NYI,FLA,0,0.7098641561971172
2023021152,20232024,2024-03-28,PHI,MTL,1,0.47565727842302846
2023021153,20232024,2024-03-28,CHI,OTT,1,0.5724975400490072
2023021154,20232024,2024-03-28,CBJ,PIT,1,0.6253048123733002
2023021155,20232024,2024-03-28,WSH,TOR,1,0.6154401723802765
2023021156,20232024,2024-03-28,SJS,MIN,1,0.7537656137994495
2023021157,20232024,2024-03-28,CGY,STL,1,0.567320786542553
2023021158,20232024,2024-03-28,VGK,WPG,0,0.6002363038107849
2023021159,20232024,2024-03-28,NYR,COL,0,0.5264835664259546
2023021160,20232024,2024-03-28,LAK,EDM,1,0.6319303029623959
2023021161,20232024,2024-03-28,NSH,ARI,1,0.32314246390374474
2023021162,20232024,2024-03-28,ANA,SEA,1,0.6596972268214584
2023021163,20232024,2024-03-28,DAL,VAN,0,0.5104284007615011
2023021164,20232024,2024-03-29,NJD,BUF,1,0.5354759850428449
2023021165,20232024,2024-03-30,DET,FLA,1,0.673617924222709
2023021166,20232024,2024-03-30,VGK,MIN,0,0.5271660966018367
2023021167,20232024,2024-03-30,ANA,EDM,1,0.8171261524987095
2023021168,20232024,2024-03-30,NYR,ARI,0,0.32394839952186383
2023021169,20232024,2024-03-30,NSH,COL,1,0.551948488447957
2023021170,20232024,2024-03-30,TOR,BUF,0,0.32623127625250425
2023021171,20232024,2024-03-30,PIT,CBJ,1,0.4304142177824437
2023021172,20232024,2024-03-30,CAR,MTL,0,0.3268971692044728
2023021173,20232024,2024-03-30,CHI,PHI,0,0.6810789769709382
2023021174,20232024,2024-03-30,NYI,TBL,1,0.6309610570059839
2023021175,20232024,2024-03-30,OTT,WPG,0,0.6547607259747625
2023021176,20232024,2024-03-30,BOS,WSH,0,0.48510826868554513
2023021177,20232024,2024-03-30,SJS,STL,0,0.7854873292973148
2023021178,20232024,2024-03-30,LAK,CGY,1,0.45507826650924205
2023021179,20232024,2024-03-30,DAL,SEA,0,0.393258108998131
2023021180,20232024,2024-03-31,ANA,VAN,1,0.811380126614353
2023021181,20232024,2024-04-01,COL,CBJ,1,0.2791237178033069
2023021182,20232024,2024-04-01,PIT,NYR,0,0.7118507559472225
2023021183,20232024,2024-04-01,NYI,PHI,0,0.5165078500638071
2023021184,20232024,2024-04-01,DET,TBL,0,0.6471045477010262
2023021185,20232024,2024-04-01,FLA,TOR,1,0.5266143329085266
2023021186,20232024,2024-04-01,EDM,STL,1,0.38824683717737246
2023021187,20232024,2024-04-01,LAK,WPG,1,0.5523390030634583
2023021188,20232024,2024-04-01,SEA,SJS,0,0.3503256152678657
2023021189,20232024,2024-04-02,WSH,BUF,1,0.5426459346556213
2023021190,20232024,2024-04-02,FLA,MTL,1,0.41067357751380906
2023021191,20232024,2024-04-02,PIT,NJD,0,0.6296959627970701
2023021192,20232024,2024-04-02,CHI,NYI,1,0.5790933963710537
2023021193,20232024,2024-04-02,OTT,MIN,1,0.5838195629576125
2023021194,20232024,2024-04-02,BOS,NSH,0,0.5571695313650121
2023021195,20232024,2024-04-02,ANA,CGY,0,0.6920890690234217
2023021196,20232024,2024-04-02,VAN,VGK,1,0.4800499717561904
2023021197,20232024,2024-04-03,TBL,TOR,0,0.5815260156948414
2023021198,20232024,2024-04-03,NJD,NYR,1,0.738580929472724
2023021199,20232024,2024-04-03,EDM,DAL,1,0.4752125616463674
2023021200,20232024,2024-04-03,VAN,ARI,0,0.4414422992099134
2023021201,20232024,2024-04-03,SEA,LAK,1,0.6169097013109505
2023021202,20232024,2024-04-04,BOS,CAR,0,0.5748775751012626
2023021203,20232024,2024-04-04,NYI,CBJ,0,0.42749509682129744
2023021204,20232024,2024-04-04,TBL,MTL,0,0.4528318910572222
2023021205,20232024,2024-04-04,FLA,OTT,0,0.3883909252518787
2023021206,20232024,2024-04-04,PIT,WSH,0,0.5442733236157455
2023021207,20232024,2024-04-04,COL,MIN,0,0.4404035688802917
2023021208,20232024,2024-04-04,STL,NSH,1,0.5986164319795958
2023021209,20232024,2024-04-04,CGY,WPG,1,0.606121544050319
2023021210,20232024,2024-04-04,LAK,SJS,0,0.3247386373678682
2023021211,20232024,2024-04-05,PHI,BUF,1,0.6050808482652644
2023021212,20232024,2024-04-05,WSH,CAR,1,0.6512866219479713
2023021213,20232024,2024-04-05,NYR,DET,0,0.3809517588443117
2023021214,20232024,2024-04-05,COL,EDM,1,0.615484947579649
2023021215,20232024,2024-04-05,SEA,ANA,0,0.40900592563436505
2023021216,20232024,2024-04-05,VGK,ARI,1,0.4005203949009685
2023021217,20232024,2024-04-06,TBL,PIT,1,0.41944009288602135
2023021218,20232024,2024-04-06,FLA,BOS,1,0.4936239689897933
2023021219,20232024,2024-04-06,WPG,MIN,0,0.4716126459032561
2023021220,20232024,2024-04-06,DAL,CHI,1,0.24389705210202728
2023021221,20232024,2024-04-06,STL,SJS,1,0.28654266615162904
2023021222,20232024,2024-04-06,PHI,CBJ,1,0.5194030163317909
2023021223,20232024,2024-04-06,TOR,MTL,0,0.34337802091452607
2023021224,20232024,2024-04-06,NJD,OTT,0,0.5133585415697444
2023021225,20232024,2024-04-06,NSH,NYI,1,0.41205930645188205
2023021226,20232024,2024-04-06,EDM,CGY,0,0.4507087073705696
2023021227,20232024,2024-04-06,VAN,LAK,1,0.5059422362428169
2023021228,20232024,2024-04-07,BUF,DET,1,0.49718027633619727
2023021229,20232024,2024-04-07,MIN,CHI,0,0.33871519638223124
2023021230,20232024,2024-04-07,CBJ,CAR,1,0.815291933330599
2023021231,20232024,2024-04-07,ARI,SJS,0,0.2797584444688244
2023021232,20232024,2024-04-07,OTT,WSH,0,0.6328177185698612
2023021233,20232024,2024-04-07,NSH,NJD,0,0.4092538291724856
2023021234,20232024,2024-04-07,MTL,NYR,1,0.7892308633303404
2023021235,20232024,2024-04-07,STL,ANA,0,0.4219734444785527
2023021236,20232024,2024-04-07,DAL,COL,0,0.6095573563934849
2023021237,20232024,2024-04-08,PIT,TOR,1,0.6546211258114051
2023021238,20232024,2024-04-08,VGK,VAN,1,0.5490705156824077
2023021239,20232024,2024-04-09,CAR,BOS,0,0.48400414367817063
2023021240,20232024,2024-04-09,WSH,DET,0,0.5597192261688996
2023021241,20232024,2024-04-09,OTT,FLA,1,0.6748603730948488
2023021242,20232024,2024-04-09,PHI,MTL,1,0.5155872528172161
2023021243,20232024,2024-04-09,TOR,NJD,0,0.46574063524661696
2023021244,20232024,2024-04-09,NYR,NYI,1,0.3647892987963232
2023021245,20232024,2024-04-09,CBJ,TBL,1,0.7205865654249444
2023021246,20232024,2024-04-09,BUF,DAL,1,0.6323656128308545
2023021247,20232024,2024-04-09,WPG,NSH,0,0.543928897544572
2023021248,20232024,2024-04-09,MIN,COL,1,0.616064438518427
2023021249,20232024,2024-04-09,LAK,ANA,1,0.3169741887974471
2023021250,20232024,2024-04-09,ARI,SEA,1,0.5223966095153842
2023021251,20232024,2024-04-09,CGY,SJS,0,0.3275858614259421
2023021252,20232024,2024-04-10,CHI,STL,1,0.7042432098448596
2023021253,20232024,2024-04-10,VGK,EDM,1,0.6191459672803477
2023021254,20232024,2024-04-10,ARI,VAN,0,0.7193841968089574
2023021255,20232024,2024-04-11,WSH,BUF,1,0.5600513986712375
2023021256,20232024,2024-04-11,CBJ,FLA,1,0.7593615126105369
2023021257,20232024,2024-04-11,PHI,NYR,0,0.7196846843020491
2023021258,20232024,2024-04-11,DET,PIT,1,0.5192725514126241
2023021259,20232024,2024-04-11,OTT,TBL,0,0.6691211307974642
2023021260,20232024,2024-04-11,NJD,TOR,0,0.6768708690354356
2023021261,20232024,2024-04-11,MTL,NYI,1,0.6012917495891243
2023021262,20232024,2024-04-11,WPG,DAL,0,0.5643357204186978
2023021263,20232024,2024-04-11,SJS,SEA,0,0.7147471924782551
2023021264,20232024,2024-04-11,CGY,LAK,1,0.5837854706542055
2023021265,20232024,2024-04-12,CAR,STL,0,0.39886268254162116
2023021266,20232024,2024-04-12,NSH,CHI,0,0.30335075045781296
2023021267,20232024,2024-04-12,ARI,EDM,0,0.7356108707410492
2023021268,20232024,2024-04-12,CGY,ANA,0,0.46614387826096126
2023021269,20232024,2024-04-12,MIN,VGK,1,0.5585465280359571
2023021270,20232024,2024-04-13,NYI,NYR,1,0.6412088645521109
2023021271,20232024,2024-04-13,SEA,DAL,1,0.6883600271504531
2023021272,20232024,2024-04-13,WPG,COL,0,0.5347354645137035
2023021273,20232024,2024-04-13,BUF,FLA,1,0.6371485210403472
2023021274,20232024,2024-04-13,NJD,PHI,1,0.4779479769989077
2023021275,20232024,2024-04-13,TBL,WSH,1,0.422248231977081
2023021276,20232024,2024-04-13,MTL,OTT,1,0.5822594614870809
2023021277,20232024,2024-04-13,DET,TOR,0,0.6420506251084312
2023021278,20232024,2024-04-13,CBJ,NSH,1,0.636335370671618
2023021279,20232024,2024-04-13,BOS,PIT,0,0.435871422879813
2023021280,20232024,2024-04-13,VAN,EDM,0,0.5279650208044283
2023021281,20232024,2024-04-13,ANA,LAK,1,0.7823592943347976
2023021282,20232024,2024-04-13,MIN,SJS,0,0.3976714039613327
2023021283,20232024,2024-04-14,SEA,STL,1,0.6744057430773471
2023021284,20232024,2024-04-14,COL,VGK,1,0.555186778028462
2023021285,20232024,2024-04-14,CAR,CHI,0,0.21652681771344337
2023021286,20232024,2024-04-14,ARI,CGY,1,0.5520386190407407
2023021287,20232024,2024-04-15,MTL,DET,1,0.626230784101772
2023021288,20232024,2024-04-15,NYI,NJD,0,0.5120975941441144
2023021289,20232024,2024-04-15,NSH,PIT,1,0.42482995834112214
2023021290,20232024,2024-04-15,BUF,TBL,0,0.5883193777591619
2023021291,20232024,2024-04-15,BOS,WSH,1,0.41593261256879993
2023021292,20232024,2024-04-15,OTT,NYR,1,0.6644946274338431
2023021293,20232024,2024-04-15,SJS,EDM,1,0.8281245433284581
2023021294,20232024,2024-04-15,MIN,LAK,0,0.5703122136041967
2023021295,20232024,2024-04-16,OTT,BOS,0,0.6325873327266551
2023021296,20232024,2024-04-16,CAR,CBJ,1,0.2426867732337201
2023021297,20232024,2024-04-16,TOR,FLA,1,0.5624457132478877
2023021298,20232024,2024-04-16,DET,MTL,0,0.413538747061367
2023021299,20232024,2024-04-16,WSH,PHI,0,0.5316168843007487
2023021300,20232024,2024-04-16,SEA,WPG,1,0.7071258521521228
2023021301,20232024,2024-04-16,CHI,VGK,1,0.7420115039806937
2023021302,20232024,2024-04-16,CGY,VAN,1,0.6082971216656967
2023021303,20232024,2024-04-17,PIT,NYI,1,0.5416423662130804
2023021304,20232024,2024-04-17,TOR,TBL,1,0.5919700040600995
2023021305,20232024,2024-04-17,STL,DAL,1,0.6179787301748828
2023021306,20232024,2024-04-17,EDM,ARI,1,0.32644975207869914
2023021307,20232024,2024-04-18,SEA,MIN,0,0.6037193607226164
2023021308,20232024,2024-04-18,VAN,WPG,1,0.5787824797510821
2023021309,20232024,2024-04-18,SJS,CGY,1,0.7310706933087968
2023021310,20232024,2024-04-18,EDM,COL,1,0.5621198953810198
2023021311,20232024,2024-04-18,ANA,VGK,0,0.7656262376485542
2023021312,20232024,2024-04-18,CHI,LAK,1,0.7206490793802108
2024020001,20242025,2024-10-04,NJD,BUF,0,0.6564757512212993
2024020002,20242025,2024-10-05,BUF,NJD,1,0.4468685587090373
2024020003,20242025,2024-10-08,STL,SEA,0,0.5376570252018035
2024020004,20242025,2024-10-08,BOS,FLA,1,0.6316419809434887
2024020005,20242025,2024-10-08,CHI,UTA,1,0.7407524779892469
2024020006,20242025,2024-10-09,TOR,MTL,1,0.46000178309421125
2024020007,20242025,2024-10-09,NYR,PIT,0,0.48538361365702654
2024020008,20242025,2024-10-09,WPG,EDM,0,0.5738204834783601
2024020009,20242025,2024-10-09,CGY,VAN,0,0.6744250828931905
2024020010,20242025,2024-10-09,COL,VGK,1,0.563571885515635
2024020011,20242025,2024-10-10,MTL,BOS,1,0.7891044790748091
2024020012,20242025,2024-10-10,LAK,BUF,0,0.5675090431642423
2024020013,20242025,2024-10-10,FLA,OTT,1,0.5080627957244637
2024020014,20242025,2024-10-10,PIT,DET,0,0.6977523327546866
2024020015,20242025,2024-10-10,TOR,NJD,0,0.4201562492755752
2024020016,20242025,2024-10-10,UTA,NYI,0,0.6263360788073329
2024020017,20242025,2024-10-10,DAL,NSH,0,0.5636789471960242
2024020018,20242025,2024-10-10,CBJ,MIN,1,0.6885663266795508
2024020019,20242025,2024-10-10,STL,SJS,0,0.38853853646465936
2024020020,20242025,2024-10-11,TBL,CAR,0,0.6731055484874487
2024020021,20242025,2024-10-11,CHI,WPG,1,0.8033171136766547
2024020022,20242025,2024-10-11,PHI,VAN,0,0.6823020926470784
2024020023,20242025,2024-10-11,STL,VGK,1,0.6752144620928404
2024020024,20242025,2024-10-12,LAK,BOS,1,0.5760857974056143
2024020025,20242025,2024-10-12,FLA,BUF,1,0.46602964327801244
2024020026,20242025,2024-10-12,PIT,TOR,1,0.6495313550193762
2024020027,20242025,2024-10-12,OTT,MTL,1,0.4552096039063254
2024020028,20242025,2024-10-12,NSH,DET,1,0.4073271298657732
2024020030,20242025,2024-10-12,UTA,NYR,0,0.7283245572711128
2024020031,20242025,2024-10-12,NJD,WSH,0,0.6443352496687297
2024020032,20242025,2024-10-12,NYI,DAL,1,0.4887148451580061
2024020033,20242025,2024-10-12,SEA,MIN,0,0.46144355703939127
2024020034,20242025,2024-10-12,CBJ,COL,0,0.5836300724520882
2024020035,20242025,2024-10-12,PHI,CGY,1,0.6034481672786015
2024020036,20242025,2024-10-12,CHI,EDM,0,0.6879319017833532
2024020037,20242025,2024-10-12,ANA,SJS,0,0.5330766661876711
2024020038,20242025,2024-10-13,MIN,WPG,1,0.7225413980248322
2024020039,20242025,2024-10-13,SEA,DAL,1,0.6424053410050944
2024020040,20242025,2024-10-13,CGY,EDM,0,0.5754528620873021
2024020041,20242025,2024-10-13,ANA,VGK,1,0.7426028791154384
2024020042,20242025,2024-10-14,FLA,BOS,0,0.4966426416586755
2024020043,20242025,2024-10-14,LAK,OTT,1,0.4688469733402604
2024020044,20242025,2024-10-14,UTA,NJD,1,0.5302580842204904
2024020045,20242025,2024-10-14,DET,NYR,1,0.6920341958314183
2024020046,20242025,2024-10-14,PIT,MTL,0,0.47224786743509356
2024020047,20242025,2024-10-14,NYI,COL,0,0.5213436893469443
2024020048,20242025,2024-10-15,VAN,TBL,1,0.49835646677435325
2024020049,20242025,2024-10-15,VGK,WSH,1,0.5504867810867811
2024020050,20242025,2024-10-15,NJD,CAR,1,0.7222272970818868
2024020051,20242025,2024-10-15,FLA,CBJ,0,0.45645324343693505
2024020052,20242025,2024-10-15,MIN,STL,0,0.5093908000724151
2024020053,20242025,2024-10-15,SEA,NSH,0,0.6500581567014867
2024020054,20242025,2024-10-15,SJS,DAL,1,0.7549900090412114
2024020055,20242025,2024-10-15,CHI,CGY,1,0.6173438552068695
2024020056,20242025,2024-10-15,PHI,EDM,1,0.6189986710956223
2024020057,20242025,2024-10-16,BUF,PIT,1,0.5014350711906359
2024020058,20242025,2024-10-16,LAK,TOR,1,0.5330386910671596
2024020059,20242025,2024-10-16,BOS,COL,0,0.5045214054331713
2024020060,20242025,2024-10-16,UTA,ANA,1,0.42521299201691115
2024020061,20242025,2024-10-17,LAK,MTL,0,0.4808859579465812
2024020062,20242025,2024-10-17,NJD,OTT,0,0.5078433648094097
2024020063,20242025,2024-10-17,NYR,DET,0,0.37804079874190544
2024020064,20242025,2024-10-17,VGK,TBL,1,0.5678250830959678
2024020065,20242025,2024-10-17,VAN,FLA,0,0.5326020204489439
2024020066,20242025,2024-10-17,DAL,WSH,1,0.45432960309040216
2024020067,20242025,2024-10-17,BUF,CBJ,1,0.5285370790541302
2024020068,20242025,2024-10-17,NYI,STL,1,0.47042013683984035
2024020069,20242025,2024-10-17,EDM,NSH,0,0.5764413099549089
2024020070,20242025,2024-10-17,SJS,CHI,1,0.5666454785655292
2024020071,20242025,2024-10-17,PHI,SEA,1,0.5509027625724326
2024020072,20242025,2024-10-18,CAR,PIT,0,0.4045295704757079
2024020073,20242025,2024-10-18,SJS,WPG,1,0.8096891426799848
2024020074,20242025,2024-10-18,ANA,COL,1,0.6776111782613967
2024020075,20242025,2024-10-19,TBL,OTT,1,0.4590812332854768
2024020076,20242025,2024-10-19,DET,NSH,0,0.5755633665731883
2024020077,20242025,2024-10-19,EDM,DAL,1,0.6169918181060116
2024020078,20242025,2024-10-19,VGK,FLA,1,0.5612397246495201
2024020079,20242025,2024-10-19,NYR,TOR,0,0.4460238508234792
2024020080,20242025,2024-10-19,WSH,NJD,0,0.5248442356554173
2024020081,20242025,2024-10-19,MTL,NYI,1,0.6816058675028913
2024020082,20242025,2024-10-19,VAN,PHI,0,0.42973523977694295
2024020083,20242025,2024-10-19,MIN,CBJ,0,0.4568496410079288
2024020084,20242025,2024-10-19,CAR,STL,1,0.4839732027291171
2024020085,20242025,2024-10-19,BUF,CHI,0,0.411597457159859
2024020086,20242025,2024-10-19,BOS,UTA,1,0.46738984202123357
2024020087,20242025,2024-10-19,CGY,SEA,1,0.5260929612822461
2024020088,20242025,2024-10-20,PIT,WPG,1,0.6704206623576197
2024020089,20242025,2024-10-20,COL,SJS,0,0.3286837774343674
2024020090,20242025,2024-10-20,LAK,ANA,0,0.39251267147564317
2024020091,20242025,2024-10-21,TBL,TOR,1,0.5311049718350168
2024020092,20242025,2024-10-22,WSH,PHI,0,0.4680426105284857
2024020093,20242025,2024-10-22,MIN,FLA,0,0.5836946001895604
2024020094,20242025,2024-10-22,TBL,NJD,0,0.5364189483560334
2024020095,20242025,2024-10-22,DAL,BUF,1,0.42037691502911256
2024020096,20242025,2024-10-22,NYR,MTL,0,0.2922791358770038
2024020097,20242025,2024-10-22,TOR,CBJ,1,0.4544566709801202
2024020098,20242025,2024-10-22,DET,NYI,0,0.5728506350160598
2024020099,20242025,2024-10-22,WPG,STL,0,0.403613790216154
2024020100,20242025,2024-10-22,VAN,CHI,0,0.35604425117519456
2024020101,20242025,2024-10-22,BOS,NSH,1,0.49083402262883835
2024020102,20242025,2024-10-22,PIT,CGY,1,0.549847567219973
2024020103,20242025,2024-10-22,CAR,EDM,0,0.418488773803096
2024020104,20242025,2024-10-22,OTT,UTA,0,0.5483272102402997
2024020105,20242025,2024-10-22,SJS,ANA,1,0.6115920231291302
2024020106,20242025,2024-10-22,COL,SEA,0,0.472761322393545
2024020107,20242025,2024-10-22,LAK,VGK,1,0.52738675545494
2024020108,20242025,2024-10-23,PHI,WSH,1,0.5938867699027899
2024020109,20242025,2024-10-24,DAL,BOS,0,0.4750729221661595
2024020110,20242025,2024-10-24,STL,TOR,0,0.5761386926932611
2024020111,20242025,2024-10-24,NJD,DET,1,0.5558290806950564
2024020112,20242025,2024-10-24,MIN,TBL,0,0.5630897339735477
2024020113,20242025,2024-10-24,FLA,NYR,0,0.6416463609012469
2024020114,20242025,2024-10-24,CAR,CGY,0,0.4077437321547016
2024020115,20242025,2024-10-24,COL,UTA,0,0.4961281642080186
2024020116,20242025,2024-10-24,WPG,SEA,0,0.37719165647044683
2024020117,20242025,2024-10-24,SJS,LAK,1,0.7368488984583985
2024020118,20242025,2024-10-25,OTT,VGK,1,0.5774011342885182
2024020119,20242025,2024-10-25,NYI,NJD,0,0.37138352781731493
2024020120,20242025,2024-10-25,NSH,CHI,0,0.36393636166155185
2024020121,20242025,2024-10-25,PIT,EDM,1,0.5732082612182995
2024020122,20242025,2024-10-26,DET,BUF,1,0.5176756832219735
2024020123,20242025,2024-10-26,MIN,PHI,1,0.4101741940091575
2024020124,20242025,2024-10-26,UTA,LAK,1,0.5643399050633058
2024020125,20242025,2024-10-26,TOR,BOS,1,0.5321247472684679
2024020126,20242025,2024-10-26,STL,MTL,1,0.39097304813750744
2024020127,20242025,2024-10-26,WSH,TBL,1,0.5652606997500734
2024020128,20242025,2024-10-26,ANA,NYR,1,0.7796303716108789
2024020129,20242025,2024-10-26,WPG,CGY,0,0.4010455218779408
2024020130,20242025,2024-10-26,FLA,NYI,0,0.4080340150102363
2024020131,20242025,2024-10-26,CBJ,NSH,1,0.5312208227824297
2024020132,20242025,2024-10-26,CHI,DAL,1,0.8070963598261569
2024020133,20242025,2024-10-26,PIT,VAN,1,0.6805268311880419
2024020134,20242025,2024-10-26,SJS,VGK,1,0.6868534700082785
2024020135,20242025,2024-10-26,CAR,SEA,0,0.37882010195378696
2024020136,20242025,2024-10-27,EDM,DET,0,0.41006099936075036
2024020137,20242025,2024-10-27,ANA,NJD,1,0.6773746255431987
2024020138,20242025,2024-10-27,MTL,PHI,0,0.5273868542707222
2024020139,20242025,2024-10-27,OTT,COL,1,0.5639926827027075
2024020140,20242025,2024-10-28,FLA,BUF,0,0.46709461819532744
2024020141,20242025,2024-10-28,NSH,TBL,1,0.5705539447944095
2024020142,20242025,2024-10-28,EDM,CBJ,1,0.5135683921626568
2024020143,20242025,2024-10-28,TOR,WPG,0,0.6271657322018866
2024020144,20242025,2024-10-28,CHI,COL,0,0.6155087118170229
2024020145,20242025,2024-10-28,SJS,UTA,0,0.7162158274158709
2024020146,20242025,2024-10-28,CAR,VAN,0,0.4515811066879757
2024020147,20242025,2024-10-28,CGY,VGK,1,0.5934938616558508
2024020148,20242025,2024-10-29,PHI,BOS,0,0.6451357206252246
2024020149,20242025,2024-10-29,SEA,MTL,0,0.4827850529853155
2024020150,20242025,2024-10-29,STL,OTT,1,0.5260915458379353
2024020151,20242025,2024-10-29,NYR,WSH,1,0.4050945104011799
2024020152,20242025,2024-10-29,ANA,NYI,0,0.6695434258468045
2024020153,20242025,2024-10-29,MIN,PIT,0,0.46489167307561
2024020154,20242025,2024-10-29,LAK,SJS,1,0.2355697129931031
2024020155,20242025,2024-10-30,NYI,CBJ,1,0.5491293937436623
2024020156,20242025,2024-10-30,WPG,DET,0,0.4047539733144661
2024020157,20242025,2024-10-30,TBL,COL,0,0.48952571065500877
2024020158,20242025,2024-10-30,CGY,UTA,1,0.5175400330808643
2024020159,20242025,2024-10-30,NJD,VAN,0,0.6027177240772772
2024020160,20242025,2024-10-30,VGK,LAK,1,0.37069892448108616
2024020161,20242025,2024-10-31,SEA,TOR,1,0.5898965792870081
2024020162,20242025,2024-10-31,STL,PHI,1,0.4693632193903868
2024020163,20242025,2024-10-31,ANA,PIT,1,0.6002548828584044
2024020164,20242025,2024-10-31,MTL,WSH,1,0.6695681594926002
2024020165,20242025,2024-10-31,BOS,CAR,1,0.6280481228749851
2024020166,20242025,2024-10-31,EDM,NSH,0,0.5407226023658452
2024020167,20242025,2024-10-31,CHI,SJS,1,0.453896669510459
2024020168,20242025,2024-11-01,FLA,DAL,0,0.5458393722946783
2024020169,20242025,2024-11-01,NYI,BUF,0,0.5212565072034604
2024020170,20242025,2024-11-01,OTT,NYR,1,0.6436240566862691
2024020171,20242025,2024-11-01,WPG,CBJ,0,0.3629426090119622
2024020172,20242025,2024-11-01,TBL,MIN,1,0.4788445130248555
2024020173,20242025,2024-11-01,NJD,CGY,1,0.49908975531637756
2024020174,20242025,2024-11-02,DAL,FLA,1,0.49327937515973264
2024020175,20242025,2024-11-02,BOS,PHI,0,0.46396332393131623
2024020176,20242025,2024-11-02,CHI,LAK,0,0.6699114266912763
2024020177,20242025,2024-11-02,CBJ,WSH,1,0.6868986308701833
2024020178,20242025,2024-11-02,SEA,OTT,1,0.49235226992259784
2024020179,20242025,2024-11-02,BUF,DET,1,0.5950032765196421
2024020180,20242025,2024-11-02,MTL,PIT,1,0.604980574377859
2024020181,20242025,2024-11-02,TOR,STL,1,0.4808804096230461
2024020182,20242025,2024-11-02,COL,NSH,1,0.5262302156338814
2024020183,20242025,2024-11-02,UTA,VGK,1,0.6063414761477914
2024020184,20242025,2024-11-02,VAN,SJS,0,0.30922991545116185
2024020185,20242025,2024-11-03,NYI,NYR,1,0.6639924520853993
2024020186,20242025,2024-11-03,TBL,WPG,1,0.5932517655159709
2024020187,20242025,2024-11-03,SEA,BOS,1,0.5683861765079069
2024020188,20242025,2024-11-03,WSH,CAR,1,0.6886322441484348
2024020189,20242025,2024-11-03,TOR,MIN,1,0.6062728638322405
2024020190,20242025,2024-11-03,EDM,CGY,0,0.4874304773702402
2024020191,20242025,2024-11-03,CHI,ANA,0,0.6173780477637961
2024020192,20242025,2024-11-04,LAK,NSH,0,0.5447051775850305
2024020193,20242025,2024-11-04,NJD,EDM,0,0.4822653105135329
2024020194,20242025,2024-11-05,OTT,BUF,1,0.48002753156155953
2024020195,20242025,2024-11-05,BOS,TOR,1,0.5325472851528712
2024020196,20242025,2024-11-05,CGY,MTL,0,0.42475552630996455
2024020197,20242025,2024-11-05,PHI,CAR,1,0.7376902595278638
2024020198,20242025,2024-11-05,PIT,NYI,1,0.563208624961983
2024020199,20242025,2024-11-05,TBL,STL,1,0.4714114929883764
2024020200,20242025,2024-11-05,LAK,MIN,0,0.6473434115308045
2024020201,20242025,2024-11-05,UTA,WPG,1,0.6840162813470291
2024020202,20242025,2024-11-05,SEA,COL,1,0.5756409720260449
2024020203,20242025,2024-11-05,VAN,ANA,0,0.3894075915586491
2024020204,20242025,2024-11-05,CBJ,SJS,1,0.3862619466806057
2024020205,20242025,2024-11-06,NSH,WSH,1,0.5732390980924299
2024020206,20242025,2024-11-06,DET,CHI,0,0.4205845228655425
2024020207,20242025,2024-11-06,VGK,EDM,0,0.49567687134231936
2024020208,20242025,2024-11-07,CGY,BOS,1,0.5605938664691767
2024020209,20242025,2024-11-07,NYI,OTT,0,0.555576153346987
2024020210,20242025,2024-11-07,PHI,TBL,0,0.6647399126338286
2024020211,20242025,2024-11-07,NSH,FLA,1,0.6842052045938246
2024020212,20242025,2024-11-07,MTL,NJD,1,0.6544405332764042
2024020213,20242025,2024-11-07,BUF,NYR,0,0.6625348287225908
2024020214,20242025,2024-11-07,PIT,CAR,1,0.7071415859081216
2024020215,20242025,2024-11-07,UTA,STL,0,0.5437173290884092
2024020216,20242025,2024-11-07,CHI,DAL,1,0.7934444158079877
2024020217,20242025,2024-11-07,COL,WPG,1,0.6684260225574047
2024020218,20242025,2024-11-07,VAN,LAK,0,0.519505651376262
2024020219,20242025,2024-11-07,MIN,SJS,0,0.30080324062180797
2024020220,20242025,2024-11-08,DET,TOR,1,0.5727640770190967
2024020221,20242025,2024-11-08,PIT,WSH,0,0.6830143168324976
2024020222,20242025,2024-11-08,MIN,ANA,0,0.4416866477862318
2024020223,20242025,2024-11-08,VGK,SEA,1,0.39232738235366854
2024020224,20242025,2024-11-09,CGY,BUF,1,0.5588250976349288
2024020225,20242025,2024-11-09,PHI,FLA,1,0.7018798682437214
2024020226,20242025,2024-11-09,OTT,BOS,0,0.5342276119350505
2024020227,20242025,2024-11-09,MTL,TOR,1,0.6126854977890931
2024020228,20242025,2024-11-09,NYR,DET,0,0.3229060294679197
2024020229,20242025,2024-11-09,WSH,STL,0,0.5538185329651243
2024020230,20242025,2024-11-09,DAL,WPG,1,0.5726889141087941
2024020231,20242025,2024-11-09,NJD,NYI,0,0.514363090916667
2024020232,20242025,2024-11-09,UTA,NSH,1,0.5111442687067606
2024020233,20242025,2024-11-09,CAR,COL,1,0.37867396106201445
2024020234,20242025,2024-11-09,CBJ,LAK,1,0.6209149618884349
2024020235,20242025,2024-11-09,EDM,VAN,0,0.5442050286900418
2024020236,20242025,2024-11-10,SJS,NJD,0,0.6638277800477106
2024020237,20242025,2024-11-10,MIN,CHI,1,0.36781870267939254
2024020238,20242025,2024-11-10,CBJ,ANA,1,0.5555805931371344
2024020239,20242025,2024-11-11,MTL,BUF,0,0.6705658967410772
2024020240,20242025,2024-11-11,SJS,PHI,1,0.7211670827544354
2024020241,20242025,2024-11-11,DAL,PIT,0,0.3927924241442521
2024020242,20242025,2024-11-11,LAK,CGY,1,0.48626965817734047
2024020243,20242025,2024-11-11,NSH,COL,1,0.5641914287209983
2024020244,20242025,2024-11-11,CAR,VGK,0,0.44224532720056414
2024020245,20242025,2024-11-12,OTT,TOR,0,0.5686422792273331
2024020246,20242025,2024-11-12,NJD,FLA,0,0.640897368397193
2024020247,20242025,2024-11-12,WPG,NYR,0,0.4909923366346753
2024020248,20242025,2024-11-12,BOS,STL,0,0.49947801078274157
2024020249,20242025,2024-11-12,NYI,EDM,1,0.5778603012239932
2024020250,20242025,2024-11-12,CGY,VAN,1,0.620066622364684
2024020251,20242025,2024-11-12,CBJ,SEA,1,0.5689928206982142
2024020252,20242025,2024-11-13,DET,PIT,0,0.5134033648287077
2024020253,20242025,2024-11-13,TOR,WSH,0,0.618191250876727
2024020254,20242025,2024-11-13,CAR,UTA,1,0.3556013692469854
2024020255,20242025,2024-11-13,LAK,COL,1,0.5451291832941924
2024020256,20242025,2024-11-13,VGK,ANA,0,0.34601228594759
2024020257,20242025,2024-11-14,STL,BUF,1,0.5402086706122817
2024020258,20242025,2024-11-14,PHI,OTT,0,0.6491857238659291
2024020259,20242025,2024-11-14,WPG,TBL,1,0.3784477505897523
2024020260,20242025,2024-11-14,NJD,FLA,0,0.6081683359574266
2024020261,20242025,2024-11-14,SJS,NYR,1,0.8102755943598957
2024020262,20242025,2024-11-14,BOS,DAL,1,0.6398759337725707
2024020263,20242025,2024-11-14,MTL,MIN,1,0.6747668731304161
2024020264,20242025,2024-11-14,NSH,EDM,1,0.588351576612423
2024020265,20242025,2024-11-14,NYI,VAN,0,0.5731350992687738
2024020266,20242025,2024-11-14,CHI,SEA,1,0.6370783864475313
2024020267,20242025,2024-11-15,PIT,CBJ,1,0.48126584618571344
2024020268,20242025,2024-11-15,WSH,COL,0,0.5031774276644198
2024020269,20242025,2024-11-15,NSH,CGY,1,0.5871904561877975
2024020270,20242025,2024-11-15,VGK,UTA,0,0.4907898092640264
2024020271,20242025,2024-11-15,DET,ANA,1,0.40456323596973975
2024020272,20242025,2024-11-16,STL,BOS,0,0.5607409180083465
2024020273,20242025,2024-11-16,NYI,SEA,1,0.49960928535356347
2024020274,20242025,2024-11-16,EDM,TOR,1,0.5463661833325967
2024020275,20242025,2024-11-16,CBJ,MTL,1,0.5633728600479496
2024020276,20242025,2024-11-16,NJD,TBL,1,0.5663814832957769
2024020277,20242025,2024-11-16,WPG,FLA,1,0.4415372319338878
2024020278,20242025,2024-11-16,BUF,PHI,1,0.4628267749045445
2024020279,20242025,2024-11-16,SJS,PIT,1,0.5737201979625219
2024020280,20242025,2024-11-16,OTT,CAR,1,0.6341040911049468
2024020281,20242025,2024-11-16,DAL,MIN,0,0.4272286343156192
2024020282,20242025,2024-11-16,DET,LAK,1,0.629999679392056
2024020283,20242025,2024-11-16,CHI,VAN,1,0.6645466337787638
2024020284,20242025,2024-11-17,STL,CAR,1,0.683469571135196
2024020285,20242025,2024-11-17,NSH,VAN,0,0.4564250567920011
2024020286,20242025,2024-11-17,WSH,VGK,0,0.49604994919962675
2024020287,20242025,2024-11-17,NYR,SEA,0,0.3020932220530004
2024020288,20242025,2024-11-18,CBJ,BOS,0,0.6342872151762641
2024020289,20242025,2024-11-18,COL,PHI,0,0.4574388374543336
2024020290,20242025,2024-11-18,EDM,MTL,1,0.38714493827218593
2024020291,20242025,2024-11-18,ANA,DAL,0,0.7680811558826159
2024020292,20242025,2024-11-18,WSH,UTA,0,0.508466834136973
2024020293,20242025,2024-11-18,DET,SJS,1,0.3434173749247562
2024020294,20242025,2024-11-19,EDM,OTT,0,0.5993480777965834
2024020295,20242025,2024-11-19,TBL,PIT,0,0.3698375282356566
2024020296,20242025,2024-11-19,MIN,STL,0,0.4688508209525871
2024020297,20242025,2024-11-19,FLA,WPG,1,0.5894238168338896
2024020298,20242025,2024-11-19,ANA,CHI,0,0.5746803811983755
2024020299,20242025,2024-11-19,NYI,CGY,1,0.5143081971426388
2024020300,20242025,2024-11-19,NYR,VAN,0,0.4252050614516222
2024020301,20242025,2024-11-20,VGK,TOR,1,0.5368445071926133
2024020302,20242025,2024-11-20,CAR,PHI,0,0.31892208534225847
2024020303,20242025,2024-11-20,SJS,DAL,1,0.8012213073720923
2024020304,20242025,2024-11-20,NSH,SEA,1,0.49555322039627914
2024020305,20242025,2024-11-20,BUF,LAK,0,0.5683296598541835
2024020306,20242025,2024-11-21,UTA,BOS,1,0.5158230007092257
2024020307,20242025,2024-11-21,VGK,OTT,0,0.5751578718450194
2024020308,20242025,2024-11-21,NYI,DET,1,0.502375163091851
2024020309,20242025,2024-11-21,CAR,NJD,1,0.4272724231218414
2024020310,20242025,2024-11-21,COL,WSH,0,0.5938730516978339
2024020311,20242025,2024-11-21,TBL,CBJ,1,0.353545326784592
2024020312,20242025,2024-11-21,SJS,STL,1,0.7466167561680969
2024020313,20242025,2024-11-21,FLA,CHI,1,0.2935263686700744
2024020314,20242025,2024-11-21,NYR,CGY,1,0.410385359643117
2024020315,20242025,2024-11-21,MIN,EDM,0,0.5288468169842808
2024020316,20242025,2024-11-22,WPG,PIT,0,0.2899720883758137
2024020317,20242025,2024-11-22,BUF,ANA,0,0.407424445750645
2024020318,20242025,2024-11-23,CHI,PHI,1,0.5958239386834647
2024020319,20242025,2024-11-23,MIN,CGY,1,0.48326191285950254
2024020320,20242025,2024-11-23,SEA,LAK,1,0.5858977231456665
2024020321,20242025,2024-11-23,COL,FLA,0,0.5699496388688251
2024020322,20242025,2024-11-23,VGK,MTL,0,0.3910055531166427
2024020323,20242025,2024-11-23,VAN,OTT,0,0.5294650841604583
2024020324,20242025,2024-11-23,BOS,DET,0,0.5085484163456764
2024020325,20242025,2024-11-23,DAL,TBL,0,0.48142820735705066
2024020326,20242025,2024-11-23,UTA,PIT,0,0.3719988218710018
2024020327,20242025,2024-11-23,NJD,WSH,0,0.6063177810704987
2024020328,20242025,2024-11-23,CAR,CBJ,1,0.29703604893041935
2024020329,20242025,2024-11-23,WPG,NSH,1,0.41885426915091906
2024020330,20242025,2024-11-23,STL,NYI,1,0.5506239595405249
2024020331,20242025,2024-11-23,BUF,SJS,0,0.40614239772758975
2024020332,20242025,2024-11-23,NYR,EDM,1,0.4414953268726865
2024020333,20242025,2024-11-24,UTA,TOR,1,0.6723299996360701
2024020334,20242025,2024-11-25,COL,TBL,1,0.5430193497240295
2024020335,20242025,2024-11-25,WSH,FLA,0,0.5135344741919643
2024020336,20242025,2024-11-25,NSH,NJD,1,0.5484107122249795
2024020337,20242025,2024-11-25,STL,NYR,0,0.6615220928428868
2024020338,20242025,2024-11-25,VGK,PHI,0,0.4330732960188783
2024020339,20242025,2024-11-25,DAL,CAR,1,0.5466589920241142
2024020340,20242025,2024-11-25,CGY,OTT,1,0.4996814101049587
2024020341,20242025,2024-11-25,DET,NYI,0,0.5642734321296646
2024020342,20242025,2024-11-25,WPG,MIN,0,0.42524094505224364
2024020343,20242025,2024-11-25,SEA,ANA,0,0.454006846116617
2024020344,20242025,2024-11-25,LAK,SJS,1,0.30837294801200166
2024020345,20242025,2024-11-26,VAN,BOS,0,0.5077630215938114
2024020346,20242025,2024-11-26,UTA,MTL,0,0.4473478481258783
2024020347,20242025,2024-11-27,MIN,BUF,0,0.47949917077207266
2024020348,20242025,2024-11-27,STL,NJD,0,0.5806479586281933
2024020349,20242025,2024-11-27,NYR,CAR,1,0.6083338424759918
2024020350,20242025,2024-11-27,CGY,DET,1,0.508924668500837
2024020351,20242025,2024-11-27,WSH,TBL,0,0.5192968118914433
2024020352,20242025,2024-11-27,TOR,FLA,1,0.52953042359747
2024020353,20242025,2024-11-27,BOS,NYI,0,0.5987161377993903
2024020354,20242025,2024-11-27,VAN,PIT,1,0.4654008463581905
2024020355,20242025,2024-11-27,MTL,CBJ,0,0.6181556888723526
2024020356,20242025,2024-11-27,PHI,NSH,0,0.5899917407508717
2024020357,20242025,2024-11-27,DAL,CHI,1,0.2707946007263704
2024020358,20242025,2024-11-27,VGK,COL,1,0.5135594105726444
2024020359,20242025,2024-11-27,WPG,LAK,1,0.36800678154321453
2024020360,20242025,2024-11-27,ANA,SEA,0,0.6133899029473117
2024020361,20242025,2024-11-27,OTT,SJS,0,0.37539748267364903
2024020362,20242025,2024-11-29,NYR,PHI,1,0.38985632756144617
2024020363,20242025,2024-11-29,CHI,MIN,1,0.692320659586682
2024020364,20242025,2024-11-29,VAN,BUF,0,0.5036698133812434
2024020365,20242025,2024-11-29,NJD,DET,0,0.4958987897308504
2024020366,20242025,2024-11-29,NYI,WSH,1,0.6583990802085015
2024020367,20242025,2024-11-29,FLA,CAR,0,0.6065620943351593
2024020368,20242025,2024-11-29,CGY,CBJ,1,0.45376105989260984
2024020369,20242025,2024-11-29,TBL,NSH,0,0.4354771460162735
2024020370,20242025,2024-11-29,LAK,ANA,0,0.4041999859305841
2024020371,20242025,2024-11-29,SEA,SJS,1,0.40917458264869494
2024020372,20242025,2024-11-29,PIT,BOS,0,0.6227418392227344
2024020373,20242025,2024-11-29,COL,DAL,1,0.5877822029240182
2024020374,20242025,2024-11-29,WPG,VGK,1,0.43090544561431676
2024020375,20242025,2024-11-29,EDM,UTA,0,0.4824327916523049
2024020376,20242025,2024-11-30,MTL,NYR,1,0.6100567079212573
2024020377,20242025,2024-11-30,CAR,FLA,1,0.46132795974344054
2024020378,20242025,2024-11-30,TOR,TBL,0,0.4599821484730412
2024020379,20242025,2024-11-30,WSH,NJD,0,0.4284710161471208
2024020380,20242025,2024-11-30,CGY,PIT,1,0.4391534669397408
2024020381,20242025,2024-11-30,PHI,STL,0,0.6304407600250377
2024020382,20242025,2024-11-30,OTT,LAK,1,0.47165452154903187
2024020383,20242025,2024-11-30,BUF,NYI,1,0.5017123926659082
2024020384,20242025,2024-11-30,NSH,MIN,1,0.5840802915029752
2024020385,20242025,2024-11-30,EDM,COL,0,0.48519567515252726
2024020386,20242025,2024-11-30,UTA,VGK,0,0.584014665736076
2024020387,20242025,2024-11-30,SJS,SEA,0,0.5945477474916413
2024020388,20242025,2024-12-01,VAN,DET,0,0.4703597420870328
2024020389,20242025,2024-12-01,MTL,BOS,1,0.6958047955753901
2024020390,20242025,2024-12-01,CBJ,CHI,0,0.49489189044660126
2024020391,20242025,2024-12-01,WPG,DAL,1,0.48802705455506584
2024020392,20242025,2024-12-01,OTT,ANA,1,0.5223215413685198
2024020393,20242025,2024-12-02,NJD,NYR,0,0.5776495879497697
2024020394,20242025,2024-12-02,CHI,TOR,1,0.7596361498879121
2024020395,20242025,2024-12-02,DAL,UTA,0,0.4924729251557788
2024020396,20242025,2024-12-03,DET,BOS,1,0.5579184273374527
2024020397,20242025,2024-12-03,COL,BUF,0,0.4848680012634798
2024020398,20242025,2024-12-03,NYI,MTL,1,0.4329568348614263
2024020399,20242025,2024-12-03,FLA,PIT,1,0.34043559913179255
2024020400,20242025,2024-12-03,SJS,WSH,0,0.75981632276432
2024020401,20242025,2024-12-03,SEA,CAR,0,0.7207762149881535
2024020402,20242025,2024-12-03,VAN,MIN,1,0.5486796073756647
2024020403,20242025,2024-12-03,STL,WPG,0,0.678769000396295
2024020404,20242025,2024-12-03,CBJ,CGY,1,0.5510709764881291
2024020405,20242025,2024-12-03,EDM,VGK,1,0.5021739902276415
2024020406,20242025,2024-12-04,NSH,TOR,1,0.6199748492667155
2024020407,20242025,2024-12-04,BOS,CHI,0,0.4694668541880532
2024020408,20242025,2024-12-04,VGK,ANA,0,0.45471868506526236
2024020409,20242025,2024-12-04,DAL,LAK,1,0.43276102537877714
2024020410,20242025,2024-12-05,WPG,BUF,0,0.37577340570770634
2024020411,20242025,2024-12-05,NSH,MTL,1,0.5213860056099758
2024020412,20242025,2024-12-05,DET,OTT,1,0.5226216132136959
2024020413,20242025,2024-12-05,SJS,TBL,1,0.7167771618046677
2024020414,20242025,2024-12-05,FLA,PHI,0,0.3640884574870142
2024020415,20242025,2024-12-05,COL,CAR,1,0.6098829161652174
2024020416,20242025,2024-12-05,SEA,NYI,0,0.5668213731749688
2024020417,20242025,2024-12-05,STL,CGY,0,0.4990540052295521
2024020418,20242025,2024-12-05,CBJ,EDM,1,0.6586729047178506
2024020419,20242025,2024-12-06,WSH,TOR,0,0.5175098698381735
2024020420,20242025,2024-12-06,SEA,NJD,1,0.6696128646121934
2024020421,20242025,2024-12-06,PIT,NYR,1,0.635998431277348
2024020422,20242025,2024-12-06,CBJ,VAN,1,0.7135505045686164
2024020423,20242025,2024-12-06,DAL,VGK,1,0.47880966869603153
2024020424,20242025,2024-12-06,MIN,ANA,0,0.374364161222203
2024020425,20242025,2024-12-07,PHI,BOS,1,0.5769797110199177
2024020426,20242025,2024-12-07,UTA,BUF,0,0.5137945740854868
2024020427,20242025,2024-12-07,WPG,CHI,0,0.278367914278424
2024020428,20242025,2024-12-07,CAR,NYI,1,0.3835827357004664
2024020429,20242025,2024-12-07,SJS,FLA,1,0.7855917602963356
2024020430,20242025,2024-12-07,WSH,MTL,0,0.41771078003773865
2024020431,20242025,2024-12-07,NSH,OTT,1,0.5562352760714957
2024020432,20242025,2024-12-07,COL,DET,0,0.46744338509664823
2024020433,20242025,2024-12-07,TOR,PIT,1,0.3857426391953589
2024020434,20242025,2024-12-07,MIN,LAK,1,0.567919898100139
2024020435,20242025,2024-12-07,STL,EDM,1,0.5943217843910924
2024020436,20242025,2024-12-08,SEA,NYR,0,0.6390880224568757
2024020437,20242025,2024-12-08,TBL,VAN,0,0.5056789279011759
2024020438,20242025,2024-12-08,NYI,OTT,0,0.5205742465545684
2024020439,20242025,2024-12-08,CBJ,WPG,0,0.6602326948604679
2024020440,20242025,2024-12-08,COL,NJD,0,0.6107840943489982
2024020441,20242025,2024-12-08,UTA,PHI,0,0.45524013008003916
2024020442,20242025,2024-12-08,CGY,DAL,1,0.6714000974170351
2024020443,20242025,2024-12-09,DET,BUF,0,0.5367062172601736
2024020444,20242025,2024-12-09,CHI,NYR,0,0.6249327806765715
2024020445,20242025,2024-12-09,ANA,MTL,1,0.5583634006787148
2024020446,20242025,2024-12-10,TOR,NJD,0,0.5188967149092556
2024020447,20242025,2024-12-10,COL,PIT,0,0.4213344295842983
2024020448,20242025,2024-12-10,SJS,CAR,1,0.7699986196573466
2024020449,20242025,2024-12-10,PHI,CBJ,0,0.49542684278756766
2024020450,20242025,2024-12-10,LAK,NYI,0,0.46050547776676976
2024020451,20242025,2024-12-10,CGY,NSH,0,0.513244156464771
2024020452,20242025,2024-12-10,BOS,WPG,1,0.6465440930781227
2024020453,20242025,2024-12-10,TBL,EDM,1,0.5209509583647068
2024020454,20242025,2024-12-10,MIN,UTA,0,0.5083442982610396
2024020455,20242025,2024-12-10,STL,VAN,0,0.5664508475362134
2024020456,20242025,2024-12-10,FLA,SEA,0,0.3831025882917293
2024020457,20242025,2024-12-11,NYR,BUF,0,0.43354068091168824
2024020458,20242025,2024-12-11,ANA,OTT,1,0.612009997195424
2024020459,20242025,2024-12-12,ANA,TOR,1,0.7583939579035232
2024020460,20242025,2024-12-12,PIT,MTL,0,0.4854678168784273
2024020461,20242025,2024-12-12,LAK,NJD,1,0.5061388806281033
2024020462,20242025,2024-12-12,DET,PHI,1,0.5322576041820858
2024020463,20242025,2024-12-12,WSH,CBJ,0,0.35991259791796276
2024020464,20242025,2024-12-12,CHI,NYI,1,0.610431294668609
2024020465,20242025,2024-12-12,SJS,STL,0,0.6929474373027041
2024020466,20242025,2024-12-12,NSH,DAL,0,0.6775149642331965
2024020467,20242025,2024-12-12,EDM,MIN,0,0.5089075991172384
2024020468,20242025,2024-12-12,VGK,WPG,0,0.6306202833215885
2024020469,20242025,2024-12-12,UTA,COL,0,0.5818144187636923
2024020470,20242025,2024-12-12,TBL,CGY,0,0.4177547431528101
2024020471,20242025,2024-12-12,FLA,VAN,1,0.4360772117645081
2024020472,20242025,2024-12-12,BOS,SEA,1,0.5033756404895852
2024020473,20242025,2024-12-13,OTT,CAR,0,0.6511701228060718
2024020474,20242025,2024-12-14,CHI,NJD,1,0.6874029065080219
2024020475,20242025,2024-12-14,LAK,NYR,0,0.5388361823172336
2024020476,20242025,2024-12-14,PHI,MIN,1,0.6052156070950625
2024020477,20242025,2024-12-14,VGK,EDM,1,0.5599381534109793
2024020478,20242025,2024-12-14,PIT,OTT,1,0.46297247411421183
2024020479,20242025,2024-12-14,TOR,DET,1,0.429328580570454
2024020480,20242025,2024-12-14,BUF,WSH,1,0.6725701980161596
2024020481,20242025,2024-12-14,ANA,CBJ,0,0.5693646046443873
2024020482,20242025,2024-12-14,MTL,WPG,1,0.7552766460629258
2024020483,20242025,2024-12-14,STL,DAL,1,0.6294331954663015
2024020484,20242025,2024-12-14,NSH,COL,1,0.6268324755202827
2024020485,20242025,2024-12-14,FLA,CGY,1,0.38980392309606493
2024020486,20242025,2024-12-14,BOS,VAN,0,0.5825860914648568
2024020487,20242025,2024-12-14,UTA,SJS,0,0.35199922072219436
2024020488,20242025,2024-12-14,TBL,SEA,0,0.3983463773359581
2024020489,20242025,2024-12-15,NYI,CHI,1,0.35092290911696883
2024020490,20242025,2024-12-15,BUF,TOR,1,0.5906547031603215
2024020491,20242025,2024-12-15,CBJ,CAR,1,0.7476215002460379
2024020492,20242025,2024-12-15,NYR,STL,1,0.46920577741329833
2024020493,20242025,2024-12-15,VGK,MIN,0,0.4868520727632843
2024020494,20242025,2024-12-16,WSH,DAL,1,0.5351050610246699
2024020495,20242025,2024-12-16,FLA,EDM,0,0.5478618905741235
2024020496,20242025,2024-12-16,COL,VAN,1,0.486030437510109
2024020497,20242025,2024-12-17,BUF,MTL,1,0.441002922980063
2024020498,20242025,2024-12-17,CBJ,TBL,1,0.7103096177713308
2024020499,20242025,2024-12-17,LAK,PIT,1,0.4369915946471921
2024020500,20242025,2024-12-17,NYI,CAR,1,0.6686000209404767
2024020501,20242025,2024-12-17,NJD,STL,0,0.49095418013535225
2024020502,20242025,2024-12-17,NYR,NSH,1,0.4501865485196043
2024020503,20242025,2024-12-17,WSH,CHI,1,0.3900347941938015
2024020504,20242025,2024-12-17,BOS,CGY,0,0.5080368184759484
2024020505,20242025,2024-12-17,OTT,SEA,0,0.5125328005060156
2024020506,20242025,2024-12-17,WPG,SJS,0,0.2526455615193874
2024020507,20242025,2024-12-18,PHI,DET,1,0.5277121585277491
2024020508,20242025,2024-12-18,TOR,DAL,0,0.5826380502506185
2024020509,20242025,2024-12-18,FLA,MIN,0,0.46781891469147874
2024020510,20242025,2024-12-18,VAN,UTA,1,0.505411502353584
2024020511,20242025,2024-12-18,WPG,ANA,1,0.3536432851848875
2024020512,20242025,2024-12-19,STL,TBL,1,0.6407693083291812
2024020513,20242025,2024-12-19,LAK,PHI,0,0.34515601307413163
2024020514,20242025,2024-12-19,NJD,CBJ,1,0.3854334930984019
2024020515,20242025,2024-12-19,PIT,NSH,0,0.5350021715505131
2024020516,20242025,2024-12-19,SEA,CHI,1,0.45477149958130025
2024020517,20242025,2024-12-19,OTT,CGY,0,0.4977499728306538
2024020518,20242025,2024-12-19,BOS,EDM,1,0.6147995626191238
2024020519,20242025,2024-12-19,VAN,VGK,1,0.6322980041535438
2024020520,20242025,2024-12-19,COL,SJS,0,0.3078552807714138
2024020521,20242025,2024-12-20,TOR,BUF,0,0.3998727607235381
2024020522,20242025,2024-12-20,MTL,DET,0,0.6176684077381812
2024020523,20242025,2024-12-20,STL,FLA,1,0.7084767154104163
2024020524,20242025,2024-12-20,CAR,WSH,1,0.5030062979519606
2024020525,20242025,2024-12-20,NYR,DAL,0,0.6145103758038025
2024020526,20242025,2024-12-20,UTA,MIN,0,0.531289335707012
2024020527,20242025,2024-12-20,COL,ANA,0,0.4265024189716852
2024020528,20242025,2024-12-21,LAK,NSH,1,0.42403898776805116
2024020529,20242025,2024-12-21,CHI,CGY,1,0.606293562949829
2024020530,20242025,2024-12-21,SJS,EDM,1,0.7714529396675746
2024020531,20242025,2024-12-21,BUF,BOS,1,0.6729387408391134
2024020532,20242025,2024-12-21,NYI,TOR,0,0.5864351138805142
2024020533,20242025,2024-12-21,DET,MTL,1,0.4410871310358212
2024020534,20242025,2024-12-21,PIT,NJD,1,0.5983050585437188
2024020535,20242025,2024-12-21,CBJ,PHI,1,0.550719168232666
2024020536,20242025,2024-12-21,MIN,WPG,1,0.6833729172085679
2024020537,20242025,2024-12-21,OTT,VAN,0,0.5470145472472138
2024020538,20242025,2024-12-21,SEA,VGK,1,0.6610938987865789
2024020539,20242025,2024-12-22,CAR,NYR,0,0.4513922991841569
2024020540,20242025,2024-12-22,FLA,TBL,0,0.5228002617592885
2024020541,20242025,2024-12-22,LAK,WSH,1,0.6397565065376558
2024020542,20242025,2024-12-22,ANA,UTA,0,0.6719220442828339
2024020543,20242025,2024-12-22,SEA,COL,1,0.7255057132533227
2024020544,20242025,2024-12-22,OTT,EDM,1,0.5897850466768529
2024020545,20242025,2024-12-23,NYR,NJD,1,0.6363841739992838
2024020546,20242025,2024-12-23,WPG,TOR,0,0.4718996159699371
2024020547,20242025,2024-12-23,WSH,BOS,1,0.49880602895157683
2024020548,20242025,2024-12-23,STL,DET,0,0.5063770126622462
2024020549,20242025,2024-12-23,TBL,FLA,0,0.5257918000213546
2024020550,20242025,2024-12-23,PHI,PIT,1,0.5537177458639937
2024020551,20242025,2024-12-23,MTL,CBJ,1,0.5378645890944773
2024020552,20242025,2024-12-23,BUF,NYI,0,0.5531756688674704
2024020553,20242025,2024-12-23,CAR,NSH,1,0.44882694000553647
2024020554,20242025,2024-12-23,CHI,MIN,1,0.6682276780391059
2024020555,20242025,2024-12-23,SJS,VAN,1,0.7179290851784383
2024020556,20242025,2024-12-23,DAL,UTA,0,0.3645709252887012
2024020557,20242025,2024-12-23,ANA,VGK,1,0.7665680645773599
2024020558,20242025,2024-12-27,CHI,BUF,1,0.5974192400105782
2024020559,20242025,2024-12-27,TOR,DET,0,0.4060288079611423
2024020560,20242025,2024-12-27,CAR,NJD,1,0.49789160632860247
2024020561,20242025,2024-12-27,BOS,CBJ,1,0.43941141457417093
2024020562,20242025,2024-12-27,NSH,STL,1,0.568883122164378
2024020563,20242025,2024-12-27,MIN,DAL,0,0.6093564420564259
2024020564,20242025,2024-12-27,COL,UTA,0,0.45813471231396474
2024020565,20242025,2024-12-27,VGK,SJS,0,0.2904034985846825
2024020566,20242025,2024-12-28,MTL,FLA,0,0.7015031582625029
2024020567,20242025,2024-12-28,SEA,VAN,0,0.6255150996881149
2024020568,20242025,2024-12-28,PHI,ANA,0,0.48093496823878984
2024020569,20242025,2024-12-28,EDM,LAK,1,0.4784955762342918
2024020570,20242025,2024-12-28,CBJ,BOS,1,0.5744653481478186
2024020571,20242025,2024-12-28,WSH,TOR,0,0.4070919925932302
2024020572,20242025,2024-12-28,NYR,TBL,1,0.6301308390151449
2024020573,20242025,2024-12-28,NJD,CAR,1,0.5220908753963246
2024020574,20242025,2024-12-28,OTT,WPG,1,0.6545202528850027
2024020575,20242025,2024-12-28,PIT,NYI,1,0.4702074142388645
2024020576,20242025,2024-12-28,CGY,SJS,0,0.3403381313300818
2024020577,20242025,2024-12-29,DAL,CHI,0,0.2945724050648039
2024020578,20242025,2024-12-29,EDM,ANA,1,0.31118913270092236
2024020579,20242025,2024-12-29,WSH,DET,1,0.4191752317385045
2024020580,20242025,2024-12-29,MTL,TBL,0,0.6867521476246112
2024020581,20242025,2024-12-29,NYI,PIT,1,0.5628965775272745
2024020582,20242025,2024-12-29,BUF,STL,0,0.6015992949431818
2024020583,20242025,2024-12-29,OTT,MIN,0,0.6222537831532964
2024020584,20242025,2024-12-29,CGY,VGK,1,0.7197807512042331
2024020585,20242025,2024-12-29,PHI,LAK,1,0.6185141370698138
2024020586,20242025,2024-12-30,NYR,FLA,1,0.5973031483047546
2024020587,20242025,2024-12-30,NSH,WPG,1,0.7198494569950445
2024020588,20242025,2024-12-30,UTA,SEA,1,0.4891748580088987
2024020589,20242025,2024-12-31,BOS,WSH,1,0.6128328195941712
2024020590,20242025,2024-12-31,NYI,TOR,1,0.6481755896152984
2024020591,20242025,2024-12-31,MTL,VGK,0,0.683611197570576
2024020592,20242025,2024-12-31,STL,CHI,0,0.37667396919345014
2024020593,20242025,2024-12-31,PIT,DET,1,0.47372109561557924
2024020594,20242025,2024-12-31,CAR,CBJ,1,0.3596342221855712
2024020595,20242025,2024-12-31,BUF,DAL,1,0.6753503549674684
2024020596,20242025,2024-12-31,NSH,MIN,1,0.6790033402570804
2024020597,20242025,2024-12-31,WPG,COL,1,0.5348497340165808
2024020598,20242025,2024-12-31,NJD,ANA,1,0.36665708199499186
2024020599,20242025,2024-12-31,PHI,SJS,0,0.427607949865664
2024020600,20242025,2024-12-31,VAN,CGY,1,0.4809595935785227
2024020601,20242025,2024-12-31,UTA,EDM,1,0.6960111652302655
2024020602,20242025,2025-01-01,NJD,LAK,1,0.6074505336670775
2024020603,20242025,2025-01-02,CAR,FLA,0,0.5225183036044094
2024020604,20242025,2025-01-02,BOS,NYR,1,0.5075033569873932
2024020605,20242025,2025-01-02,MIN,WSH,0,0.6058156215329589
2024020606,20242025,2025-01-02,DET,CBJ,0,0.5423682275218075
2024020607,20242025,2025-01-02,TOR,NYI,0,0.3999220753285117
2024020608,20242025,2025-01-02,OTT,DAL,1,0.6094400115747615
2024020609,20242025,2025-01-02,ANA,WPG,0,0.745363475852563
2024020610,20242025,2025-01-02,BUF,COL,1,0.6880329742159502
2024020611,20242025,2025-01-02,UTA,CGY,0,0.5174926376174361
2024020612,20242025,2025-01-02,PHI,VGK,1,0.6760867225570342
2024020613,20242025,2025-01-02,VAN,SEA,0,0.4642187559217203
2024020614,20242025,2025-01-02,TBL,SJS,1,0.2858564661415686
2024020615,20242025,2025-01-03,PIT,FLA,1,0.5451417252786142
2024020616,20242025,2025-01-03,MTL,CHI,1,0.4112044171171828
2024020617,20242025,2025-01-03,OTT,STL,1,0.5975463071782006
2024020618,20242025,2025-01-03,ANA,EDM,1,0.755771561049386
2024020619,20242025,2025-01-03,NSH,VAN,0,0.5160729705644299
2024020620,20242025,2025-01-04,NYR,WSH,1,0.6310698122606802
2024020621,20242025,2025-01-04,DET,WPG,0,0.7010266615585494
2024020622,20242025,2025-01-04,NJD,SJS,1,0.3285429746928949
2024020623,20242025,2025-01-04,BOS,TOR,1,0.5713576863044357
2024020624,20242025,2025-01-04,MIN,CAR,0,0.5903260475460775
2024020625,20242025,2025-01-04,STL,CBJ,1,0.501588560044384
2024020626,20242025,2025-01-04,MTL,COL,0,0.7367496789558512
2024020627,20242025,2025-01-04,NSH,CGY,0,0.6251001437462774
2024020628,20242025,2025-01-04,UTA,DAL,1,0.6475127844503475
2024020629,20242025,2025-01-04,TBL,LAK,1,0.5178506339670684
2024020630,20242025,2025-01-04,BUF,VGK,1,0.6982582795461758
2024020631,20242025,2025-01-04,EDM,SEA,0,0.453795450664967
2024020632,20242025,2025-01-05,NYR,CHI,0,0.44655867581578784
2024020633,20242025,2025-01-05,NYI,BOS,0,0.5282415826105582
2024020634,20242025,2025-01-05,PIT,CAR,1,0.5438687681501431
2024020635,20242025,2025-01-05,PHI,TOR,1,0.5550899210916467
2024020636,20242025,2025-01-05,TBL,ANA,1,0.4295437591098109
2024020637,20242025,2025-01-06,WSH,BUF,1,0.34999170677707364
2024020638,20242025,2025-01-06,VAN,MTL,1,0.5188430056560348
2024020639,20242025,2025-01-06,FLA,COL,1,0.5476829441033203
2024020640,20242025,2025-01-06,NJD,SEA,0,0.42505102832012354
2024020029,20242025,2025-01-07,CAR,TBL,1,0.5084343281456073
2024020641,20242025,2025-01-07,EDM,BOS,0,0.4469690583048818
2024020642,20242025,2025-01-07,OTT,DET,1,0.4785213693450789
2024020643,20242025,2025-01-07,DAL,NYR,0,0.44404500264546043
2024020644,20242025,2025-01-07,TOR,PHI,0,0.41144744167165836
2024020645,20242025,2025-01-07,CBJ,PIT,0,0.5825467562902914
2024020646,20242025,2025-01-07,STL,MIN,1,0.5901643895917704
2024020647,20242025,2025-01-07,NSH,WPG,1,0.6719274738960438
2024020648,20242025,2025-01-07,CGY,ANA,0,0.5082734463674928
2024020649,20242025,2025-01-07,VGK,SJS,0,0.2766582929180049
2024020650,20242025,2025-01-08,VAN,WSH,1,0.6381130684266476
2024020651,20242025,2025-01-08,COL,CHI,1,0.27146474031283274
2024020652,20242025,2025-01-08,FLA,UTA,0,0.43043177971845137
2024020654,20242025,2025-01-09,BUF,OTT,0,0.6016424540386618
2024020655,20242025,2025-01-09,BOS,TBL,1,0.5928186481129846
2024020656,20242025,2025-01-09,NJD,NYR,1,0.4852928982499338
2024020657,20242025,2025-01-09,DAL,PHI,0,0.3712277501106795
2024020658,20242025,2025-01-09,EDM,PIT,1,0.3708547777095272
2024020659,20242025,2025-01-09,TOR,CAR,1,0.5335411352716048
2024020660,20242025,2025-01-09,SEA,CBJ,1,0.5274498855761945
2024020661,20242025,2025-01-09,ANA,STL,1,0.6062653329753566
2024020662,20242025,2025-01-09,COL,MIN,0,0.5755478176137108
2024020663,20242025,2025-01-09,NYI,VGK,0,0.7140021853904233
2024020664,20242025,2025-01-10,CHI,DET,1,0.6337601566930922
2024020665,20242025,2025-01-10,MTL,WSH,0,0.6538813263255635
2024020666,20242025,2025-01-10,VAN,CAR,1,0.5250345100034097
2024020667,20242025,2025-01-10,LAK,WPG,0,0.5568064758089214
2024020668,20242025,2025-01-10,SJS,UTA,1,0.6680051728062798
2024020669,20242025,2025-01-11,BOS,FLA,0,0.6240658640373362
2024020670,20242025,2025-01-11,SEA,BUF,0,0.5651306543350475
2024020671,20242025,2025-01-11,OTT,PIT,0,0.50709701574757
2024020672,20242025,2025-01-11,VAN,TOR,0,0.6841337009606261
2024020673,20242025,2025-01-11,DAL,MTL,0,0.3036751976256096
2024020674,20242025,2025-01-11,TBL,NJD,1,0.49178731700418493
2024020675,20242025,2025-01-11,ANA,PHI,1,0.5567930204581784
2024020676,20242025,2025-01-11,EDM,CHI,0,0.22196829149561453
2024020677,20242025,2025-01-11,CBJ,STL,0,0.6103252309221032
2024020678,20242025,2025-01-11,COL,WPG,1,0.44539293737974134
2024020679,20242025,2025-01-11,WSH,NSH,0,0.45265047641726414
2024020680,20242025,2025-01-11,NYI,UTA,0,0.458938687287698
2024020681,20242025,2025-01-11,LAK,CGY,1,0.46199737350217474
2024020682,20242025,2025-01-11,NYR,VGK,0,0.6412932544024371
2024020683,20242025,2025-01-11,MIN,SJS,0,0.25053627980225013
2024020684,20242025,2025-01-12,SEA,DET,1,0.6371554947954863
2024020685,20242025,2025-01-12,DAL,OTT,1,0.3992555446531828
2024020686,20242025,2025-01-12,TBL,PIT,0,0.3875881969074311
2024020687,20242025,2025-01-12,ANA,CAR,0,0.7657596261162369
2024020688,20242025,2025-01-12,MIN,VGK,1,0.574218271859698
2024020689,20242025,2025-01-13,FLA,PHI,1,0.4090597666331811
2024020690,20242025,2025-01-13,CGY,CHI,0,0.40734932367562243
2024020691,20242025,2025-01-13,LAK,EDM,1,0.5400942987027605
2024020692,20242025,2025-01-14,TBL,BOS,1,0.44628006382585295
2024020693,20242025,2025-01-14,DAL,TOR,0,0.4748682267393285
2024020694,20242025,2025-01-14,SJS,DET,0,0.6666726800982427
2024020695,20242025,2025-01-14,FLA,NJD,0,0.5685131076767416
2024020696,20242025,2025-01-14,SEA,PIT,0,0.5623269248018985
2024020697,20242025,2025-01-14,ANA,WSH,1,0.705069510241456
2024020698,20242025,2025-01-14,PHI,CBJ,1,0.5716926148319251
2024020699,20242025,2025-01-14,OTT,NYI,0,0.47092165050096585
2024020700,20242025,2025-01-14,CGY,STL,1,0.621682773350626
2024020701,20242025,2025-01-14,VGK,NSH,1,0.35723539859960507
2024020702,20242025,2025-01-14,VAN,WPG,1,0.6463450147639656
2024020703,20242025,2025-01-14,NYR,COL,1,0.6116389681793972
2024020704,20242025,2025-01-14,MTL,UTA,0,0.5356973508817804
2024020705,20242025,2025-01-15,CAR,BUF,1,0.38739682558521815
2024020706,20242025,2025-01-15,EDM,MIN,0,0.44588811736233974
2024020707,20242025,2025-01-16,NJD,TOR,1,0.5314998777590609
2024020708,20242025,2025-01-16,WSH,OTT,0,0.4693783203434188
2024020709,20242025,2025-01-16,ANA,TBL,1,0.6917863767370975
2024020710,20242025,2025-01-16,DET,FLA,0,0.6595119221931373
2024020711,20242025,2025-01-16,SJS,CBJ,1,0.6293007640875636
2024020712,20242025,2025-01-16,PHI,NYI,0,0.5231213099920113
2024020713,20242025,2025-01-16,CGY,STL,1,0.5625155391040054
2024020714,20242025,2025-01-16,CHI,NSH,1,0.6360210211500293
2024020715,20242025,2025-01-16,MTL,DAL,0,0.6554727770612016
2024020716,20242025,2025-01-16,SEA,WPG,1,0.7110978115923402
2024020717,20242025,2025-01-16,NYR,UTA,0,0.5020209812577846
2024020718,20242025,2025-01-16,EDM,COL,0,0.5826617753132852
2024020719,20242025,2025-01-16,LAK,VAN,0,0.428039981967467
2024020720,20242025,2025-01-17,PIT,BUF,0,0.5435408516392465
2024020721,20242025,2025-01-17,VGK,CAR,1,0.49533959085291107
2024020722,20242025,2025-01-18,PHI,NJD,0,0.5817464139319881
2024020723,20242025,2025-01-18,BOS,OTT,1,0.5517515464298375
2024020724,20242025,2025-01-18,DAL,COL,1,0.5245443909518455
2024020725,20242025,2025-01-18,ANA,FLA,1,0.6906979934007339
2024020726,20242025,2025-01-18,TOR,MTL,0,0.4833523579293644
2024020727,20242025,2025-01-18,DET,TBL,1,0.629085764888024
2024020728,20242025,2025-01-18,CBJ,NYR,1,0.5889632747873951
2024020729,20242025,2025-01-18,PIT,WSH,1,0.7446185932787708
2024020730,20242025,2025-01-18,CGY,WPG,0,0.6819945296349907
2024020731,20242025,2025-01-18,SJS,NYI,1,0.6538324477408991
2024020732,20242025,2025-01-18,VGK,CHI,1,0.34198059175286155
2024020733,20242025,2025-01-18,MIN,NSH,1,0.45523781077678366
2024020734,20242025,2025-01-18,STL,UTA,1,0.48597410210448994
2024020735,20242025,2025-01-18,EDM,VAN,1,0.38467783351586765
2024020736,20242025,2025-01-18,LAK,SEA,1,0.3647560055735621
2024020737,20242025,2025-01-19,OTT,NJD,0,0.5068883747955686
2024020738,20242025,2025-01-19,NYR,MTL,1,0.47035529087726413
2024020739,20242025,2025-01-19,DET,DAL,1,0.6405511000269866
2024020740,20242025,2025-01-20,SJS,BOS,1,0.7142625359418812
2024020741,20242025,2025-01-20,MIN,COL,0,0.610580152033554
2024020742,20242025,2025-01-20,BUF,SEA,1,0.5530658590558194
2024020743,20242025,2025-01-20,STL,VGK,0,0.6173900340620698
2024020744,20242025,2025-01-20,TBL,TOR,1,0.5108119466145365
2024020745,20242025,2025-01-20,CBJ,NYI,1,0.5454380130679853
2024020746,20242025,2025-01-20,CAR,CHI,0,0.3195588708531515
2024020747,20242025,2025-01-20,WPG,UTA,1,0.38404436722035207
2024020748,20242025,2025-01-20,PIT,LAK,0,0.6515854620677373
2024020749,20242025,2025-01-21,TBL,MTL,1,0.5320723425353784
2024020750,20242025,2025-01-21,OTT,NYR,1,0.5012873031456865
2024020751,20242025,2025-01-21,DET,PHI,1,0.5624129923786236
2024020752,20242025,2025-01-21,SJS,NSH,1,0.7406182918746513
2024020753,20242025,2025-01-21,CAR,DAL,0,0.63724219935506
2024020754,20242025,2025-01-21,WSH,EDM,0,0.5260970440609652
2024020755,20242025,2025-01-21,BUF,VAN,0,0.6513103816766921
2024020756,20242025,2025-01-21,FLA,ANA,0,0.3610319264704289
2024020757,20242025,2025-01-22,CBJ,TOR,0,0.6444000117562229
2024020758,20242025,2025-01-22,BOS,NJD,1,0.5277853667476493
2024020759,20242025,2025-01-22,WPG,COL,0,0.5284084330275466
2024020760,20242025,2025-01-22,FLA,LAK,1,0.5671208575843086
2024020761,20242025,2025-01-23,OTT,BOS,1,0.4162210724121205
2024020762,20242025,2025-01-23,MTL,DET,1,0.48448202399916895
2024020763,20242025,2025-01-23,PHI,NYR,1,0.5697280384625713
2024020764,20242025,2025-01-23,CBJ,CAR,1,0.6978288150409948
2024020765,20242025,2025-01-23,VGK,STL,0,0.4620977187942762
2024020766,20242025,2025-01-23,UTA,MIN,0,0.5840522345289966
2024020767,20242025,2025-01-23,BUF,CGY,1,0.5659807434371039
2024020768,20242025,2025-01-23,VAN,EDM,1,0.6638894755320848
2024020769,20242025,2025-01-23,PIT,ANA,1,0.4771163065642978
2024020770,20242025,2025-01-23,WSH,SEA,0,0.35962470361706966
2024020771,20242025,2025-01-23,NSH,SJS,0,0.3667939874798659
2024020772,20242025,2025-01-24,PHI,NYI,1,0.5994494810648557
2024020773,20242025,2025-01-24,TBL,CHI,0,0.3346193319861531
2024020774,20242025,2025-01-24,VGK,DAL,1,0.6164816468210073
2024020775,20242025,2025-01-24,UTA,WPG,1,0.7056884451909526
2024020776,20242025,2025-01-25,COL,BOS,1,0.43438649528250567
2024020777,20242025,2025-01-25,BUF,EDM,1,0.7140147969666363
2024020778,20242025,2025-01-25,PIT,SEA,1,0.5283224474604646
2024020779,20242025,2025-01-25,NJD,MTL,0,0.4931019262343431
2024020780,20242025,2025-01-25,TOR,OTT,1,0.49440171554388984
2024020781,20242025,2025-01-25,TBL,DET,1,0.5298530130322459
2024020782,20242025,2025-01-25,LAK,CBJ,1,0.42723636176540525
2024020783,20242025,2025-01-25,DAL,STL,0,0.4926284326872174
2024020784,20242025,2025-01-25,CGY,MIN,0,0.563738509854063
2024020785,20242025,2025-01-25,CAR,NYI,1,0.33854609174161854
2024020786,20242025,2025-01-25,WSH,VAN,1,0.3722324223526347
2024020787,20242025,2025-01-25,NSH,ANA,1,0.4755633342359475
2024020788,20242025,2025-01-25,FLA,SJS,0,0.2777760802694103
2024020789,20242025,2025-01-26,COL,NYR,0,0.5596918097899144
2024020790,20242025,2025-01-26,UTA,OTT,1,0.45248794975772905
2024020791,20242025,2025-01-26,CGY,WPG,1,0.7007018932337329
2024020792,20242025,2025-01-26,MIN,CHI,0,0.43756105161636005
2024020793,20242025,2025-01-26,FLA,VGK,1,0.5892076310744565
2024020794,20242025,2025-01-27,LAK,DET,1,0.4457939445584962
2024020795,20242025,2025-01-27,NJD,PHI,1,0.4553748486758682
2024020796,20242025,2025-01-27,VAN,STL,0,0.551045169895904
2024020797,20242025,2025-01-27,SEA,EDM,1,0.6942629223211526
2024020798,20242025,2025-01-27,PIT,SJS,1,0.4073252211706289
2024020799,20242025,2025-01-28,BOS,BUF,1,0.43827082504316867
2024020800,20242025,2025-01-28,WPG,MTL,0,0.406113305686791
2024020801,20242025,2025-01-28,CHI,TBL,0,0.7056842289158348
2024020802,20242025,2025-01-28,CAR,NYR,0,0.4920387454398442
2024020803,20242025,2025-01-28,COL,NYI,1,0.4160842857054978
2024020804,20242025,2025-01-28,WSH,CGY,0,0.4027999418650597
2024020805,20242025,2025-01-28,DAL,VGK,0,0.5077531883198209
2024020806,20242025,2025-01-28,ANA,SEA,0,0.44780158604962744
2024020807,20242025,2025-01-29,MIN,TOR,0,0.5610033513529837
2024020808,20242025,2025-01-29,LAK,FLA,1,0.5485197132303444
2024020809,20242025,2025-01-29,PHI,NJD,1,0.5838490123748282
2024020810,20242025,2025-01-29,VAN,NSH,0,0.49795601038509674
2024020811,20242025,2025-01-29,PIT,UTA,0,0.5915223364406244
2024020812,20242025,2025-01-30,WPG,BOS,0,0.397362709583048
2024020813,20242025,2025-01-30,MIN,MTL,0,0.552931574231712
2024020814,20242025,2025-01-30,WSH,OTT,1,0.4195698997561518
2024020815,20242025,2025-01-30,LAK,TBL,1,0.5783901307077832
2024020816,20242025,2025-01-30,NYI,PHI,0,0.39331907678290584
2024020817,20242025,2025-01-30,CHI,CAR,1,0.7292690779755279
2024020818,20242025,2025-01-30,ANA,CGY,1,0.5826848485591137
2024020819,20242025,2025-01-30,DET,EDM,0,0.6446298727082352
2024020820,20242025,2025-01-30,CBJ,VGK,0,0.658678526461642
2024020821,20242025,2025-01-30,SJS,SEA,1,0.6486096763567808
2024020822,20242025,2025-01-31,NSH,BUF,1,0.5079454642648853
2024020823,20242025,2025-01-31,VAN,DAL,1,0.6734368615852374
2024020824,20242025,2025-01-31,STL,COL,1,0.6333696007548705
2024020825,20242025,2025-01-31,CBJ,UTA,0,0.5847925163616654
2024020826,20242025,2025-02-01,CHI,FLA,1,0.7242008291090963
2024020827,20242025,2025-02-01,NYR,BOS,1,0.48979820005418506
2024020828,20242025,2025-02-01,MIN,OTT,1,0.4947961728516513
2024020829,20242025,2025-02-01,NYI,TBL,0,0.5570191347495811
2024020830,20242025,2025-02-01,NSH,PIT,1,0.5854670927166444
2024020831,20242025,2025-02-01,WPG,WSH,0,0.5295387338980782
2024020832,20242025,2025-02-01,LAK,CAR,0,0.56561766172365
2024020833,20242025,2025-02-01,TOR,EDM,0,0.5857194910634967
2024020834,20242025,2025-02-01,DET,CGY,0,0.5060970680603942
2024020835,20242025,2025-02-02,NJD,BUF,1,0.441658852656747
2024020836,20242025,2025-02-02,PHI,COL,1,0.683519392332801
2024020837,20242025,2025-02-02,MTL,ANA,1,0.46988532094756386
2024020838,20242025,2025-02-02,NYI,FLA,1,0.5881791118398212
2024020839,20242025,2025-02-02,VGK,NYR,1,0.3816545041693607
2024020840,20242025,2025-02-02,CBJ,DAL,1,0.6691862235218512
2024020841,20242025,2025-02-02,STL,UTA,0,0.5417726429789802
2024020842,20242025,2025-02-02,DET,VAN,0,0.5453095512595642
2024020843,20242025,2025-02-02,CGY,SEA,0,0.5416335032616502
2024020844,20242025,2025-02-03,OTT,NSH,0,0.41678731572556754
2024020845,20242025,2025-02-04,MIN,BOS,1,0.4668094591633331
2024020846,20242025,2025-02-04,CBJ,BUF,1,0.47767556854169035
2024020847,20242025,2025-02-04,OTT,TBL,1,0.5748203548358569
2024020848,20242025,2025-02-04,NJD,PIT,0,0.44232161170482226
2024020849,20242025,2025-02-04,FLA,WSH,1,0.5383672713519362
2024020850,20242025,2025-02-04,VGK,NYI,1,0.4677430729114732
2024020851,20242025,2025-02-04,EDM,STL,0,0.3969130492452645
2024020852,20242025,2025-02-04,CAR,WPG,1,0.5738764273372099
2024020853,20242025,2025-02-04,TOR,CGY,0,0.46161593919750604
2024020854,20242025,2025-02-04,PHI,UTA,1,0.5539577382088687
2024020855,20242025,2025-02-04,COL,VAN,1,0.4069946280884331
2024020856,20242025,2025-02-04,DAL,ANA,1,0.33614609918374627
2024020857,20242025,2025-02-04,DET,SEA,0,0.43215839591887667
2024020858,20242025,2025-02-04,MTL,SJS,0,0.3447919036095631
2024020859,20242025,2025-02-05,BOS,NYR,1,0.6317869514732655
2024020860,20242025,2025-02-05,EDM,CHI,0,0.35354255227803055
2024020861,20242025,2025-02-05,MTL,LAK,1,0.6727907561693889
2024020862,20242025,2025-02-06,OTT,TBL,1,0.5284242571535238
2024020863,20242025,2025-02-06,VGK,NJD,0,0.5050369050322614
2024020864,20242025,2025-02-06,WSH,PHI,0,0.34535230861702393
2024020865,20242025,2025-02-06,UTA,CBJ,0,0.5694874134678501
2024020866,20242025,2025-02-06,FLA,STL,0,0.4012196741327959
2024020867,20242025,2025-02-06,CAR,MIN,1,0.49374081883221865
2024020868,20242025,2025-02-06,COL,CGY,0,0.4272531769412329
2024020869,20242025,2025-02-06,TOR,SEA,0,0.38361282742452735
2024020870,20242025,2025-02-06,VAN,SJS,0,0.34200490988619325
2024020871,20242025,2025-02-07,PIT,NYR,0,0.6235660437776113
2024020872,20242025,2025-02-07,NYI,WPG,1,0.6507357746887965
2024020873,20242025,2025-02-07,NSH,CHI,1,0.4841325116395829
2024020874,20242025,2025-02-07,COL,EDM,0,0.638785681573315
2024020875,20242025,2025-02-07,DAL,LAK,1,0.46449901875907174
2024020876,20242025,2025-02-08,NJD,MTL,0,0.47318885243448483
2024020877,20242025,2025-02-08,TBL,DET,0,0.4979083428638435
2024020878,20242025,2025-02-08,UTA,CAR,1,0.6232296877990989
2024020879,20242025,2025-02-08,VGK,BOS,0,0.45455185340349635
2024020880,20242025,2025-02-08,OTT,FLA,1,0.5837836014167245
2024020881,20242025,2025-02-08,PIT,PHI,1,0.5893868015585639
2024020882,20242025,2025-02-08,NYR,CBJ,0,0.5731221637275171
2024020883,20242025,2025-02-08,CHI,STL,1,0.6814973260079348
2024020884,20242025,2025-02-08,TOR,VAN,1,0.4315171913812589
2024020885,20242025,2025-02-08,BUF,NSH,1,0.4019578032993179
2024020886,20242025,2025-02-08,NYI,MIN,1,0.6326020585221268
2024020887,20242025,2025-02-08,SEA,CGY,0,0.5806836101253937
2024020888,20242025,2025-02-08,ANA,LAK,0,0.5499306375959101
2024020889,20242025,2025-02-08,DAL,SJS,0,0.2932857772470954
2024020890,20242025,2025-02-09,UTA,WSH,0,0.738564461816047
2024020891,20242025,2025-02-09,TBL,MTL,0,0.39906054136630364
2024020892,20242025,2025-02-22,EDM,PHI,1,0.35664837571859936
2024020893,20242025,2025-02-22,WSH,PIT,0,0.35991569766651077
2024020894,20242025,2025-02-22,MIN,DET,0,0.5121464920467651
2024020895,20242025,2025-02-22,NYR,BUF,1,0.44492507555970995
2024020896,20242025,2025-02-22,SEA,FLA,0,0.6890689769635991
2024020897,20242025,2025-02-22,DAL,NJD,0,0.4395292007375959
2024020898,20242025,2025-02-22,COL,NSH,1,0.37096974240173375
2024020899,20242025,2025-02-22,ANA,BOS,0,0.5524875810516084
2024020900,20242025,2025-02-22,CAR,TOR,1,0.5316581832301979
2024020901,20242025,2025-02-22,MTL,OTT,0,0.5974819478072313
2024020902,20242025,2025-02-22,CHI,CBJ,1,0.6396003220185973
2024020903,20242025,2025-02-22,WPG,STL,0,0.36087280820985285
2024020904,20242025,2025-02-22,UTA,LAK,1,0.6031889188321483
2024020905,20242025,2025-02-22,VAN,VGK,1,0.5979351129793329
2024020906,20242025,2025-02-23,EDM,WSH,1,0.5326140607430985
2024020907,20242025,2025-02-23,NYR,PIT,0,0.424617505887217
2024020908,20242025,2025-02-23,ANA,DET,1,0.560958788500096
2024020909,20242025,2025-02-23,SEA,TBL,1,0.6532238774016911
2024020910,20242025,2025-02-23,COL,STL,1,0.3862866477486393
2024020911,20242025,2025-02-23,NJD,NSH,0,0.42374329873267996
2024020912,20242025,2025-02-23,TOR,CHI,0,0.2922154395924634
2024020913,20242025,2025-02-23,DAL,NYI,0,0.40379093564704116
2024020914,20242025,2025-02-23,SJS,CGY,1,0.7071183574563413
2024020915,20242025,2025-02-23,VAN,UTA,1,0.48289723192568773
2024020916,20242025,2025-02-24,SJS,WPG,1,0.8648763945806344
2024020917,20242025,2025-02-24,VGK,LAK,1,0.515870317887738
2024020918,20242025,2025-02-25,TOR,BOS,0,0.4127199791452421
2024020919,20242025,2025-02-25,ANA,BUF,1,0.5387465868848642
2024020920,20242025,2025-02-25,CAR,MTL,1,0.43806155102532746
2024020921,20242025,2025-02-25,EDM,TBL,1,0.5231531874247587
2024020922,20242025,2025-02-25,PIT,PHI,1,0.5675128677032903
2024020923,20242025,2025-02-25,CGY,WSH,0,0.6890705671525797
2024020924,20242025,2025-02-25,DAL,CBJ,1,0.38944110606821986
2024020925,20242025,2025-02-25,NYR,NYI,0,0.5188646826294491
2024020926,20242025,2025-02-25,SEA,STL,1,0.5634346339154471
2024020927,20242025,2025-02-25,FLA,NSH,0,0.36793517138023674
2024020928,20242025,2025-02-25,DET,MIN,0,0.5712663942828409
2024020929,20242025,2025-02-25,CHI,UTA,1,0.642038563727582
2024020930,20242025,2025-02-26,WPG,OTT,0,0.4128924014198715
2024020931,20242025,2025-02-26,NJD,COL,1,0.5669432859266543
2024020932,20242025,2025-02-26,VAN,LAK,0,0.6177514633010098
2024020933,20242025,2025-02-27,NYI,BOS,0,0.5229176980860923
2024020934,20242025,2025-02-27,SJS,MTL,1,0.7268876627461799
2024020935,20242025,2025-02-27,CBJ,DET,0,0.5573124708310857
2024020936,20242025,2025-02-27,CGY,TBL,1,0.6210207655463671
2024020937,20242025,2025-02-27,EDM,FLA,1,0.5593503586744163
2024020938,20242025,2025-02-27,PHI,PIT,1,0.45737273899511655
2024020939,20242025,2025-02-27,STL,WSH,0,0.6675870770729223
2024020940,20242025,2025-02-27,BUF,CAR,1,0.6249277672642336
2024020941,20242025,2025-02-27,WPG,NSH,1,0.38871179376150594
2024020942,20242025,2025-02-27,MIN,UTA,1,0.4441857345695779
2024020943,20242025,2025-02-27,CHI,VGK,1,0.7272079557963371
2024020944,20242025,2025-02-27,VAN,ANA,1,0.5557198184843167
2024020945,20242025,2025-02-28,TOR,NYR,0,0.4477112973280777
2024020946,20242025,2025-02-28,LAK,DAL,1,0.5895232705088488
2024020947,20242025,2025-02-28,MIN,COL,1,0.6468844680469463
2024020948,20242025,2025-03-01,DET,CBJ,1,0.5278039679297557
2024020949,20242025,2025-03-01,NSH,NYI,1,0.592907131967866
2024020950,20242025,2025-03-01,TBL,WSH,0,0.5460120242249891
2024020951,20242025,2025-03-01,CGY,FLA,1,0.6363680649734089
2024020952,20242025,2025-03-01,BOS,PIT,0,0.4573372687156988
2024020953,20242025,2025-03-01,MTL,BUF,0,0.5163587917216853
2024020954,20242025,2025-03-01,SJS,OTT,1,0.7345848467201528
2024020955,20242025,2025-03-01,EDM,CAR,0,0.537453294315886
2024020956,20242025,2025-03-01,PHI,WPG,0,0.6936780148465848
2024020957,20242025,2025-03-01,LAK,STL,1,0.5578799742591455
2024020958,20242025,2025-03-01,NJD,UTA,0,0.48982216914566906
2024020959,20242025,2025-03-01,CHI,ANA,0,0.6482605141472845
2024020960,20242025,2025-03-01,VAN,SEA,1,0.4614078667890583
2024020961,20242025,2025-03-02,TOR,PIT,0,0.24135363574189864
2024020962,20242025,2025-03-02,BOS,MIN,1,0.6332179083212767
2024020963,20242025,2025-03-02,CGY,CAR,1,0.5912445672419148
2024020964,20242025,2025-03-02,STL,DAL,1,0.7186866294046586
2024020965,20242025,2025-03-02,NSH,NYR,1,0.6850743330944035
2024020966,20242025,2025-03-02,NJD,VGK,1,0.6215586412209437
2024020967,20242025,2025-03-03,OTT,WSH,1,0.6099221034598746
2024020968,20242025,2025-03-03,BUF,MTL,1,0.5612269635430176
2024020969,20242025,2025-03-03,TBL,FLA,1,0.5358630878222982
2024020970,20242025,2025-03-03,NYI,NYR,1,0.44474594329563993
2024020971,20242025,2025-03-03,SJS,TOR,0,0.7355024534835236
2024020972,20242025,2025-03-03,LAK,CHI,1,0.3616195964380978
2024020973,20242025,2025-03-04,NSH,BOS,0,0.6139312156897626
2024020974,20242025,2025-03-04,SJS,BUF,0,0.6548214957569295
2024020975,20242025,2025-03-04,CAR,DET,0,0.4690218446062739
2024020976,20242025,2025-03-04,CBJ,TBL,1,0.5091539323025894
2024020977,20242025,2025-03-04,CGY,PHI,0,0.5321006574612667
2024020978,20242025,2025-03-04,WPG,NYI,1,0.3148158705575588
2024020979,20242025,2025-03-04,NJD,DAL,1,0.645786758553001
2024020980,20242025,2025-03-04,PIT,COL,1,0.7007338072232677
2024020981,20242025,2025-03-04,ANA,EDM,0,0.6653005216447219
2024020982,20242025,2025-03-04,MIN,SEA,0,0.4385072022699266
2024020983,20242025,2025-03-05,WSH,NYR,0,0.46862578271033095
2024020984,20242025,2025-03-05,OTT,CHI,0,0.3777167194629746
2024020985,20242025,2025-03-05,TOR,VGK,1,0.5133804037715713
2024020986,20242025,2025-03-05,ANA,VAN,1,0.6098150950355659
2024020987,20242025,2025-03-05,STL,LAK,0,0.5428916962794029
2024020988,20242025,2025-03-06,UTA,DET,0,0.5943559120568686
2024020989,20242025,2025-03-06,BUF,TBL,1,0.6899624573759023
2024020990,20242025,2025-03-06,CBJ,FLA,1,0.6130519979704774
2024020991,20242025,2025-03-06,WPG,PHI,0,0.38117418162218136
2024020992,20242025,2025-03-06,BOS,CAR,1,0.6239671149189857
2024020993,20242025,2025-03-06,SEA,NSH,1,0.513273617242661
2024020994,20242025,2025-03-06,CGY,DAL,1,0.6874548878521969
2024020995,20242025,2025-03-06,MTL,EDM,1,0.6011316648922103
2024020996,20242025,2025-03-06,SJS,COL,1,0.7708892153558761
2024020997,20242025,2025-03-07,WPG,NJD,0,0.4893672764565699
2024020998,20242025,2025-03-07,DET,WSH,1,0.6882227651022783
2024020999,20242025,2025-03-07,UTA,CHI,1,0.5080904825991484
2024021000,20242025,2025-03-07,MIN,VAN,1,0.49288741333047564
2024021001,20242025,2025-03-07,PIT,VGK,1,0.7009012072670562
2024021002,20242025,2025-03-07,STL,ANA,0,0.4800296503652889
2024021003,20242025,2025-03-08,NYR,OTT,1,0.52745808148506
2024021004,20242025,2025-03-08,SEA,PHI,0,0.5689778933724826
2024021005,20242025,2025-03-08,BOS,TBL,0,0.6436312803484306
2024021006,20242025,2025-03-08,BUF,FLA,1,0.70125163259958
2024021007,20242025,2025-03-08,TOR,COL,1,0.5500958956620428
2024021008,20242025,2025-03-08,MTL,CGY,1,0.5370968449634607
2024021009,20242025,2025-03-08,CHI,NSH,1,0.656239654896183
2024021010,20242025,2025-03-08,STL,LAK,1,0.5964135261914513
2024021011,20242025,2025-03-08,DAL,EDM,1,0.4336733797571423
2024021012,20242025,2025-03-08,NYI,SJS,0,0.3450591490865555
2024021013,20242025,2025-03-09,NJD,PHI,0,0.3797242002312279
2024021014,20242025,2025-03-09,SEA,WSH,1,0.7525936577465564
2024021015,20242025,2025-03-09,PIT,MIN,0,0.6712376616753462
2024021016,20242025,2025-03-09,WPG,CAR,1,0.44528501894895955
2024021017,20242025,2025-03-09,CBJ,NYR,0,0.4524693032665689
2024021018,20242025,2025-03-09,LAK,VGK,0,0.6563323030402064
2024021019,20242025,2025-03-09,DAL,VAN,0,0.4558422847520178
2024021020,20242025,2025-03-09,NYI,ANA,1,0.5517111672211148
2024021021,20242025,2025-03-10,EDM,BUF,1,0.3970395774151472
2024021022,20242025,2025-03-10,DET,OTT,1,0.5619537539025481
2024021023,20242025,2025-03-10,CHI,COL,1,0.7479045815970818
2024021024,20242025,2025-03-10,TOR,UTA,0,0.41610061953787614
2024021025,20242025,2025-03-11,FLA,BOS,1,0.4096775273823304
2024021026,20242025,2025-03-11,CBJ,NJD,1,0.5150638719272073
2024021027,20242025,2025-03-11,OTT,PHI,0,0.5020434845660335
2024021028,20242025,2025-03-11,VGK,PIT,1,0.37826914243962456
2024021029,20242025,2025-03-11,TBL,CAR,1,0.5330317801913343
2024021030,20242025,2025-03-11,COL,MIN,1,0.5143493372448443
2024021031,20242025,2025-03-11,NYR,WPG,1,0.6592465648251655
2024021032,20242025,2025-03-11,MTL,VAN,0,0.525933678621237
2024021033,20242025,2025-03-11,WSH,ANA,0,0.40168499546138325
2024021034,20242025,2025-03-11,NYI,LAK,1,0.5469517062854131
2024021035,20242025,2025-03-11,NSH,SJS,0,0.4140652223869383
2024021036,20242025,2025-03-12,BUF,DET,1,0.5888849525457006
2024021037,20242025,2025-03-12,VAN,CGY,0,0.6144921012573081
2024021038,20242025,2025-03-12,ANA,UTA,1,0.5894547700139154
2024021039,20242025,2025-03-12,MTL,SEA,1,0.5241312623128331
2024021040,20242025,2025-03-13,FLA,TOR,0,0.4859156100511093
2024021041,20242025,2025-03-13,BOS,OTT,1,0.5581034444585973
2024021042,20242025,2025-03-13,EDM,NJD,1,0.4826744698722422
2024021043,20242025,2025-03-13,TBL,PHI,1,0.3721532534263363
2024021044,20242025,2025-03-13,STL,PIT,1,0.44821889747144916
2024021045,20242025,2025-03-13,VGK,CBJ,0,0.5071970293340229
2024021046,20242025,2025-03-13,NYR,MIN,0,0.5367979144924527
2024021047,20242025,2025-03-13,WSH,LAK,1,0.44841851904241353
2024021048,20242025,2025-03-13,CHI,SJS,1,0.47727848060223016
2024021049,20242025,2025-03-14,DET,CAR,1,0.5882169981210518
2024021050,20242025,2025-03-14,EDM,NYI,0,0.5396221793108241
2024021051,20242025,2025-03-14,DAL,WPG,1,0.555013799781293
2024021052,20242025,2025-03-14,COL,CGY,0,0.4212476767991751
2024021053,20242025,2025-03-14,NSH,ANA,1,0.5843420711530712
2024021054,20242025,2025-03-14,UTA,SEA,1,0.482864141209836
2024021055,20242025,2025-03-15,VGK,BUF,1,0.4045239906392426
2024021056,20242025,2025-03-15,NJD,PIT,1,0.42644909887338966
2024021057,20242025,2025-03-15,WSH,SJS,0,0.26255451032912575
2024021058,20242025,2025-03-15,TBL,BOS,0,0.4494203329012696
2024021059,20242025,2025-03-15,OTT,TOR,0,0.5541671634950185
2024021060,20242025,2025-03-15,FLA,MTL,1,0.38921643576233333
2024021061,20242025,2025-03-15,CAR,PHI,0,0.4504848771248374
2024021062,20242025,2025-03-15,NYR,CBJ,0,0.49070056577158877
2024021063,20242025,2025-03-15,STL,MIN,0,0.5521171502208653
2024021064,20242025,2025-03-15,NSH,LAK,1,0.7052217434882877
2024021065,20242025,2025-03-15,CHI,VAN,1,0.6615426145532385
2024021066,20242025,2025-03-16,VGK,DET,1,0.5549864867751679
2024021067,20242025,2025-03-16,DAL,COL,1,0.5172110863572386
2024021068,20242025,2025-03-16,ANA,STL,1,0.45943874437189974
2024021069,20242025,2025-03-16,EDM,NYR,0,0.4254744764558754
2024021070,20242025,2025-03-16,FLA,NYI,1,0.48011525476590694
2024021071,20242025,2025-03-16,UTA,VAN,0,0.4532865467302879
2024021072,20242025,2025-03-16,WPG,SEA,0,0.30496509444048875
2024021073,20242025,2025-03-17,BUF,BOS,0,0.562795985952664
2024021074,20242025,2025-03-17,PHI,TBL,1,0.68529980146931
2024021075,20242025,2025-03-17,NJD,CBJ,0,0.505864154253477
2024021076,20242025,2025-03-17,CGY,TOR,1,0.6154135092904327
2024021077,20242025,2025-03-17,LAK,MIN,1,0.49159698168838883
2024021078,20242025,2025-03-18,OTT,MTL,1,0.4793962362610794
2024021079,20242025,2025-03-18,CGY,NYR,0,0.6713416884926036
2024021080,20242025,2025-03-18,NYI,PIT,0,0.45575879724729074
2024021081,20242025,2025-03-18,DET,WSH,1,0.6041054069067143
2024021082,20242025,2025-03-18,STL,NSH,0,0.4424342868673233
2024021083,20242025,2025-03-18,ANA,DAL,1,0.6919847088584573
2024021084,20242025,2025-03-18,SEA,CHI,0,0.42211249193246536
2024021085,20242025,2025-03-18,UTA,EDM,1,0.6238790817014044
2024021086,20242025,2025-03-18,WPG,VAN,1,0.32984530638268267
2024021087,20242025,2025-03-19,COL,TOR,1,0.4898108535568503
2024021088,20242025,2025-03-19,SEA,MIN,1,0.6635526889926299
2024021089,20242025,2025-03-20,COL,OTT,0,0.5392883634342176
2024021090,20242025,2025-03-20,CGY,NJD,0,0.5430725634573168
2024021091,20242025,2025-03-20,TOR,NYR,0,0.5540551186302678
2024021092,20242025,2025-03-20,PHI,WSH,1,0.7126342665506223
2024021093,20242025,2025-03-20,FLA,CBJ,0,0.4064179331145204
2024021094,20242025,2025-03-20,MTL,NYI,1,0.5212994085976725
2024021095,20242025,2025-03-20,VAN,STL,1,0.5643085273583826
2024021096,20242025,2025-03-20,ANA,NSH,0,0.4977255492730325
2024021097,20242025,2025-03-20,TBL,DAL,0,0.581060872622198
2024021098,20242025,2025-03-20,LAK,CHI,0,0.32346405313644466
2024021099,20242025,2025-03-20,WPG,EDM,0,0.45204174842686345
2024021100,20242025,2025-03-20,BUF,UTA,1,0.5509921303575752
2024021101,20242025,2025-03-20,BOS,VGK,1,0.6168922731268819
2024021102,20242025,2025-03-20,CAR,SJS,0,0.2544532986101901
2024021103,20242025,2025-03-21,CBJ,PIT,1,0.5487208994451133
2024021104,20242025,2025-03-22,VAN,NYR,1,0.5638241319989815
2024021105,20242025,2025-03-22,PHI,DAL,1,0.7258899245626185
2024021106,20242025,2025-03-22,BUF,MIN,1,0.6119485021169385
2024021107,20242025,2025-03-22,CHI,STL,1,0.7318622285402644
2024021108,20242025,2025-03-22,CGY,NYI,0,0.5522159979987178
2024021109,20242025,2025-03-22,CAR,LAK,1,0.4741104086916507
2024021110,20242025,2025-03-22,FLA,WSH,1,0.5288797449439618
2024021111,20242025,2025-03-22,TBL,UTA,1,0.4148055397375825
2024021112,20242025,2025-03-22,COL,MTL,0,0.42315613707979094
2024021113,20242025,2025-03-22,OTT,NJD,0,0.5005604782739461
2024021114,20242025,2025-03-22,TOR,NSH,1,0.3658486115864854
2024021115,20242025,2025-03-22,DET,VGK,1,0.5707820260671067
2024021116,20242025,2025-03-22,SEA,EDM,1,0.657421731650574
2024021117,20242025,2025-03-22,BOS,SJS,1,0.3841830895101144
2024021118,20242025,2025-03-23,PHI,CHI,1,0.40177351751144613
2024021119,20242025,2025-03-23,BUF,WPG,0,0.7894659575774141
2024021120,20242025,2025-03-23,PIT,FLA,1,0.593858665819279
2024021121,20242025,2025-03-23,NSH,STL,1,0.608278035708874
2024021122,20242025,2025-03-23,TBL,VGK,1,0.4894988035336978
2024021123,20242025,2025-03-23,CAR,ANA,0,0.4895372520061927
2024021124,20242025,2025-03-23,BOS,LAK,1,0.6252688753275376
2024021125,20242025,2025-03-24,VAN,NJD,0,0.538759756457447
2024021126,20242025,2025-03-24,CBJ,NYI,0,0.5774663661382415
2024021127,20242025,2025-03-24,MIN,DAL,1,0.6161405166144887
2024021128,20242025,2025-03-24,DET,UTA,0,0.49867518512626363
2024021129,20242025,2025-03-25,OTT,BUF,1,0.4381392821253795
2024021130,20242025,2025-03-25,PHI,TOR,1,0.6965702135293376
2024021131,20242025,2025-03-25,PIT,TBL,1,0.6646800512014222
2024021132,20242025,2025-03-25,NSH,CAR,0,0.6774342223820942
2024021133,20242025,2025-03-25,MTL,STL,1,0.5670267929403392
2024021134,20242025,2025-03-25,VGK,MIN,0,0.3867159538486369
2024021135,20242025,2025-03-25,WSH,WPG,1,0.5631872054997566
2024021136,20242025,2025-03-25,DET,COL,1,0.6821452896361068
2024021137,20242025,2025-03-25,SEA,CGY,1,0.5782950968536981
2024021138,20242025,2025-03-25,NYR,LAK,1,0.5722845881117069
2024021139,20242025,2025-03-26,VAN,NYI,0,0.5347074648356783
2024021140,20242025,2025-03-26,NJD,CHI,0,0.3738667213145313
2024021141,20242025,2025-03-26,DAL,EDM,0,0.46372447315557297
2024021142,20242025,2025-03-26,BOS,ANA,1,0.5810795321603686
2024021143,20242025,2025-03-27,PIT,BUF,1,0.5586709105229739
2024021144,20242025,2025-03-27,OTT,DET,0,0.5239687646528594
2024021145,20242025,2025-03-27,UTA,TBL,1,0.6478120063696049
2024021146,20242025,2025-03-27,MTL,PHI,1,0.41903552790597615
2024021147,20242025,2025-03-27,STL,NSH,0,0.4152653098119474
2024021148,20242025,2025-03-27,WSH,MIN,1,0.4455333997972417
2024021149,20242025,2025-03-27,LAK,COL,1,0.5931463856179633
2024021150,20242025,2025-03-27,DAL,CGY,0,0.45000030354924675
2024021151,20242025,2025-03-27,EDM,SEA,1,0.4704543695799648
2024021152,20242025,2025-03-27,TOR,SJS,1,0.25059543139315055
2024021153,20242025,2025-03-28,UTA,FLA,1,0.7270872772801222
2024021154,20242025,2025-03-28,MTL,CAR,1,0.6720438811897775
2024021155,20242025,2025-03-28,VAN,CBJ,1,0.4905200031680142
2024021156,20242025,2025-03-28,NJD,WPG,1,0.6768466451811826
2024021157,20242025,2025-03-28,VGK,CHI,0,0.26678575548318195
2024021158,20242025,2025-03-28,NYR,ANA,1,0.4854287897936801
2024021159,20242025,2025-03-29,BUF,PHI,1,0.47921419934127435
2024021160,20242025,2025-03-29,NYI,TBL,1,0.648785415261571
2024021161,20242025,2025-03-29,STL,COL,0,0.5943110904259624
2024021162,20242025,2025-03-29,NJD,MIN,0,0.6620643860866002
2024021163,20242025,2025-03-29,VGK,NSH,0,0.4569560663919019
2024021164,20242025,2025-03-29,CBJ,OTT,1,0.6479182352137874
2024021165,20242025,2025-03-29,TOR,LAK,0,0.5183522608310388
2024021166,20242025,2025-03-29,BOS,DET,1,0.633502956005905
2024021167,20242025,2025-03-29,CGY,EDM,1,0.605201377468421
2024021168,20242025,2025-03-29,NYR,SJS,0,0.40606547511117147
2024021169,20242025,2025-03-29,DAL,SEA,0,0.33184591105392186
2024021170,20242025,2025-03-30,MTL,FLA,0,0.654385008166278
2024021171,20242025,2025-03-30,BUF,WSH,0,0.7527032095322158
2024021172,20242025,2025-03-30,VAN,WPG,1,0.6655436557222092
2024021173,20242025,2025-03-30,UTA,CHI,0,0.40437175000886716
2024021174,20242025,2025-03-30,OTT,PIT,1,0.4609140637520191
2024021175,20242025,2025-03-30,NYI,CAR,1,0.6907432674261669
2024021176,20242025,2025-03-30,TOR,ANA,0,0.4889829200438813
2024021177,20242025,2025-03-30,SJS,LAK,1,0.7461861103118109
2024021178,20242025,2025-03-31,MIN,NJD,1,0.5031795546503345
2024021179,20242025,2025-03-31,NSH,PHI,1,0.4788441996755501
2024021180,20242025,2025-03-31,CGY,COL,0,0.6822436788373163
2024021181,20242025,2025-03-31,DAL,SEA,0,0.32383331916106867
2024021182,20242025,2025-04-01,WSH,BOS,0,0.332545838664076
2024021183,20242025,2025-04-01,FLA,MTL,1,0.4186044620144022
2024021184,20242025,2025-04-01,BUF,OTT,0,0.6159691067612627
2024021185,20242025,2025-04-01,NSH,CBJ,1,0.6236749629805439
2024021186,20242025,2025-04-01,TBL,NYI,0,0.40769061938384993
2024021187,20242025,2025-04-01,DET,STL,1,0.5986851288881276
2024021188,20242025,2025-04-01,CGY,UTA,1,0.5580689686848589
2024021189,20242025,2025-04-01,EDM,VGK,0,0.5563863822733567
2024021190,20242025,2025-04-01,SJS,ANA,1,0.7005593338762703
2024021191,20242025,2025-04-01,WPG,LAK,1,0.4626818761949068
2024021192,20242025,2025-04-02,MIN,NYR,1,0.5262943583774556
2024021193,20242025,2025-04-02,WSH,CAR,1,0.5996932319977405
2024021194,20242025,2025-04-02,FLA,TOR,1,0.5992311526376518
2024021195,20242025,2025-04-02,COL,CHI,0,0.23247691159998277
2024021196,20242025,2025-04-02,SEA,VAN,0,0.5816027277930786
2024021197,20242025,2025-04-03,BOS,MTL,1,0.6342523836971127
2024021198,20242025,2025-04-03,TBL,OTT,1,0.43617106997468025
2024021199,20242025,2025-04-03,COL,CBJ,0,0.4816933671277402
2024021200,20242025,2025-04-03,PIT,STL,1,0.690402626107404
2024021201,20242025,2025-04-03,NSH,DAL,1,0.7377648079849429
2024021202,20242025,2025-04-03,LAK,UTA,0,0.4025596966797944
2024021203,20242025,2025-04-03,ANA,CGY,1,0.5437731576736549
2024021204,20242025,2025-04-03,WPG,VGK,0,0.489334930257453
2024021205,20242025,2025-04-03,EDM,SJS,0,0.2631650869375335
2024021206,20242025,2025-04-04,CAR,DET,1,0.4084243690859708
2024021207,20242025,2025-04-04,CHI,WSH,1,0.7822622513446683
2024021208,20242025,2025-04-04,MIN,NYI,1,0.5024447044811717
2024021209,20242025,2025-04-05,NYR,NJD,1,0.5013607406241916
2024021210,20242025,2025-04-05,FLA,OTT,1,0.49278720668597065
2024021211,20242025,2025-04-05,PIT,DAL,0,0.7560224179898206
2024021212,20242025,2025-04-05,ANA,VAN,1,0.5654542459051793
2024021213,20242025,2025-04-05,EDM,LAK,1,0.5667988986182761
2024021214,20242025,2025-04-05,CAR,BOS,1,0.39560533426638195
2024021215,20242025,2025-04-05,TBL,BUF,1,0.38200919748535733
2024021216,20242025,2025-04-05,CBJ,TOR,1,0.6366996832771104
2024021217,20242025,2025-04-05,PHI,MTL,1,0.6359282756651143
2024021218,20242025,2025-04-05,COL,STL,1,0.4736661144060841
2024021219,20242025,2025-04-05,WPG,UTA,1,0.3387509379441561
2024021220,20242025,2025-04-05,VGK,CGY,0,0.44013521251427057
2024021221,20242025,2025-04-05,SEA,SJS,0,0.35290631986250254
2024021222,20242025,2025-04-06,WSH,NYI,1,0.4236922126857877
2024021223,20242025,2025-04-06,DAL,MIN,1,0.4551497504729196
2024021224,20242025,2025-04-06,CBJ,OTT,1,0.5962608296833117
2024021225,20242025,2025-04-06,FLA,DET,1,0.5359827814883119
2024021226,20242025,2025-04-06,BOS,BUF,1,0.5803312042833386
2024021227,20242025,2025-04-06,PIT,CHI,1,0.46362749930793334
2024021228,20242025,2025-04-06,MTL,NSH,0,0.5139729605922179
2024021229,20242025,2025-04-06,VGK,VAN,0,0.43722726864901285
2024021230,20242025,2025-04-07,TBL,NYR,0,0.43945850059277325
2024021231,20242025,2025-04-07,STL,WPG,1,0.5903988636133961
2024021232,20242025,2025-04-07,EDM,ANA,1,0.41057352981488043
2024021233,20242025,2025-04-07,SEA,LAK,0,0.6470944427898803
2024021234,20242025,2025-04-07,CGY,SJS,0,0.324044232781914
2024021235,20242025,2025-04-08,CAR,BUF,1,0.4403820389091578
2024021236,20242025,2025-04-08,DET,MTL,1,0.5308422347522801
2024021237,20242025,2025-04-08,TOR,FLA,1,0.5064339310186636
2024021238,20242025,2025-04-08,BOS,NJD,0,0.636037689105869
2024021239,20242025,2025-04-08,OTT,CBJ,1,0.4237483583530993
2024021240,20242025,2025-04-08,CHI,PIT,1,0.6482603658986584
2024021241,20242025,2025-04-08,NYI,NSH,1,0.4495660629339679
2024021242,20242025,2025-04-08,VAN,DAL,0,0.6797194392528003
2024021243,20242025,2025-04-08,SEA,UTA,1,0.5804135170227496
2024021244,20242025,2025-04-08,VGK,COL,1,0.5882204171491344
2024021245,20242025,2025-04-09,TOR,TBL,0,0.6329871148894675
2024021246,20242025,2025-04-09,PHI,NYR,0,0.6213817670083028
2024021247,20242025,2025-04-09,SJS,MIN,1,0.7448460524479594
2024021248,20242025,2025-04-09,STL,EDM,1,0.5209685039004626
2024021249,20242025,2025-04-09,CGY,ANA,1,0.4989852356122601
2024021250,20242025,2025-04-10,CHI,BOS,0,0.6431274970965036
2024021251,20242025,2025-04-10,DET,FLA,1,0.5979069381581766
2024021252,20242025,2025-04-10,CAR,WSH,1,0.5166743316164732
2024021253,20242025,2025-04-10,BUF,CBJ,1,0.480933202652261
2024021254,20242025,2025-04-10,NYR,NYI,0,0.6178415664963707
2024021255,20242025,2025-04-10,WPG,DAL,0,0.5136881387437355
2024021256,20242025,2025-04-10,VAN,COL,0,0.6551564577533908
2024021257,20242025,2025-04-10,NSH,UTA,0,0.6029110899858483
2024021258,20242025,2025-04-10,SEA,VGK,1,0.624555818577244
2024021259,20242025,2025-04-10,ANA,LAK,1,0.7321194860927942
2024021260,20242025,2025-04-11,MTL,OTT,1,0.5657869013600693
2024021261,20242025,2025-04-11,DET,TBL,0,0.7170541676402289
2024021262,20242025,2025-04-11,PIT,NJD,0,0.5851693785587863
2024021263,20242025,2025-04-11,SJS,EDM,1,0.7828261225253847
2024021264,20242025,2025-04-11,MIN,CGY,1,0.5119925516676747
2024021265,20242025,2025-04-12,NYI,PHI,1,0.4837785542550992
2024021266,20242025,2025-04-12,NYR,CAR,1,0.6162598693284306
2024021267,20242025,2025-04-12,COL,LAK,1,0.5301895572984704
2024021268,20242025,2025-04-12,BUF,FLA,1,0.614461299229618
2024021269,20242025,2025-04-12,MTL,TOR,1,0.6925887400186586
2024021270,20242025,2025-04-12,WSH,CBJ,1,0.40715409933700397
2024021271,20242025,2025-04-12,WPG,CHI,0,0.21641140256068203
2024021272,20242025,2025-04-12,UTA,DAL,0,0.659733690092154
2024021273,20242025,2025-04-12,MIN,VAN,0,0.6116500060182057
2024021274,20242025,2025-04-12,NSH,VGK,1,0.6649599202418796
2024021275,20242025,2025-04-12,STL,SEA,1,0.4333917176941337
2024021276,20242025,2025-04-13,PHI,OTT,1,0.7238100033707654
2024021277,20242025,2025-04-13,NYI,NJD,0,0.636806928113251
2024021278,20242025,2025-04-13,BOS,PIT,0,0.5827951387346298
2024021279,20242025,2025-04-13,TOR,CAR,0,0.4848329993764374
2024021280,20242025,2025-04-13,BUF,TBL,1,0.6992954458914677
2024021281,20242025,2025-04-13,CBJ,WSH,0,0.5912554351720162
2024021282,20242025,2025-04-13,EDM,WPG,0,0.5492253113670276
2024021283,20242025,2025-04-13,SJS,CGY,1,0.7448343065132953
2024021284,20242025,2025-04-13,COL,ANA,0,0.4273130020491698
2024021285,20242025,2025-04-14,CHI,MTL,0,0.7097879566111034
2024021286,20242025,2025-04-14,DAL,DET,1,0.4219728204169151
2024021287,20242025,2025-04-14,NYR,FLA,0,0.6426936178700285
2024021288,20242025,2025-04-14,UTA,NSH,0,0.4517552766789013
2024021289,20242025,2025-04-14,LAK,EDM,0,0.3961497719776412
2024021290,20242025,2025-04-14,SJS,VAN,1,0.7947092875645762
2024021291,20242025,2025-04-15,NJD,BOS,0,0.45697556261677263
2024021292,20242025,2025-04-15,TOR,BUF,0,0.41037032911576393
2024021293,20242025,2025-04-15,CHI,OTT,0,0.795282922733266
2024021294,20242025,2025-04-15,FLA,TBL,1,0.6301807182160779
2024021295,20242025,2025-04-15,CBJ,PHI,0,0.4539073211582127
2024021296,20242025,2025-04-15,WSH,NYI,0,0.4443641664729295
2024021297,20242025,2025-04-15,UTA,STL,1,0.6487991333415358
2024021298,20242025,2025-04-15,ANA,MIN,1,0.5932306098902581
2024021299,20242025,2025-04-15,VGK,CGY,1,0.47054397026884764
2024021300,20242025,2025-04-15,LAK,SEA,0,0.4400564197241488
2024021301,20242025,2025-04-16,CAR,MTL,1,0.4415747447228803
2024021302,20242025,2025-04-16,ANA,WPG,1,0.7815738642623911
2024021303,20242025,2025-04-16,DET,NJD,0,0.40635878289934874
2024021304,20242025,2025-04-16,DAL,NSH,1,0.34554193344324946
2024021305,20242025,2025-04-16,VGK,VAN,0,0.5398889963183934
2024021306,20242025,2025-04-16,EDM,SJS,0,0.27446563897759996
2024020653,20242025,2025-04-17,CGY,LAK,0,0.643051796659625
2024021307,20242025,2025-04-17,PHI,BUF,1,0.6136003703209018
2024021308,20242025,2025-04-17,DET,TOR,1,0.7051607815878742
2024021309,20242025,2025-04-17,CAR,OTT,1,0.5899892657568965
2024021310,20242025,2025-04-17,TBL,NYR,1,0.3981476669338782
2024021311,20242025,2025-04-17,WSH,PIT,1,0.4160580744601671
2024021312,20242025,2025-04-17,NYI,CBJ,1,0.5923474357044864
2025020001,20252026,2025-10-07,CHI,FLA,1,0.7120193849037224
2025020002,20252026,2025-10-07,PIT,NYR,0,0.5919372141090606
2025020003,20252026,2025-10-07,COL,LAK,0,0.5590904862725383
2025020004,20252026,2025-10-08,MTL,TOR,1,0.6630437486699685
2025020005,20252026,2025-10-08,BOS,WSH,0,0.6820922187748625
2025020006,20252026,2025-10-08,CGY,EDM,0,0.5986055386596155
2025020007,20252026,2025-10-08,LAK,VGK,0,0.6420926676774383
2025020008,20252026,2025-10-09,CHI,BOS,1,0.3638335522951448
2025020009,20252026,2025-10-09,NYR,BUF,0,0.5791897426557383
2025020010,20252026,2025-10-09,MTL,DET,0,0.6570824820467972
2025020011,20252026,2025-10-09,OTT,TBL,0,0.5627662388981306
2025020012,20252026,2025-10-09,PHI,FLA,1,0.6670282121337859
2025020013,20252026,2025-10-09,NYI,PIT,1,0.5820698833012744
2025020014,20252026,2025-10-09,NJD,CAR,1,0.610479224236958
2025020015,20252026,2025-10-09,MIN,STL,0,0.6149970135400084
2025020016,20252026,2025-10-09,CBJ,NSH,1,0.4774700057975084
2025020017,20252026,2025-10-09,DAL,WPG,0,0.6322671680770668
2025020018,20252026,2025-10-09,UTA,COL,1,0.6463173603616025
2025020019,20252026,2025-10-09,CGY,VAN,1,0.5942407496038183
2025020020,20252026,2025-10-09,VGK,SJS,0,0.39694572267055345
2025020021,20252026,2025-10-09,ANA,SEA,1,0.5735369972252105
2025020022,20252026,2025-10-11,LAK,WPG,1,0.6763695440340729
2025020023,20252026,2025-10-11,STL,CGY,0,0.4894210965507963
2025020024,20252026,2025-10-11,BUF,BOS,1,0.41722333701578296
2025020025,20252026,2025-10-11,TOR,DET,1,0.44097226149423047
2025020026,20252026,2025-10-11,NJD,TBL,0,0.658963449820411
2025020027,20252026,2025-10-11,OTT,FLA,1,0.5398073133362054
2025020028,20252026,2025-10-11,WSH,NYI,0,0.4768667856803717
2025020029,20252026,2025-10-11,NYR,PIT,0,0.4519584703782718
2025020030,20252026,2025-10-11,PHI,CAR,1,0.521030741486145
2025020031,20252026,2025-10-11,MTL,CHI,0,0.45481936761525366
2025020032,20252026,2025-10-11,UTA,NSH,0,0.3262419478727314
2025020033,20252026,2025-10-11,CBJ,MIN,0,0.49700226774789313
2025020034,20252026,2025-10-11,DAL,COL,0,0.6148377521661111
2025020035,20252026,2025-10-11,VAN,EDM,1,0.6521406338102407
2025020036,20252026,2025-10-11,ANA,SJS,0,0.41356122105498255
2025020037,20252026,2025-10-11,VGK,SEA,1,0.41325958489467507
2025020038,20252026,2025-10-12,WSH,NYR,0,0.5073340080717273
2025020039,20252026,2025-10-13,COL,BUF,0,0.4608327718647682
2025020040,20252026,2025-10-13,TBL,BOS,0,0.34133566633726287
2025020041,20252026,2025-10-13,NSH,OTT,0,0.5865662689389897
2025020042,20252026,2025-10-13,WPG,NYI,0,0.42287126589163726
2025020043,20252026,2025-10-13,DET,TOR,0,0.6374915256728769
2025020044,20252026,2025-10-13,FLA,PHI,1,0.5308146236931007
2025020045,20252026,2025-10-13,NJD,CBJ,0,0.6200049795562086
2025020046,20252026,2025-10-13,STL,VAN,0,0.5386792990595298
2025020047,20252026,2025-10-13,LAK,MIN,1,0.5001353679207053
2025020048,20252026,2025-10-13,UTA,CHI,1,0.4568488514448886
2025020049,20252026,2025-10-14,NSH,TOR,1,0.672923087531841
2025020050,20252026,2025-10-14,SEA,MTL,1,0.6068850769905609
2025020051,20252026,2025-10-14,EDM,NYR,0,0.5006856244397616
2025020052,20252026,2025-10-14,TBL,WSH,1,0.594802509832242
2025020053,20252026,2025-10-14,VGK,CGY,0,0.4616711409335456
2025020054,20252026,2025-10-14,MIN,DAL,1,0.5830100496411639
2025020055,20252026,2025-10-14,CAR,SJS,0,0.41231533516180763
2025020056,20252026,2025-10-14,PIT,ANA,1,0.5373565932121643
2025020057,20252026,2025-10-15,OTT,BUF,1,0.53059789361383
2025020058,20252026,2025-10-15,FLA,DET,1,0.5125804019051042
2025020059,20252026,2025-10-15,CHI,STL,0,0.6532826889494908
2025020060,20252026,2025-10-15,CGY,UTA,1,0.6241589803839759
2025020061,20252026,2025-10-16,NYR,TOR,1,0.609111982246863
2025020062,20252026,2025-10-16,NSH,MTL,1,0.5795523055395212
2025020063,20252026,2025-10-16,SEA,OTT,1,0.4671035289679247
2025020064,20252026,2025-10-16,FLA,NJD,1,0.5544972005421794
2025020065,20252026,2025-10-16,EDM,NYI,1,0.4438381748862641
2025020066,20252026,2025-10-16,WPG,PHI,0,0.40167838036391396
2025020067,20252026,2025-10-16,COL,CBJ,0,0.5121764500725383
2025020068,20252026,2025-10-16,VAN,DAL,0,0.5441612431029935
2025020069,20252026,2025-10-16,BOS,VGK,1,0.680369858820262
2025020070,20252026,2025-10-16,CAR,ANA,0,0.437263400975754
2025020071,20252026,2025-10-16,PIT,LAK,0,0.6585251952560359
2025020072,20252026,2025-10-17,TBL,DET,1,0.49054119429735493
2025020073,20252026,2025-10-17,MIN,WSH,1,0.5481788918569056
2025020074,20252026,2025-10-17,VAN,CHI,0,0.5366415244425262
2025020075,20252026,2025-10-17,SJS,UTA,1,0.7020603400664117
2025020076,20252026,2025-10-18,FLA,BUF,1,0.5220567496000817
2025020077,20252026,2025-10-18,NYI,OTT,0,0.5583606283806465
2025020078,20252026,2025-10-18,EDM,NJD,1,0.4364603034757142
2025020079,20252026,2025-10-18,SEA,TOR,0,0.6486639550877913
2025020080,20252026,2025-10-18,NYR,MTL,0,0.49609267678565105
2025020081,20252026,2025-10-18,MIN,PHI,1,0.5794633510820733
2025020082,20252026,2025-10-18,TBL,CBJ,1,0.5967000675213343
2025020083,20252026,2025-10-18,DAL,STL,1,0.5176846260432957
2025020084,20252026,2025-10-18,NSH,WPG,1,0.6902886824392488
2025020085,20252026,2025-10-18,BOS,COL,1,0.6899506792555283
2025020086,20252026,2025-10-18,CAR,LAK,0,0.5725714362538568
2025020087,20252026,2025-10-18,CGY,VGK,1,0.5850150420968054
2025020088,20252026,2025-10-18,PIT,SJS,0,0.3085267982195877
2025020089,20252026,2025-10-19,VAN,WSH,0,0.5815472361003631
2025020090,20252026,2025-10-19,EDM,DET,1,0.5608357031147408
2025020091,20252026,2025-10-19,ANA,CHI,1,0.5347775958883036
2025020092,20252026,2025-10-19,BOS,UTA,1,0.6860695026110778
2025020093,20252026,2025-10-20,MIN,NYR,0,0.5566789980814383
2025020094,20252026,2025-10-20,SEA,PHI,1,0.5144399160062947
2025020095,20252026,2025-10-20,BUF,MTL,1,0.5243937277001766
2025020096,20252026,2025-10-20,WPG,CGY,0,0.3951624299111064
2025020097,20252026,2025-10-20,CAR,VGK,1,0.5675075663886193
2025020098,20252026,2025-10-21,NJD,TOR,0,0.6484381664425226
2025020099,20252026,2025-10-21,EDM,OTT,0,0.4708989562166111
2025020100,20252026,2025-10-21,SJS,NYI,1,0.6782829660416919
2025020101,20252026,2025-10-21,VAN,PIT,1,0.4998632268014271
2025020102,20252026,2025-10-21,SEA,WSH,1,0.6819248119484933
2025020103,20252026,2025-10-21,FLA,BOS,0,0.45613941141788666
2025020104,20252026,2025-10-21,LAK,STL,0,0.4966570170009372
2025020105,20252026,2025-10-21,ANA,NSH,0,0.5453211398617177
2025020106,20252026,2025-10-21,CBJ,DAL,0,0.5487885199694722
2025020107,20252026,2025-10-21,COL,UTA,1,0.44198406118984
2025020108,20252026,2025-10-22,MIN,NJD,1,0.42631309129902
2025020109,20252026,2025-10-22,DET,BUF,1,0.5229596647713874
2025020110,20252026,2025-10-22,MTL,CGY,0,0.5193124128162945
2025020111,20252026,2025-10-23,ANA,BOS,0,0.5116522647845497
2025020112,20252026,2025-10-23,PHI,OTT,1,0.573196862391499
2025020113,20252026,2025-10-23,CHI,TBL,0,0.6599206129018734
2025020114,20252026,2025-10-23,PIT,FLA,0,0.5610201943559918
2025020115,20252026,2025-10-23,DET,NYI,1,0.5449635318759044
2025020116,20252026,2025-10-23,SJS,NYR,0,0.7207994205332212
2025020117,20252026,2025-10-23,UTA,STL,0,0.5679491261589596
2025020118,20252026,2025-10-23,VAN,NSH,1,0.4856209095660841
2025020119,20252026,2025-10-23,LAK,DAL,0,0.49922867342991517
2025020120,20252026,2025-10-23,SEA,WPG,0,0.6845115195360212
2025020121,20252026,2025-10-23,CAR,COL,0,0.5981101501147643
2025020122,20252026,2025-10-23,MTL,EDM,1,0.6535610095007831
2025020123,20252026,2025-10-24,TOR,BUF,1,0.4599708986842063
2025020124,20252026,2025-10-24,SJS,NJD,1,0.7797296173031264
2025020125,20252026,2025-10-24,WSH,CBJ,0,0.5229770491193788
2025020126,20252026,2025-10-24,CGY,WPG,1,0.5664498316459621
2025020127,20252026,2025-10-25,NYI,PHI,1,0.5288309942969578
2025020128,20252026,2025-10-25,COL,BOS,1,0.3592256842849679
2025020129,20252026,2025-10-25,ANA,TBL,1,0.6259174399989943
2025020130,20252026,2025-10-25,VGK,FLA,1,0.4659508382635564
2025020131,20252026,2025-10-25,UTA,MIN,0,0.5168931982000072
2025020132,20252026,2025-10-25,BUF,TOR,1,0.5802605187022905
2025020133,20252026,2025-10-25,STL,DET,1,0.5114461793050739
2025020134,20252026,2025-10-25,CBJ,PIT,0,0.5778264087747129
2025020135,20252026,2025-10-25,OTT,WSH,0,0.5069600111387226
2025020136,20252026,2025-10-25,MTL,VAN,0,0.5158689032927619
2025020137,20252026,2025-10-25,LAK,NSH,1,0.4108625979791603
2025020138,20252026,2025-10-25,CAR,DAL,1,0.5235802389729325
2025020139,20252026,2025-10-25,EDM,SEA,1,0.4646996410087118
2025020140,20252026,2025-10-26,COL,NJD,1,0.5414991742235309
2025020141,20252026,2025-10-26,VGK,TBL,1,0.4784217337771106
2025020142,20252026,2025-10-26,SJS,MIN,0,0.6149734957187784
2025020143,20252026,2025-10-26,UTA,WPG,0,0.688801127407464
2025020144,20252026,2025-10-26,LAK,CHI,0,0.47712120805348324
2025020145,20252026,2025-10-26,DAL,NSH,0,0.42558102447451784
2025020146,20252026,2025-10-26,NYR,CGY,1,0.518202568592995
2025020147,20252026,2025-10-26,EDM,VAN,1,0.45376224779564023
2025020148,20252026,2025-10-27,STL,PIT,1,0.500361851648605
2025020149,20252026,2025-10-27,BOS,OTT,1,0.6338841745035183
2025020150,20252026,2025-10-28,PIT,PHI,1,0.5760900457908779
2025020151,20252026,2025-10-28,CGY,TOR,1,0.6139680536279835
2025020152,20252026,2025-10-28,CBJ,BUF,0,0.5169942141959206
2025020153,20252026,2025-10-28,ANA,FLA,0,0.5953633281956615
2025020154,20252026,2025-10-28,NYI,BOS,1,0.3820406329968917
2025020155,20252026,2025-10-28,VGK,CAR,0,0.5105704414127353
2025020156,20252026,2025-10-28,TBL,NSH,0,0.4407063708613259
2025020157,20252026,2025-10-28,WPG,MIN,0,0.39727339079804275
2025020158,20252026,2025-10-28,DET,STL,0,0.4409271581741116
2025020159,20252026,2025-10-28,WSH,DAL,1,0.5272654398402663
2025020160,20252026,2025-10-28,OTT,CHI,1,0.5008194471283565
2025020161,20252026,2025-10-28,NJD,COL,1,0.5937279510482455
2025020162,20252026,2025-10-28,UTA,EDM,1,0.5358566003154938
2025020163,20252026,2025-10-28,NYR,VAN,0,0.5388945390844305
2025020164,20252026,2025-10-28,MTL,SEA,0,0.5054829440123493
2025020165,20252026,2025-10-28,LAK,SJS,0,0.2976692588142291
2025020166,20252026,2025-10-29,TOR,CBJ,1,0.4722147707933093
2025020167,20252026,2025-10-30,BUF,BOS,1,0.4612068461621759
2025020168,20252026,2025-10-30,CGY,OTT,1,0.560004544429238
2025020169,20252026,2025-10-30,DAL,TBL,1,0.5344521502732973
2025020170,20252026,2025-10-30,NSH,PHI,1,0.562688507851162
2025020171,20252026,2025-10-30,NYI,CAR,1,0.6113075302828627
2025020172,20252026,2025-10-30,VAN,STL,0,0.5571363702275828
2025020173,20252026,2025-10-30,PIT,MIN,0,0.5092589778028763
2025020174,20252026,2025-10-30,CHI,WPG,1,0.7047965633495696
2025020175,20252026,2025-10-30,NYR,EDM,0,0.5841879765092758
2025020176,20252026,2025-10-30,NJD,SJS,1,0.34047453324115434
2025020177,20252026,2025-10-30,DET,LAK,0,0.563360133348683
2025020178,20252026,2025-10-31,COL,VGK,0,0.5217640548710494
2025020179,20252026,2025-10-31,NYI,WSH,0,0.6976974519933915
2025020180,20252026,2025-10-31,DET,ANA,1,0.5412837417421843
2025020181,20252026,2025-11-01,CAR,BOS,1,0.4252806779205149
2025020182,20252026,2025-11-01,PIT,WPG,1,0.6269209787530524
2025020183,20252026,2025-11-01,CGY,NSH,1,0.45944546933909003
2025020184,20252026,2025-11-01,COL,SJS,1,0.3294881675228683
2025020185,20252026,2025-11-01,DAL,FLA,1,0.4993072866980775
2025020186,20252026,2025-11-01,WSH,BUF,1,0.5803194822209116
2025020187,20252026,2025-11-01,OTT,MTL,1,0.5222745068499437
2025020188,20252026,2025-11-01,TOR,PHI,0,0.4483305707758193
2025020189,20252026,2025-11-01,STL,CBJ,1,0.5718397760080336
2025020190,20252026,2025-11-01,VAN,MIN,1,0.5140213595183433
2025020191,20252026,2025-11-01,NJD,LAK,0,0.6006600821908361
2025020192,20252026,2025-11-01,CHI,EDM,1,0.6510697124357653
2025020193,20252026,2025-11-01,NYR,SEA,0,0.5168358369691464
2025020194,20252026,2025-11-02,TBL,UTA,0,0.5124532835231858
2025020195,20252026,2025-11-02,CBJ,NYI,1,0.5344541359040663
2025020196,20252026,2025-11-02,CGY,PHI,0,0.4854179506521614
2025020197,20252026,2025-11-02,NJD,ANA,1,0.5774261546862226
2025020198,20252026,2025-11-02,DET,SJS,0,0.2579338014844514
2025020199,20252026,2025-11-03,PIT,TOR,1,0.593798301026132
2025020200,20252026,2025-11-03,EDM,STL,1,0.4961951191366701
2025020201,20252026,2025-11-03,VAN,NSH,0,0.5000847957180342
2025020202,20252026,2025-11-03,CHI,SEA,1,0.6087694220384705
2025020203,20252026,2025-11-04,UTA,BUF,0,0.5055932138272168
2025020204,20252026,2025-11-04,PHI,MTL,0,0.6104063018181851
2025020205,20252026,2025-11-04,BOS,NYI,0,0.551253316408074
2025020206,20252026,2025-11-04,CAR,NYR,0,0.48802218912790435
2025020207,20252026,2025-11-04,EDM,DAL,1,0.6293485072785348
2025020208,20252026,2025-11-04,NSH,MIN,1,0.6579168555469007
2025020209,20252026,2025-11-04,TBL,COL,1,0.578991238398195
2025020210,20252026,2025-11-04,DET,VGK,1,0.5668573588795823
2025020211,20252026,2025-11-04,FLA,ANA,1,0.4850810999111656
2025020212,20252026,2025-11-04,WPG,LAK,1,0.4529260879376215
2025020213,20252026,2025-11-05,UTA,TOR,1,0.6508582330611803
2025020214,20252026,2025-11-05,STL,WSH,1,0.5501739797969181
2025020215,20252026,2025-11-05,CBJ,CGY,1,0.4913348940238431
2025020216,20252026,2025-11-05,CHI,VAN,0,0.6090796540018567
2025020217,20252026,2025-11-05,SJS,SEA,0,0.7014207980272218
2025020218,20252026,2025-11-06,OTT,BOS,1,0.4578591290490274
2025020219,20252026,2025-11-06,STL,BUF,0,0.5995587706071527
2025020220,20252026,2025-11-06,MTL,NJD,1,0.5171697061919349
2025020221,20252026,2025-11-06,WSH,PIT,1,0.5595868435225941
2025020222,20252026,2025-11-06,MIN,CAR,1,0.6225349806659399
2025020223,20252026,2025-11-06,PHI,NSH,0,0.49738788449085414
2025020224,20252026,2025-11-06,ANA,DAL,0,0.5925440201254409
2025020225,20252026,2025-11-06,TBL,VGK,0,0.5645633211360542
2025020226,20252026,2025-11-06,FLA,LAK,0,0.5613589620763786
2025020227,20252026,2025-11-07,NYR,DET,0,0.5812739023018636
2025020228,20252026,2025-11-07,MIN,NYI,0,0.577160011880247
2025020229,20252026,2025-11-07,CHI,CGY,0,0.610582084247799
2025020230,20252026,2025-11-07,WPG,SJS,1,0.28082540590542926
2025020231,20252026,2025-11-08,PIT,NJD,1,0.537242882833325
2025020232,20252026,2025-11-08,OTT,PHI,0,0.4680270189265885
2025020233,20252026,2025-11-08,DAL,NSH,0,0.3982521130644281
2025020234,20252026,2025-11-08,BOS,TOR,0,0.659374307726298
2025020235,20252026,2025-11-08,UTA,MTL,1,0.5446720772160535
2025020236,20252026,2025-11-08,WSH,TBL,1,0.5336822731659039
2025020237,20252026,2025-11-08,NYI,NYR,0,0.5662511098471803
2025020238,20252026,2025-11-08,BUF,CAR,1,0.619197008589518
2025020239,20252026,2025-11-08,SEA,STL,0,0.5852195940154004
2025020240,20252026,2025-11-08,COL,EDM,0,0.46082685024753517
2025020241,20252026,2025-11-08,CBJ,VAN,1,0.4966206583179536
2025020242,20252026,2025-11-08,ANA,VGK,0,0.5747910464574203
2025020243,20252026,2025-11-08,FLA,SJS,1,0.2752994444776953
2025020244,20252026,2025-11-09,CHI,DET,0,0.6255319427985191
2025020245,20252026,2025-11-09,LAK,PIT,0,0.42767560402568666
2025020246,20252026,2025-11-09,CAR,TOR,0,0.5094099138612977
2025020247,20252026,2025-11-09,UTA,OTT,1,0.5399449515910233
2025020248,20252026,2025-11-09,SEA,DAL,1,0.584054336117607
2025020249,20252026,2025-11-09,CGY,MIN,1,0.5289251815008522
2025020250,20252026,2025-11-09,COL,VAN,0,0.3730711732173407
2025020251,20252026,2025-11-09,WPG,ANA,1,0.35098760801906476
2025020252,20252026,2025-11-10,NYI,NJD,0,0.5940232351934316
2025020253,20252026,2025-11-10,NSH,NYR,1,0.593683660476511
2025020254,20252026,2025-11-10,CBJ,EDM,1,0.529997235536477
2025020255,20252026,2025-11-10,FLA,VGK,0,0.5759798221650112
2025020256,20252026,2025-11-11,TOR,BOS,1,0.42226857037680887
2025020257,20252026,2025-11-11,LAK,MTL,0,0.5550331603209161
2025020258,20252026,2025-11-11,DAL,OTT,0,0.5309809033572976
2025020259,20252026,2025-11-11,WSH,CAR,0,0.569517288154477
2025020260,20252026,2025-11-11,CGY,STL,1,0.5639036357581065
2025020261,20252026,2025-11-11,SJS,MIN,0,0.6674040407044572
2025020262,20252026,2025-11-11,ANA,COL,1,0.6405191985261683
2025020263,20252026,2025-11-11,WPG,VAN,0,0.4129098373376357
2025020264,20252026,2025-11-11,CBJ,SEA,0,0.5831706463710494
2025020265,20252026,2025-11-12,NYR,TBL,0,0.6002019603707629
2025020266,20252026,2025-11-12,EDM,PHI,0,0.4842864455825871
2025020267,20252026,2025-11-12,BUF,UTA,1,0.5735941568325043
2025020268,20252026,2025-11-12,NJD,CHI,0,0.4522510123304109
2025020269,20252026,2025-11-13,LAK,TOR,0,0.529317285164227
2025020270,20252026,2025-11-13,DAL,MTL,0,0.5271652649790076
2025020271,20252026,2025-11-13,BOS,OTT,1,0.6124780137317035
2025020272,20252026,2025-11-13,ANA,DET,1,0.5283970767780571
2025020273,20252026,2025-11-13,WSH,FLA,1,0.48932761205713726
2025020274,20252026,2025-11-13,EDM,CBJ,1,0.5995769502408413
2025020275,20252026,2025-11-13,BUF,COL,1,0.752102433671688
2025020276,20252026,2025-11-13,SJS,CGY,1,0.6198266010853891
2025020277,20252026,2025-11-13,NYI,VGK,0,0.6114399575686116
2025020278,20252026,2025-11-13,WPG,SEA,1,0.39298917526462857
2025020279,20252026,2025-11-14,VAN,CAR,1,0.6372418681866432
2025020280,20252026,2025-11-14,PHI,STL,0,0.573061103398845
2025020281,20252026,2025-11-14,PIT,NSH,1,0.4285294543841912
2025020282,20252026,2025-11-14,NYI,UTA,0,0.650452494746938
2025020283,20252026,2025-11-15,TBL,FLA,0,0.5365499620150446
2025020284,20252026,2025-11-15,ANA,MIN,1,0.4963005409120416
2025020285,20252026,2025-11-15,BOS,MTL,0,0.609794092203447
2025020286,20252026,2025-11-15,LAK,OTT,0,0.5077947599411832
2025020287,20252026,2025-11-15,BUF,DET,0,0.5884076690328895
2025020288,20252026,2025-11-15,NJD,WSH,0,0.5629205275934035
2025020289,20252026,2025-11-15,EDM,CAR,0,0.5080351585560213
2025020290,20252026,2025-11-15,NYR,CBJ,0,0.563557065999304
2025020291,20252026,2025-11-15,TOR,CHI,1,0.44984674200135877
2025020292,20252026,2025-11-15,VGK,STL,0,0.37811094521851357
2025020293,20252026,2025-11-15,PHI,DAL,1,0.7069938971543472
2025020294,20252026,2025-11-15,WPG,CGY,0,0.3975760673836113
2025020295,20252026,2025-11-15,SJS,SEA,1,0.6441927422275536
2025020296,20252026,2025-11-16,NSH,PIT,1,0.6276440289907206
2025020297,20252026,2025-11-16,VAN,TBL,0,0.5018668027591694
2025020298,20252026,2025-11-16,VGK,MIN,1,0.44113921115841537
2025020299,20252026,2025-11-16,DET,NYR,0,0.48490117809039573
2025020300,20252026,2025-11-16,NYI,COL,1,0.6659175890127729
2025020301,20252026,2025-11-17,CAR,BOS,0,0.42001124196108724
2025020302,20252026,2025-11-17,EDM,BUF,1,0.5070426656971623
2025020303,20252026,2025-11-17,VAN,FLA,1,0.6508095596962469
2025020304,20252026,2025-11-17,LAK,WSH,1,0.5251175639062161
2025020305,20252026,2025-11-17,MTL,CBJ,1,0.540168396896018
2025020306,20252026,2025-11-17,UTA,ANA,1,0.5082297861424979
2025020307,20252026,2025-11-18,STL,TOR,1,0.588737908453734
2025020308,20252026,2025-11-18,SEA,DET,1,0.5781420155141139
2025020309,20252026,2025-11-18,NJD,TBL,1,0.5132111175781239
2025020310,20252026,2025-11-18,NYI,DAL,0,0.6332835047216073
2025020311,20252026,2025-11-18,CBJ,WPG,1,0.6827937550394964
2025020312,20252026,2025-11-18,CGY,CHI,1,0.5396903843202489
2025020313,20252026,2025-11-18,NYR,VGK,1,0.6108365642538731
2025020314,20252026,2025-11-18,UTA,SJS,1,0.45291168052294456
2025020315,20252026,2025-11-19,EDM,WSH,1,0.5991360113663314
2025020316,20252026,2025-11-19,CGY,BUF,0,0.6497269988998824
2025020317,20252026,2025-11-19,CAR,MIN,1,0.45313071784901565
2025020318,20252026,2025-11-19,BOS,ANA,1,0.5988382420016324
2025020319,20252026,2025-11-20,CBJ,TOR,0,0.5593589159167414
2025020320,20252026,2025-11-20,WSH,MTL,0,0.5544732064136776
2025020321,20252026,2025-11-20,NYI,DET,0,0.581073830520691
2025020322,20252026,2025-11-20,EDM,TBL,1,0.6640930906278797
2025020323,20252026,2025-11-20,NJD,FLA,1,0.522168274283392
2025020324,20252026,2025-11-20,STL,PHI,1,0.5074212747126338
2025020325,20252026,2025-11-20,SEA,CHI,0,0.5118694803852335
2025020326,20252026,2025-11-20,NYR,COL,1,0.6657471317247939
2025020327,20252026,2025-11-20,VGK,UTA,0,0.5123631898302669
2025020328,20252026,2025-11-20,DAL,VAN,0,0.41544304468321464
2025020329,20252026,2025-11-20,OTT,ANA,0,0.43180806878314154
2025020330,20252026,2025-11-20,LAK,SJS,1,0.35016719786930356
2025020331,20252026,2025-11-21,CHI,BUF,1,0.6079447139213632
2025020332,20252026,2025-11-21,MIN,PIT,0,0.5626435452850083
2025020333,20252026,2025-11-21,CAR,WPG,0,0.575184567794622
2025020334,20252026,2025-11-21,BOS,LAK,0,0.5507697916408545
2025020335,20252026,2025-11-22,CBJ,DET,1,0.5234651999679852
2025020336,20252026,2025-11-22,STL,NYI,0,0.5762643719479515
2025020337,20252026,2025-11-22,TOR,MTL,1,0.4908277208326667
2025020338,20252026,2025-11-22,EDM,FLA,0,0.5822556803008285
2025020339,20252026,2025-11-22,NJD,PHI,1,0.472426416114642
2025020340,20252026,2025-11-22,SEA,PIT,0,0.4598824431635623
2025020341,20252026,2025-11-22,TBL,WSH,0,0.55860161110619
2025020342,20252026,2025-11-22,OTT,SJS,0,0.3823150892967389
2025020343,20252026,2025-11-22,COL,NSH,0,0.31737256835830097
2025020344,20252026,2025-11-22,NYR,UTA,1,0.5658517878372963
2025020345,20252026,2025-11-22,DAL,CGY,1,0.40497668189563213
2025020346,20252026,2025-11-22,VGK,ANA,1,0.4803912520709709
2025020347,20252026,2025-11-23,CAR,BUF,1,0.44324107105551774
2025020348,20252026,2025-11-23,MIN,WPG,0,0.6403965587715109
2025020349,20252026,2025-11-23,SEA,NYI,1,0.5442234404872233
2025020350,20252026,2025-11-23,COL,CHI,0,0.4272962686790777
2025020351,20252026,2025-11-23,BOS,SJS,1,0.3614538126858377
2025020352,20252026,2025-11-23,CGY,VAN,0,0.6271740652529593
2025020353,20252026,2025-11-24,PHI,TBL,1,0.6013552170709019
2025020354,20252026,2025-11-24,DET,NJD,1,0.5315547178383234
2025020355,20252026,2025-11-24,STL,NYR,1,0.5578912403495514
2025020356,20252026,2025-11-24,CBJ,WSH,1,0.5561334264893211
2025020357,20252026,2025-11-24,FLA,NSH,0,0.429928962799108
2025020358,20252026,2025-11-24,VGK,UTA,1,0.49294887715413616
2025020359,20252026,2025-11-24,OTT,LAK,1,0.5421996001232146
2025020360,20252026,2025-11-25,DAL,EDM,0,0.45859962389645187
2025020361,20252026,2025-11-26,NSH,DET,0,0.6714313072267235
2025020362,20252026,2025-11-26,CGY,TBL,1,0.6298941199097466
2025020363,20252026,2025-11-26,PHI,FLA,0,0.5863930791981893
2025020364,20252026,2025-11-26,STL,NJD,1,0.5860131950586215
2025020365,20252026,2025-11-26,BOS,NYI,0,0.5772805650989361
2025020366,20252026,2025-11-26,BUF,PIT,1,0.540866609141416
2025020367,20252026,2025-11-26,WPG,WSH,1,0.4911080329637338
2025020368,20252026,2025-11-26,NYR,CAR,0,0.5905969090221428
2025020369,20252026,2025-11-26,TOR,CBJ,0,0.5192569524530684
2025020370,20252026,2025-11-26,MIN,CHI,0,0.45298645756712413
2025020371,20252026,2025-11-26,SJS,COL,1,0.7573423259880059
2025020372,20252026,2025-11-26,MTL,UTA,0,0.5589338461258948
2025020373,20252026,2025-11-26,OTT,VGK,0,0.5414824263323702
2025020374,20252026,2025-11-26,VAN,ANA,0,0.588455945628993
2025020375,20252026,2025-11-26,DAL,SEA,0,0.5105719452636769
2025020376,20252026,2025-11-28,NYR,BOS,0,0.5158624099784972
2025020377,20252026,2025-11-28,TBL,DET,0,0.4735095198939476
2025020378,20252026,2025-11-28,COL,MIN,1,0.4256542184459536
2025020379,20252026,2025-11-28,NJD,BUF,0,0.4851169660222073
2025020380,20252026,2025-11-28,CGY,FLA,0,0.5933906582625322
2025020381,20252026,2025-11-28,PHI,NYI,0,0.5534545883748158
2025020382,20252026,2025-11-28,OTT,STL,1,0.4740882606363137
2025020383,20252026,2025-11-28,MTL,VGK,0,0.5475302778405728
2025020384,20252026,2025-11-28,LAK,ANA,1,0.5065805235318692
2025020385,20252026,2025-11-28,VAN,SJS,1,0.4309938246930974
2025020386,20252026,2025-11-28,TOR,WSH,1,0.5365763667222047
2025020387,20252026,2025-11-28,WPG,CAR,1,0.48341070968171035
2025020388,20252026,2025-11-28,PIT,CBJ,0,0.5278076613098742
2025020389,20252026,2025-11-28,NSH,CHI,0,0.5558646310964505
2025020390,20252026,2025-11-28,UTA,DAL,1,0.5950185490509358
2025020391,20252026,2025-11-29,TBL,NYR,0,0.4581686159698943
2025020392,20252026,2025-11-29,MTL,COL,1,0.6196004301402004
2025020393,20252026,2025-11-29,EDM,SEA,0,0.5632897181288591
2025020394,20252026,2025-11-29,DET,BOS,1,0.5012396902418166
2025020395,20252026,2025-11-29,PHI,NJD,0,0.5697606850605763
2025020396,20252026,2025-11-29,TOR,PIT,0,0.4737730852670801
2025020397,20252026,2025-11-29,WPG,NSH,0,0.34084422692706295
2025020398,20252026,2025-11-29,UTA,STL,1,0.4756836491185217
2025020399,20252026,2025-11-29,BUF,MIN,0,0.584209528425977
2025020400,20252026,2025-11-29,SJS,VGK,1,0.6518463968930762
2025020401,20252026,2025-11-29,VAN,LAK,1,0.5933196176112661
2025020402,20252026,2025-11-30,WSH,NYI,0,0.47336617039627316
2025020403,20252026,2025-11-30,ANA,CHI,1,0.43307241604290136
2025020404,20252026,2025-11-30,CGY,CAR,1,0.6251243531489139
2025020405,20252026,2025-11-30,OTT,DAL,1,0.6029082269467944
2025020406,20252026,2025-12-01,CBJ,NJD,0,0.5932531772201434
2025020407,20252026,2025-12-01,PIT,PHI,0,0.5564533259649193
2025020408,20252026,2025-12-01,WPG,BUF,1,0.41719716004232665
2025020409,20252026,2025-12-01,ANA,STL,0,0.5751410233278625
2025020410,20252026,2025-12-01,UTA,SJS,1,0.40587870913420904
2025020411,20252026,2025-12-02,OTT,MTL,0,0.5246482100544648
2025020412,20252026,2025-12-02,BOS,DET,1,0.5371152796123229
2025020413,20252026,2025-12-02,TOR,FLA,0,0.4856153646878379
2025020414,20252026,2025-12-02,TBL,NYI,1,0.4312749123646221
2025020415,20252026,2025-12-02,DAL,NYR,1,0.4320217632821329
2025020416,20252026,2025-12-02,CGY,NSH,1,0.45387508969939877
2025020417,20252026,2025-12-02,VAN,COL,1,0.6873378706558939
2025020418,20252026,2025-12-02,MIN,EDM,0,0.509330023687447
2025020419,20252026,2025-12-02,CHI,VGK,1,0.6128891700216063
2025020420,20252026,2025-12-02,WSH,LAK,0,0.5180265615062136
2025020421,20252026,2025-12-03,DAL,NJD,0,0.5210314667122556
2025020422,20252026,2025-12-03,WPG,MTL,1,0.37787394767414045
2025020423,20252026,2025-12-03,BUF,PHI,1,0.5421277658059055
2025020424,20252026,2025-12-03,UTA,ANA,0,0.5522094902419521
2025020425,20252026,2025-12-03,WSH,SJS,0,0.4509290130587586
2025020426,20252026,2025-12-04,STL,BOS,1,0.5463276441480177
2025020427,20252026,2025-12-04,NYR,OTT,0,0.5502535221538076
2025020428,20252026,2025-12-04,PIT,TBL,0,0.6188306014072795
2025020429,20252026,2025-12-04,NSH,FLA,0,0.6357523223771265
2025020430,20252026,2025-12-04,COL,NYI,1,0.38821594011310817
2025020431,20252026,2025-12-04,TOR,CAR,0,0.540452017712674
2025020432,20252026,2025-12-04,DET,CBJ,1,0.5438981346314277
2025020433,20252026,2025-12-04,MIN,CGY,1,0.4473643169760291
2025020434,20252026,2025-12-04,SEA,EDM,1,0.5562719311249101
2025020435,20252026,2025-12-04,CHI,LAK,0,0.6473674798609472
2025020436,20252026,2025-12-05,VGK,NJD,0,0.5544066154656342
2025020437,20252026,2025-12-05,BUF,WPG,1,0.6330989701933316
2025020438,20252026,2025-12-05,SJS,DAL,1,0.7479688579455472
2025020439,20252026,2025-12-05,UTA,VAN,0,0.48064663304895316
2025020440,20252026,2025-12-05,WSH,ANA,1,0.461100997752872
2025020441,20252026,2025-12-06,COL,NYR,0,0.4334024959775925
2025020442,20252026,2025-12-06,CBJ,FLA,1,0.5196378187261524
2025020443,20252026,2025-12-06,NJD,BOS,1,0.5822007026085924
2025020444,20252026,2025-12-06,MTL,TOR,0,0.6066526410044711
2025020445,20252026,2025-12-06,STL,OTT,0,0.5874145814584688
2025020446,20252026,2025-12-06,NYI,TBL,0,0.5971006688581623
2025020447,20252026,2025-12-06,NSH,CAR,1,0.6887731710270956
2025020448,20252026,2025-12-06,UTA,CGY,1,0.5491564068952428
2025020449,20252026,2025-12-06,CHI,LAK,1,0.6387467463737346
2025020450,20252026,2025-12-06,WPG,EDM,1,0.5689041075130571
2025020451,20252026,2025-12-06,MIN,VAN,1,0.3855821466563629
2025020452,20252026,2025-12-06,DET,SEA,0,0.5184060698776782
2025020453,20252026,2025-12-07,COL,PHI,0,0.4439769692937234
2025020454,20252026,2025-12-07,NYI,FLA,1,0.4903982336628268
2025020455,20252026,2025-12-07,SJS,CAR,0,0.6321613007065034
2025020456,20252026,2025-12-07,PIT,DAL,1,0.6471572238350393
2025020457,20252026,2025-12-07,STL,MTL,0,0.567175521962872
2025020458,20252026,2025-12-07,VGK,NYR,0,0.4384238227337594
2025020459,20252026,2025-12-07,CBJ,WSH,1,0.6778879604514074
2025020460,20252026,2025-12-07,CHI,ANA,1,0.6754661405833748
2025020461,20252026,2025-12-08,TBL,TOR,1,0.5191285776480559
2025020462,20252026,2025-12-08,LAK,UTA,0,0.47975017556862526
2025020463,20252026,2025-12-08,BUF,CGY,1,0.5293359352180048
2025020464,20252026,2025-12-08,DET,VAN,0,0.49824056200622563
2025020465,20252026,2025-12-08,MIN,SEA,0,0.48127052886982435
2025020466,20252026,2025-12-09,TBL,MTL,0,0.5467601424914503
2025020467,20252026,2025-12-09,NJD,OTT,0,0.5408310286829978
2025020468,20252026,2025-12-09,VGK,NYI,1,0.5436508751269663
2025020469,20252026,2025-12-09,SJS,PHI,1,0.6252026180910986
2025020470,20252026,2025-12-09,ANA,PIT,0,0.5165392721078506
2025020471,20252026,2025-12-09,CBJ,CAR,1,0.5752036326121376
2025020472,20252026,2025-12-09,BOS,STL,0,0.4951073656135213
2025020473,20252026,2025-12-09,DAL,WPG,0,0.48276022557877885
2025020474,20252026,2025-12-09,BUF,EDM,0,0.6736233739566341
2025020475,20252026,2025-12-09,COL,NSH,1,0.28865730313514115
2025020476,20252026,2025-12-10,NYR,CHI,1,0.4368291272006877
2025020477,20252026,2025-12-10,DET,CGY,0,0.4861746030188825
2025020478,20252026,2025-12-10,FLA,UTA,0,0.5273171984674216
2025020479,20252026,2025-12-10,LAK,SEA,1,0.407231278382901
2025020480,20252026,2025-12-11,SJS,TOR,0,0.6843539174559163
2025020481,20252026,2025-12-11,TBL,NJD,0,0.44950947496958193
2025020482,20252026,2025-12-11,ANA,NYI,1,0.5320501141628659
2025020483,20252026,2025-12-11,VGK,PHI,0,0.508555585212181
2025020484,20252026,2025-12-11,MTL,PIT,0,0.5395682876316733
2025020485,20252026,2025-12-11,CAR,WSH,0,0.5526089437293624
2025020486,20252026,2025-12-11,OTT,CBJ,0,0.5288920358628024
2025020487,20252026,2025-12-11,STL,NSH,1,0.4949860433250368
2025020488,20252026,2025-12-11,DAL,MIN,1,0.4371203794763474
2025020489,20252026,2025-12-11,BOS,WPG,0,0.5823298682699627
2025020490,20252026,2025-12-11,FLA,COL,1,0.7205374542067279
2025020491,20252026,2025-12-11,DET,EDM,1,0.6219282440015884
2025020492,20252026,2025-12-11,BUF,VAN,0,0.5144022601472191
2025020493,20252026,2025-12-12,CHI,STL,1,0.457169172543984
2025020494,20252026,2025-12-12,SEA,UTA,1,0.5803677376578354
2025020495,20252026,2025-12-13,ANA,NJD,1,0.5169748149772709
2025020496,20252026,2025-12-13,OTT,MIN,1,0.5562707787753466
2025020497,20252026,2025-12-13,SJS,PIT,0,0.6086967442574566
2025020498,20252026,2025-12-13,TBL,NYI,1,0.449565953694564
2025020499,20252026,2025-12-13,EDM,TOR,0,0.5578398149196323
2025020500,20252026,2025-12-13,MTL,NYR,1,0.542126651074505
2025020501,20252026,2025-12-13,CAR,PHI,0,0.47831048289844946
2025020502,20252026,2025-12-13,VGK,CBJ,0,0.4980775733540222
2025020503,20252026,2025-12-13,WSH,WPG,1,0.4954783643874162
2025020504,20252026,2025-12-13,DET,CHI,0,0.34716966560326956
2025020505,20252026,2025-12-13,FLA,DAL,0,0.6152314404020599
2025020506,20252026,2025-12-13,NSH,COL,1,0.7416669565747492
2025020507,20252026,2025-12-13,CGY,LAK,0,0.6356700148827751
2025020508,20252026,2025-12-14,VAN,NJD,0,0.5074048407736043
2025020509,20252026,2025-12-14,UTA,PIT,0,0.40102370132606574
2025020510,20252026,2025-12-14,PHI,CAR,1,0.5826323731333868
2025020511,20252026,2025-12-14,BOS,MIN,1,0.4637553773887913
2025020512,20252026,2025-12-14,EDM,MTL,1,0.45465892132843405
2025020513,20252026,2025-12-14,BUF,SEA,0,0.5196667977656216
2025020514,20252026,2025-12-15,FLA,TBL,0,0.6110785958625901
2025020515,20252026,2025-12-15,ANA,NYR,0,0.5183250878845472
2025020516,20252026,2025-12-15,OTT,WPG,0,0.555945096536349
2025020517,20252026,2025-12-15,NSH,STL,0,0.5443570151083071
2025020518,20252026,2025-12-15,LAK,DAL,1,0.5632739831226097
2025020519,20252026,2025-12-16,UTA,BOS,1,0.5448874280500562
2025020520,20252026,2025-12-16,CHI,TOR,1,0.6674091024189526
2025020521,20252026,2025-12-16,PHI,MTL,0,0.5437538327787557
2025020522,20252026,2025-12-16,NYI,DET,1,0.5188702784453229
2025020523,20252026,2025-12-16,VAN,NYR,0,0.48049136783903207
2025020524,20252026,2025-12-16,EDM,PIT,0,0.46159895073140095
2025020525,20252026,2025-12-16,ANA,CBJ,1,0.5814322938058184
2025020526,20252026,2025-12-16,WSH,MIN,1,0.527173972499493
2025020527,20252026,2025-12-16,CGY,SJS,1,0.46934592576736667
2025020528,20252026,2025-12-16,COL,SEA,0,0.3333572130139266
2025020529,20252026,2025-12-17,LAK,FLA,1,0.5419112780643257
2025020530,20252026,2025-12-17,UTA,DET,0,0.5514743363183575
2025020531,20252026,2025-12-17,WPG,STL,1,0.4085332755532549
2025020532,20252026,2025-12-17,CAR,NSH,0,0.40694521903360376
2025020533,20252026,2025-12-17,NJD,VGK,0,0.5471501933298362
2025020534,20252026,2025-12-18,EDM,BOS,0,0.5125757808223562
2025020535,20252026,2025-12-18,PHI,BUF,1,0.4899205403448387
2025020536,20252026,2025-12-18,CHI,MTL,1,0.632042574090374
2025020537,20252026,2025-12-18,PIT,OTT,1,0.604185743438768
2025020538,20252026,2025-12-18,LAK,TBL,0,0.6611908832304373
2025020539,20252026,2025-12-18,TOR,WSH,1,0.5440644251395095
2025020540,20252026,2025-12-18,MIN,CBJ,0,0.44912978509834
2025020541,20252026,2025-12-18,NYR,STL,0,0.3791136573471715
2025020542,20252026,2025-12-18,SEA,CGY,1,0.5503798248684131
2025020543,20252026,2025-12-18,DAL,SJS,0,0.3734872402607022
2025020544,20252026,2025-12-19,CAR,FLA,1,0.5038587068960795
2025020545,20252026,2025-12-19,VAN,NYI,0,0.6039661044369803
2025020546,20252026,2025-12-19,WPG,COL,1,0.647730597248965
2025020547,20252026,2025-12-19,NJD,UTA,0,0.5072931183107106
2025020548,20252026,2025-12-19,DAL,ANA,0,0.5214670277034262
2025020549,20252026,2025-12-20,PHI,NYR,1,0.5064517213280882
2025020550,20252026,2025-12-20,DET,WSH,0,0.5967432120039122
2025020551,20252026,2025-12-20,CHI,OTT,1,0.6900651512888442
2025020552,20252026,2025-12-20,EDM,MIN,1,0.5755756975783651
2025020553,20252026,2025-12-20,NYI,BUF,1,0.5813470221173994
2025020554,20252026,2025-12-20,STL,FLA,0,0.5457169406917064
2025020555,20252026,2025-12-20,VAN,BOS,0,0.6383824962208737
2025020556,20252026,2025-12-20,PIT,MTL,1,0.5864688635412894
2025020557,20252026,2025-12-20,CAR,TBL,1,0.6414528142331526
2025020558,20252026,2025-12-20,TOR,NSH,1,0.42805363653674794
2025020559,20252026,2025-12-20,VGK,CGY,1,0.48658919345196705
2025020560,20252026,2025-12-20,CBJ,ANA,1,0.46042417865376295
2025020561,20252026,2025-12-20,SEA,SJS,0,0.5266712022625778
2025020562,20252026,2025-12-21,WSH,DET,1,0.46563813343188987
2025020563,20252026,2025-12-21,COL,MIN,0,0.3830670802429339
2025020564,20252026,2025-12-21,OTT,BOS,0,0.4807056294472563
2025020565,20252026,2025-12-21,BUF,NJD,0,0.6444576670059411
2025020566,20252026,2025-12-21,MTL,PIT,1,0.45121705946831947
2025020567,20252026,2025-12-21,NYR,NSH,1,0.47645098894723287
2025020568,20252026,2025-12-21,TOR,DAL,1,0.6960307826728199
2025020569,20252026,2025-12-21,WPG,UTA,1,0.47999468375959875
2025020570,20252026,2025-12-21,VGK,EDM,1,0.550832362309499
2025020571,20252026,2025-12-22,STL,TBL,1,0.6881800566782454
2025020572,20252026,2025-12-22,VAN,PHI,1,0.5757256413355959
2025020573,20252026,2025-12-22,SEA,ANA,0,0.5920505193935145
2025020574,20252026,2025-12-22,CBJ,LAK,0,0.6069369217998775
2025020575,20252026,2025-12-23,PIT,TOR,1,0.5909368397243934
2025020576,20252026,2025-12-23,NYR,WSH,0,0.6025064174549616
2025020577,20252026,2025-12-23,MTL,BOS,0,0.5179362492778704
2025020578,20252026,2025-12-23,BUF,OTT,0,0.590070942105204
2025020579,20252026,2025-12-23,DAL,DET,1,0.4446628605891873
2025020580,20252026,2025-12-23,NJD,NYI,1,0.5294906625065614
2025020581,20252026,2025-12-23,FLA,CAR,0,0.5815311953470716
2025020582,20252026,2025-12-23,NSH,MIN,0,0.661983447154871
2025020583,20252026,2025-12-23,PHI,CHI,0,0.46799134615565535
2025020584,20252026,2025-12-23,UTA,COL,1,0.6996980980753053
2025020585,20252026,2025-12-23,CGY,EDM,1,0.579275683466679
2025020586,20252026,2025-12-23,SJS,VGK,1,0.6202912557116573
2025020587,20252026,2025-12-23,SEA,LAK,0,0.6035712810114543
2025020588,20252026,2025-12-27,NYR,NYI,1,0.5372837790146062
2025020589,20252026,2025-12-27,BOS,BUF,1,0.5633627491136922
2025020590,20252026,2025-12-27,OTT,TOR,1,0.5004753341557442
2025020591,20252026,2025-12-27,TBL,FLA,0,0.4546626009228496
2025020592,20252026,2025-12-27,WSH,NJD,0,0.486083367012813
2025020593,20252026,2025-12-27,DET,CAR,1,0.563768484060717
2025020594,20252026,2025-12-27,MIN,WPG,0,0.4953806902729193
2025020595,20252026,2025-12-27,NSH,STL,1,0.5067172112574672
2025020596,20252026,2025-12-27,CHI,DAL,0,0.7478757699576634
2025020597,20252026,2025-12-27,ANA,LAK,1,0.5662928358978088
2025020598,20252026,2025-12-27,EDM,CGY,1,0.4638308022357345
2025020599,20252026,2025-12-27,SJS,VAN,0,0.5877994219120767
2025020600,20252026,2025-12-27,COL,VGK,0,0.3979536900340293
2025020601,20252026,2025-12-28,TOR,DET,1,0.5147894420473506
2025020602,20252026,2025-12-28,MTL,TBL,1,0.5103043977913981
2025020603,20252026,2025-12-28,NYI,CBJ,1,0.5585915040559047
2025020604,20252026,2025-12-28,PIT,CHI,0,0.3850035167768482
2025020605,20252026,2025-12-28,PHI,SEA,1,0.46133325566132904
2025020606,20252026,2025-12-29,CBJ,OTT,0,0.6487037213491307
2025020607,20252026,2025-12-29,WSH,FLA,1,0.5088707074342768
2025020608,20252026,2025-12-29,NYR,CAR,1,0.5980605004880932
2025020609,20252026,2025-12-29,EDM,WPG,0,0.5256511273012208
2025020610,20252026,2025-12-29,BUF,STL,0,0.47121189774358746
2025020611,20252026,2025-12-29,LAK,COL,1,0.6523741747104007
2025020612,20252026,2025-12-29,NSH,UTA,0,0.5453766402314896
2025020613,20252026,2025-12-29,BOS,CGY,1,0.5386194576330814
2025020614,20252026,2025-12-29,MIN,VGK,0,0.4937440018046773
2025020615,20252026,2025-12-29,SJS,ANA,0,0.6021414192365362
2025020616,20252026,2025-12-29,VAN,SEA,0,0.45945137493085925
2025020617,20252026,2025-12-30,NJD,TOR,1,0.554826608551701
2025020618,20252026,2025-12-30,MTL,FLA,0,0.4367680908341014
2025020619,20252026,2025-12-30,CAR,PIT,1,0.5127727172041672
2025020620,20252026,2025-12-30,NYI,CHI,0,0.4009645776135176
2025020621,20252026,2025-12-30,PHI,VAN,0,0.36535902188416625
2025020622,20252026,2025-12-31,NYR,WSH,1,0.5773322763247791
2025020623,20252026,2025-12-31,NSH,VGK,0,0.5873215663684564
2025020624,20252026,2025-12-31,TBL,ANA,0,0.4230475607868782
2025020625,20252026,2025-12-31,MIN,SJS,1,0.3840465052578119
2025020626,20252026,2025-12-31,WPG,DET,1,0.5295238447055095
2025020627,20252026,2025-12-31,NJD,CBJ,0,0.6356303273130932
2025020628,20252026,2025-12-31,BUF,DAL,0,0.6183150652745221
2025020629,20252026,2025-12-31,STL,COL,1,0.7338968426564839
2025020630,20252026,2025-12-31,PHI,CGY,1,0.5629996675239998
2025020631,20252026,2025-12-31,BOS,EDM,0,0.5960386250938434
2025020632,20252026,2026-01-01,WSH,OTT,1,0.5854514002775393
2025020633,20252026,2026-01-01,UTA,NYI,0,0.5780200236718933
2025020634,20252026,2026-01-01,WPG,TOR,1,0.6112602001162398
2025020635,20252026,2026-01-01,DET,PIT,1,0.5487269798366581
2025020636,20252026,2026-01-01,MTL,CAR,0,0.5427467638156197
2025020637,20252026,2026-01-01,DAL,CHI,1,0.40519472074525065
2025020638,20252026,2026-01-01,NSH,SEA,1,0.5842239664504562
2025020639,20252026,2026-01-01,TBL,LAK,0,0.5457177644995996
2025020640,20252026,2026-01-02,VGK,STL,1,0.45275327311808844
2025020641,20252026,2026-01-02,NYR,FLA,0,0.583913164688159
2025020642,20252026,2026-01-02,SEA,VAN,0,0.5727797138827212
2025020643,20252026,2026-01-02,MIN,ANA,0,0.4450833541887276
2025020644,20252026,2026-01-03,PIT,DET,0,0.5883772633804348
2025020645,20252026,2026-01-03,UTA,NJD,1,0.5366148192746075
2025020646,20252026,2026-01-03,BUF,CBJ,1,0.5039187855214757
2025020647,20252026,2026-01-03,PHI,EDM,0,0.5457046410344453
2025020648,20252026,2026-01-03,MTL,STL,1,0.3362326347064465
2025020649,20252026,2026-01-03,TBL,SJS,0,0.3814009267572355
2025020650,20252026,2026-01-03,WPG,OTT,1,0.5339141846852338
2025020651,20252026,2026-01-03,TOR,NYI,1,0.5253312144314524
2025020652,20252026,2026-01-03,CHI,WSH,0,0.6578862531328326
2025020653,20252026,2026-01-03,COL,CAR,0,0.3969623825509724
2025020654,20252026,2026-01-03,NSH,CGY,0,0.558825279823189
2025020655,20252026,2026-01-03,MIN,LAK,1,0.5473334539445892
2025020656,20252026,2026-01-03,BOS,VAN,0,0.381999751785735
2025020657,20252026,2026-01-04,MTL,DAL,0,0.6681997456101035
2025020658,20252026,2026-01-04,PIT,CBJ,0,0.5464427022912428
2025020659,20252026,2026-01-04,COL,FLA,1,0.44972648205300936
2025020660,20252026,2026-01-04,CAR,NJD,0,0.473568770393027
2025020661,20252026,2026-01-04,VGK,CHI,1,0.33508061588886345
2025020662,20252026,2026-01-05,UTA,NYR,0,0.5627200570172789
2025020663,20252026,2026-01-05,ANA,WSH,1,0.582387374607947
2025020664,20252026,2026-01-05,DET,OTT,0,0.5490374440653049
2025020665,20252026,2026-01-05,SEA,CGY,0,0.5569903001865617
2025020666,20252026,2026-01-05,MIN,LAK,1,0.47266775542605866
2025020667,20252026,2026-01-06,VAN,BUF,1,0.6310007843399298
2025020668,20252026,2026-01-06,COL,TBL,1,0.460712842925863
2025020669,20252026,2026-01-06,NJD,NYI,1,0.5443634422039503
2025020670,20252026,2026-01-06,ANA,PHI,1,0.6571293218339822
2025020671,20252026,2026-01-06,DAL,CAR,1,0.505244140600983
2025020672,20252026,2026-01-06,FLA,TOR,1,0.5208920372574043
2025020673,20252026,2026-01-06,VGK,WPG,0,0.5307322018594238
2025020674,20252026,2026-01-06,NSH,EDM,1,0.5764939366708515
2025020675,20252026,2026-01-06,CBJ,SJS,1,0.4590901358209298
2025020676,20252026,2026-01-06,BOS,SEA,1,0.4222393833349289
2025020677,20252026,2026-01-07,DAL,WSH,0,0.5625636882883807
2025020678,20252026,2026-01-07,CGY,MTL,1,0.6029886772174755
2025020679,20252026,2026-01-07,STL,CHI,1,0.4804114640839035
2025020680,20252026,2026-01-07,OTT,UTA,1,0.5167389851670148
2025020681,20252026,2026-01-07,SJS,LAK,0,0.6838505801862909
2025020682,20252026,2026-01-08,CGY,BOS,1,0.6324778782817723
2025020683,20252026,2026-01-08,FLA,MTL,1,0.468152822787654
2025020684,20252026,2026-01-08,VAN,DET,1,0.6256017286350531
2025020685,20252026,2026-01-08,BUF,NYR,0,0.4987922272986779
2025020686,20252026,2026-01-08,TOR,PHI,0,0.5181952950236254
2025020687,20252026,2026-01-08,NJD,PIT,1,0.5366855471077276
2025020688,20252026,2026-01-08,ANA,CAR,1,0.6448103340550714
2025020689,20252026,2026-01-08,NYI,NSH,1,0.45114333461579476
2025020690,20252026,2026-01-08,EDM,WPG,0,0.519702484948803
2025020691,20252026,2026-01-08,OTT,COL,1,0.7520431143723723
2025020692,20252026,2026-01-08,CBJ,VGK,1,0.5809680629646414
2025020693,20252026,2026-01-08,MIN,SEA,0,0.45214796734383345
2025020694,20252026,2026-01-09,WSH,CHI,0,0.42575188573312744
2025020695,20252026,2026-01-09,LAK,WPG,1,0.4210107756999916
2025020696,20252026,2026-01-09,STL,UTA,1,0.5896762931948113
2025020697,20252026,2026-01-10,NYR,BOS,1,0.5546631984201573
2025020698,20252026,2026-01-10,CGY,PIT,0,0.5507478342160331
2025020699,20252026,2026-01-10,CBJ,COL,1,0.7246949878338269
2025020700,20252026,2026-01-10,DAL,SJS,1,0.3987806396734794
2025020701,20252026,2026-01-10,ANA,BUF,1,0.6316532122372618
2025020702,20252026,2026-01-10,VAN,TOR,1,0.6464181779859102
2025020703,20252026,2026-01-10,DET,MTL,0,0.5662375929245416
2025020704,20252026,2026-01-10,FLA,OTT,0,0.5110377790518404
2025020705,20252026,2026-01-10,TBL,PHI,0,0.4516666213256866
2025020706,20252026,2026-01-10,SEA,CAR,1,0.6232581086040635
2025020707,20252026,2026-01-10,CHI,NSH,0,0.6765741203083903
2025020708,20252026,2026-01-10,NYI,MIN,0,0.5786144670926102
2025020709,20252026,2026-01-10,LAK,EDM,0,0.6517101390915357
2025020710,20252026,2026-01-10,STL,VGK,1,0.6768340638360829
2025020711,20252026,2026-01-11,NJD,WPG,1,0.5700710410773275
2025020712,20252026,2026-01-11,PIT,BOS,1,0.5636545778527151
2025020713,20252026,2026-01-11,WSH,NSH,1,0.36815336008874866
2025020714,20252026,2026-01-11,CBJ,UTA,0,0.6415707929250067
2025020715,20252026,2026-01-11,VGK,SJS,0,0.4566045688093602
2025020716,20252026,2026-01-12,FLA,BUF,0,0.5584597946369457
2025020717,20252026,2026-01-12,CAR,DET,1,0.5174967835628531
2025020718,20252026,2026-01-12,SEA,NYR,0,0.5196716101977561
2025020719,20252026,2026-01-12,TBL,PHI,0,0.41547987551209914
2025020720,20252026,2026-01-12,VAN,MTL,1,0.6628898314020183
2025020721,20252026,2026-01-12,NJD,MIN,0,0.7072459382888816
2025020722,20252026,2026-01-12,EDM,CHI,0,0.4118198143410599
2025020723,20252026,2026-01-12,TOR,COL,0,0.6852159283161976
2025020724,20252026,2026-01-12,DAL,LAK,0,0.44072829400437347
2025020725,20252026,2026-01-13,VAN,OTT,1,0.6807818240317829
2025020726,20252026,2026-01-13,TBL,PIT,0,0.4699197467984477
2025020727,20252026,2026-01-13,MTL,WSH,1,0.5888893346937514
2025020728,20252026,2026-01-13,CGY,CBJ,1,0.5335888535752688
2025020729,20252026,2026-01-13,DET,BOS,1,0.5708832797539827
2025020730,20252026,2026-01-13,CAR,STL,1,0.4863516309098226
2025020731,20252026,2026-01-13,EDM,NSH,1,0.5484251888231298
2025020732,20252026,2026-01-13,NYI,WPG,1,0.4907206513640383
2025020733,20252026,2026-01-13,TOR,UTA,1,0.5621003310128826
2025020734,20252026,2026-01-13,DAL,ANA,1,0.45914275163362595
2025020735,20252026,2026-01-14,SEA,NJD,1,0.5141564532431884
2025020736,20252026,2026-01-14,PHI,BUF,1,0.6100059056551514
2025020737,20252026,2026-01-14,OTT,NYR,0,0.5879180188722665
2025020738,20252026,2026-01-14,VGK,LAK,0,0.4960183423412493
2025020739,20252026,2026-01-15,SEA,BOS,1,0.6372861138142919
2025020740,20252026,2026-01-15,MTL,BUF,1,0.46274575006246715
2025020741,20252026,2026-01-15,PHI,PIT,1,0.6191871863521355
2025020742,20252026,2026-01-15,SJS,WSH,0,0.6204381436234685
2025020743,20252026,2026-01-15,VAN,CBJ,1,0.6016566575464377
2025020744,20252026,2026-01-15,WPG,MIN,0,0.604380956976294
2025020745,20252026,2026-01-15,CGY,CHI,0,0.4507348077214004
2025020746,20252026,2026-01-15,DAL,UTA,1,0.45348330693037137
2025020747,20252026,2026-01-15,NYI,EDM,0,0.5481714421560556
2025020748,20252026,2026-01-15,TOR,VGK,1,0.432074891486357
2025020749,20252026,2026-01-16,SJS,DET,1,0.7111834152748681
2025020750,20252026,2026-01-16,FLA,CAR,1,0.5510600321818341
2025020751,20252026,2026-01-16,TBL,STL,1,0.36601274855921484
2025020752,20252026,2026-01-16,NSH,COL,0,0.7277333498660601
2025020753,20252026,2026-01-16,ANA,LAK,0,0.5449206120031902
2025020754,20252026,2026-01-17,MIN,BUF,0,0.572344259187419
2025020755,20252026,2026-01-17,NYR,PHI,0,0.5569065720123275
2025020756,20252026,2026-01-17,NYI,CGY,1,0.4757037120930236
2025020757,20252026,2026-01-17,SEA,UTA,1,0.5584224819753967
2025020758,20252026,2026-01-17,MTL,OTT,0,0.5061626642670087
2025020759,20252026,2026-01-17,CAR,NJD,0,0.4998116806172089
2025020760,20252026,2026-01-17,CBJ,PIT,0,0.5275532227326813
2025020761,20252026,2026-01-17,FLA,WSH,0,0.6227423362656019
2025020762,20252026,2026-01-17,TOR,WPG,0,0.4917968945341077
2025020763,20252026,2026-01-17,BOS,CHI,0,0.3967912420808313
2025020764,20252026,2026-01-17,EDM,VAN,0,0.40787596587932634
2025020765,20252026,2026-01-17,NSH,VGK,1,0.6461300975188311
2025020766,20252026,2026-01-17,LAK,ANA,1,0.5169163927205577
2025020767,20252026,2026-01-18,TBL,DAL,0,0.4946022925536841
2025020768,20252026,2026-01-18,OTT,DET,1,0.6763558117492654
2025020769,20252026,2026-01-18,STL,EDM,1,0.521371981882105
2025020770,20252026,2026-01-19,BUF,CAR,1,0.5559778687281255
2025020771,20252026,2026-01-19,WSH,COL,1,0.6940141923081261
2025020772,20252026,2026-01-19,PIT,SEA,0,0.5340335391677135
2025020773,20252026,2026-01-19,SJS,FLA,0,0.6112127902980816
2025020774,20252026,2026-01-19,MIN,TOR,0,0.5167875870672487
2025020775,20252026,2026-01-19,PHI,VGK,0,0.6201941452095874
2025020776,20252026,2026-01-19,WPG,CHI,1,0.4363334668674505
2025020777,20252026,2026-01-19,NJD,CGY,0,0.575421256579863
2025020778,20252026,2026-01-19,NYI,VAN,0,0.3977988030302253
2025020779,20252026,2026-01-19,NYR,ANA,1,0.5503107902782803
2025020780,20252026,2026-01-20,MIN,MTL,1,0.5813334226387107
2025020781,20252026,2026-01-20,SJS,TBL,1,0.7572282291742044
2025020782,20252026,2026-01-20,OTT,CBJ,0,0.5487145371730983
2025020783,20252026,2026-01-20,BOS,DAL,1,0.56209919560387
2025020784,20252026,2026-01-20,BUF,NSH,0,0.5216827006373382
2025020785,20252026,2026-01-20,STL,WPG,1,0.4564341138600169
2025020786,20252026,2026-01-20,NJD,EDM,0,0.7001626394318649
2025020787,20252026,2026-01-20,NYR,LAK,1,0.6249033340873795
2025020788,20252026,2026-01-21,DET,TOR,0,0.4897915746312822
2025020789,20252026,2026-01-21,ANA,COL,0,0.7405506697974072
2025020790,20252026,2026-01-21,PHI,UTA,1,0.5857020262041018
2025020791,20252026,2026-01-21,PIT,CGY,0,0.5415468495206008
2025020792,20252026,2026-01-21,WSH,VAN,1,0.419929883214225
2025020793,20252026,2026-01-21,NYI,SEA,1,0.475232739297247
2025020794,20252026,2026-01-22,VGK,BOS,1,0.5283330524748441
2025020795,20252026,2026-01-22,BUF,MTL,0,0.501584823553998
2025020796,20252026,2026-01-22,CHI,CAR,0,0.7206818461152582
2025020797,20252026,2026-01-22,DAL,CBJ,1,0.4437672394343004
2025020798,20252026,2026-01-22,OTT,NSH,1,0.5112932957854209
2025020799,20252026,2026-01-22,FLA,WPG,0,0.4943201130976755
2025020800,20252026,2026-01-22,PIT,EDM,0,0.6514891237314495
2025020801,20252026,2026-01-22,DET,MIN,1,0.5844759469506752
2025020802,20252026,2026-01-23,VGK,TOR,0,0.6232025879532598
2025020803,20252026,2026-01-23,TBL,CHI,0,0.23136918487664102
2025020804,20252026,2026-01-23,STL,DAL,1,0.5597268888741156
2025020805,20252026,2026-01-23,PHI,COL,0,0.7435493479830252
2025020806,20252026,2026-01-23,WSH,CGY,0,0.5254120959728902
2025020807,20252026,2026-01-23,NJD,VAN,0,0.45420313164678394
2025020808,20252026,2026-01-23,NYR,SJS,1,0.5654716298842143
2025020809,20252026,2026-01-23,ANA,SEA,0,0.5520524851332361
2025020810,20252026,2026-01-24,BUF,NYI,0,0.47352384961289473
2025020811,20252026,2026-01-24,UTA,NSH,0,0.5077870202388001
2025020812,20252026,2026-01-24,MTL,BOS,1,0.5223162441209638
2025020813,20252026,2026-01-24,CAR,OTT,0,0.46457491449934707
2025020814,20252026,2026-01-24,TBL,CBJ,1,0.4450008199169177
2025020815,20252026,2026-01-24,DET,WPG,0,0.4313626352542623
2025020816,20252026,2026-01-24,LAK,STL,0,0.42390376578706285
2025020817,20252026,2026-01-24,FLA,MIN,0,0.5843071070536466
2025020818,20252026,2026-01-24,WSH,EDM,1,0.6499707521445758
2025020819,20252026,2026-01-25,COL,TOR,0,0.37554265770690115
2025020820,20252026,2026-01-25,NJD,SEA,1,0.5392415683847729
2025020821,20252026,2026-01-25,VGK,OTT,1,0.412849242013787
2025020822,20252026,2026-01-25,PIT,VAN,0,0.39228572445086674
2025020823,20252026,2026-01-25,FLA,CHI,0,0.5171964511322048
2025020824,20252026,2026-01-25,ANA,CGY,0,0.5260335609205098
2025020825,20252026,2026-01-26,UTA,TBL,1,0.6526702620550041
2025020826,20252026,2026-01-26,BOS,NYR,1,0.4339734379678705
2025020827,20252026,2026-01-26,NYI,PHI,0,0.49647134749492033
2025020829,20252026,2026-01-26,ANA,EDM,1,0.6633103067927639
2025020830,20252026,2026-01-27,NSH,BOS,1,0.4781874356038911
2025020831,20252026,2026-01-27,BUF,TOR,0,0.4292871258888918
2025020832,20252026,2026-01-27,VGK,MTL,1,0.565912983161529
2025020833,20252026,2026-01-27,LAK,DET,0,0.628152547242484
2025020834,20252026,2026-01-27,UTA,FLA,0,0.6244832128707114
2025020835,20252026,2026-01-27,WPG,NJD,0,0.5585684624176409
2025020836,20252026,2026-01-27,DAL,STL,0,0.4306584441933364
2025020837,20252026,2026-01-27,CHI,MIN,1,0.6573718489085545
2025020838,20252026,2026-01-27,SJS,VAN,0,0.4353522363163029
2025020839,20252026,2026-01-27,WSH,SEA,1,0.5371870568130391
2025020840,20252026,2026-01-28,PHI,CBJ,1,0.5462459792026735
2025020841,20252026,2026-01-28,COL,OTT,1,0.35930478306971536
2025020842,20252026,2026-01-28,NYR,NYI,1,0.6355825046910019
2025020843,20252026,2026-01-29,PHI,BOS,1,0.6715590396376114
2025020844,20252026,2026-01-29,LAK,BUF,1,0.6534290576536579
2025020845,20252026,2026-01-29,COL,MTL,1,0.49713834470326346
2025020846,20252026,2026-01-29,WSH,DET,0,0.6210142223597646
2025020847,20252026,2026-01-29,WPG,TBL,1,0.7222848129365261
2025020848,20252026,2026-01-29,NSH,NJD,1,0.5274240256280839
2025020849,20252026,2026-01-29,NYI,NYR,0,0.40577949029085475
2025020850,20252026,2026-01-29,CHI,PIT,1,0.6493671601726195
2025020851,20252026,2026-01-29,UTA,CAR,1,0.5877039745001942
2025020852,20252026,2026-01-29,FLA,STL,1,0.46322260797792464
2025020853,20252026,2026-01-29,CGY,MIN,1,0.6097405767124255
2025020854,20252026,2026-01-29,SJS,EDM,1,0.5946280480307992
2025020855,20252026,2026-01-29,ANA,VAN,1,0.43847423800243457
2025020856,20252026,2026-01-29,DAL,VGK,0,0.4881482692480359
2025020857,20252026,2026-01-29,TOR,SEA,1,0.5337706193219462
2025020858,20252026,2026-01-30,CBJ,CHI,0,0.3541034704458133
2025020859,20252026,2026-01-31,LAK,PHI,0,0.5072751832758969
2025020860,20252026,2026-01-31,COL,DET,0,0.4571812699829369
2025020861,20252026,2026-01-31,NYR,PIT,1,0.664078008408176
2025020862,20252026,2026-01-31,WPG,FLA,0,0.6081271321400172
2025020863,20252026,2026-01-31,SJS,CGY,1,0.505902039024753
2025020864,20252026,2026-01-31,CAR,WSH,1,0.42622968233967884
2025020865,20252026,2026-01-31,MTL,BUF,0,0.608256731709142
2025020866,20252026,2026-01-31,NJD,OTT,1,0.5823968446453708
2025020867,20252026,2026-01-31,NSH,NYI,0,0.5708616458553133
2025020868,20252026,2026-01-31,CBJ,STL,0,0.577099065910227
2025020869,20252026,2026-01-31,TOR,VAN,0,0.4326393329184311
2025020870,20252026,2026-01-31,DAL,UTA,0,0.5062737877310446
2025020871,20252026,2026-01-31,MIN,EDM,0,0.5292093530846838
2025020872,20252026,2026-01-31,SEA,VGK,0,0.5465792402842242
2025020873,20252026,2026-02-01,BOS,TBL,1,0.6696272664337821
2025020874,20252026,2026-02-01,LAK,CAR,1,0.6190103729972141
2025020875,20252026,2026-02-01,VGK,ANA,1,0.5671932930681305
2025020876,20252026,2026-02-02,BUF,FLA,0,0.43800105323248256
2025020877,20252026,2026-02-02,OTT,PIT,0,0.5489298664446908
2025020878,20252026,2026-02-02,NYI,WSH,1,0.49461040152681873
2025020879,20252026,2026-02-02,MTL,MIN,1,0.5257244539840991
2025020880,20252026,2026-02-02,STL,NSH,1,0.5801133723416337
2025020881,20252026,2026-02-02,SJS,CHI,1,0.44164883247216036
2025020882,20252026,2026-02-02,WPG,DAL,1,0.6325082786383158
2025020883,20252026,2026-02-02,DET,COL,0,0.6369231993505647
2025020884,20252026,2026-02-02,VAN,UTA,1,0.6802249457568127
2025020885,20252026,2026-02-02,TOR,CGY,0,0.5013863260474516
2025020886,20252026,2026-02-03,BUF,TBL,1,0.6454223535060822
2025020887,20252026,2026-02-03,CBJ,NJD,0,0.49759550085260046
2025020888,20252026,2026-02-03,PIT,NYI,1,0.49853993914629097
2025020889,20252026,2026-02-03,WSH,PHI,1,0.5604332224478379
2025020890,20252026,2026-02-03,OTT,CAR,1,0.6687595827973107
2025020891,20252026,2026-02-03,TOR,EDM,0,0.636496497894172
2025020892,20252026,2026-02-03,SEA,ANA,1,0.48337023571533566
2025020893,20252026,2026-02-04,BOS,FLA,1,0.5299657940008807
2025020894,20252026,2026-02-04,CHI,CBJ,1,0.5391177083720087
2025020895,20252026,2026-02-04,MTL,WPG,0,0.43537168420592604
2025020896,20252026,2026-02-04,MIN,NSH,0,0.47553887987841303
2025020897,20252026,2026-02-04,SJS,COL,1,0.6747622917887942
2025020898,20252026,2026-02-04,DET,UTA,1,0.5018259025196503
2025020899,20252026,2026-02-04,STL,DAL,1,0.6552174186011681
2025020900,20252026,2026-02-04,EDM,CGY,1,0.5616381791357853
2025020901,20252026,2026-02-04,VAN,VGK,1,0.6697192183752649
2025020902,20252026,2026-02-04,SEA,LAK,0,0.6108762360306913
2025020903,20252026,2026-02-05,PIT,BUF,0,0.6451327201332528
2025020904,20252026,2026-02-05,FLA,TBL,1,0.7198382279524346
2025020905,20252026,2026-02-05,NYI,NJD,0,0.47351474153054585
2025020906,20252026,2026-02-05,CAR,NYR,0,0.3690488496894528
2025020907,20252026,2026-02-05,OTT,PHI,0,0.4551578382364397
2025020908,20252026,2026-02-05,NSH,WSH,1,0.5962422877962525
2025020909,20252026,2026-02-05,LAK,VGK,1,0.5540095828735387
2025020910,20252026,2026-02-25,BUF,NJD,0,0.3910947821229413
2025020911,20252026,2026-02-25,PHI,WSH,1,0.5681032684406485
2025020912,20252026,2026-02-25,TOR,TBL,1,0.6932275068924741
2025020913,20252026,2026-02-25,SEA,DAL,1,0.5910112044690173
2025020914,20252026,2026-02-25,COL,UTA,0,0.4401571968566253
2025020915,20252026,2026-02-25,WPG,VAN,0,0.43293497091983474
2025020916,20252026,2026-02-25,VGK,LAK,0,0.4728222027471574
2025020917,20252026,2026-02-25,EDM,ANA,1,0.499572717341662
2025020918,20252026,2026-02-26,CBJ,BOS,1,0.5300489540968555
2025020919,20252026,2026-02-26,NYI,MTL,0,0.5840768322557426
2025020920,20252026,2026-02-26,DET,OTT,0,0.5217102238521258
2025020921,20252026,2026-02-26,TOR,FLA,1,0.5545014862866935
2025020922,20252026,2026-02-26,NJD,PIT,1,0.6214160172478723
2025020923,20252026,2026-02-26,TBL,CAR,1,0.47717207575217774
2025020924,20252026,2026-02-26,PHI,NYR,0,0.5271599800123444
2025020925,20252026,2026-02-26,SEA,STL,1,0.4972677926606948
2025020926,20252026,2026-02-26,CHI,NSH,1,0.6302954156318713
2025020927,20252026,2026-02-26,MIN,COL,0,0.5835643982877579
2025020928,20252026,2026-02-26,CGY,SJS,0,0.5655855119089732
2025020929,20252026,2026-02-26,EDM,LAK,0,0.4722021291804282
2025020930,20252026,2026-02-27,BUF,FLA,0,0.37909505124503656
2025020931,20252026,2026-02-27,VGK,WSH,1,0.5026095802711062
2025020932,20252026,2026-02-27,MIN,UTA,1,0.5705170322885614
2025020933,20252026,2026-02-27,WPG,ANA,1,0.560625867505594
2025020934,20252026,2026-02-28,PIT,NYR,1,0.43566806161739285
2025020935,20252026,2026-02-28,BOS,PHI,1,0.45781131566759165
2025020936,20252026,2026-02-28,EDM,SJS,1,0.5223559274732935
2025020937,20252026,2026-02-28,NYI,CBJ,0,0.5293816220867216
2025020938,20252026,2026-02-28,CHI,COL,1,0.7456688363345105
2025020939,20252026,2026-02-28,OTT,TOR,0,0.5156584797192407
2025020940,20252026,2026-02-28,WSH,MTL,1,0.6810859229359104
2025020941,20252026,2026-02-28,BUF,TBL,0,0.6651363106707089
2025020942,20252026,2026-02-28,DET,CAR,1,0.558194270105426
2025020943,20252026,2026-02-28,NJD,STL,0,0.5460907052319687
2025020944,20252026,2026-02-28,CGY,LAK,1,0.465368300846264
2025020945,20252026,2026-02-28,NSH,DAL,1,0.5796041935694479
2025020946,20252026,2026-02-28,VAN,SEA,1,0.6452718874380691
2025020947,20252026,2026-03-01,VGK,PIT,1,0.4472690683966951
2025020948,20252026,2026-03-01,FLA,NYI,1,0.4319594301553254
2025020949,20252026,2026-03-01,CHI,UTA,0,0.7441373836861441
2025020950,20252026,2026-03-01,WPG,SJS,1,0.4832065555615017
2025020951,20252026,2026-03-01,STL,MIN,0,0.7134439626360953
2025020952,20252026,2026-03-01,CGY,ANA,1,0.6140465905866161
2025020953,20252026,2026-03-02,CBJ,NYR,0,0.4420398551419221
2025020954,20252026,2026-03-02,PHI,TOR,0,0.5566892066701767
2025020955,20252026,2026-03-02,DET,NSH,0,0.4688519813952421
2025020956,20252026,2026-03-02,DAL,VAN,0,0.3359825129228764
2025020957,20252026,2026-03-02,CAR,SEA,1,0.42071185479243967
2025020958,20252026,2026-03-02,COL,LAK,0,0.3485379949871519
2025020959,20252026,2026-03-03,PIT,BOS,1,0.527081147246618
2025020960,20252026,2026-03-03,VGK,BUF,1,0.6496857701590166
2025020961,20252026,2026-03-03,FLA,NJD,1,0.4563996201962254
2025020962,20252026,2026-03-03,UTA,WSH,0,0.46431815366267765
2025020963,20252026,2026-03-03,NSH,CBJ,1,0.5433535792710589
2025020964,20252026,2026-03-03,CHI,WPG,1,0.5533002316892507
2025020965,20252026,2026-03-03,DAL,CGY,0,0.5258968858202909
2025020966,20252026,2026-03-03,OTT,EDM,1,0.4885612468612195
2025020967,20252026,2026-03-03,TBL,MIN,1,0.44394712446749307
2025020968,20252026,2026-03-03,COL,ANA,0,0.4796923289652759
2025020969,20252026,2026-03-03,MTL,SJS,1,0.45043140593003483
2025020970,20252026,2026-03-04,VGK,DET,0,0.6749348035693115
2025020971,20252026,2026-03-04,TOR,NJD,1,0.4520427092606211
2025020972,20252026,2026-03-04,CAR,VAN,0,0.29295456086934296
2025020973,20252026,2026-03-04,NYI,ANA,1,0.3901251012256397
2025020974,20252026,2026-03-04,STL,SEA,0,0.5543483205602641
2025020975,20252026,2026-03-05,TOR,NYR,1,0.5711123244088402
2025020976,20252026,2026-03-05,UTA,PHI,0,0.45009328954352096
2025020977,20252026,2026-03-05,BUF,PIT,0,0.45269453649078034
2025020978,20252026,2026-03-05,FLA,CBJ,1,0.5377075486132264
2025020979,20252026,2026-03-05,BOS,NSH,1,0.49204845174238265
2025020980,20252026,2026-03-05,TBL,WPG,1,0.33871395317623565
2025020981,20252026,2026-03-05,OTT,CGY,0,0.46087008532162543
2025020982,20252026,2026-03-05,NYI,LAK,1,0.5247261942010426
2025020983,20252026,2026-03-06,FLA,DET,0,0.6526855013481466
2025020984,20252026,2026-03-06,COL,DAL,0,0.4570815732092994
2025020985,20252026,2026-03-06,VAN,CHI,0,0.6140256855575927
2025020986,20252026,2026-03-06,CAR,EDM,0,0.4405995331689657
2025020987,20252026,2026-03-06,MTL,ANA,1,0.46061420187982505
2025020988,20252026,2026-03-06,MIN,VGK,0,0.4684690251983742
2025020989,20252026,2026-03-06,STL,SJS,0,0.5635377380131081
2025020990,20252026,2026-03-07,WSH,BOS,1,0.6060560327435816
2025020991,20252026,2026-03-07,NYR,NJD,1,0.5840017273541299
2025020992,20252026,2026-03-07,NSH,BUF,1,0.666370115659562
2025020993,20252026,2026-03-07,PHI,PIT,0,0.604936620423384
2025020994,20252026,2026-03-07,TBL,TOR,0,0.36604795910765936
2025020995,20252026,2026-03-07,UTA,CBJ,0,0.522120622652622
2025020996,20252026,2026-03-07,VAN,WPG,1,0.7158444533028409
2025020997,20252026,2026-03-07,MTL,LAK,0,0.49372520793906344
2025020998,20252026,2026-03-07,CAR,CGY,1,0.45635151872362084
2025020999,20252026,2026-03-07,NYI,SJS,0,0.41869234709746495
2025021000,20252026,2026-03-07,OTT,SEA,0,0.4797893150509918
2025021001,20252026,2026-03-08,MIN,COL,1,0.5998831064666895
2025021002,20252026,2026-03-08,BOS,PIT,1,0.4933665403483917
2025021003,20252026,2026-03-08,TBL,BUF,1,0.5139417593122065
2025021004,20252026,2026-03-08,CHI,DAL,1,0.6854883909805536
2025021005,20252026,2026-03-08,DET,NJD,0,0.37309677151431764
2025021006,20252026,2026-03-08,STL,ANA,0,0.583684485608067
2025021007,20252026,2026-03-08,EDM,VGK,0,0.5301892188507694
2025020828,20252026,2026-03-09,LAK,CBJ,0,0.6290789729341772
2025021008,20252026,2026-03-09,NYR,PHI,0,0.5760659544646611
2025021009,20252026,2026-03-09,CGY,WSH,1,0.5616311806897766
2025021010,20252026,2026-03-09,UTA,CHI,1,0.2815559929244762
2025021011,20252026,2026-03-09,OTT,VAN,0,0.33813612500046064
2025021012,20252026,2026-03-10,LAK,BOS,1,0.6791107156449193
2025021013,20252026,2026-03-10,SJS,BUF,1,0.6621031057408462
2025021014,20252026,2026-03-10,TOR,MTL,1,0.6486673395544578
2025021015,20252026,2026-03-10,CBJ,TBL,0,0.6958849578700628
2025021016,20252026,2026-03-10,DET,FLA,1,0.49461426486710647
2025021017,20252026,2026-03-10,CGY,NYR,1,0.5380873824103305
2025021018,20252026,2026-03-10,PIT,CAR,1,0.5892580018336487
2025021019,20252026,2026-03-10,NYI,STL,0,0.4844676627815618
2025021020,20252026,2026-03-10,VGK,DAL,1,0.6244897182207407
2025021021,20252026,2026-03-10,UTA,MIN,1,0.6395865512871431
2025021022,20252026,2026-03-10,ANA,WPG,0,0.49860586040650046
2025021023,20252026,2026-03-10,EDM,COL,0,0.6613613562539205
2025021024,20252026,2026-03-10,NSH,SEA,0,0.5169481650523032
2025021025,20252026,2026-03-11,MTL,OTT,0,0.5808814352806954
2025021026,20252026,2026-03-11,WSH,PHI,1,0.49652606355063483
2025021027,20252026,2026-03-12,SJS,BOS,0,0.5934140052983868
2025021028,20252026,2026-03-12,WSH,BUF,0,0.7443201088389132
2025021029,20252026,2026-03-12,ANA,TOR,1,0.48921209488762357
2025021030,20252026,2026-03-12,DET,TBL,1,0.6165324276407382
2025021031,20252026,2026-03-12,CBJ,FLA,1,0.4947722515602463
2025021032,20252026,2026-03-12,CGY,NJD,0,0.5955737409922388
2025021033,20252026,2026-03-12,STL,CAR,0,0.6391458937940923
2025021034,20252026,2026-03-12,EDM,DAL,1,0.5839026910422093
2025021035,20252026,2026-03-12,PHI,MIN,0,0.743399075043417
2025021036,20252026,2026-03-12,NYR,WPG,0,0.530435473490161
2025021037,20252026,2026-03-12,CHI,UTA,0,0.6538199677466284
2025021038,20252026,2026-03-12,NSH,VAN,1,0.3667460632592581
2025021039,20252026,2026-03-12,PIT,VGK,1,0.4763620708451119
2025021040,20252026,2026-03-12,COL,SEA,0,0.37521709208330517
2025021041,20252026,2026-03-13,LAK,NYI,0,0.6037395479548779
2025021042,20252026,2026-03-13,EDM,STL,1,0.48559214568001985
2025021043,20252026,2026-03-14,ANA,OTT,1,0.5764943913220735
2025021044,20252026,2026-03-14,BOS,WSH,0,0.49269659107594166
2025021045,20252026,2026-03-14,COL,WPG,1,0.35391909701352586
2025021046,20252026,2026-03-14,NYR,MIN,0,0.6614873512878414
2025021047,20252026,2026-03-14,TOR,BUF,1,0.6785818377345447
2025021048,20252026,2026-03-14,SJS,MTL,0,0.625177716921423
2025021049,20252026,2026-03-14,CAR,TBL,0,0.59228898706381
2025021050,20252026,2026-03-14,LAK,NJD,1,0.6325554715726192
2025021051,20252026,2026-03-14,CGY,NYI,1,0.5282569268849232
2025021052,20252026,2026-03-14,CBJ,PHI,0,0.43910381239543694
2025021053,20252026,2026-03-14,DET,DAL,1,0.5916009794538974
2025021054,20252026,2026-03-14,PIT,UTA,0,0.5465125154718882
2025021055,20252026,2026-03-14,SEA,VAN,0,0.40748093501123855
2025021056,20252026,2026-03-14,CHI,VGK,1,0.607054022160055
2025021057,20252026,2026-03-15,STL,WPG,1,0.40401338802058356
2025021058,20252026,2026-03-15,SJS,OTT,1,0.5781162644565453
2025021059,20252026,2026-03-15,ANA,MTL,0,0.5920698055031883
2025021060,20252026,2026-03-15,TOR,MIN,0,0.6268649802045259
2025021061,20252026,2026-03-15,NSH,EDM,1,0.5373750898128791
2025021062,20252026,2026-03-15,FLA,SEA,1,0.39120907795949805
2025021063,20252026,2026-03-16,CGY,DET,1,0.6469095209939993
2025021064,20252026,2026-03-16,BOS,NJD,1,0.478607347509227
2025021065,20252026,2026-03-16,LAK,NYR,0,0.5532924082008749
2025021066,20252026,2026-03-16,UTA,DAL,0,0.624214831017859
2025021067,20252026,2026-03-16,PIT,COL,0,0.6404378536417287
2025021068,20252026,2026-03-17,NYI,TOR,0,0.49471206176339905
2025021069,20252026,2026-03-17,BOS,MTL,1,0.6482068527926783
2025021070,20252026,2026-03-17,CAR,CBJ,1,0.4916067811023772
2025021071,20252026,2026-03-17,NSH,WPG,0,0.48778526634796304
2025021072,20252026,2026-03-17,MIN,CHI,0,0.35945454216801936
2025021073,20252026,2026-03-17,SJS,EDM,1,0.563581956329997
2025021074,20252026,2026-03-17,FLA,VAN,1,0.3552449664932039
2025021075,20252026,2026-03-17,BUF,VGK,0,0.4208892022831372
2025021076,20252026,2026-03-17,TBL,SEA,0,0.3928846829695485
2025021077,20252026,2026-03-18,NJD,NYR,0,0.5039113300365016
2025021078,20252026,2026-03-18,PIT,CAR,1,0.49098346302378115
2025021079,20252026,2026-03-18,OTT,WSH,1,0.4636318490099305
2025021080,20252026,2026-03-18,DAL,COL,0,0.5432606673065535
2025021081,20252026,2026-03-18,STL,CGY,1,0.48987458430216535
2025021082,20252026,2026-03-18,PHI,ANA,0,0.600884981377982
2025021083,20252026,2026-03-19,WPG,BOS,1,0.6020229736631618
2025021084,20252026,2026-03-19,NYI,OTT,1,0.45770944493032356
2025021085,20252026,2026-03-19,MTL,DET,1,0.5191736538145006
2025021086,20252026,2026-03-19,NYR,CBJ,1,0.7373058427924027
2025021087,20252026,2026-03-19,SEA,NSH,1,0.5628756855469518
2025021088,20252026,2026-03-19,CHI,MIN,0,0.7025652936088438
2025021089,20252026,2026-03-19,FLA,EDM,0,0.5371838906549192
2025021090,20252026,2026-03-19,TBL,VAN,0,0.2546432193632287
2025021091,20252026,2026-03-19,UTA,VGK,0,0.5186706861130608
2025021092,20252026,2026-03-19,BUF,SJS,0,0.38043251498957814
2025021093,20252026,2026-03-19,PHI,LAK,0,0.6102027835902882
2025021094,20252026,2026-03-20,CAR,TOR,0,0.4056981099357982
2025021095,20252026,2026-03-20,NJD,WSH,1,0.56353424234736
2025021096,20252026,2026-03-20,COL,CHI,0,0.26467684624846616
2025021097,20252026,2026-03-20,FLA,CGY,1,0.5200703196262635
2025021098,20252026,2026-03-20,ANA,UTA,0,0.4597306823036
2025021099,20252026,2026-03-21,WPG,PIT,1,0.6246688100156815
2025021100,20252026,2026-03-21,VGK,NSH,1,0.5617064350393208
2025021101,20252026,2026-03-21,DAL,MIN,1,0.5029009138484344
2025021102,20252026,2026-03-21,BUF,LAK,0,0.3507579262115256
2025021103,20252026,2026-03-21,PHI,SJS,0,0.5403434059685959
2025021104,20252026,2026-03-21,SEA,CBJ,1,0.629188736144343
2025021105,20252026,2026-03-21,NYI,MTL,1,0.5456075226149071
2025021106,20252026,2026-03-21,TOR,OTT,1,0.6801694909977231
2025021107,20252026,2026-03-21,STL,VAN,0,0.3971784846218749
2025021108,20252026,2026-03-21,BOS,DET,0,0.5682295576018466
2025021109,20252026,2026-03-21,TBL,EDM,0,0.37343764889406567
2025021110,20252026,2026-03-22,WPG,NYR,0,0.6132356532282369
2025021111,20252026,2026-03-22,COL,WSH,0,0.4335613882624196
2025021112,20252026,2026-03-22,CAR,PIT,0,0.36148271488471195
2025021113,20252026,2026-03-22,NSH,CHI,0,0.5031397929467687
2025021114,20252026,2026-03-22,CBJ,NYI,1,0.4686035738271142
2025021115,20252026,2026-03-22,VGK,DAL,0,0.6465886004413826
2025021116,20252026,2026-03-22,TBL,CGY,1,0.38740615967687025
2025021117,20252026,2026-03-22,BUF,ANA,1,0.49891675148948766
2025021118,20252026,2026-03-22,LAK,UTA,1,0.6761419830832777
2025021119,20252026,2026-03-23,OTT,NYR,0,0.30757144352244803
2025021120,20252026,2026-03-24,TOR,BOS,0,0.6244485951639703
2025021121,20252026,2026-03-24,CAR,MTL,1,0.4862426668666136
2025021122,20252026,2026-03-24,OTT,DET,0,0.6159605300868162
2025021123,20252026,2026-03-24,SEA,FLA,1,0.5679891973380836
2025021124,20252026,2026-03-24,CHI,NYI,0,0.6763087673426195
2025021125,20252026,2026-03-24,CBJ,PHI,0,0.42781800628253797
2025021126,20252026,2026-03-24,COL,PIT,0,0.41721466676325186
2025021127,20252026,2026-03-24,MIN,TBL,1,0.6047078249604491
2025021128,20252026,2026-03-24,WSH,STL,1,0.48334316035646135
2025021129,20252026,2026-03-24,SJS,NSH,1,0.5760985376010002
2025021130,20252026,2026-03-24,NJD,DAL,0,0.6635408122993125
2025021131,20252026,2026-03-24,VGK,WPG,1,0.49075091114873554
2025021132,20252026,2026-03-24,EDM,UTA,0,0.6061653791516483
2025021133,20252026,2026-03-24,LAK,CGY,1,0.5212799902640529
2025021134,20252026,2026-03-24,ANA,VAN,0,0.32293385809859887
2025021135,20252026,2026-03-25,BOS,BUF,0,0.7134546644791804
2025021136,20252026,2026-03-25,NYR,TOR,1,0.4808319473256629
2025021137,20252026,2026-03-26,CBJ,MTL,1,0.5089074796500949
2025021138,20252026,2026-03-26,PIT,OTT,0,0.5936645196535385
2025021139,20252026,2026-03-26,SEA,TBL,0,0.7026386125603612
2025021140,20252026,2026-03-26,MIN,FLA,0,0.45773383379107363
2025021141,20252026,2026-03-26,DAL,NYI,1,0.48494167474744665
2025021142,20252026,2026-03-26,CHI,PHI,1,0.6207918631974068
2025021143,20252026,2026-03-26,SJS,STL,1,0.5540476407547009
2025021144,20252026,2026-03-26,NJD,NSH,0,0.5488855794057769
2025021145,20252026,2026-03-26,COL,WPG,0,0.3537871246918142
2025021146,20252026,2026-03-26,WSH,UTA,0,0.5489257462735394
2025021147,20252026,2026-03-26,ANA,CGY,0,0.4279785789225229
2025021148,20252026,2026-03-26,EDM,VGK,0,0.5252839224913854
2025021149,20252026,2026-03-26,LAK,VAN,0,0.4088206270631615
2025021150,20252026,2026-03-27,DET,BUF,0,0.6207239157033289
2025021151,20252026,2026-03-27,CHI,NYR,1,0.6356664859542978
2025021152,20252026,2026-03-28,OTT,TBL,1,0.6238551106294862
2025021153,20252026,2026-03-28,FLA,NYI,1,0.5813927430390357
2025021154,20252026,2026-03-28,ANA,EDM,1,0.4685725184827766
2025021155,20252026,2026-03-28,MIN,BOS,1,0.5024698642725544
2025021156,20252026,2026-03-28,DAL,PIT,0,0.45121654135127803
2025021157,20252026,2026-03-28,NJD,CAR,1,0.6322652191707197
2025021158,20252026,2026-03-28,SJS,CBJ,0,0.6557951177446198
2025021159,20252026,2026-03-28,SEA,BUF,1,0.6020093095796112
2025021160,20252026,2026-03-28,TOR,STL,1,0.5733291199445237
2025021161,20252026,2026-03-28,MTL,NSH,0,0.4689979375681579
2025021162,20252026,2026-03-28,WPG,COL,0,0.708565175165103
2025021163,20252026,2026-03-28,PHI,DET,0,0.5098538850710486
2025021164,20252026,2026-03-28,UTA,LAK,0,0.47201209167398395
2025021165,20252026,2026-03-28,VAN,CGY,1,0.6593507405565022
2025021166,20252026,2026-03-28,WSH,VGK,0,0.4918110162542258
2025021167,20252026,2026-03-29,FLA,NYR,1,0.5643781630332879
2025021168,20252026,2026-03-29,NSH,TBL,1,0.6669083924504394
2025021169,20252026,2026-03-29,MTL,CAR,0,0.5460904791007972
2025021170,20252026,2026-03-29,BOS,CBJ,0,0.5321541772291833
2025021171,20252026,2026-03-29,CHI,NJD,1,0.5740316716591783
2025021172,20252026,2026-03-29,DAL,PHI,1,0.4302506797490996
2025021173,20252026,2026-03-30,PIT,NYI,0,0.5930878838389901
2025021174,20252026,2026-03-30,CGY,COL,1,0.7075939464437626
2025021175,20252026,2026-03-30,VAN,VGK,1,0.6783065064517695
2025021176,20252026,2026-03-30,TOR,ANA,0,0.6328391416681854
2025021177,20252026,2026-03-30,STL,SJS,1,0.47629354849213384
2025021178,20252026,2026-03-31,DAL,BOS,1,0.5002394165525877
2025021179,20252026,2026-03-31,NYI,BUF,1,0.7058536060070207
2025021180,20252026,2026-03-31,MTL,TBL,0,0.5731775563852549
2025021181,20252026,2026-03-31,OTT,FLA,1,0.45937708965626756
2025021182,20252026,2026-03-31,NJD,NYR,1,0.46515143647306784
2025021183,20252026,2026-03-31,DET,PIT,1,0.39252029587733034
2025021184,20252026,2026-03-31,PHI,WSH,1,0.5292004074527943
2025021185,20252026,2026-03-31,CAR,CBJ,0,0.5028353156909864
2025021186,20252026,2026-03-31,WPG,CHI,0,0.43855307571072843
2025021187,20252026,2026-03-31,SEA,EDM,1,0.5674877856649913
2025021188,20252026,2026-04-01,VAN,COL,0,0.8216402466072068
2025021189,20252026,2026-04-01,STL,LAK,1,0.47728312153416885
2025021190,20252026,2026-04-01,ANA,SJS,1,0.45100289815901623
2025021191,20252026,2026-04-02,BUF,OTT,1,0.41573045978574596
2025021192,20252026,2026-04-02,PIT,TBL,1,0.6437672335101419
2025021193,20252026,2026-04-02,BOS,FLA,1,0.4620927463500856
2025021194,20252026,2026-04-02,WSH,NJD,1,0.507437343131244
2025021195,20252026,2026-04-02,MTL,NYR,0,0.37081056517604627
2025021196,20252026,2026-04-02,DET,PHI,0,0.5038452113390836
2025021197,20252026,2026-04-02,CBJ,CAR,1,0.6029792069415314
2025021198,20252026,2026-04-02,WPG,DAL,1,0.6471243179610239
2025021199,20252026,2026-04-02,VAN,MIN,1,0.8107992394042887
2025021200,20252026,2026-04-02,CHI,EDM,1,0.675489353956626
2025021201,20252026,2026-04-02,CGY,VGK,1,0.553759039549061
2025021202,20252026,2026-04-02,TOR,SJS,1,0.4571300946982629
2025021203,20252026,2026-04-02,UTA,SEA,0,0.4772585733084564
2025021204,20252026,2026-04-02,NSH,LAK,0,0.40931974234996654
2025021205,20252026,2026-04-03,PHI,NYI,0,0.6291642909799176
2025021206,20252026,2026-04-03,STL,ANA,0,0.570573572996681
2025021207,20252026,2026-04-04,DET,NYR,1,0.45154892229280974
2025021208,20252026,2026-04-04,MIN,OTT,0,0.5184398206436914
2025021209,20252026,2026-04-04,COL,DAL,0,0.5111046602757064
2025021210,20252026,2026-04-04,BOS,TBL,1,0.5908156303634045
2025021211,20252026,2026-04-04,FLA,PIT,1,0.5442619920584603
2025021212,20252026,2026-04-04,MTL,NJD,0,0.4173818924711581
2025021213,20252026,2026-04-04,BUF,WSH,1,0.40703620210288843
2025021214,20252026,2026-04-04,NYI,CAR,1,0.6947450073196701
2025021215,20252026,2026-04-04,WPG,CBJ,0,0.6098335210366571
2025021216,20252026,2026-04-04,UTA,VAN,0,0.3101591993387034
2025021217,20252026,2026-04-04,TOR,LAK,1,0.541721037024462
2025021218,20252026,2026-04-04,VGK,EDM,0,0.5982983444726478
2025021219,20252026,2026-04-04,CGY,ANA,0,0.5117455742087297
2025021220,20252026,2026-04-04,NSH,SJS,0,0.5332383669347993
2025021221,20252026,2026-04-04,CHI,SEA,0,0.6094530849400457
2025021222,20252026,2026-04-05,MIN,DET,0,0.47475832902863774
2025021223,20252026,2026-04-05,FLA,PIT,1,0.5491726659224203
2025021224,20252026,2026-04-05,BOS,PHI,1,0.5665575873456595
2025021225,20252026,2026-04-05,CAR,OTT,1,0.43284370999682475
2025021226,20252026,2026-04-05,NJD,MTL,0,0.6192276257104133
2025021227,20252026,2026-04-05,WSH,NYR,1,0.45799911213168587
2025021228,20252026,2026-04-05,STL,COL,0,0.547369301750321
2025021229,20252026,2026-04-06,TBL,BUF,1,0.5267313790497405
2025021230,20252026,2026-04-06,SEA,WPG,1,0.5754910565900521
2025021231,20252026,2026-04-06,CHI,SJS,1,0.6267184264965604
2025021232,20252026,2026-04-06,NSH,LAK,1,0.5014305892196087
2025021233,20252026,2026-04-07,FLA,MTL,1,0.649186943450523
2025021234,20252026,2026-04-07,TBL,OTT,1,0.5361162855748463
2025021235,20252026,2026-04-07,CBJ,DET,0,0.5096433039824495
2025021236,20252026,2026-04-07,PHI,NJD,0,0.533724412764878
2025021237,20252026,2026-04-07,BOS,CAR,1,0.5986781932667016
2025021238,20252026,2026-04-07,COL,STL,0,0.44578943984833014
2025021239,20252026,2026-04-07,CGY,DAL,1,0.6839600206572406
2025021240,20252026,2026-04-07,SEA,MIN,1,0.7260126190862132
2025021241,20252026,2026-04-07,EDM,UTA,1,0.5715414017316102
2025021242,20252026,2026-04-07,VGK,VAN,0,0.3605343699818375
2025021243,20252026,2026-04-07,NSH,ANA,0,0.6248193821687723
2025021244,20252026,2026-04-08,BUF,NYR,0,0.38779698440249283
2025021245,20252026,2026-04-08,WSH,TOR,0,0.48200900639602723
2025021246,20252026,2026-04-08,EDM,SJS,0,0.5740721497294289
2025021247,20252026,2026-04-09,CBJ,BUF,1,0.5188345635699515
2025021248,20252026,2026-04-09,TBL,MTL,1,0.5130162279366302
2025021249,20252026,2026-04-09,FLA,OTT,1,0.6217867320507521
2025021250,20252026,2026-04-09,PHI,DET,1,0.4982458150652131
2025021251,20252026,2026-04-09,PIT,NJD,0,0.5268558600109186
2025021252,20252026,2026-04-09,TOR,NYI,1,0.694072759891663
2025021253,20252026,2026-04-09,WPG,STL,0,0.5738386495191081
2025021254,20252026,2026-04-09,MIN,DAL,1,0.5774028251363654
2025021255,20252026,2026-04-09,CAR,CHI,0,0.308692055063247
2025021256,20252026,2026-04-09,CGY,COL,1,0.7084374419155978
2025021257,20252026,2026-04-09,NSH,UTA,1,0.5534949349177869
2025021258,20252026,2026-04-09,SJS,ANA,1,0.6365755432973367
2025021259,20252026,2026-04-09,VGK,SEA,1,0.4873312035061524
2025021260,20252026,2026-04-09,VAN,LAK,1,0.6802217085998096
2025021261,20252026,2026-04-11,TBL,BOS,0,0.4683265782439734
2025021262,20252026,2026-04-11,OTT,NYI,0,0.4832833395492328
2025021263,20252026,2026-04-11,WSH,PIT,0,0.5782027458500929
2025021264,20252026,2026-04-11,EDM,LAK,1,0.4777411212868238
2025021265,20252026,2026-04-11,NJD,DET,0,0.5672607545939998
2025021266,20252026,2026-04-11,STL,CHI,0,0.4008016992784823
2025021267,20252026,2026-04-11,MIN,NSH,1,0.47979311995545854
2025021268,20252026,2026-04-11,NYR,DAL,1,0.6460451297663181
2025021269,20252026,2026-04-11,CAR,UTA,0,0.4434445785553975
2025021270,20252026,2026-04-11,FLA,TOR,0,0.4905731627444903
2025021271,20252026,2026-04-11,CBJ,MTL,0,0.5877237951201993
2025021272,20252026,2026-04-11,PHI,WPG,0,0.4937100223497513
2025021273,20252026,2026-04-11,CGY,SEA,1,0.5191221532301614
2025021274,20252026,2026-04-11,VGK,COL,0,0.6820910669988515
2025021275,20252026,2026-04-11,VAN,SJS,0,0.6638025901375282
2025021276,20252026,2026-04-12,PIT,WSH,1,0.5056626290055097
2025021277,20252026,2026-04-12,MTL,NYI,0,0.4550082834747311
2025021278,20252026,2026-04-12,BOS,CBJ,0,0.5131132978811949
2025021279,20252026,2026-04-12,OTT,NJD,1,0.42279902695820204
2025021280,20252026,2026-04-12,VAN,ANA,0,0.7723947963427933
2025021281,20252026,2026-04-12,UTA,CGY,1,0.4151765681206106
2025021282,20252026,2026-04-13,DET,TBL,1,0.632332643979577
2025021283,20252026,2026-04-13,NYR,FLA,1,0.5499448814806587
2025021284,20252026,2026-04-13,CAR,PHI,1,0.43691526557169547
2025021285,20252026,2026-04-13,DAL,TOR,0,0.35042477964937696
2025021286,20252026,2026-04-13,MIN,STL,1,0.4995112917939724
2025021287,20252026,2026-04-13,SJS,NSH,0,0.6287564954285757
2025021288,20252026,2026-04-13,BUF,CHI,0,0.27103385101838723
2025021289,20252026,2026-04-13,COL,EDM,0,0.42748834581958395
2025021290,20252026,2026-04-13,WPG,VGK,1,0.5444872504775806
2025021291,20252026,2026-04-13,LAK,SEA,0,0.5052268627766235
2025021292,20252026,2026-04-14,NJD,BOS,1,0.5646740323971324
2025021293,20252026,2026-04-14,CAR,NYI,0,0.4960085167343201
2025021294,20252026,2026-04-14,MTL,PHI,1,0.3933147822120985
2025021295,20252026,2026-04-14,WSH,CBJ,0,0.5575593013521871
2025021296,20252026,2026-04-14,ANA,MIN,1,0.48216901696010145
2025021297,20252026,2026-04-14,WPG,UTA,1,0.6645090308412775
2025021298,20252026,2026-04-14,COL,CGY,0,0.43986696607278974
2025021299,20252026,2026-04-14,PIT,STL,1,0.4371937215169695
2025021300,20252026,2026-04-14,LAK,VAN,1,0.4634317955368827
2025021301,20252026,2026-04-15,DAL,BUF,0,0.5959199191614688
2025021302,20252026,2026-04-15,NYR,TBL,0,0.6655968725523771
2025021303,20252026,2026-04-15,DET,FLA,1,0.5154443897176094
2025021304,20252026,2026-04-15,TOR,OTT,1,0.7204499718517531
2025021305,20252026,2026-04-15,SJS,CHI,1,0.4707981145570553
2025021306,20252026,2026-04-15,SEA,VGK,1,0.6114701993711197
2025021307,20252026,2026-04-16,ANA,NSH,0,0.5460494612675847
2025021308,20252026,2026-04-16,SJS,WPG,0,0.6476158277938207
2025021309,20252026,2026-04-16,STL,UTA,0,0.529585824186037
2025021310,20252026,2026-04-16,LAK,CGY,1,0.5515444443365378
2025021311,20252026,2026-04-16,VAN,EDM,1,0.7142463583350042
2025021312,20252026,2026-04-16,SEA,COL,1,0.7910066295444241
