game_id,season,game_date,home_team,away_team,home_win,calibrated_prob,baseline_prob
2025020001,20252026,2025-10-07,FLA,CHI,1,0.7008718383885457,0.7120193849037224
2025020002,20252026,2025-10-07,NYR,PIT,0,0.5896506452878192,0.5919372141090606
2025020003,20252026,2025-10-07,LAK,COL,0,0.5595136298937026,0.5590904862725383
2025020004,20252026,2025-10-08,TOR,MTL,1,0.6552275535706125,0.6630437486699685
2025020005,20252026,2025-10-08,WSH,BOS,0,0.6729209340683419,0.6820922187748625
2025020006,20252026,2025-10-08,EDM,CGY,0,0.5957771853765446,0.5986055386596155
2025020007,20252026,2025-10-08,VGK,LAK,0,0.6454161080960183,0.6420926676774383
2025020008,20252026,2025-10-09,BOS,CHI,1,0.4202610220688952,0.3638335522951448
2025020009,20252026,2025-10-09,BUF,NYR,0,0.5783103468006294,0.5791897426557383
2025020010,20252026,2025-10-09,DET,MTL,0,0.6591120276885813,0.6570824820467972
2025020011,20252026,2025-10-09,TBL,OTT,0,0.5628835525181073,0.5627662388981306
2025020012,20252026,2025-10-09,FLA,PHI,1,0.6585888205689348,0.6670282121337859
2025020013,20252026,2025-10-09,PIT,NYI,1,0.5802288535754295,0.5820698833012744
2025020014,20252026,2025-10-09,CAR,NJD,1,0.6066954931554953,0.610479224236958
2025020015,20252026,2025-10-09,STL,MIN,0,0.6108532790697914,0.6149970135400084
2025020016,20252026,2025-10-09,NSH,CBJ,1,0.48469403781975573,0.4774700057975084
2025020017,20252026,2025-10-09,WPG,DAL,0,0.6267678555292798,0.6322671680770668
2025020018,20252026,2025-10-09,COL,UTA,1,0.6394001569497402,0.6463173603616025
2025020019,20252026,2025-10-09,VAN,CGY,1,0.6017772890756733,0.5942407496038183
2025020020,20252026,2025-10-09,SJS,VGK,0,0.42057472046234295,0.39694572267055345
2025020021,20252026,2025-10-09,SEA,ANA,1,0.572761346323235,0.5735369972252105
2025020022,20252026,2025-10-11,WPG,LAK,1,0.6823067078139732,0.6763695440340729
2025020023,20252026,2025-10-11,CGY,STL,0,0.5404579619440935,0.4894210965507963
2025020024,20252026,2025-10-11,BOS,BUF,1,0.49053334110226654,0.41722333701578296
2025020025,20252026,2025-10-11,DET,TOR,1,0.42358501838317475,0.44097226149423047
2025020026,20252026,2025-10-11,TBL,NJD,0,0.6835569276962052,0.658963449820411
2025020027,20252026,2025-10-11,FLA,OTT,1,0.5786278384052503,0.5398073133362054
2025020028,20252026,2025-10-11,NYI,WSH,0,0.5047542270743821,0.4768667856803717
2025020029,20252026,2025-10-11,PIT,NYR,0,0.49304522934509104,0.4519584703782718
2025020030,20252026,2025-10-11,CAR,PHI,1,0.5630014635545628,0.521030741486145
2025020031,20252026,2025-10-11,CHI,MTL,0,0.47459577845407275,0.45481936761525366
2025020032,20252026,2025-10-11,NSH,UTA,0,0.38443501902059407,0.3262419478727314
2025020033,20252026,2025-10-11,MIN,CBJ,0,0.5662240103450752,0.49700226774789313
2025020034,20252026,2025-10-11,COL,DAL,0,0.6516835257407894,0.6148377521661111
2025020035,20252026,2025-10-11,EDM,VAN,1,0.6259311930560911,0.6521406338102407
2025020036,20252026,2025-10-11,SJS,ANA,0,0.44605844126466193,0.41356122105498255
2025020037,20252026,2025-10-11,SEA,VGK,1,0.4800044450245054,0.41325958489467507
2025020038,20252026,2025-10-12,NYR,WSH,0,0.5492932323453427,0.5073340080717273
2025020039,20252026,2025-10-13,BUF,COL,0,0.46612891485720104,0.4608327718647682
2025020040,20252026,2025-10-13,BOS,TBL,0,0.41653719548165874,0.34133566633726287
2025020041,20252026,2025-10-13,OTT,NSH,0,0.5840748968110487,0.5865662689389897
2025020042,20252026,2025-10-13,NYI,WPG,0,0.44504712497112503,0.42287126589163726
2025020043,20252026,2025-10-13,TOR,DET,0,0.6542276309482847,0.6374915256728769
2025020044,20252026,2025-10-13,PHI,FLA,1,0.5306988056884707,0.5308146236931007
2025020045,20252026,2025-10-13,CBJ,NJD,0,0.6501315182072978,0.6200049795562086
2025020046,20252026,2025-10-13,VAN,STL,0,0.5812028242251509,0.5386792990595298
2025020047,20252026,2025-10-13,MIN,LAK,1,0.5401456540013195,0.5001353679207053
2025020048,20252026,2025-10-13,CHI,UTA,1,0.47298770642919785,0.4568488514448886
2025020049,20252026,2025-10-14,TOR,NSH,1,0.7344286501611992,0.672923087531841
2025020050,20252026,2025-10-14,MTL,SEA,1,0.6101284380737122,0.6068850769905609
2025020051,20252026,2025-10-14,NYR,EDM,0,0.5382872508339679,0.5006856244397616
2025020052,20252026,2025-10-14,WSH,TBL,1,0.6840693755248362,0.594802509832242
2025020053,20252026,2025-10-14,CGY,VGK,0,0.33086212060031767,0.4616711409335456
2025020054,20252026,2025-10-14,DAL,MIN,1,0.6116872357660946,0.5830100496411639
2025020055,20252026,2025-10-14,SJS,CAR,0,0.41471693819499983,0.41231533516180763
2025020056,20252026,2025-10-14,ANA,PIT,1,0.5519304075071939,0.5373565932121643
2025020057,20252026,2025-10-15,BUF,OTT,1,0.35309160115997923,0.53059789361383
2025020058,20252026,2025-10-15,DET,FLA,1,0.47142602610110557,0.5125804019051042
2025020059,20252026,2025-10-15,STL,CHI,0,0.7731343143261816,0.6532826889494908
2025020060,20252026,2025-10-15,UTA,CGY,1,0.6887832635854737,0.6241589803839759
2025020061,20252026,2025-10-16,TOR,NYR,1,0.56745223340086,0.609111982246863
2025020062,20252026,2025-10-16,MTL,NSH,1,0.5810016796599908,0.5795523055395212
2025020063,20252026,2025-10-16,OTT,SEA,1,0.6732156127769879,0.4671035289679247
2025020064,20252026,2025-10-16,NJD,FLA,1,0.5114280287557323,0.5544972005421794
2025020065,20252026,2025-10-16,NYI,EDM,1,0.9493895540470246,0.4438381748862641
2025020066,20252026,2025-10-16,PHI,WPG,0,0.40259455523871635,0.40167838036391396
2025020067,20252026,2025-10-16,CBJ,COL,0,0.5155349870051416,0.5121764500725383
2025020068,20252026,2025-10-16,DAL,VAN,0,0.5966508814780922,0.5441612431029935
2025020069,20252026,2025-10-16,VGK,BOS,1,0.7410646316703036,0.680369858820262
2025020070,20252026,2025-10-16,ANA,CAR,0,0.4568167246074487,0.437263400975754
2025020071,20252026,2025-10-16,LAK,PIT,0,0.7385258006975803,0.6585251952560359
2025020072,20252026,2025-10-17,DET,TBL,1,0.5892124458471488,0.49054119429735493
2025020073,20252026,2025-10-17,WSH,MIN,1,0.4525389170824268,0.5481788918569056
2025020074,20252026,2025-10-17,CHI,VAN,0,0.5134096236352594,0.5366415244425262
2025020075,20252026,2025-10-17,UTA,SJS,1,0.8169320313638795,0.7020603400664117
2025020076,20252026,2025-10-18,BUF,FLA,1,0.42540125203583184,0.5220567496000817
2025020077,20252026,2025-10-18,OTT,NYI,0,0.6277803600404936,0.5583606283806465
2025020078,20252026,2025-10-18,NJD,EDM,1,0.38721529514315534,0.4364603034757142
2025020079,20252026,2025-10-18,TOR,SEA,0,0.6022859739694248,0.6486639550877913
2025020080,20252026,2025-10-18,MTL,NYR,0,0.46113912098999343,0.49609267678565105
2025020081,20252026,2025-10-18,PHI,MIN,1,0.5075088467579785,0.5794633510820733
2025020082,20252026,2025-10-18,CBJ,TBL,1,0.6481779925792412,0.5967000675213343
2025020083,20252026,2025-10-18,STL,DAL,1,0.5523388333733329,0.5176846260432957
2025020084,20252026,2025-10-18,WPG,NSH,1,0.6343875738347287,0.6902886824392488
2025020085,20252026,2025-10-18,COL,BOS,1,0.6915135543534031,0.6899506792555283
2025020086,20252026,2025-10-18,LAK,CAR,0,0.609514789983947,0.5725714362538568
2025020087,20252026,2025-10-18,VGK,CGY,1,0.6846101712439088,0.5850150420968054
2025020088,20252026,2025-10-18,SJS,PIT,0,0.26956492419742906,0.3085267982195877
2025020089,20252026,2025-10-19,WSH,VAN,0,0.6679380725479009,0.5815472361003631
2025020090,20252026,2025-10-19,DET,EDM,1,0.48321725847086844,0.5608357031147408
2025020091,20252026,2025-10-19,CHI,ANA,1,0.3900473350891346,0.5347775958883036
2025020092,20252026,2025-10-19,UTA,BOS,1,0.7727333349148754,0.6860695026110778
2025020093,20252026,2025-10-20,NYR,MIN,0,0.5418478385395655,0.5566789980814383
2025020094,20252026,2025-10-20,PHI,SEA,1,0.4786864962558286,0.5144399160062947
2025020095,20252026,2025-10-20,MTL,BUF,1,0.576658002234861,0.5243937277001766
2025020096,20252026,2025-10-20,CGY,WPG,0,0.5284506999918945,0.3951624299111064
2025020097,20252026,2025-10-20,VGK,CAR,1,0.5835356842490456,0.5675075663886193
2025020098,20252026,2025-10-21,TOR,NJD,0,0.6403825317906112,0.6484381664425226
2025020099,20252026,2025-10-21,OTT,EDM,0,0.5609257367557187,0.4708989562166111
2025020100,20252026,2025-10-21,NYI,SJS,1,0.7367655667402588,0.6782829660416919
2025020101,20252026,2025-10-21,PIT,VAN,1,0.5104517794234018,0.4998632268014271
2025020102,20252026,2025-10-21,WSH,SEA,1,0.7100098244788539,0.6819248119484933
2025020103,20252026,2025-10-21,BOS,FLA,0,0.3802575774753484,0.45613941141788666
2025020104,20252026,2025-10-21,STL,LAK,0,0.44360014643230716,0.4966570170009372
2025020105,20252026,2025-10-21,NSH,ANA,0,0.468030307037316,0.5453211398617177
2025020106,20252026,2025-10-21,DAL,CBJ,0,0.57400616050305,0.5487885199694722
2025020107,20252026,2025-10-21,UTA,COL,1,0.49527420371399816,0.44198406118984
2025020108,20252026,2025-10-22,NJD,MIN,1,0.40076776348298637,0.42631309129902
2025020109,20252026,2025-10-22,BUF,DET,1,0.4804766805959629,0.5229596647713874
2025020110,20252026,2025-10-22,CGY,MTL,0,0.5566357475288852,0.5193124128162945
2025020111,20252026,2025-10-23,BOS,ANA,0,0.46256094809327775,0.5116522647845497
2025020112,20252026,2025-10-23,OTT,PHI,1,0.7138428766925888,0.573196862391499
2025020113,20252026,2025-10-23,TBL,CHI,0,0.6649984913104429,0.6599206129018734
2025020114,20252026,2025-10-23,FLA,PIT,0,0.6396527215719431,0.5610201943559918
2025020115,20252026,2025-10-23,NYI,DET,1,0.568300326721364,0.5449635318759044
2025020116,20252026,2025-10-23,NYR,SJS,0,0.7337205029790207,0.7207994205332212
2025020117,20252026,2025-10-23,STL,UTA,0,0.5388682501533631,0.5679491261589596
2025020118,20252026,2025-10-23,NSH,VAN,1,0.5131182696948158,0.4856209095660841
2025020119,20252026,2025-10-23,DAL,LAK,0,0.45074200896106503,0.49922867342991517
2025020120,20252026,2025-10-23,WPG,SEA,0,0.5807869510180376,0.6845115195360212
2025020121,20252026,2025-10-23,COL,CAR,0,0.5363526573840551,0.5981101501147643
2025020122,20252026,2025-10-23,EDM,MTL,1,0.7260923370952101,0.6535610095007831
2025020123,20252026,2025-10-24,BUF,TOR,1,0.43120819814085404,0.4599708986842063
2025020124,20252026,2025-10-24,NJD,SJS,1,0.7916203864868545,0.7797296173031264
2025020125,20252026,2025-10-24,CBJ,WSH,0,0.4664150228937501,0.5229770491193788
2025020126,20252026,2025-10-24,WPG,CGY,1,0.44982395474029946,0.5664498316459621
2025020127,20252026,2025-10-25,PHI,NYI,1,0.5098198992211279,0.5288309942969578
2025020128,20252026,2025-10-25,BOS,COL,1,0.3772242436952466,0.3592256842849679
2025020129,20252026,2025-10-25,TBL,ANA,1,0.5473569033951734,0.6259174399989943
2025020130,20252026,2025-10-25,FLA,VGK,1,0.4935654662785246,0.4659508382635564
2025020131,20252026,2025-10-25,MIN,UTA,0,0.4916827036092566,0.5168931982000072
2025020132,20252026,2025-10-25,TOR,BUF,1,0.6262690952339435,0.5802605187022905
2025020133,20252026,2025-10-25,DET,STL,1,0.49438382847239354,0.5114461793050739
2025020134,20252026,2025-10-25,PIT,CBJ,0,0.5108113988608234,0.5778264087747129
2025020135,20252026,2025-10-25,WSH,OTT,0,0.4168145551607106,0.5069600111387226
2025020136,20252026,2025-10-25,VAN,MTL,0,0.48340185001699365,0.5158689032927619
2025020137,20252026,2025-10-25,NSH,LAK,1,0.340505839506947,0.4108625979791603
2025020138,20252026,2025-10-25,DAL,CAR,1,0.5436301029384197,0.5235802389729325
2025020139,20252026,2025-10-25,SEA,EDM,1,0.3962178418059772,0.4646996410087118
2025020140,20252026,2025-10-26,NJD,COL,1,0.5338039294835603,0.5414991742235309
2025020141,20252026,2025-10-26,TBL,VGK,1,0.37605284740400835,0.4784217337771106
2025020142,20252026,2025-10-26,MIN,SJS,0,0.6547026271547829,0.6149734957187784
2025020143,20252026,2025-10-26,WPG,UTA,0,0.5719054014192192,0.688801127407464
2025020144,20252026,2025-10-26,CHI,LAK,0,0.3380890255060766,0.47712120805348324
2025020145,20252026,2025-10-26,NSH,DAL,0,0.35592704102519757,0.42558102447451784
2025020146,20252026,2025-10-26,CGY,NYR,1,0.5352823373919422,0.518202568592995
2025020147,20252026,2025-10-26,VAN,EDM,1,0.36061372425575317,0.45376224779564023
2025020148,20252026,2025-10-27,PIT,STL,1,0.39981325697925774,0.500361851648605
2025020149,20252026,2025-10-27,OTT,BOS,1,0.730317913500252,0.6338841745035183
2025020150,20252026,2025-10-28,PHI,PIT,1,0.6198497166609624,0.5760900457908779
2025020151,20252026,2025-10-28,TOR,CGY,1,0.5830274644533624,0.6139680536279835
2025020152,20252026,2025-10-28,BUF,CBJ,0,0.44815136086996116,0.5169942141959206
2025020153,20252026,2025-10-28,FLA,ANA,0,0.6306902133957561,0.5953633281956615
2025020154,20252026,2025-10-28,BOS,NYI,1,0.41490034253603414,0.3820406329968917
2025020155,20252026,2025-10-28,CAR,VGK,0,0.49744593176316276,0.5105704414127353
2025020156,20252026,2025-10-28,NSH,TBL,0,0.47614112125700037,0.4407063708613259
2025020157,20252026,2025-10-28,MIN,WPG,0,0.5005518522144227,0.39727339079804275
2025020158,20252026,2025-10-28,STL,DET,0,0.4714579241449539,0.4409271581741116
2025020159,20252026,2025-10-28,DAL,WSH,1,0.5451326624420398,0.5272654398402663
2025020160,20252026,2025-10-28,CHI,OTT,1,0.34606058809240536,0.5008194471283565
2025020161,20252026,2025-10-28,COL,NJD,1,0.607502729710858,0.5937279510482455
2025020162,20252026,2025-10-28,EDM,UTA,1,0.5531803767289692,0.5358566003154938
2025020163,20252026,2025-10-28,VAN,NYR,0,0.49885679057032806,0.5388945390844305
2025020164,20252026,2025-10-28,SEA,MTL,0,0.49971630704562436,0.5054829440123493
2025020165,20252026,2025-10-28,SJS,LAK,0,0.25684026248177927,0.2976692588142291
2025020166,20252026,2025-10-29,CBJ,TOR,1,0.5150600729864838,0.4722147707933093
2025020167,20252026,2025-10-30,BOS,BUF,1,0.504628640489065,0.4612068461621759
2025020168,20252026,2025-10-30,OTT,CGY,1,0.6517268820038828,0.560004544429238
2025020169,20252026,2025-10-30,TBL,DAL,1,0.44906278138357714,0.5344521502732973
2025020170,20252026,2025-10-30,PHI,NSH,1,0.5667762464971126,0.562688507851162
2025020171,20252026,2025-10-30,CAR,NYI,1,0.6255841314077326,0.6113075302828627
2025020172,20252026,2025-10-30,STL,VAN,0,0.6276953150580835,0.5571363702275828
2025020173,20252026,2025-10-30,MIN,PIT,0,0.6376912210162704,0.5092589778028763
2025020174,20252026,2025-10-30,WPG,CHI,1,0.6986504497528964,0.7047965633495696
2025020175,20252026,2025-10-30,EDM,NYR,0,0.6262062774789824,0.5841879765092758
2025020176,20252026,2025-10-30,SJS,NJD,1,0.36830559673896074,0.34047453324115434
2025020177,20252026,2025-10-30,LAK,DET,0,0.5708241873692789,0.563360133348683
2025020178,20252026,2025-10-31,VGK,COL,0,0.5434439012489009,0.5217640548710494
2025020179,20252026,2025-10-31,WSH,NYI,0,0.7124051436703062,0.6976974519933915
2025020180,20252026,2025-10-31,ANA,DET,1,0.5486188991647785,0.5412837417421843
2025020181,20252026,2025-11-01,BOS,CAR,1,0.398386353353277,0.4252806779205149
2025020182,20252026,2025-11-01,WPG,PIT,1,0.6271438903019635,0.6269209787530524
2025020183,20252026,2025-11-01,NSH,CGY,1,0.47005208930956627,0.45944546933909003
2025020184,20252026,2025-11-01,SJS,COL,1,0.34038418941431525,0.3294881675228683
2025020185,20252026,2025-11-01,FLA,DAL,1,0.5415975969360084,0.4993072866980775
2025020186,20252026,2025-11-01,BUF,WSH,1,0.538651786406602,0.5803194822209116
2025020187,20252026,2025-11-01,MTL,OTT,1,0.42094965234388104,0.5222745068499437
2025020188,20252026,2025-11-01,PHI,TOR,0,0.4270712315309752,0.4483305707758193
2025020189,20252026,2025-11-01,CBJ,STL,1,0.4936248568816971,0.5718397760080336
2025020190,20252026,2025-11-01,MIN,VAN,1,0.6012616778013201,0.5140213595183433
2025020191,20252026,2025-11-01,LAK,NJD,0,0.6015167488476725,0.6006600821908361
2025020192,20252026,2025-11-01,EDM,CHI,1,0.7387765982600384,0.6510697124357653
2025020193,20252026,2025-11-01,SEA,NYR,0,0.5079151140258796,0.5168358369691464
2025020194,20252026,2025-11-02,UTA,TBL,0,0.6028964977304254,0.5124532835231858
2025020195,20252026,2025-11-02,NYI,CBJ,1,0.5453345712005552,0.5344541359040663
2025020196,20252026,2025-11-02,PHI,CGY,0,0.4655352636739954,0.4854179506521614
2025020197,20252026,2025-11-02,ANA,NJD,1,0.5860083176686232,0.5774261546862226
2025020198,20252026,2025-11-02,SJS,DET,0,0.25340196123535924,0.2579338014844514
2025020199,20252026,2025-11-03,TOR,PIT,1,0.6202671465311599,0.593798301026132
2025020200,20252026,2025-11-03,STL,EDM,1,0.5071850916565498,0.4961951191366701
2025020201,20252026,2025-11-03,NSH,VAN,0,0.5095262133944276,0.5000847957180342
2025020202,20252026,2025-11-03,SEA,CHI,1,0.62095044532646,0.6087694220384705
2025020203,20252026,2025-11-04,BUF,UTA,0,0.4300704156426783,0.5055932138272168
2025020204,20252026,2025-11-04,MTL,PHI,0,0.6248669644314261,0.6104063018181851
2025020205,20252026,2025-11-04,NYI,BOS,0,0.5880436122220137,0.551253316408074
2025020206,20252026,2025-11-04,NYR,CAR,0,0.4822167210231701,0.48802218912790435
2025020207,20252026,2025-11-04,DAL,EDM,1,0.5805447237127367,0.6293485072785348
2025020208,20252026,2025-11-04,MIN,NSH,1,0.70266226583039,0.6579168555469007
2025020209,20252026,2025-11-04,COL,TBL,1,0.6332893749388623,0.578991238398195
2025020210,20252026,2025-11-04,VGK,DET,1,0.5965923728224745,0.5668573588795823
2025020211,20252026,2025-11-04,ANA,FLA,1,0.4041176355688006,0.4850810999111656
2025020212,20252026,2025-11-04,LAK,WPG,1,0.5403354158581487,0.4529260879376215
2025020213,20252026,2025-11-05,TOR,UTA,1,0.5755485870008727,0.6508582330611803
2025020214,20252026,2025-11-05,WSH,STL,1,0.5080107545242423,0.5501739797969181
2025020215,20252026,2025-11-05,CGY,CBJ,1,0.5114534473467304,0.4913348940238431
2025020216,20252026,2025-11-05,VAN,CHI,0,0.6167977897733743,0.6090796540018567
2025020217,20252026,2025-11-05,SEA,SJS,0,0.69084150906417,0.7014207980272218
2025020218,20252026,2025-11-06,BOS,OTT,1,0.3538376321487666,0.4578591290490274
2025020219,20252026,2025-11-06,BUF,STL,0,0.5008209915948513,0.5995587706071527
2025020220,20252026,2025-11-06,NJD,MTL,1,0.517064824959757,0.5171697061919349
2025020221,20252026,2025-11-06,PIT,WSH,1,0.5193029773450355,0.5595868435225941
2025020222,20252026,2025-11-06,CAR,MIN,1,0.589096238290546,0.6225349806659399
2025020223,20252026,2025-11-06,NSH,PHI,0,0.4989232115899532,0.49738788449085414
2025020224,20252026,2025-11-06,DAL,ANA,0,0.6223805265642958,0.5925440201254409
2025020225,20252026,2025-11-06,VGK,TBL,0,0.6424529162067298,0.5645633211360542
2025020226,20252026,2025-11-06,LAK,FLA,0,0.5322514614080031,0.5613589620763786
2025020227,20252026,2025-11-07,DET,NYR,0,0.5655158102241368,0.5812739023018636
2025020228,20252026,2025-11-07,NYI,MIN,0,0.5585292730341712,0.577160011880247
2025020229,20252026,2025-11-07,CGY,CHI,0,0.6187804330362715,0.610582084247799
2025020230,20252026,2025-11-07,SJS,WPG,1,0.30309861766400287,0.28082540590542926
2025020231,20252026,2025-11-08,NJD,PIT,1,0.5518535540215199,0.537242882833325
2025020232,20252026,2025-11-08,PHI,OTT,0,0.39112541932665507,0.4680270189265885
2025020233,20252026,2025-11-08,NSH,DAL,0,0.37691121280746737,0.3982521130644281
2025020234,20252026,2025-11-08,TOR,BOS,0,0.6368213013436916,0.659374307726298
2025020235,20252026,2025-11-08,MTL,UTA,1,0.4739193109532498,0.5446720772160535
2025020236,20252026,2025-11-08,TBL,WSH,1,0.4649034358978384,0.5336822731659039
2025020237,20252026,2025-11-08,NYR,NYI,0,0.5485732462630543,0.5662511098471803
2025020238,20252026,2025-11-08,CAR,BUF,1,0.6448951695521408,0.619197008589518
2025020239,20252026,2025-11-08,STL,SEA,0,0.6282989627344177,0.5852195940154004
2025020240,20252026,2025-11-08,EDM,COL,0,0.5189734032690286,0.46082685024753517
2025020241,20252026,2025-11-08,VAN,CBJ,1,0.5041147320568323,0.4966206583179536
2025020242,20252026,2025-11-08,VGK,ANA,0,0.6276777889430275,0.5747910464574203
2025020243,20252026,2025-11-08,SJS,FLA,1,0.22028596581574286,0.2752994444776953
2025020244,20252026,2025-11-09,DET,CHI,0,0.6566724344974755,0.6255319427985191
2025020245,20252026,2025-11-09,PIT,LAK,0,0.3664435413457557,0.42767560402568666
2025020246,20252026,2025-11-09,TOR,CAR,0,0.46496027149513874,0.5094099138612977
2025020247,20252026,2025-11-09,OTT,UTA,1,0.5487694605003747,0.5399449515910233
2025020248,20252026,2025-11-09,DAL,SEA,1,0.6042199703762633,0.584054336117607
2025020249,20252026,2025-11-09,MIN,CGY,1,0.5605000473218387,0.5289251815008522
2025020250,20252026,2025-11-09,VAN,COL,0,0.36836660028334733,0.3730711732173407
2025020251,20252026,2025-11-09,ANA,WPG,1,0.374749254786724,0.35098760801906476
2025020252,20252026,2025-11-10,NJD,NYI,0,0.5672648487535248,0.5940232351934316
2025020253,20252026,2025-11-10,NYR,NSH,1,0.593588789634995,0.593683660476511
2025020254,20252026,2025-11-10,EDM,CBJ,1,0.596104120151157,0.529997235536477
2025020255,20252026,2025-11-10,VGK,FLA,0,0.5706453948823463,0.5759798221650112
2025020256,20252026,2025-11-11,BOS,TOR,1,0.4605797124613586,0.42226857037680887
2025020257,20252026,2025-11-11,MTL,LAK,0,0.48884449381669426,0.5550331603209161
2025020258,20252026,2025-11-11,OTT,DAL,0,0.5514272600932107,0.5309809033572976
2025020259,20252026,2025-11-11,CAR,WSH,0,0.5708041571335424,0.569517288154477
2025020260,20252026,2025-11-11,STL,CGY,1,0.5946206488364173,0.5639036357581065
2025020261,20252026,2025-11-11,MIN,SJS,0,0.7103946151721215,0.6674040407044572
2025020262,20252026,2025-11-11,COL,ANA,1,0.6592114898172646,0.6405191985261683
2025020263,20252026,2025-11-11,VAN,WPG,0,0.4516660454738821,0.4129098373376357
2025020264,20252026,2025-11-11,SEA,CBJ,0,0.596727147116708,0.5831706463710494
2025020265,20252026,2025-11-12,TBL,NYR,0,0.5446797917755436,0.6002019603707629
2025020266,20252026,2025-11-12,PHI,EDM,0,0.43049302532154926,0.4842864455825871
2025020267,20252026,2025-11-12,UTA,BUF,1,0.6471591043833623,0.5735941568325043
2025020268,20252026,2025-11-12,CHI,NJD,0,0.4140260106677577,0.4522510123304109
2025020269,20252026,2025-11-13,TOR,LAK,0,0.47377865246950346,0.529317285164227
2025020270,20252026,2025-11-13,MTL,DAL,0,0.46728255072899894,0.5271652649790076
2025020271,20252026,2025-11-13,OTT,BOS,1,0.6590239378540154,0.6124780137317035
2025020272,20252026,2025-11-13,DET,ANA,1,0.5724364200582078,0.5283970767780571
2025020273,20252026,2025-11-13,FLA,WSH,1,0.5143023992187512,0.48932761205713726
2025020274,20252026,2025-11-13,CBJ,EDM,1,0.5425263487714282,0.5995769502408413
2025020275,20252026,2025-11-13,COL,BUF,1,0.7777659815110536,0.752102433671688
2025020276,20252026,2025-11-13,CGY,SJS,1,0.6660801684306021,0.6198266010853891
2025020277,20252026,2025-11-13,VGK,NYI,0,0.6470665190480027,0.6114399575686116
2025020278,20252026,2025-11-13,SEA,WPG,1,0.4339896729537277,0.39298917526462857
2025020279,20252026,2025-11-14,CAR,VAN,1,0.6537586357698313,0.6372418681866432
2025020280,20252026,2025-11-14,STL,PHI,0,0.6056019523833545,0.573061103398845
2025020281,20252026,2025-11-14,NSH,PIT,1,0.47747685998998307,0.4285294543841912
2025020282,20252026,2025-11-14,UTA,NYI,0,0.6928763092990695,0.650452494746938
2025020283,20252026,2025-11-15,FLA,TBL,0,0.5945606489009173,0.5365499620150446
2025020284,20252026,2025-11-15,MIN,ANA,1,0.5414261018529689,0.4963005409120416
2025020285,20252026,2025-11-15,MTL,BOS,0,0.5895883352593504,0.609794092203447
2025020286,20252026,2025-11-15,OTT,LAK,0,0.5291599722775115,0.5077947599411832
2025020287,20252026,2025-11-15,DET,BUF,0,0.6504212377938963,0.5884076690328895
2025020288,20252026,2025-11-15,WSH,NJD,0,0.579169100670583,0.5629205275934035
2025020289,20252026,2025-11-15,CAR,EDM,0,0.48994685990194525,0.5080351585560213
2025020290,20252026,2025-11-15,CBJ,NYR,0,0.5689749241719846,0.563557065999304
2025020291,20252026,2025-11-15,CHI,TOR,1,0.44354697982082175,0.44984674200135877
2025020292,20252026,2025-11-15,STL,VGK,0,0.3532304603439793,0.37811094521851357
2025020293,20252026,2025-11-15,DAL,PHI,1,0.7083065465140197,0.7069938971543472
2025020294,20252026,2025-11-15,CGY,WPG,0,0.4336281618148975,0.3975760673836113
2025020295,20252026,2025-11-15,SEA,SJS,1,0.6800377463474243,0.6441927422275536
2025020296,20252026,2025-11-16,PIT,NSH,1,0.5717544060521939,0.6276440289907206
2025020297,20252026,2025-11-16,TBL,VAN,0,0.4582687048914189,0.5018668027591694
2025020298,20252026,2025-11-16,MIN,VGK,1,0.4236867962244393,0.44113921115841537
2025020299,20252026,2025-11-16,NYR,DET,0,0.45892057122280305,0.48490117809039573
2025020300,20252026,2025-11-16,COL,NYI,1,0.6701981728192142,0.6659175890127729
2025020301,20252026,2025-11-17,BOS,CAR,0,0.36989988670467344,0.42001124196108724
2025020302,20252026,2025-11-17,BUF,EDM,1,0.4025582931114563,0.5070426656971623
2025020303,20252026,2025-11-17,FLA,VAN,1,0.6875265262528849,0.6508095596962469
2025020304,20252026,2025-11-17,WSH,LAK,1,0.5148742891728559,0.5251175639062161
2025020305,20252026,2025-11-17,CBJ,MTL,1,0.5499795235663317,0.540168396896018
2025020306,20252026,2025-11-17,ANA,UTA,1,0.44000147992417143,0.5082297861424979
2025020307,20252026,2025-11-18,TOR,STL,1,0.5200114037607759,0.588737908453734
2025020308,20252026,2025-11-18,DET,SEA,1,0.621622715689837,0.5781420155141139
2025020309,20252026,2025-11-18,TBL,NJD,1,0.49538576261195766,0.5132111175781239
2025020310,20252026,2025-11-18,DAL,NYI,0,0.6397108891695517,0.6332835047216073
2025020311,20252026,2025-11-18,WPG,CBJ,1,0.6737628041943855,0.6827937550394964
2025020312,20252026,2025-11-18,CHI,CGY,1,0.459806327337211,0.5396903843202489
2025020313,20252026,2025-11-18,VGK,NYR,1,0.6506729468495346,0.6108365642538731
2025020314,20252026,2025-11-18,SJS,UTA,1,0.3860616979032587,0.45291168052294456
2025020315,20252026,2025-11-19,WSH,EDM,1,0.5590131957407716,0.5991360113663314
2025020316,20252026,2025-11-19,BUF,CGY,0,0.5737474835135581,0.6497269988998824
2025020317,20252026,2025-11-19,MIN,CAR,1,0.4305126506366757,0.45313071784901565
2025020318,20252026,2025-11-19,ANA,BOS,1,0.5651357491453781,0.5988382420016324
2025020319,20252026,2025-11-20,TOR,CBJ,0,0.517980896687865,0.5593589159167414
2025020320,20252026,2025-11-20,MTL,WSH,0,0.5542742513912938,0.5544732064136776
2025020321,20252026,2025-11-20,DET,NYI,0,0.6163300052218118,0.581073830520691
2025020322,20252026,2025-11-20,TBL,EDM,1,0.5908966693087769,0.6640930906278797
2025020323,20252026,2025-11-20,FLA,NJD,1,0.5656149897110748,0.522168274283392
2025020324,20252026,2025-11-20,PHI,STL,1,0.494937503107514,0.5074212747126338
2025020325,20252026,2025-11-20,CHI,SEA,0,0.46279879678473074,0.5118694803852335
2025020326,20252026,2025-11-20,COL,NYR,1,0.6628111304322736,0.6657471317247939
2025020327,20252026,2025-11-20,UTA,VGK,0,0.49452181888584595,0.5123631898302669
2025020328,20252026,2025-11-20,VAN,DAL,0,0.3948768271007839,0.41544304468321464
2025020329,20252026,2025-11-20,ANA,OTT,0,0.37105301937373747,0.43180806878314154
2025020330,20252026,2025-11-20,SJS,LAK,1,0.3008629532952185,0.35016719786930356
2025020331,20252026,2025-11-21,BUF,CHI,1,0.6121899717719442,0.6079447139213632
2025020332,20252026,2025-11-21,PIT,MIN,0,0.5047106436606166,0.5626435452850083
2025020333,20252026,2025-11-21,WPG,CAR,0,0.5081843817079645,0.575184567794622
2025020334,20252026,2025-11-21,LAK,BOS,0,0.5402843140373917,0.5507697916408545
2025020335,20252026,2025-11-22,DET,CBJ,1,0.5589679863644308,0.5234651999679852
2025020336,20252026,2025-11-22,NYI,STL,0,0.5369097048134798,0.5762643719479515
2025020337,20252026,2025-11-22,MTL,TOR,1,0.5220754205721975,0.4908277208326667
2025020338,20252026,2025-11-22,FLA,EDM,0,0.5610303348327876,0.5822556803008285
2025020339,20252026,2025-11-22,PHI,NJD,1,0.47009501490698263,0.472426416114642
2025020340,20252026,2025-11-22,PIT,SEA,0,0.435612665364921,0.4598824431635623
2025020341,20252026,2025-11-22,WSH,TBL,0,0.5743570766407802,0.55860161110619
2025020342,20252026,2025-11-22,SJS,OTT,0,0.31163492600858833,0.3823150892967389
2025020343,20252026,2025-11-22,NSH,COL,0,0.3407440740930228,0.31737256835830097
2025020344,20252026,2025-11-22,UTA,NYR,1,0.5872594301510978,0.5658517878372963
2025020345,20252026,2025-11-22,CGY,DAL,1,0.43709225682992875,0.40497668189563213
2025020346,20252026,2025-11-22,ANA,VGK,1,0.4145631459522248,0.4803912520709709
2025020347,20252026,2025-11-23,BUF,CAR,1,0.345116076559672,0.44324107105551774
2025020348,20252026,2025-11-23,WPG,MIN,0,0.6212538342279976,0.6403965587715109
2025020349,20252026,2025-11-23,NYI,SEA,1,0.5157709112546824,0.5442234404872233
2025020350,20252026,2025-11-23,CHI,COL,0,0.39083000302336984,0.4272962686790777
2025020351,20252026,2025-11-23,SJS,BOS,1,0.3083601101715436,0.3614538126858377
2025020352,20252026,2025-11-23,VAN,CGY,0,0.6025525947831322,0.6271740652529593
2025020353,20252026,2025-11-24,TBL,PHI,1,0.5624520910640577,0.6013552170709019
2025020354,20252026,2025-11-24,NJD,DET,1,0.5322694733546656,0.5315547178383234
2025020355,20252026,2025-11-24,NYR,STL,1,0.5426055794856574,0.5578912403495514
2025020356,20252026,2025-11-24,WSH,CBJ,1,0.5717813004582035,0.5561334264893211
2025020357,20252026,2025-11-24,NSH,FLA,0,0.43969045501911613,0.429928962799108
2025020358,20252026,2025-11-24,UTA,VGK,1,0.4963024929658619,0.49294887715413616
2025020359,20252026,2025-11-24,LAK,OTT,1,0.5185597520199224,0.5421996001232146
2025020360,20252026,2025-11-25,EDM,DAL,0,0.49724895882925996,0.45859962389645187
2025020361,20252026,2025-11-26,DET,NSH,0,0.6556324034319977,0.6714313072267235
2025020362,20252026,2025-11-26,TBL,CGY,1,0.5732879723473212,0.6298941199097466
2025020363,20252026,2025-11-26,FLA,PHI,0,0.5911738646234765,0.5863930791981893
2025020364,20252026,2025-11-26,NJD,STL,1,0.5748637671023551,0.5860131950586215
2025020365,20252026,2025-11-26,NYI,BOS,0,0.5366096678671293,0.5772805650989361
2025020366,20252026,2025-11-26,PIT,BUF,1,0.5834710902801572,0.540866609141416
2025020367,20252026,2025-11-26,WSH,WPG,1,0.513305726481743,0.4911080329637338
2025020368,20252026,2025-11-26,CAR,NYR,0,0.6449818331565969,0.5905969090221428
2025020369,20252026,2025-11-26,CBJ,TOR,0,0.5436549946026261,0.5192569524530684
2025020370,20252026,2025-11-26,CHI,MIN,0,0.4223906616531406,0.45298645756712413
2025020371,20252026,2025-11-26,COL,SJS,1,0.7833402273914994,0.7573423259880059
2025020372,20252026,2025-11-26,UTA,MTL,0,0.5822526724579883,0.5589338461258948
2025020373,20252026,2025-11-26,VGK,OTT,0,0.5441191578822824,0.5414824263323702
2025020374,20252026,2025-11-26,ANA,VAN,0,0.5371114627658858,0.588455945628993
2025020375,20252026,2025-11-26,SEA,DAL,0,0.5012695776829551,0.5105719452636769
2025020376,20252026,2025-11-28,BOS,NYR,0,0.5321417575994777,0.5158624099784972
2025020377,20252026,2025-11-28,DET,TBL,0,0.567509711347759,0.4735095198939476
2025020378,20252026,2025-11-28,MIN,COL,1,0.39810075958689956,0.4256542184459536
2025020379,20252026,2025-11-28,BUF,NJD,0,0.43216775319393375,0.4851169660222073
2025020380,20252026,2025-11-28,FLA,CGY,0,0.60511021104654,0.5933906582625322
2025020381,20252026,2025-11-28,NYI,PHI,0,0.539106317876763,0.5534545883748158
2025020382,20252026,2025-11-28,STL,OTT,1,0.46546932173170885,0.4740882606363137
2025020383,20252026,2025-11-28,VGK,MTL,0,0.5894488540561376,0.5475302778405728
2025020384,20252026,2025-11-28,ANA,LAK,1,0.4620108850659528,0.5065805235318692
2025020385,20252026,2025-11-28,SJS,VAN,1,0.38474908825619514,0.4309938246930974
2025020386,20252026,2025-11-28,WSH,TOR,1,0.6102238383919588,0.5365763667222047
2025020387,20252026,2025-11-28,CAR,WPG,1,0.5532644721781124,0.48341070968171035
2025020388,20252026,2025-11-28,CBJ,PIT,0,0.5450246494431529,0.5278076613098742
2025020389,20252026,2025-11-28,CHI,NSH,0,0.46739941851482014,0.5558646310964505
2025020390,20252026,2025-11-28,DAL,UTA,1,0.5533178397611335,0.5950185490509358
2025020391,20252026,2025-11-29,NYR,TBL,0,0.4872688543577127,0.4581686159698943
2025020392,20252026,2025-11-29,COL,MTL,1,0.6314735167998411,0.6196004301402004
2025020393,20252026,2025-11-29,SEA,EDM,0,0.5173588791225797,0.5632897181288591
2025020394,20252026,2025-11-29,BOS,DET,1,0.4279239663926229,0.5012396902418166
2025020395,20252026,2025-11-29,NJD,PHI,0,0.5515067507300165,0.5697606850605763
2025020396,20252026,2025-11-29,PIT,TOR,0,0.5005451046294753,0.4737730852670801
2025020397,20252026,2025-11-29,NSH,WPG,0,0.4033368845461031,0.34084422692706295
2025020398,20252026,2025-11-29,STL,UTA,1,0.46091678170703443,0.4756836491185217
2025020399,20252026,2025-11-29,MIN,BUF,0,0.5856857552158818,0.584209528425977
2025020400,20252026,2025-11-29,VGK,SJS,1,0.7432354117098865,0.6518463968930762
2025020401,20252026,2025-11-29,LAK,VAN,1,0.5821333052321066,0.5933196176112661
2025020402,20252026,2025-11-30,NYI,WSH,0,0.4561887501198478,0.47336617039627316
2025020403,20252026,2025-11-30,CHI,ANA,1,0.4450085804332854,0.43307241604290136
2025020404,20252026,2025-11-30,CAR,CGY,1,0.6810590708156619,0.6251243531489139
2025020405,20252026,2025-11-30,DAL,OTT,1,0.585646181006166,0.6029082269467944
2025020406,20252026,2025-12-01,NJD,CBJ,0,0.5899466003401005,0.5932531772201434
2025020407,20252026,2025-12-01,PHI,PIT,0,0.559644421419691,0.5564533259649193
2025020408,20252026,2025-12-01,BUF,WPG,1,0.40227407819632804,0.41719716004232665
2025020409,20252026,2025-12-01,STL,ANA,0,0.616345519048754,0.5751410233278625
2025020410,20252026,2025-12-01,SJS,UTA,1,0.318358735231014,0.40587870913420904
2025020411,20252026,2025-12-02,MTL,OTT,0,0.5068780956307197,0.5246482100544648
2025020412,20252026,2025-12-02,DET,BOS,1,0.6177031019214302,0.5371152796123229
2025020413,20252026,2025-12-02,FLA,TOR,0,0.5692688550166636,0.4856153646878379
2025020414,20252026,2025-12-02,NYI,TBL,1,0.4919960137267384,0.4312749123646221
2025020415,20252026,2025-12-02,NYR,DAL,1,0.42548572108744953,0.4320217632821329
2025020416,20252026,2025-12-02,NSH,CGY,1,0.5149694359985356,0.45387508969939877
2025020417,20252026,2025-12-02,COL,VAN,1,0.6744228418323293,0.6873378706558939
2025020418,20252026,2025-12-02,EDM,MIN,0,0.5863165665359615,0.509330023687447
2025020419,20252026,2025-12-02,VGK,CHI,1,0.6818002105731493,0.6128891700216063
2025020420,20252026,2025-12-02,LAK,WSH,0,0.5061025627705447,0.5180265615062136
2025020421,20252026,2025-12-03,NJD,DAL,0,0.572529656034975,0.5210314667122556
2025020422,20252026,2025-12-03,MTL,WPG,1,0.3568425496011134,0.37787394767414045
2025020423,20252026,2025-12-03,PHI,BUF,1,0.5605781723810471,0.5421277658059055
2025020424,20252026,2025-12-03,ANA,UTA,0,0.49282841163869767,0.5522094902419521
2025020425,20252026,2025-12-03,SJS,WSH,0,0.38508397285217777,0.4509290130587586
2025020426,20252026,2025-12-04,BOS,STL,1,0.5238563779392315,0.5463276441480177
2025020427,20252026,2025-12-04,OTT,NYR,0,0.5707981455148323,0.5502535221538076
2025020428,20252026,2025-12-04,TBL,PIT,0,0.591237998226893,0.6188306014072795
2025020429,20252026,2025-12-04,FLA,NSH,0,0.6069718286411625,0.6357523223771265
2025020430,20252026,2025-12-04,NYI,COL,1,0.41296546116954425,0.38821594011310817
2025020431,20252026,2025-12-04,CAR,TOR,0,0.6554936633864941,0.540452017712674
2025020432,20252026,2025-12-04,CBJ,DET,1,0.46989360183791296,0.5438981346314277
2025020433,20252026,2025-12-04,CGY,MIN,1,0.48910414180729883,0.4473643169760291
2025020434,20252026,2025-12-04,EDM,SEA,1,0.6020550901809377,0.5562719311249101
2025020435,20252026,2025-12-04,LAK,CHI,0,0.666351679452785,0.6473674798609472
2025020436,20252026,2025-12-05,NJD,VGK,0,0.5128932832716598,0.5544066154656342
2025020437,20252026,2025-12-05,WPG,BUF,1,0.6476439577191112,0.6330989701933316
2025020438,20252026,2025-12-05,DAL,SJS,1,0.7533726695771379,0.7479688579455472
2025020439,20252026,2025-12-05,VAN,UTA,0,0.4531219102637976,0.48064663304895316
2025020440,20252026,2025-12-05,ANA,WSH,1,0.43434691732868946,0.461100997752872
2025020441,20252026,2025-12-06,NYR,COL,0,0.4089536368252744,0.4334024959775925
2025020442,20252026,2025-12-06,FLA,CBJ,1,0.5460422663955339,0.5196378187261524
2025020443,20252026,2025-12-06,BOS,NJD,1,0.5354970718003151,0.5822007026085924
2025020444,20252026,2025-12-06,TOR,MTL,0,0.5453251144807697,0.6066526410044711
2025020445,20252026,2025-12-06,OTT,STL,0,0.5739609859307899,0.5874145814584688
2025020446,20252026,2025-12-06,TBL,NYI,0,0.5425976875639934,0.5971006688581623
2025020447,20252026,2025-12-06,CAR,NSH,1,0.6966434431161154,0.6887731710270956
2025020448,20252026,2025-12-06,CGY,UTA,1,0.5314057836561705,0.5491564068952428
2025020449,20252026,2025-12-06,LAK,CHI,1,0.6397070563075534,0.6387467463737346
2025020450,20252026,2025-12-06,EDM,WPG,1,0.6108478650101664,0.5689041075130571
2025020451,20252026,2025-12-06,VAN,MIN,1,0.4436157262477455,0.3855821466563629
2025020452,20252026,2025-12-06,SEA,DET,0,0.4544575334139061,0.5184060698776782
2025020453,20252026,2025-12-07,PHI,COL,0,0.4702508295812447,0.4439769692937234
2025020454,20252026,2025-12-07,FLA,NYI,1,0.510053063671417,0.4903982336628268
2025020455,20252026,2025-12-07,CAR,SJS,0,0.7469537003480496,0.6321613007065034
2025020456,20252026,2025-12-07,DAL,PIT,1,0.5941601267967223,0.6471572238350393
2025020457,20252026,2025-12-07,MTL,STL,0,0.5739151758772478,0.567175521962872
2025020458,20252026,2025-12-07,NYR,VGK,0,0.33409759199603906,0.4384238227337594
2025020459,20252026,2025-12-07,WSH,CBJ,1,0.6867721477955433,0.6778879604514074
2025020460,20252026,2025-12-07,ANA,CHI,1,0.6807257756213444,0.6754661405833748
2025020461,20252026,2025-12-08,TOR,TBL,1,0.457830609974156,0.5191285776480559
2025020462,20252026,2025-12-08,UTA,LAK,0,0.5131293942551312,0.47975017556862526
2025020463,20252026,2025-12-08,CGY,BUF,1,0.5226725338298844,0.5293359352180048
2025020464,20252026,2025-12-08,VAN,DET,0,0.43729716393994655,0.49824056200622563
2025020465,20252026,2025-12-08,SEA,MIN,0,0.5287857334955408,0.48127052886982435
2025020466,20252026,2025-12-09,MTL,TBL,0,0.5840233343689885,0.5467601424914503
2025020467,20252026,2025-12-09,OTT,NJD,0,0.5185237613559754,0.5408310286829978
2025020468,20252026,2025-12-09,NYI,VGK,1,0.47523401229102336,0.5436508751269663
2025020469,20252026,2025-12-09,PHI,SJS,1,0.7052145531698322,0.6252026180910986
2025020470,20252026,2025-12-09,PIT,ANA,0,0.5101179520400856,0.5165392721078506
2025020471,20252026,2025-12-09,CAR,CBJ,1,0.6777879058636775,0.5752036326121376
2025020472,20252026,2025-12-09,STL,BOS,0,0.5152860425453458,0.4951073656135213
2025020473,20252026,2025-12-09,WPG,DAL,0,0.5442054658612588,0.48276022557877885
2025020474,20252026,2025-12-09,EDM,BUF,0,0.7038536773418905,0.6736233739566341
2025020475,20252026,2025-12-09,NSH,COL,1,0.3503636435516729,0.28865730313514115
2025020476,20252026,2025-12-10,CHI,NYR,1,0.4530050261132971,0.4368291272006877
2025020477,20252026,2025-12-10,CGY,DET,0,0.43390577848890727,0.4861746030188825
2025020478,20252026,2025-12-10,UTA,FLA,0,0.5171346639395312,0.5273171984674216
2025020479,20252026,2025-12-10,SEA,LAK,1,0.43975117123855145,0.407231278382901
2025020480,20252026,2025-12-11,TOR,SJS,0,0.6846054863931695,0.6843539174559163
2025020481,20252026,2025-12-11,NJD,TBL,0,0.50126961568527,0.44950947496958193
2025020482,20252026,2025-12-11,NYI,ANA,1,0.5208664813390839,0.5320501141628659
2025020483,20252026,2025-12-11,PHI,VGK,0,0.45521349087283397,0.508555585212181
2025020484,20252026,2025-12-11,PIT,MTL,0,0.5250156187584838,0.5395682876316733
2025020485,20252026,2025-12-11,WSH,CAR,0,0.4571748234260351,0.5526089437293624
2025020486,20252026,2025-12-11,CBJ,OTT,0,0.5163745215879132,0.5288920358628024
2025020487,20252026,2025-12-11,NSH,STL,1,0.5756283868880279,0.4949860433250368
2025020488,20252026,2025-12-11,MIN,DAL,1,0.43549079996117607,0.4371203794763474
2025020489,20252026,2025-12-11,WPG,BOS,0,0.6340271174174181,0.5823298682699627
2025020490,20252026,2025-12-11,COL,FLA,1,0.7103574441445143,0.7205374542067279
2025020491,20252026,2025-12-11,EDM,DET,1,0.6025473581928689,0.6219282440015884
2025020492,20252026,2025-12-11,VAN,BUF,0,0.5220600360654201,0.5144022601472191
2025020493,20252026,2025-12-12,STL,CHI,1,0.45094742289010403,0.457169172543984
2025020494,20252026,2025-12-12,UTA,SEA,1,0.567913325262181,0.5803677376578354
2025020495,20252026,2025-12-13,NJD,ANA,1,0.5273808260387819,0.5169748149772709
2025020496,20252026,2025-12-13,MIN,OTT,1,0.47274331604797387,0.5562707787753466
2025020497,20252026,2025-12-13,PIT,SJS,0,0.6892704137068207,0.6086967442574566
2025020498,20252026,2025-12-13,NYI,TBL,1,0.46675653158360164,0.449565953694564
2025020499,20252026,2025-12-13,TOR,EDM,0,0.4311031470274112,0.5578398149196323
2025020500,20252026,2025-12-13,NYR,MTL,1,0.48513794136569377,0.542126651074505
2025020501,20252026,2025-12-13,PHI,CAR,0,0.39412030094611744,0.47831048289844946
2025020502,20252026,2025-12-13,CBJ,VGK,0,0.4473217198944093,0.4980775733540222
2025020503,20252026,2025-12-13,WPG,WSH,1,0.5450222908474323,0.4954783643874162
2025020504,20252026,2025-12-13,CHI,DET,0,0.2801323183403979,0.34716966560326956
2025020505,20252026,2025-12-13,DAL,FLA,0,0.5682708026764782,0.6152314404020599
2025020506,20252026,2025-12-13,COL,NSH,1,0.6803193605406134,0.7416669565747492
2025020507,20252026,2025-12-13,LAK,CGY,0,0.6090221231994851,0.6356700148827751
2025020508,20252026,2025-12-14,NJD,VAN,0,0.4986933256665204,0.5074048407736043
2025020509,20252026,2025-12-14,PIT,UTA,0,0.4347303530255077,0.40102370132606574
2025020510,20252026,2025-12-14,CAR,PHI,1,0.6591840429235903,0.5826323731333868
2025020511,20252026,2025-12-14,MIN,BOS,1,0.42552270256046243,0.4637553773887913
2025020512,20252026,2025-12-14,MTL,EDM,1,0.4215076393584822,0.45465892132843405
2025020513,20252026,2025-12-14,SEA,BUF,0,0.5594651733285229,0.5196667977656216
2025020514,20252026,2025-12-15,TBL,FLA,0,0.604319216052428,0.6110785958625901
2025020515,20252026,2025-12-15,NYR,ANA,0,0.47708296062779776,0.5183250878845472
2025020516,20252026,2025-12-15,WPG,OTT,0,0.5688211614880956,0.555945096536349
2025020517,20252026,2025-12-15,STL,NSH,0,0.4590528536043033,0.5443570151083071
2025020518,20252026,2025-12-15,DAL,LAK,1,0.509327902628042,0.5632739831226097
2025020519,20252026,2025-12-16,BOS,UTA,1,0.5098975391158529,0.5448874280500562
2025020520,20252026,2025-12-16,TOR,CHI,1,0.6044678936667879,0.6674091024189526
2025020521,20252026,2025-12-16,MTL,PHI,0,0.5454025507553544,0.5437538327787557
2025020522,20252026,2025-12-16,DET,NYI,1,0.5846706201661027,0.5188702784453229
2025020523,20252026,2025-12-16,NYR,VAN,0,0.41484008821518403,0.48049136783903207
2025020524,20252026,2025-12-16,PIT,EDM,0,0.44784086794333405,0.46159895073140095
2025020525,20252026,2025-12-16,CBJ,ANA,1,0.5905823449469457,0.5814322938058184
2025020526,20252026,2025-12-16,MIN,WSH,1,0.47263874128224026,0.527173972499493
2025020527,20252026,2025-12-16,SJS,CGY,1,0.3975785610605391,0.46934592576736667
2025020528,20252026,2025-12-16,SEA,COL,0,0.3718982833525995,0.3333572130139266
2025020529,20252026,2025-12-17,FLA,LAK,1,0.5175271608274703,0.5419112780643257
2025020530,20252026,2025-12-17,DET,UTA,0,0.6033767316220053,0.5514743363183575
2025020531,20252026,2025-12-17,STL,WPG,1,0.3446857900416397,0.4085332755532549
2025020532,20252026,2025-12-17,NSH,CAR,0,0.34643298132959155,0.40694521903360376
2025020533,20252026,2025-12-17,VGK,NJD,0,0.5700399057647172,0.5471501933298362
2025020534,20252026,2025-12-18,BOS,EDM,0,0.46607973915304773,0.5125757808223562
2025020535,20252026,2025-12-18,BUF,PHI,1,0.48447580487176034,0.4899205403448387
2025020536,20252026,2025-12-18,MTL,CHI,1,0.6696460539463049,0.632042574090374
2025020537,20252026,2025-12-18,OTT,PIT,1,0.5848062843352937,0.604185743438768
2025020538,20252026,2025-12-18,TBL,LAK,0,0.6639184953889027,0.6611908832304373
2025020539,20252026,2025-12-18,WSH,TOR,1,0.6040792206853663,0.5440644251395095
2025020540,20252026,2025-12-18,CBJ,MIN,0,0.5333666096061241,0.44912978509834
2025020541,20252026,2025-12-18,STL,NYR,0,0.3625867467489811,0.3791136573471715
2025020542,20252026,2025-12-18,CGY,SEA,1,0.5284021786547239,0.5503798248684131
2025020543,20252026,2025-12-18,SJS,DAL,0,0.3827789736372949,0.3734872402607022
2025020544,20252026,2025-12-19,FLA,CAR,1,0.37688919585032743,0.5038587068960795
2025020545,20252026,2025-12-19,NYI,VAN,0,0.555380308316118,0.6039661044369803
2025020546,20252026,2025-12-19,COL,WPG,1,0.5896602516519494,0.647730597248965
2025020547,20252026,2025-12-19,UTA,NJD,0,0.47755189512538987,0.5072931183107106
2025020548,20252026,2025-12-19,ANA,DAL,0,0.611199496759129,0.5214670277034262
2025020549,20252026,2025-12-20,NYR,PHI,1,0.5049586446537739,0.5064517213280882
2025020550,20252026,2025-12-20,WSH,DET,0,0.5082689733078178,0.5967432120039122
2025020551,20252026,2025-12-20,OTT,CHI,1,0.7265625802878818,0.6900651512888442
2025020552,20252026,2025-12-20,MIN,EDM,1,0.472145090254016,0.5755756975783651
2025020553,20252026,2025-12-20,BUF,NYI,1,0.5897808351240846,0.5813470221173994
2025020554,20252026,2025-12-20,FLA,STL,0,0.5599693395475649,0.5457169406917064
2025020555,20252026,2025-12-20,BOS,VAN,0,0.6095027229966311,0.6383824962208737
2025020556,20252026,2025-12-20,MTL,PIT,1,0.5800952386161221,0.5864688635412894
2025020557,20252026,2025-12-20,TBL,CAR,1,0.5533360505590358,0.6414528142331526
2025020558,20252026,2025-12-20,NSH,TOR,1,0.5392124358755109,0.42805363653674794
2025020559,20252026,2025-12-20,CGY,VGK,1,0.46133500214164164,0.48658919345196705
2025020560,20252026,2025-12-20,ANA,CBJ,1,0.47099233333066803,0.46042417865376295
2025020561,20252026,2025-12-20,SJS,SEA,0,0.44471350192157155,0.5266712022625778
2025020562,20252026,2025-12-21,DET,WSH,1,0.550192369410293,0.46563813343188987
2025020563,20252026,2025-12-21,MIN,COL,0,0.34809962654379495,0.3830670802429339
2025020564,20252026,2025-12-21,BOS,OTT,0,0.46133215844532405,0.4807056294472563
2025020565,20252026,2025-12-21,NJD,BUF,0,0.6826463482968079,0.6444576670059411
2025020566,20252026,2025-12-21,PIT,MTL,1,0.4516607090867827,0.45121705946831947
2025020567,20252026,2025-12-21,NSH,NYR,1,0.526927708730705,0.47645098894723287
2025020568,20252026,2025-12-21,DAL,TOR,1,0.6843946717609536,0.6960307826728199
2025020569,20252026,2025-12-21,UTA,WPG,1,0.4572547664073606,0.47999468375959875
2025020570,20252026,2025-12-21,EDM,VGK,1,0.5056650341764564,0.550832362309499
2025020571,20252026,2025-12-22,TBL,STL,1,0.7068918435772458,0.6881800566782454
2025020572,20252026,2025-12-22,PHI,VAN,1,0.5635614403471764,0.5757256413355959
2025020573,20252026,2025-12-22,ANA,SEA,0,0.6000049135147955,0.5920505193935145
2025020574,20252026,2025-12-22,LAK,CBJ,0,0.5714814220152279,0.6069369217998775
2025020575,20252026,2025-12-23,TOR,PIT,1,0.48551343672940717,0.5909368397243934
2025020576,20252026,2025-12-23,WSH,NYR,0,0.571157647375058,0.6025064174549616
2025020577,20252026,2025-12-23,BOS,MTL,0,0.4840624445513637,0.5179362492778704
2025020578,20252026,2025-12-23,OTT,BUF,0,0.635225238365431,0.590070942105204
2025020579,20252026,2025-12-23,DET,DAL,1,0.5721436077841731,0.4446628605891873
2025020580,20252026,2025-12-23,NYI,NJD,1,0.4930067895114825,0.5294906625065614
2025020581,20252026,2025-12-23,CAR,FLA,0,0.6581169304321077,0.5815311953470716
2025020582,20252026,2025-12-23,MIN,NSH,0,0.5761383498172463,0.661983447154871
2025020583,20252026,2025-12-23,CHI,PHI,0,0.4530143252397002,0.46799134615565535
2025020584,20252026,2025-12-23,COL,UTA,1,0.6882892374625231,0.6996980980753053
2025020585,20252026,2025-12-23,EDM,CGY,1,0.5806982083636125,0.579275683466679
2025020586,20252026,2025-12-23,VGK,SJS,1,0.7139607022751334,0.6202912557116573
2025020587,20252026,2025-12-23,LAK,SEA,0,0.5805463481867165,0.6035712810114543
2025020588,20252026,2025-12-27,NYI,NYR,1,0.5521811084660317,0.5372837790146062
2025020589,20252026,2025-12-27,BUF,BOS,1,0.5503626712689025,0.5633627491136922
2025020590,20252026,2025-12-27,TOR,OTT,1,0.3876967054823406,0.5004753341557442
2025020591,20252026,2025-12-27,FLA,TBL,0,0.4675659594561053,0.4546626009228496
2025020592,20252026,2025-12-27,NJD,WSH,0,0.5475250059277795,0.486083367012813
2025020593,20252026,2025-12-27,CAR,DET,1,0.5884480836092848,0.563768484060717
2025020594,20252026,2025-12-27,WPG,MIN,0,0.580181437116424,0.4953806902729193
2025020595,20252026,2025-12-27,STL,NSH,1,0.472939627668932,0.5067172112574672
2025020596,20252026,2025-12-27,DAL,CHI,0,0.7062030165432185,0.7478757699576634
2025020597,20252026,2025-12-27,LAK,ANA,1,0.5125466793583577,0.5662928358978088
2025020598,20252026,2025-12-27,CGY,EDM,1,0.4473963675188198,0.4638308022357345
2025020599,20252026,2025-12-27,VAN,SJS,0,0.6143264832255725,0.5877994219120767
2025020600,20252026,2025-12-27,VGK,COL,0,0.48047538158348924,0.3979536900340293
2025020601,20252026,2025-12-28,DET,TOR,1,0.6202018589583478,0.5147894420473506
2025020602,20252026,2025-12-28,TBL,MTL,1,0.4848164595310977,0.5103043977913981
2025020603,20252026,2025-12-28,CBJ,NYI,1,0.587515010943622,0.5585915040559047
2025020604,20252026,2025-12-28,CHI,PIT,0,0.33147699055075364,0.3850035167768482
2025020605,20252026,2025-12-28,SEA,PHI,1,0.47814623829483427,0.46133325566132904
2025020606,20252026,2025-12-29,OTT,CBJ,0,0.6751367725513506,0.6487037213491307
2025020607,20252026,2025-12-29,FLA,WSH,1,0.5503656484410704,0.5088707074342768
2025020608,20252026,2025-12-29,CAR,NYR,1,0.6712763933918265,0.5980605004880932
2025020609,20252026,2025-12-29,WPG,EDM,0,0.5347732722040975,0.5256511273012208
2025020610,20252026,2025-12-29,STL,BUF,0,0.4706829066730477,0.47121189774358746
2025020611,20252026,2025-12-29,COL,LAK,1,0.646677426180463,0.6523741747104007
2025020612,20252026,2025-12-29,UTA,NSH,0,0.5086573486971805,0.5453766402314896
2025020613,20252026,2025-12-29,CGY,BOS,1,0.55598835272862,0.5386194576330814
2025020614,20252026,2025-12-29,VGK,MIN,0,0.5906594410565895,0.4937440018046773
2025020615,20252026,2025-12-29,ANA,SJS,0,0.6568157428226783,0.6021414192365362
2025020616,20252026,2025-12-29,SEA,VAN,0,0.45800023920283955,0.45945137493085925
2025020617,20252026,2025-12-30,TOR,NJD,1,0.4576543706355539,0.554826608551701
2025020618,20252026,2025-12-30,FLA,MTL,0,0.41971098530413803,0.4367680908341014
2025020619,20252026,2025-12-30,PIT,CAR,1,0.47479112023165376,0.5127727172041672
2025020620,20252026,2025-12-30,CHI,NYI,0,0.412830196780004,0.4009645776135176
2025020621,20252026,2025-12-30,VAN,PHI,0,0.35899131422767494,0.36535902188416625
2025020622,20252026,2025-12-31,WSH,NYR,1,0.5646031339338831,0.5773322763247791
2025020623,20252026,2025-12-31,VGK,NSH,0,0.6018307781911887,0.5873215663684564
2025020624,20252026,2025-12-31,ANA,TBL,0,0.5243045747476359,0.4230475607868782
2025020625,20252026,2025-12-31,SJS,MIN,1,0.39979852469003613,0.3840465052578119
2025020626,20252026,2025-12-31,DET,WPG,1,0.5255415855758943,0.5295238447055095
2025020627,20252026,2025-12-31,CBJ,NJD,0,0.6229049737396735,0.6356303273130932
2025020628,20252026,2025-12-31,DAL,BUF,0,0.5393796509104246,0.6183150652745221
2025020629,20252026,2025-12-31,COL,STL,1,0.7304360812423967,0.7338968426564839
2025020630,20252026,2025-12-31,CGY,PHI,1,0.5928228135080679,0.5629996675239998
2025020631,20252026,2025-12-31,EDM,BOS,0,0.6246395154045739,0.5960386250938434
2025020632,20252026,2026-01-01,OTT,WSH,1,0.6566313820778016,0.5854514002775393
2025020633,20252026,2026-01-01,NYI,UTA,0,0.5701891231924937,0.5780200236718933
2025020634,20252026,2026-01-01,TOR,WPG,1,0.5105412460478519,0.6112602001162398
2025020635,20252026,2026-01-01,PIT,DET,1,0.5639559933928823,0.5487269798366581
2025020636,20252026,2026-01-01,CAR,MTL,0,0.6093761068153338,0.5427467638156197
2025020637,20252026,2026-01-01,CHI,DAL,1,0.4949147178023295,0.40519472074525065
2025020638,20252026,2026-01-01,SEA,NSH,1,0.5861166327665288,0.5842239664504562
2025020639,20252026,2026-01-01,LAK,TBL,0,0.5700502991672111,0.5457177644995996
2025020640,20252026,2026-01-02,STL,VGK,1,0.383868440680507,0.45275327311808844
2025020641,20252026,2026-01-02,FLA,NYR,0,0.5738345806052372,0.583913164688159
2025020642,20252026,2026-01-02,VAN,SEA,0,0.5469130871354578,0.5727797138827212
2025020643,20252026,2026-01-02,ANA,MIN,0,0.551852203406421,0.4450833541887276
2025020644,20252026,2026-01-03,DET,PIT,0,0.5673399865864253,0.5883772633804348
2025020645,20252026,2026-01-03,NJD,UTA,1,0.5686493367449341,0.5366148192746075
2025020646,20252026,2026-01-03,CBJ,BUF,1,0.5145174243519925,0.5039187855214757
2025020647,20252026,2026-01-03,EDM,PHI,0,0.5808204308022573,0.5457046410344453
2025020648,20252026,2026-01-03,STL,MTL,1,0.3198192820530565,0.3362326347064465
2025020649,20252026,2026-01-03,SJS,TBL,0,0.3812817965158201,0.3814009267572355
2025020650,20252026,2026-01-03,OTT,WPG,1,0.5387438279195839,0.5339141846852338
2025020651,20252026,2026-01-03,NYI,TOR,1,0.6044851950655034,0.5253312144314524
2025020652,20252026,2026-01-03,WSH,CHI,0,0.6383579722778606,0.6578862531328326
2025020653,20252026,2026-01-03,CAR,COL,0,0.4683619182719374,0.3969623825509724
2025020654,20252026,2026-01-03,CGY,NSH,0,0.5324820963129857,0.558825279823189
2025020655,20252026,2026-01-03,LAK,MIN,1,0.5858400070241683,0.5473334539445892
2025020656,20252026,2026-01-03,VAN,BOS,0,0.399048784165319,0.381999751785735
2025020657,20252026,2026-01-04,DAL,MTL,0,0.6064396194282751,0.6681997456101035
2025020658,20252026,2026-01-04,CBJ,PIT,0,0.5227742641338776,0.5464427022912428
2025020659,20252026,2026-01-04,FLA,COL,1,0.4641036183790708,0.44972648205300936
2025020660,20252026,2026-01-04,NJD,CAR,0,0.43215903024881885,0.473568770393027
2025020661,20252026,2026-01-04,CHI,VGK,1,0.29184257785470574,0.33508061588886345
2025020662,20252026,2026-01-05,NYR,UTA,0,0.5426035793694989,0.5627200570172789
2025020663,20252026,2026-01-05,WSH,ANA,1,0.48986992118760575,0.582387374607947
2025020664,20252026,2026-01-05,OTT,DET,0,0.5970442076209669,0.5490374440653049
2025020665,20252026,2026-01-05,CGY,SEA,0,0.5070445635032254,0.5569903001865617
2025020666,20252026,2026-01-05,LAK,MIN,1,0.5097271989127645,0.47266775542605866
2025020667,20252026,2026-01-06,BUF,VAN,1,0.6152362372569665,0.6310007843399298
2025020668,20252026,2026-01-06,TBL,COL,1,0.43718850726845543,0.460712842925863
2025020669,20252026,2026-01-06,NYI,NJD,1,0.523690755091928,0.5443634422039503
2025020670,20252026,2026-01-06,PHI,ANA,1,0.5842377813834229,0.6571293218339822
2025020671,20252026,2026-01-06,CAR,DAL,1,0.613982312906697,0.505244140600983
2025020672,20252026,2026-01-06,TOR,FLA,1,0.4680804889915883,0.5208920372574043
2025020673,20252026,2026-01-06,WPG,VGK,0,0.5399914741859023,0.5307322018594238
2025020674,20252026,2026-01-06,EDM,NSH,1,0.5745050254584584,0.5764939366708515
2025020675,20252026,2026-01-06,SJS,CBJ,1,0.42499076842846834,0.4590901358209298
2025020676,20252026,2026-01-06,SEA,BOS,1,0.45498296741803423,0.4222393833349289
2025020677,20252026,2026-01-07,WSH,DAL,0,0.5807286295056127,0.5625636882883807
2025020678,20252026,2026-01-07,MTL,CGY,1,0.6220422460217585,0.6029886772174755
2025020679,20252026,2026-01-07,CHI,STL,1,0.5079496740494178,0.4804114640839035
2025020680,20252026,2026-01-07,UTA,OTT,1,0.47141337386687177,0.5167389851670148
2025020681,20252026,2026-01-07,LAK,SJS,0,0.6966541598511212,0.6838505801862909
2025020682,20252026,2026-01-08,BOS,CGY,1,0.6450757521473962,0.6324778782817723
2025020683,20252026,2026-01-08,MTL,FLA,1,0.4749119821362631,0.468152822787654
2025020684,20252026,2026-01-08,DET,VAN,1,0.5846431811947767,0.6256017286350531
2025020685,20252026,2026-01-08,NYR,BUF,0,0.49715375550654217,0.4987922272986779
2025020686,20252026,2026-01-08,PHI,TOR,0,0.5890547447304041,0.5181952950236254
2025020687,20252026,2026-01-08,PIT,NJD,1,0.5351248554346775,0.5366855471077276
2025020688,20252026,2026-01-08,CAR,ANA,1,0.6308961272231582,0.6448103340550714
2025020689,20252026,2026-01-08,NSH,NYI,1,0.44881145865283184,0.45114333461579476
2025020690,20252026,2026-01-08,WPG,EDM,0,0.5362058393872281,0.519702484948803
2025020691,20252026,2026-01-08,COL,OTT,1,0.7130603641648311,0.7520431143723723
2025020692,20252026,2026-01-08,VGK,CBJ,1,0.6037804368371402,0.5809680629646414
2025020693,20252026,2026-01-08,SEA,MIN,0,0.49797992270451824,0.45214796734383345
2025020694,20252026,2026-01-09,CHI,WSH,0,0.47057551454568,0.42575188573312744
2025020695,20252026,2026-01-09,WPG,LAK,1,0.46038421323726086,0.4210107756999916
2025020696,20252026,2026-01-09,UTA,STL,1,0.6109192085109617,0.5896762931948113
2025020697,20252026,2026-01-10,BOS,NYR,1,0.513631136688119,0.5546631984201573
2025020698,20252026,2026-01-10,PIT,CGY,0,0.6147556184261485,0.5507478342160331
2025020699,20252026,2026-01-10,COL,CBJ,1,0.7172214384907493,0.7246949878338269
2025020700,20252026,2026-01-10,SJS,DAL,1,0.43565297013688814,0.3987806396734794
2025020701,20252026,2026-01-10,BUF,ANA,1,0.5819542888603414,0.6316532122372618
2025020702,20252026,2026-01-10,TOR,VAN,1,0.562138513797683,0.6464181779859102
2025020703,20252026,2026-01-10,MTL,DET,0,0.5918398739504424,0.5662375929245416
2025020704,20252026,2026-01-10,OTT,FLA,0,0.5642851107615742,0.5110377790518404
2025020705,20252026,2026-01-10,PHI,TBL,0,0.4641596754122483,0.4516666213256866
2025020706,20252026,2026-01-10,CAR,SEA,1,0.6486158691006639,0.6232581086040635
2025020707,20252026,2026-01-10,NSH,CHI,0,0.6689157690545731,0.6765741203083903
2025020708,20252026,2026-01-10,MIN,NYI,0,0.5716171881161525,0.5786144670926102
2025020709,20252026,2026-01-10,EDM,LAK,0,0.6800577252050485,0.6517101390915357
2025020710,20252026,2026-01-10,VGK,STL,1,0.7277511621561746,0.6768340638360829
2025020711,20252026,2026-01-11,WPG,NJD,1,0.5349545162321869,0.5700710410773275
2025020712,20252026,2026-01-11,BOS,PIT,1,0.4908880569792692,0.5636545778527151
2025020713,20252026,2026-01-11,NSH,WSH,1,0.4192930182538418,0.36815336008874866
2025020714,20252026,2026-01-11,UTA,CBJ,0,0.6189429327855412,0.6415707929250067
2025020715,20252026,2026-01-11,SJS,VGK,0,0.41870784049555215,0.4566045688093602
2025020716,20252026,2026-01-12,BUF,FLA,0,0.5273946267464633,0.5584597946369457
2025020717,20252026,2026-01-12,DET,CAR,1,0.4081940603529796,0.5174967835628531
2025020718,20252026,2026-01-12,NYR,SEA,0,0.5338372404650473,0.5196716101977561
2025020719,20252026,2026-01-12,PHI,TBL,0,0.42847974150634416,0.41547987551209914
2025020720,20252026,2026-01-12,MTL,VAN,1,0.6291552696253129,0.6628898314020183
2025020721,20252026,2026-01-12,MIN,NJD,0,0.6308299382773055,0.7072459382888816
2025020722,20252026,2026-01-12,CHI,EDM,0,0.3863284628498708,0.4118198143410599
2025020723,20252026,2026-01-12,COL,TOR,0,0.7414618785623939,0.6852159283161976
2025020724,20252026,2026-01-12,LAK,DAL,0,0.5093581874812665,0.44072829400437347
2025020725,20252026,2026-01-13,OTT,VAN,1,0.7218753920771096,0.6807818240317829
2025020726,20252026,2026-01-13,PIT,TBL,0,0.5274834530901611,0.4699197467984477
2025020727,20252026,2026-01-13,WSH,MTL,1,0.5520370434201207,0.5888893346937514
2025020728,20252026,2026-01-13,CBJ,CGY,1,0.576003660806816,0.5335888535752688
2025020729,20252026,2026-01-13,BOS,DET,1,0.6154052060411086,0.5708832797539827
2025020730,20252026,2026-01-13,STL,CAR,1,0.4005283152548271,0.4863516309098226
2025020731,20252026,2026-01-13,NSH,EDM,1,0.5116829741195308,0.5484251888231298
2025020732,20252026,2026-01-13,WPG,NYI,1,0.5605641168795514,0.4907206513640383
2025020733,20252026,2026-01-13,UTA,TOR,1,0.6047664305805399,0.5621003310128826
2025020734,20252026,2026-01-13,ANA,DAL,1,0.5566322605747264,0.45914275163362595
2025020735,20252026,2026-01-14,NJD,SEA,1,0.5814725154114261,0.5141564532431884
2025020736,20252026,2026-01-14,BUF,PHI,1,0.5438031012998529,0.6100059056551514
2025020737,20252026,2026-01-14,NYR,OTT,0,0.5480646206145088,0.5879180188722665
2025020738,20252026,2026-01-14,LAK,VGK,0,0.4981591165034065,0.4960183423412493
2025020739,20252026,2026-01-15,BOS,SEA,1,0.662343347293623,0.6372861138142919
2025020740,20252026,2026-01-15,BUF,MTL,1,0.41910479800513745,0.46274575006246715
2025020741,20252026,2026-01-15,PIT,PHI,1,0.6469517327662818,0.6191871863521355
2025020742,20252026,2026-01-15,WSH,SJS,0,0.5903463018976892,0.6204381436234685
2025020743,20252026,2026-01-15,CBJ,VAN,1,0.6156622073492786,0.6016566575464377
2025020744,20252026,2026-01-15,MIN,WPG,0,0.5652982859715472,0.604380956976294
2025020745,20252026,2026-01-15,CHI,CGY,0,0.46994935605008026,0.4507348077214004
2025020746,20252026,2026-01-15,UTA,DAL,1,0.4878701988319985,0.45348330693037137
2025020747,20252026,2026-01-15,EDM,NYI,0,0.623843546939341,0.5481714421560556
2025020748,20252026,2026-01-15,VGK,TOR,1,0.5086575570992888,0.432074891486357
2025020749,20252026,2026-01-16,DET,SJS,1,0.6606881796495649,0.7111834152748681
2025020750,20252026,2026-01-16,CAR,FLA,1,0.6005057495944116,0.5510600321818341
2025020751,20252026,2026-01-16,STL,TBL,1,0.3455036429997597,0.36601274855921484
2025020752,20252026,2026-01-16,COL,NSH,0,0.7313305738898876,0.7277333498660601
2025020753,20252026,2026-01-16,LAK,ANA,0,0.5343437486351574,0.5449206120031902
2025020754,20252026,2026-01-17,BUF,MIN,0,0.528506842992197,0.572344259187419
2025020755,20252026,2026-01-17,PHI,NYR,0,0.5558084307902118,0.5569065720123275
2025020756,20252026,2026-01-17,CGY,NYI,1,0.4999377627284028,0.4757037120930236
2025020757,20252026,2026-01-17,UTA,SEA,1,0.5679086206717798,0.5584224819753967
2025020758,20252026,2026-01-17,OTT,MTL,0,0.5840602915525182,0.5061626642670087
2025020759,20252026,2026-01-17,NJD,CAR,0,0.504153637303135,0.4998116806172089
2025020760,20252026,2026-01-17,PIT,CBJ,0,0.5530746880764611,0.5275532227326813
2025020761,20252026,2026-01-17,WSH,FLA,0,0.5831273686038622,0.6227423362656019
2025020762,20252026,2026-01-17,WPG,TOR,0,0.553833073614871,0.4917968945341077
2025020763,20252026,2026-01-17,CHI,BOS,0,0.3968951699011161,0.3967912420808313
2025020764,20252026,2026-01-17,VAN,EDM,0,0.3978236767388512,0.40787596587932634
2025020765,20252026,2026-01-17,VGK,NSH,1,0.6841729393645739,0.6461300975188311
2025020766,20252026,2026-01-17,ANA,LAK,1,0.5219924432127638,0.5169163927205577
2025020767,20252026,2026-01-18,DAL,TBL,0,0.4486126556947554,0.4946022925536841
2025020768,20252026,2026-01-18,DET,OTT,1,0.5406168390159527,0.6763558117492654
2025020769,20252026,2026-01-18,EDM,STL,1,0.5836269712425696,0.521371981882105
2025020770,20252026,2026-01-19,CAR,BUF,1,0.667749404338221,0.5559778687281255
2025020771,20252026,2026-01-19,COL,WSH,1,0.7115518604481851,0.6940141923081261
2025020772,20252026,2026-01-19,SEA,PIT,0,0.44452272500148854,0.5340335391677135
2025020773,20252026,2026-01-19,FLA,SJS,0,0.6120885743211072,0.6112127902980816
2025020774,20252026,2026-01-19,TOR,MIN,0,0.4877335908800847,0.5167875870672487
2025020775,20252026,2026-01-19,VGK,PHI,0,0.6223163770440354,0.6201941452095874
2025020776,20252026,2026-01-19,CHI,WPG,1,0.41770112677621085,0.4363334668674505
2025020777,20252026,2026-01-19,CGY,NJD,0,0.4806141521737201,0.575421256579863
2025020778,20252026,2026-01-19,VAN,NYI,0,0.4480602566381224,0.3977988030302253
2025020779,20252026,2026-01-19,ANA,NYR,1,0.5554721779267582,0.5503107902782803
2025020780,20252026,2026-01-20,MTL,MIN,1,0.554501948801178,0.5813334226387107
2025020781,20252026,2026-01-20,TBL,SJS,1,0.7591188515858919,0.7572282291742044
2025020782,20252026,2026-01-20,CBJ,OTT,0,0.4937844754199654,0.5487145371730983
2025020783,20252026,2026-01-20,DAL,BOS,1,0.5081976069382856,0.56209919560387
2025020784,20252026,2026-01-20,NSH,BUF,0,0.5939323880180475,0.5216827006373382
2025020785,20252026,2026-01-20,WPG,STL,1,0.49475165490210293,0.4564341138600169
2025020786,20252026,2026-01-20,EDM,NJD,0,0.6757079971308392,0.7001626394318649
2025020787,20252026,2026-01-20,LAK,NYR,1,0.615292974264863,0.6249033340873795
2025020788,20252026,2026-01-21,TOR,DET,0,0.4968323793317334,0.4897915746312822
2025020789,20252026,2026-01-21,COL,ANA,0,0.7297480765740935,0.7405506697974072
2025020790,20252026,2026-01-21,UTA,PHI,1,0.5562752406819539,0.5857020262041018
2025020791,20252026,2026-01-21,CGY,PIT,0,0.45354878075828414,0.5415468495206008
2025020792,20252026,2026-01-21,VAN,WSH,1,0.46074319209229747,0.419929883214225
2025020793,20252026,2026-01-21,SEA,NYI,1,0.45805653322343826,0.475232739297247
2025020794,20252026,2026-01-22,BOS,VGK,1,0.510521502559008,0.5283330524748441
2025020795,20252026,2026-01-22,MTL,BUF,0,0.5720949605848482,0.501584823553998
2025020796,20252026,2026-01-22,CAR,CHI,0,0.768303739326177,0.7206818461152582
2025020797,20252026,2026-01-22,CBJ,DAL,1,0.49039347602700956,0.4437672394343004
2025020798,20252026,2026-01-22,NSH,OTT,1,0.44626222294182993,0.5112932957854209
2025020799,20252026,2026-01-22,WPG,FLA,0,0.4893733378676326,0.4943201130976755
2025020800,20252026,2026-01-22,EDM,PIT,0,0.6521664727973118,0.6514891237314495
2025020801,20252026,2026-01-22,MIN,DET,1,0.6111364184418705,0.5844759469506752
2025020802,20252026,2026-01-23,TOR,VGK,0,0.5443975962577836,0.6232025879532598
2025020803,20252026,2026-01-23,CHI,TBL,0,0.2503193436797019,0.23136918487664102
2025020804,20252026,2026-01-23,DAL,STL,1,0.546868203633736,0.5597268888741156
2025020805,20252026,2026-01-23,COL,PHI,0,0.7319956529268876,0.7435493479830252
2025020806,20252026,2026-01-23,CGY,WSH,0,0.48438421877783344,0.5254120959728902
2025020807,20252026,2026-01-23,VAN,NJD,0,0.4226733596964002,0.45420313164678394
2025020808,20252026,2026-01-23,SJS,NYR,1,0.5160824982280343,0.5654716298842143
2025020809,20252026,2026-01-23,SEA,ANA,0,0.4735607677497782,0.5520524851332361
2025020810,20252026,2026-01-24,NYI,BUF,0,0.5514166503709592,0.47352384961289473
2025020811,20252026,2026-01-24,NSH,UTA,0,0.5103873341692189,0.5077870202388001
2025020812,20252026,2026-01-24,BOS,MTL,1,0.5546672533029899,0.5223162441209638
2025020813,20252026,2026-01-24,OTT,CAR,0,0.44417019351428155,0.46457491449934707
2025020814,20252026,2026-01-24,CBJ,TBL,1,0.4907303104458589,0.4450008199169177
2025020815,20252026,2026-01-24,WPG,DET,0,0.46466076099674936,0.4313626352542623
2025020816,20252026,2026-01-24,STL,LAK,0,0.40549767700831446,0.42390376578706285
2025020817,20252026,2026-01-24,MIN,FLA,0,0.5564866436838871,0.5843071070536466
2025020818,20252026,2026-01-24,EDM,WSH,1,0.6869941075108426,0.6499707521445758
2025020819,20252026,2026-01-25,TOR,COL,0,0.3160608193515205,0.37554265770690115
2025020820,20252026,2026-01-25,SEA,NJD,1,0.4450818900826754,0.5392415683847729
2025020821,20252026,2026-01-25,OTT,VGK,1,0.4239097958031746,0.412849242013787
2025020822,20252026,2026-01-25,VAN,PIT,0,0.3871141023331404,0.39228572445086674
2025020823,20252026,2026-01-25,CHI,FLA,0,0.4737518538171211,0.5171964511322048
2025020824,20252026,2026-01-25,CGY,ANA,0,0.46103791585378034,0.5260335609205098
2025020825,20252026,2026-01-26,TBL,UTA,1,0.6456648351430324,0.6526702620550041
2025020826,20252026,2026-01-26,NYR,BOS,1,0.4444828113250035,0.4339734379678705
2025020827,20252026,2026-01-26,PHI,NYI,0,0.5201991533329355,0.49647134749492033
2025020829,20252026,2026-01-26,EDM,ANA,1,0.6789698468820634,0.6633103067927639
2025020830,20252026,2026-01-27,BOS,NSH,1,0.4905225226551128,0.4781874356038911
2025020831,20252026,2026-01-27,TOR,BUF,0,0.4966873992759369,0.4292871258888918
2025020832,20252026,2026-01-27,MTL,VGK,1,0.5286095616931495,0.565912983161529
2025020833,20252026,2026-01-27,DET,LAK,0,0.5863235554027842,0.628152547242484
2025020834,20252026,2026-01-27,FLA,UTA,0,0.6561018917336733,0.6244832128707114
2025020835,20252026,2026-01-27,NJD,WPG,0,0.6095679211202029,0.5585684624176409
2025020836,20252026,2026-01-27,STL,DAL,0,0.43938280908614097,0.4306584441933364
2025020837,20252026,2026-01-27,MIN,CHI,1,0.6657846152330507,0.6573718489085545
2025020838,20252026,2026-01-27,VAN,SJS,0,0.45227298963862356,0.4353522363163029
2025020839,20252026,2026-01-27,SEA,WSH,1,0.47091533606863295,0.5371870568130391
2025020840,20252026,2026-01-28,CBJ,PHI,1,0.5273647825934288,0.5462459792026735
2025020841,20252026,2026-01-28,OTT,COL,1,0.395563039096198,0.35930478306971536
2025020842,20252026,2026-01-28,NYI,NYR,1,0.601898364509002,0.6355825046910019
2025020843,20252026,2026-01-29,BOS,PHI,1,0.6648942428711746,0.6715590396376114
2025020844,20252026,2026-01-29,BUF,LAK,1,0.5378604132354555,0.6534290576536579
2025020845,20252026,2026-01-29,MTL,COL,1,0.47381325246389255,0.49713834470326346
2025020846,20252026,2026-01-29,DET,WSH,0,0.5914120182327466,0.6210142223597646
2025020847,20252026,2026-01-29,TBL,WPG,1,0.7063746090996347,0.7222848129365261
2025020848,20252026,2026-01-29,NJD,NSH,1,0.571531510416729,0.5274240256280839
2025020849,20252026,2026-01-29,NYR,NYI,0,0.41900446592279744,0.40577949029085475
2025020850,20252026,2026-01-29,PIT,CHI,1,0.6743332392427976,0.6493671601726195
2025020851,20252026,2026-01-29,CAR,UTA,1,0.64640623420495,0.5877039745001942
2025020852,20252026,2026-01-29,STL,FLA,1,0.4172303536838054,0.46322260797792464
2025020853,20252026,2026-01-29,MIN,CGY,1,0.620689067531505,0.6097405767124255
2025020854,20252026,2026-01-29,EDM,SJS,1,0.6248349145751454,0.5946280480307992
2025020855,20252026,2026-01-29,VAN,ANA,1,0.42269379908165106,0.43847423800243457
2025020856,20252026,2026-01-29,VGK,DAL,0,0.5422028755487966,0.4881482692480359
2025020857,20252026,2026-01-29,SEA,TOR,1,0.5058429360869866,0.5337706193219462
2025020858,20252026,2026-01-30,CHI,CBJ,0,0.33166500392098164,0.3541034704458133
2025020859,20252026,2026-01-31,PHI,LAK,0,0.5259732373964986,0.5072751832758969
2025020860,20252026,2026-01-31,DET,COL,0,0.3940696155674656,0.4571812699829369
2025020861,20252026,2026-01-31,PIT,NYR,1,0.6539069822616168,0.664078008408176
2025020862,20252026,2026-01-31,FLA,WPG,0,0.6530858777695744,0.6081271321400172
2025020863,20252026,2026-01-31,CGY,SJS,1,0.5014385091613004,0.505902039024753
2025020864,20252026,2026-01-31,WSH,CAR,1,0.371378625221855,0.42622968233967884
2025020865,20252026,2026-01-31,BUF,MTL,0,0.5222454193895711,0.608256731709142
2025020866,20252026,2026-01-31,OTT,NJD,1,0.5845431392714453,0.5823968446453708
2025020867,20252026,2026-01-31,NYI,NSH,0,0.5607416675830573,0.5708616458553133
2025020868,20252026,2026-01-31,STL,CBJ,0,0.5760759189635022,0.577099065910227
2025020869,20252026,2026-01-31,VAN,TOR,0,0.4955876755759453,0.4326393329184311
2025020870,20252026,2026-01-31,UTA,DAL,0,0.4882738969319418,0.5062737877310446
2025020871,20252026,2026-01-31,EDM,MIN,0,0.5799065955183987,0.5292093530846838
2025020872,20252026,2026-01-31,VGK,SEA,0,0.6351333766520816,0.5465792402842242
2025020873,20252026,2026-02-01,TBL,BOS,1,0.6442606201039417,0.6696272664337821
2025020874,20252026,2026-02-01,CAR,LAK,1,0.6489198701095936,0.6190103729972141
2025020875,20252026,2026-02-01,ANA,VGK,1,0.6051766920764268,0.5671932930681305
2025020876,20252026,2026-02-02,FLA,BUF,0,0.574031496775908,0.43800105323248256
2025020877,20252026,2026-02-02,PIT,OTT,0,0.49311047912690187,0.5489298664446908
2025020878,20252026,2026-02-02,WSH,NYI,1,0.5094597219162639,0.49461040152681873
2025020879,20252026,2026-02-02,MIN,MTL,1,0.5156751828761019,0.5257244539840991
2025020880,20252026,2026-02-02,NSH,STL,1,0.5641073899863669,0.5801133723416337
2025020881,20252026,2026-02-02,CHI,SJS,1,0.43284403705421304,0.44164883247216036
2025020882,20252026,2026-02-02,DAL,WPG,1,0.6468898029878212,0.6325082786383158
2025020883,20252026,2026-02-02,COL,DET,0,0.6746299959169327,0.6369231993505647
2025020884,20252026,2026-02-02,UTA,VAN,1,0.6094675055713351,0.6802249457568127
2025020885,20252026,2026-02-02,CGY,TOR,0,0.5381733706845241,0.5013863260474516
2025020886,20252026,2026-02-03,TBL,BUF,1,0.7146353243877405,0.6454223535060822
2025020887,20252026,2026-02-03,NJD,CBJ,0,0.5673053084203071,0.49759550085260046
2025020888,20252026,2026-02-03,NYI,PIT,1,0.5083756382332935,0.49853993914629097
2025020889,20252026,2026-02-03,PHI,WSH,1,0.622630222821285,0.5604332224478379
2025020890,20252026,2026-02-03,CAR,OTT,1,0.6676822136007742,0.6687595827973107
2025020891,20252026,2026-02-03,EDM,TOR,0,0.7093688323109667,0.636496497894172
2025020892,20252026,2026-02-03,ANA,SEA,1,0.5860288655810981,0.48337023571533566
2025020893,20252026,2026-02-04,FLA,BOS,1,0.5946252937711489,0.5299657940008807
2025020894,20252026,2026-02-04,CBJ,CHI,1,0.5520209080215472,0.5391177083720087
2025020895,20252026,2026-02-04,WPG,MTL,0,0.4271815342135198,0.43537168420592604
2025020896,20252026,2026-02-04,NSH,MIN,0,0.4928103749704178,0.47553887987841303
2025020897,20252026,2026-02-04,COL,SJS,1,0.6685759107731014,0.6747622917887942
2025020898,20252026,2026-02-04,UTA,DET,1,0.49590464745964014,0.5018259025196503
2025020899,20252026,2026-02-04,DAL,STL,1,0.6364304471654356,0.6552174186011681
2025020900,20252026,2026-02-04,CGY,EDM,1,0.4929535400575613,0.5616381791357853
2025020901,20252026,2026-02-04,VGK,VAN,1,0.6470747672425756,0.6697192183752649
2025020902,20252026,2026-02-04,LAK,SEA,0,0.6790201494363232,0.6108762360306913
2025020903,20252026,2026-02-05,BUF,PIT,0,0.5627124707554979,0.6451327201332528
2025020904,20252026,2026-02-05,TBL,FLA,1,0.643595736806697,0.7198382279524346
2025020905,20252026,2026-02-05,NJD,NYI,0,0.555146308185084,0.47351474153054585
2025020906,20252026,2026-02-05,NYR,CAR,0,0.32740726552223626,0.3690488496894528
2025020907,20252026,2026-02-05,PHI,OTT,0,0.42437514916655306,0.4551578382364397
2025020908,20252026,2026-02-05,WSH,NSH,1,0.5820553616398684,0.5962422877962525
2025020909,20252026,2026-02-05,VGK,LAK,1,0.562623138538992,0.5540095828735387
2025020910,20252026,2026-02-25,NJD,BUF,0,0.5502157717190267,0.3910947821229413
2025020911,20252026,2026-02-25,WSH,PHI,1,0.5140817510700786,0.5681032684406485
2025020912,20252026,2026-02-25,TBL,TOR,1,0.6881354701549519,0.6932275068924741
2025020913,20252026,2026-02-25,DAL,SEA,1,0.6642161605806837,0.5910112044690173
2025020914,20252026,2026-02-25,UTA,COL,0,0.3777514946108135,0.4401571968566253
2025020915,20252026,2026-02-25,VAN,WPG,0,0.4936432824093852,0.43293497091983474
2025020916,20252026,2026-02-25,LAK,VGK,0,0.4729004817684701,0.4728222027471574
2025020917,20252026,2026-02-25,ANA,EDM,1,0.46958580224475066,0.499572717341662
2025020918,20252026,2026-02-26,BOS,CBJ,1,0.5279771426954001,0.5300489540968555
2025020919,20252026,2026-02-26,MTL,NYI,0,0.593918357509685,0.5840768322557426
2025020920,20252026,2026-02-26,OTT,DET,0,0.6224179898609957,0.5217102238521258
2025020921,20252026,2026-02-26,FLA,TOR,1,0.6549141287127074,0.5545014862866935
2025020922,20252026,2026-02-26,PIT,NJD,1,0.5444251352110092,0.6214160172478723
2025020923,20252026,2026-02-26,CAR,TBL,1,0.5731771954887875,0.47717207575217774
2025020924,20252026,2026-02-26,NYR,PHI,0,0.5067411055579208,0.5271599800123444
2025020925,20252026,2026-02-26,STL,SEA,1,0.5775404773985606,0.4972677926606948
2025020926,20252026,2026-02-26,NSH,CHI,1,0.6447333315587308,0.6302954156318713
2025020927,20252026,2026-02-26,COL,MIN,0,0.5978614693330315,0.5835643982877579
2025020928,20252026,2026-02-26,SJS,CGY,0,0.5678701034836637,0.5655855119089732
2025020929,20252026,2026-02-26,LAK,EDM,0,0.45141245955858783,0.4722021291804282
2025020930,20252026,2026-02-27,FLA,BUF,0,0.5441557396433666,0.37909505124503656
2025020931,20252026,2026-02-27,WSH,VGK,1,0.463458824831038,0.5026095802711062
2025020932,20252026,2026-02-27,UTA,MIN,1,0.5343258290061033,0.5705170322885614
2025020933,20252026,2026-02-27,ANA,WPG,1,0.6114358396498641,0.560625867505594
2025020934,20252026,2026-02-28,NYR,PIT,1,0.46651487661936003,0.43566806161739285
2025020935,20252026,2026-02-28,PHI,BOS,1,0.5322714592149477,0.45781131566759165
2025020936,20252026,2026-02-28,SJS,EDM,1,0.45001073056015445,0.5223559274732935
2025020937,20252026,2026-02-28,CBJ,NYI,0,0.5241468121986682,0.5293816220867216
2025020938,20252026,2026-02-28,COL,CHI,1,0.7697608641916772,0.7456688363345105
2025020939,20252026,2026-02-28,TOR,OTT,0,0.4151838047510273,0.5156584797192407
2025020940,20252026,2026-02-28,MTL,WSH,1,0.6907166421104993,0.6810859229359104
2025020941,20252026,2026-02-28,TBL,BUF,0,0.7235760427876614,0.6651363106707089
2025020942,20252026,2026-02-28,CAR,DET,1,0.6379245318829874,0.558194270105426
2025020943,20252026,2026-02-28,STL,NJD,0,0.5017652421667644,0.5460907052319687
2025020944,20252026,2026-02-28,LAK,CGY,1,0.5166149579405017,0.465368300846264
2025020945,20252026,2026-02-28,DAL,NSH,1,0.6027642345572205,0.5796041935694479
2025020946,20252026,2026-02-28,SEA,VAN,1,0.5542704495707851,0.6452718874380691
2025020947,20252026,2026-03-01,PIT,VGK,1,0.41320863915920214,0.4472690683966951
2025020948,20252026,2026-03-01,NYI,FLA,1,0.34898029862453583,0.4319594301553254
2025020949,20252026,2026-03-01,UTA,CHI,0,0.736975636884159,0.7441373836861441
2025020950,20252026,2026-03-01,SJS,WPG,1,0.508846664185896,0.4832065555615017
2025020951,20252026,2026-03-01,MIN,STL,0,0.6931247599170048,0.7134439626360953
2025020952,20252026,2026-03-01,ANA,CGY,1,0.6469542335839057,0.6140465905866161
2025020953,20252026,2026-03-02,NYR,CBJ,0,0.47452261979714827,0.4420398551419221
2025020954,20252026,2026-03-02,TOR,PHI,0,0.5068635846763752,0.5566892066701767
2025020955,20252026,2026-03-02,NSH,DET,0,0.5285354882313846,0.4688519813952421
2025020956,20252026,2026-03-02,VAN,DAL,0,0.35394500316320615,0.3359825129228764
2025020957,20252026,2026-03-02,SEA,CAR,1,0.33365618639355854,0.42071185479243967
2025020958,20252026,2026-03-02,LAK,COL,0,0.3501712793096205,0.3485379949871519
2025020959,20252026,2026-03-03,BOS,PIT,1,0.511339800102408,0.527081147246618
2025020960,20252026,2026-03-03,BUF,VGK,1,0.5201805657994661,0.6496857701590166
2025020961,20252026,2026-03-03,NJD,FLA,1,0.4547279443058292,0.4563996201962254
2025020962,20252026,2026-03-03,WSH,UTA,0,0.5000505456050557,0.46431815366267765
2025020963,20252026,2026-03-03,CBJ,NSH,1,0.5264710083204438,0.5433535792710589
2025020964,20252026,2026-03-03,WPG,CHI,1,0.5357610786463649,0.5533002316892507
2025020965,20252026,2026-03-03,CGY,DAL,0,0.4752615506252658,0.5258968858202909
2025020966,20252026,2026-03-03,EDM,OTT,1,0.4640002562768724,0.4885612468612195
2025020967,20252026,2026-03-03,MIN,TBL,1,0.45381694873768413,0.44394712446749307
2025020968,20252026,2026-03-03,ANA,COL,0,0.43808771074728886,0.4796923289652759
2025020969,20252026,2026-03-03,SJS,MTL,1,0.4547212338916307,0.45043140593003483
2025020970,20252026,2026-03-04,DET,VGK,0,0.6136419908567274,0.6749348035693115
2025020971,20252026,2026-03-04,NJD,TOR,1,0.5196199256045029,0.4520427092606211
2025020972,20252026,2026-03-04,VAN,CAR,0,0.30332977610220574,0.29295456086934296
2025020973,20252026,2026-03-04,ANA,NYI,1,0.4185239990413347,0.3901251012256397
2025020974,20252026,2026-03-04,SEA,STL,0,0.4809708953334243,0.5543483205602641
2025020975,20252026,2026-03-05,NYR,TOR,1,0.6204701347571364,0.5711123244088402
2025020976,20252026,2026-03-05,PHI,UTA,0,0.498366963170674,0.45009328954352096
2025020977,20252026,2026-03-05,PIT,BUF,0,0.5217316358721195,0.45269453649078034
2025020978,20252026,2026-03-05,CBJ,FLA,1,0.4889888141097372,0.5377075486132264
2025020979,20252026,2026-03-05,NSH,BOS,1,0.5459980682743809,0.49204845174238265
2025020980,20252026,2026-03-05,WPG,TBL,1,0.3050150534521534,0.33871395317623565
2025020981,20252026,2026-03-05,CGY,OTT,0,0.37508814938657214,0.46087008532162543
2025020982,20252026,2026-03-05,LAK,NYI,1,0.5812984098686641,0.5247261942010426
2025020983,20252026,2026-03-06,DET,FLA,0,0.5735052874975,0.6526855013481466
2025020984,20252026,2026-03-06,DAL,COL,0,0.4627263957894929,0.4570815732092994
2025020985,20252026,2026-03-06,CHI,VAN,0,0.532974967567788,0.6140256855575927
2025020986,20252026,2026-03-06,EDM,CAR,0,0.46408707335168264,0.4405995331689657
2025020987,20252026,2026-03-06,ANA,MTL,1,0.4465737032328064,0.46061420187982505
2025020988,20252026,2026-03-06,VGK,MIN,0,0.5082566694040463,0.4684690251983742
2025020989,20252026,2026-03-06,SJS,STL,0,0.5534544287627939,0.5635377380131081
2025020990,20252026,2026-03-07,BOS,WSH,1,0.5530321327153509,0.6060560327435816
2025020991,20252026,2026-03-07,NJD,NYR,1,0.6134747664846886,0.5840017273541299
2025020992,20252026,2026-03-07,BUF,NSH,1,0.5610544947058741,0.666370115659562
2025020993,20252026,2026-03-07,PIT,PHI,0,0.557828304654646,0.604936620423384
2025020994,20252026,2026-03-07,TOR,TBL,0,0.37385827719788833,0.36604795910765936
2025020995,20252026,2026-03-07,CBJ,UTA,0,0.5608771500786418,0.522120622652622
2025020996,20252026,2026-03-07,WPG,VAN,1,0.6572786973235462,0.7158444533028409
2025020997,20252026,2026-03-07,LAK,MTL,0,0.5324400982241123,0.49372520793906344
2025020998,20252026,2026-03-07,CGY,CAR,1,0.40317077459866857,0.45635151872362084
2025020999,20252026,2026-03-07,SJS,NYI,0,0.4272002614800658,0.41869234709746495
2025021000,20252026,2026-03-07,SEA,OTT,0,0.36233675647646113,0.4797893150509918
2025021001,20252026,2026-03-08,COL,MIN,1,0.646265638662769,0.5998831064666895
2025021002,20252026,2026-03-08,PIT,BOS,1,0.4958029140384974,0.4933665403483917
2025021003,20252026,2026-03-08,BUF,TBL,1,0.43717979483529174,0.5139417593122065
2025021004,20252026,2026-03-08,DAL,CHI,1,0.7380130447766646,0.6854883909805536
2025021005,20252026,2026-03-08,NJD,DET,0,0.44545874903598787,0.37309677151431764
2025021006,20252026,2026-03-08,ANA,STL,0,0.5409771064716642,0.583684485608067
2025021007,20252026,2026-03-08,VGK,EDM,0,0.5120571952062156,0.5301892188507694
2025020828,20252026,2026-03-09,CBJ,LAK,0,0.5909804971554062,0.6290789729341772
2025021008,20252026,2026-03-09,PHI,NYR,0,0.574643339025911,0.5760659544646611
2025021009,20252026,2026-03-09,WSH,CGY,1,0.5947009635608337,0.5616311806897766
2025021010,20252026,2026-03-09,CHI,UTA,1,0.28150577494348106,0.2815559929244762
2025021011,20252026,2026-03-09,VAN,OTT,0,0.29012777182054933,0.33813612500046064
2025021012,20252026,2026-03-10,BOS,LAK,1,0.6156258626316126,0.6791107156449193
2025021013,20252026,2026-03-10,BUF,SJS,1,0.592401970985454,0.6621031057408462
2025021014,20252026,2026-03-10,MTL,TOR,1,0.6334093792576122,0.6486673395544578
2025021015,20252026,2026-03-10,TBL,CBJ,0,0.6868109145930268,0.6958849578700628
2025021016,20252026,2026-03-10,FLA,DET,1,0.5463680582173229,0.49461426486710647
2025021017,20252026,2026-03-10,NYR,CGY,1,0.5620150339992865,0.5380873824103305
2025021018,20252026,2026-03-10,CAR,PIT,1,0.6597187990765573,0.5892580018336487
2025021019,20252026,2026-03-10,STL,NYI,0,0.5233464774173044,0.4844676627815618
2025021020,20252026,2026-03-10,DAL,VGK,1,0.6077608554588869,0.6244897182207407
2025021021,20252026,2026-03-10,MIN,UTA,1,0.6557887731075122,0.6395865512871431
2025021022,20252026,2026-03-10,WPG,ANA,0,0.4795101209079536,0.49860586040650046
2025021023,20252026,2026-03-10,COL,EDM,0,0.6589678374832818,0.6613613562539205
2025021024,20252026,2026-03-10,SEA,NSH,0,0.43284347564961495,0.5169481650523032
2025021025,20252026,2026-03-11,OTT,MTL,0,0.6379401738742767,0.5808814352806954
2025021026,20252026,2026-03-11,PHI,WSH,1,0.48493796209535006,0.49652606355063483
2025021027,20252026,2026-03-12,BOS,SJS,0,0.5498644775637004,0.5934140052983868
2025021028,20252026,2026-03-12,BUF,WSH,0,0.6676110403533705,0.7443201088389132
2025021029,20252026,2026-03-12,TOR,ANA,1,0.4940042517161778,0.48921209488762357
2025021030,20252026,2026-03-12,TBL,DET,1,0.6165045756494114,0.6165324276407382
2025021031,20252026,2026-03-12,FLA,CBJ,1,0.5276034664188307,0.4947722515602463
2025021032,20252026,2026-03-12,NJD,CGY,0,0.6398509295139081,0.5955737409922388
2025021033,20252026,2026-03-12,CAR,STL,0,0.6727681306947605,0.6391458937940923
2025021034,20252026,2026-03-12,DAL,EDM,1,0.5747769427469174,0.5839026910422093
2025021035,20252026,2026-03-12,MIN,PHI,0,0.7207193416520296,0.743399075043417
2025021036,20252026,2026-03-12,WPG,NYR,0,0.48014615027833235,0.530435473490161
2025021037,20252026,2026-03-12,UTA,CHI,0,0.673506711181056,0.6538199677466284
2025021038,20252026,2026-03-12,VAN,NSH,1,0.3626802485864478,0.3667460632592581
2025021039,20252026,2026-03-12,VGK,PIT,1,0.5619885610721016,0.4763620708451119
2025021040,20252026,2026-03-12,SEA,COL,0,0.29279330325996256,0.37521709208330517
2025021041,20252026,2026-03-13,NYI,LAK,0,0.6000007064988762,0.6037395479548779
2025021042,20252026,2026-03-13,STL,EDM,1,0.43631314478619,0.48559214568001985
2025021043,20252026,2026-03-14,OTT,ANA,1,0.6318696765542641,0.5764943913220735
2025021044,20252026,2026-03-14,WSH,BOS,0,0.5343526530230301,0.49269659107594166
2025021045,20252026,2026-03-14,WPG,COL,1,0.29554641806409554,0.35391909701352586
2025021046,20252026,2026-03-14,MIN,NYR,0,0.6353534122032919,0.6614873512878414
2025021047,20252026,2026-03-14,BUF,TOR,1,0.6120204903198183,0.6785818377345447
2025021048,20252026,2026-03-14,MTL,SJS,0,0.6400550151161887,0.625177716921423
2025021049,20252026,2026-03-14,TBL,CAR,0,0.531887169831652,0.59228898706381
2025021050,20252026,2026-03-14,NJD,LAK,1,0.6748604185356956,0.6325554715726192
2025021051,20252026,2026-03-14,NYI,CGY,1,0.5303925467850895,0.5282569268849232
2025021052,20252026,2026-03-14,PHI,CBJ,0,0.43348196196797756,0.43910381239543694
2025021053,20252026,2026-03-14,DAL,DET,1,0.610451103634994,0.5916009794538974
2025021054,20252026,2026-03-14,UTA,PIT,0,0.5470228818219267,0.5465125154718882
2025021055,20252026,2026-03-14,VAN,SEA,0,0.4438251628833672,0.40748093501123855
2025021056,20252026,2026-03-14,VGK,CHI,1,0.6603605129527697,0.607054022160055
2025021057,20252026,2026-03-15,WPG,STL,1,0.39558324358357605,0.40401338802058356
2025021058,20252026,2026-03-15,OTT,SJS,1,0.6462151415467732,0.5781162644565453
2025021059,20252026,2026-03-15,MTL,ANA,0,0.592116078786506,0.5920698055031883
2025021060,20252026,2026-03-15,MIN,TOR,0,0.6287002951462596,0.6268649802045259
2025021061,20252026,2026-03-15,EDM,NSH,1,0.5921953623455006,0.5373750898128791
2025021062,20252026,2026-03-15,SEA,FLA,1,0.3268688348673437,0.39120907795949805
2025021063,20252026,2026-03-16,DET,CGY,1,0.6591825803364588,0.6469095209939993
2025021064,20252026,2026-03-16,NJD,BOS,1,0.5523605873778367,0.478607347509227
2025021065,20252026,2026-03-16,NYR,LAK,0,0.5092250466168944,0.5532924082008749
2025021066,20252026,2026-03-16,DAL,UTA,0,0.655072275410061,0.624214831017859
2025021067,20252026,2026-03-16,COL,PIT,0,0.7040310252560801,0.6404378536417287
2025021068,20252026,2026-03-17,TOR,NYI,0,0.4607751056190633,0.49471206176339905
2025021069,20252026,2026-03-17,MTL,BOS,1,0.6690852264173012,0.6482068527926783
2025021070,20252026,2026-03-17,CBJ,CAR,1,0.4373377218159783,0.4916067811023772
2025021071,20252026,2026-03-17,WPG,NSH,0,0.46689228572633085,0.48778526634796304
2025021072,20252026,2026-03-17,CHI,MIN,0,0.35230396021800714,0.35945454216801936
2025021073,20252026,2026-03-17,EDM,SJS,1,0.6210086992055309,0.563581956329997
2025021074,20252026,2026-03-17,VAN,FLA,1,0.34739527878167703,0.3552449664932039
2025021075,20252026,2026-03-17,VGK,BUF,0,0.5052109052924588,0.4208892022831372
2025021076,20252026,2026-03-17,SEA,TBL,0,0.3495582415146703,0.3928846829695485
2025021077,20252026,2026-03-18,NYR,NJD,0,0.4366767898284988,0.5039113300365016
2025021078,20252026,2026-03-18,CAR,PIT,1,0.5600110099991327,0.49098346302378115
2025021079,20252026,2026-03-18,WSH,OTT,1,0.4193915047442897,0.4636318490099305
2025021080,20252026,2026-03-18,COL,DAL,0,0.5614166899033035,0.5432606673065535
2025021081,20252026,2026-03-18,CGY,STL,1,0.48529375194051844,0.48987458430216535
2025021082,20252026,2026-03-18,ANA,PHI,0,0.6223701127798535,0.600884981377982
2025021083,20252026,2026-03-19,BOS,WPG,1,0.5766349114386058,0.6020229736631618
2025021084,20252026,2026-03-19,OTT,NYI,1,0.49705678143987825,0.45770944493032356
2025021085,20252026,2026-03-19,DET,MTL,1,0.5278638574272929,0.5191736538145006
2025021086,20252026,2026-03-19,CBJ,NYR,1,0.7511966754773042,0.7373058427924027
2025021087,20252026,2026-03-19,NSH,SEA,1,0.6236391885162738,0.5628756855469518
2025021088,20252026,2026-03-19,MIN,CHI,0,0.7119093899639027,0.7025652936088438
2025021089,20252026,2026-03-19,EDM,FLA,0,0.5583047155185997,0.5371838906549192
2025021090,20252026,2026-03-19,VAN,TBL,0,0.2798159960183634,0.2546432193632287
2025021091,20252026,2026-03-19,VGK,UTA,0,0.5598745325903988,0.5186706861130608
2025021092,20252026,2026-03-19,SJS,BUF,0,0.42139322243139027,0.38043251498957814
2025021093,20252026,2026-03-19,LAK,PHI,0,0.6609359912922893,0.6102027835902882
2025021094,20252026,2026-03-20,TOR,CAR,0,0.33992525801649387,0.4056981099357982
2025021095,20252026,2026-03-20,WSH,NJD,1,0.4998423637200176,0.56353424234736
2025021096,20252026,2026-03-20,CHI,COL,0,0.19026422284907948,0.26467684624846616
2025021097,20252026,2026-03-20,CGY,FLA,1,0.5127471323254408,0.5200703196262635
2025021098,20252026,2026-03-20,UTA,ANA,0,0.42338528197388986,0.4597306823036
2025021099,20252026,2026-03-21,PIT,WPG,1,0.5870907391362952,0.6246688100156815
2025021100,20252026,2026-03-21,NSH,VGK,1,0.5339572859719748,0.5617064350393208
2025021101,20252026,2026-03-21,MIN,DAL,1,0.45923087123219325,0.5029009138484344
2025021102,20252026,2026-03-21,LAK,BUF,0,0.45591273517488035,0.3507579262115256
2025021103,20252026,2026-03-21,SJS,PHI,0,0.5558700728814188,0.5403434059685959
2025021104,20252026,2026-03-21,CBJ,SEA,1,0.6664807324607966,0.629188736144343
2025021105,20252026,2026-03-21,MTL,NYI,1,0.5554198337852254,0.5456075226149071
2025021106,20252026,2026-03-21,OTT,TOR,1,0.7365629346606095,0.6801694909977231
2025021107,20252026,2026-03-21,VAN,STL,0,0.3934133646273804,0.3971784846218749
2025021108,20252026,2026-03-21,DET,BOS,0,0.6026472558121728,0.5682295576018466
2025021109,20252026,2026-03-21,EDM,TBL,0,0.4579287811906689,0.37343764889406567
2025021110,20252026,2026-03-22,NYR,WPG,0,0.5820928812754003,0.6132356532282369
2025021111,20252026,2026-03-22,WSH,COL,0,0.3695018352112399,0.4335613882624196
2025021112,20252026,2026-03-22,PIT,CAR,0,0.29037189388198964,0.36148271488471195
2025021113,20252026,2026-03-22,CHI,NSH,0,0.46499199260804824,0.5031397929467687
2025021114,20252026,2026-03-22,NYI,CBJ,1,0.4626412403812602,0.4686035738271142
2025021115,20252026,2026-03-22,DAL,VGK,0,0.6174823347598498,0.6465886004413826
2025021116,20252026,2026-03-22,CGY,TBL,1,0.4201546409227582,0.38740615967687025
2025021117,20252026,2026-03-22,ANA,BUF,1,0.5437881602517792,0.49891675148948766
2025021118,20252026,2026-03-22,UTA,LAK,1,0.6089613410399736,0.6761419830832777
2025021119,20252026,2026-03-23,NYR,OTT,0,0.22865842495935318,0.30757144352244803
2025021120,20252026,2026-03-24,BOS,TOR,0,0.6173395625616969,0.6244485951639703
2025021121,20252026,2026-03-24,MTL,CAR,1,0.4609019283128992,0.4862426668666136
2025021122,20252026,2026-03-24,DET,OTT,0,0.5671663656890087,0.6159605300868162
2025021123,20252026,2026-03-24,FLA,SEA,1,0.6324300067086229,0.5679891973380836
2025021124,20252026,2026-03-24,NYI,CHI,0,0.690663125283156,0.6763087673426195
2025021125,20252026,2026-03-24,PHI,CBJ,0,0.3916576441535575,0.42781800628253797
2025021126,20252026,2026-03-24,PIT,COL,0,0.36479265063191635,0.41721466676325186
2025021127,20252026,2026-03-24,TBL,MIN,1,0.616773199408615,0.6047078249604491
2025021128,20252026,2026-03-24,STL,WSH,1,0.4994448792936665,0.48334316035646135
2025021129,20252026,2026-03-24,NSH,SJS,1,0.5718375215443492,0.5760985376010002
2025021130,20252026,2026-03-24,DAL,NJD,0,0.6068735796999309,0.6635408122993125
2025021131,20252026,2026-03-24,WPG,VGK,1,0.43399124874777417,0.49075091114873554
2025021132,20252026,2026-03-24,UTA,EDM,0,0.507929582859183,0.6061653791516483
2025021133,20252026,2026-03-24,CGY,LAK,1,0.48735457686246,0.5212799902640529
2025021134,20252026,2026-03-24,VAN,ANA,0,0.3201461550643384,0.32293385809859887
2025021135,20252026,2026-03-25,BUF,BOS,0,0.7204252709927288,0.7134546644791804
2025021136,20252026,2026-03-25,TOR,NYR,1,0.5035098059421164,0.4808319473256629
2025021137,20252026,2026-03-26,MTL,CBJ,1,0.5168501456004383,0.5089074796500949
2025021138,20252026,2026-03-26,OTT,PIT,0,0.636682619721652,0.5936645196535385
2025021139,20252026,2026-03-26,TBL,SEA,0,0.7329974949947397,0.7026386125603612
2025021140,20252026,2026-03-26,FLA,MIN,0,0.4874686985330141,0.45773383379107363
2025021141,20252026,2026-03-26,NYI,DAL,1,0.4748501430282809,0.48494167474744665
2025021142,20252026,2026-03-26,PHI,CHI,1,0.6471942255527958,0.6207918631974068
2025021143,20252026,2026-03-26,STL,SJS,1,0.5226368682832785,0.5540476407547009
2025021144,20252026,2026-03-26,NSH,NJD,0,0.47279058742821434,0.5488855794057769
2025021145,20252026,2026-03-26,WPG,COL,0,0.31444963256820774,0.3537871246918142
2025021146,20252026,2026-03-26,UTA,WSH,0,0.5320551217251167,0.5489257462735394
2025021147,20252026,2026-03-26,CGY,ANA,0,0.44237762613094206,0.4279785789225229
2025021148,20252026,2026-03-26,VGK,EDM,0,0.5266236272070218,0.5252839224913854
2025021149,20252026,2026-03-26,VAN,LAK,0,0.3718993260944659,0.4088206270631615
2025021150,20252026,2026-03-27,BUF,DET,0,0.5625388741117219,0.6207239157033289
2025021151,20252026,2026-03-27,NYR,CHI,1,0.6541797318318094,0.6356664859542978
2025021152,20252026,2026-03-28,TBL,OTT,1,0.5790484767390266,0.6238551106294862
2025021153,20252026,2026-03-28,NYI,FLA,1,0.5481735179045351,0.5813927430390357
2025021154,20252026,2026-03-28,EDM,ANA,1,0.5056985304420717,0.4685725184827766
2025021155,20252026,2026-03-28,BOS,MIN,1,0.46249035704051167,0.5024698642725544
2025021156,20252026,2026-03-28,PIT,DAL,0,0.452650897685584,0.45121654135127803
2025021157,20252026,2026-03-28,CAR,NJD,1,0.6250825614985175,0.6322652191707197
2025021158,20252026,2026-03-28,CBJ,SJS,0,0.6412281238111615,0.6557951177446198
2025021159,20252026,2026-03-28,BUF,SEA,1,0.610655739194021,0.6020093095796112
2025021160,20252026,2026-03-28,STL,TOR,1,0.5829918904844098,0.5733291199445237
2025021161,20252026,2026-03-28,NSH,MTL,0,0.45866525342230247,0.4689979375681579
2025021162,20252026,2026-03-28,COL,WPG,0,0.7446947759928565,0.708565175165103
2025021163,20252026,2026-03-28,DET,PHI,0,0.5392084188045269,0.5098538850710486
2025021164,20252026,2026-03-28,LAK,UTA,0,0.5387360644370747,0.47201209167398395
2025021165,20252026,2026-03-28,CGY,VAN,1,0.6449388971423075,0.6593507405565022
2025021166,20252026,2026-03-28,VGK,WSH,0,0.5785429972086168,0.4918110162542258
2025021167,20252026,2026-03-29,NYR,FLA,1,0.5243285298291406,0.5643781630332879
2025021168,20252026,2026-03-29,TBL,NSH,1,0.6898164328630585,0.6669083924504394
2025021169,20252026,2026-03-29,CAR,MTL,0,0.6505543316913188,0.5460904791007972
2025021170,20252026,2026-03-29,CBJ,BOS,0,0.5764806287370263,0.5321541772291833
2025021171,20252026,2026-03-29,NJD,CHI,1,0.6702566527639854,0.5740316716591783
2025021172,20252026,2026-03-29,PHI,DAL,1,0.39789110466247646,0.4302506797490996
2025021173,20252026,2026-03-30,NYI,PIT,0,0.589029536609084,0.5930878838389901
2025021174,20252026,2026-03-30,COL,CGY,1,0.7379936009407116,0.7075939464437626
2025021175,20252026,2026-03-30,VGK,VAN,1,0.7123866761233048,0.6783065064517695
2025021176,20252026,2026-03-30,ANA,TOR,0,0.6877042483837513,0.6328391416681854
2025021177,20252026,2026-03-30,SJS,STL,1,0.5197557601004479,0.47629354849213384
2025021178,20252026,2026-03-31,BOS,DAL,1,0.4634563843274294,0.5002394165525877
2025021179,20252026,2026-03-31,BUF,NYI,1,0.6870071972499682,0.7058536060070207
2025021180,20252026,2026-03-31,TBL,MTL,0,0.6018631753978089,0.5731775563852549
2025021181,20252026,2026-03-31,FLA,OTT,1,0.41257707495767826,0.45937708965626756
2025021182,20252026,2026-03-31,NYR,NJD,1,0.37109951758511434,0.46515143647306784
2025021183,20252026,2026-03-31,PIT,DET,1,0.363400865323076,0.39252029587733034
2025021184,20252026,2026-03-31,WSH,PHI,1,0.5321526235250853,0.5292004074527943
2025021185,20252026,2026-03-31,CBJ,CAR,0,0.41270394446308895,0.5028353156909864
2025021186,20252026,2026-03-31,CHI,WPG,0,0.3956682851862779,0.43855307571072843
2025021187,20252026,2026-03-31,EDM,SEA,1,0.6554634337320037,0.5674877856649913
2025021188,20252026,2026-04-01,COL,VAN,0,0.8372413144020597,0.8216402466072068
2025021189,20252026,2026-04-01,LAK,STL,1,0.5690020310850522,0.47728312153416885
2025021190,20252026,2026-04-01,SJS,ANA,1,0.48319501982282204,0.45100289815901623
2025021191,20252026,2026-04-02,OTT,BUF,1,0.4869637212629598,0.41573045978574596
2025021192,20252026,2026-04-02,TBL,PIT,1,0.6392075175052637,0.6437672335101419
2025021193,20252026,2026-04-02,FLA,BOS,1,0.48209647008584755,0.4620927463500856
2025021194,20252026,2026-04-02,NJD,WSH,1,0.5911825388470477,0.507437343131244
2025021195,20252026,2026-04-02,NYR,MTL,0,0.3552789188577791,0.37081056517604627
2025021196,20252026,2026-04-02,PHI,DET,0,0.4569510584672971,0.5038452113390836
2025021197,20252026,2026-04-02,CAR,CBJ,1,0.6886835068576976,0.6029792069415314
2025021198,20252026,2026-04-02,DAL,WPG,1,0.6293509299674969,0.6471243179610239
2025021199,20252026,2026-04-02,MIN,VAN,1,0.7970623983570958,0.8107992394042887
2025021200,20252026,2026-04-02,EDM,CHI,1,0.7530801385341801,0.675489353956626
2025021201,20252026,2026-04-02,VGK,CGY,1,0.6309835979884223,0.553759039549061
2025021202,20252026,2026-04-02,SJS,TOR,1,0.5494082963543435,0.4571300946982629
2025021203,20252026,2026-04-02,SEA,UTA,0,0.4572146225079393,0.4772585733084564
2025021204,20252026,2026-04-02,LAK,NSH,0,0.5094814553984379,0.40931974234996654
2025021205,20252026,2026-04-03,NYI,PHI,0,0.6301007122689796,0.6291642909799176
2025021206,20252026,2026-04-03,ANA,STL,0,0.6146138081444587,0.570573572996681
2025021207,20252026,2026-04-04,NYR,DET,1,0.37704367309192793,0.45154892229280974
2025021208,20252026,2026-04-04,OTT,MIN,0,0.553293981587312,0.5184398206436914
2025021209,20252026,2026-04-04,DAL,COL,0,0.44414349789571983,0.5111046602757064
2025021210,20252026,2026-04-04,TBL,BOS,1,0.6099122226323661,0.5908156303634045
2025021211,20252026,2026-04-04,PIT,FLA,1,0.5630603982247764,0.5442619920584603
2025021212,20252026,2026-04-04,NJD,MTL,0,0.5086512539944984,0.4173818924711581
2025021213,20252026,2026-04-04,WSH,BUF,1,0.3998074243548226,0.40703620210288843
2025021214,20252026,2026-04-04,CAR,NYI,1,0.7707180622552887,0.6947450073196701
2025021215,20252026,2026-04-04,CBJ,WPG,0,0.6130959283854914,0.6098335210366571
2025021216,20252026,2026-04-04,VAN,UTA,0,0.33702379796325654,0.3101591993387034
2025021217,20252026,2026-04-04,LAK,TOR,1,0.6423952166834075,0.541721037024462
2025021218,20252026,2026-04-04,EDM,VGK,0,0.5691927564717064,0.5982983444726478
2025021219,20252026,2026-04-04,ANA,CGY,0,0.5576727117263311,0.5117455742087297
2025021220,20252026,2026-04-04,SJS,NSH,0,0.5823925596860077,0.5332383669347993
2025021221,20252026,2026-04-04,SEA,CHI,0,0.6293343391005912,0.6094530849400457
2025021222,20252026,2026-04-05,DET,MIN,0,0.4912209996959789,0.47475832902863774
2025021223,20252026,2026-04-05,PIT,FLA,1,0.5698190959017315,0.5491726659224203
2025021224,20252026,2026-04-05,PHI,BOS,1,0.5737485120099065,0.5665575873456595
2025021225,20252026,2026-04-05,OTT,CAR,1,0.365550944855918,0.43284370999682475
2025021226,20252026,2026-04-05,MTL,NJD,0,0.5285940007099378,0.6192276257104133
2025021227,20252026,2026-04-05,NYR,WSH,1,0.4341244494388408,0.45799911213168587
2025021228,20252026,2026-04-05,COL,STL,0,0.6399960397442926,0.547369301750321
2025021229,20252026,2026-04-06,BUF,TBL,1,0.5100672983055545,0.5267313790497405
2025021230,20252026,2026-04-06,WPG,SEA,1,0.5974401097608211,0.5754910565900521
2025021231,20252026,2026-04-06,SJS,CHI,1,0.6987244431409448,0.6267184264965604
2025021232,20252026,2026-04-06,LAK,NSH,1,0.5939077130959932,0.5014305892196087
2025021233,20252026,2026-04-07,MTL,FLA,1,0.6339531292476441,0.649186943450523
2025021234,20252026,2026-04-07,OTT,TBL,1,0.588005912760969,0.5361162855748463
2025021235,20252026,2026-04-07,DET,CBJ,0,0.5394607145645378,0.5096433039824495
2025021236,20252026,2026-04-07,NJD,PHI,0,0.5708564402710679,0.533724412764878
2025021237,20252026,2026-04-07,CAR,BOS,1,0.6993436284084008,0.5986781932667016
2025021238,20252026,2026-04-07,STL,COL,0,0.33045962435548987,0.44578943984833014
2025021239,20252026,2026-04-07,DAL,CGY,1,0.7027347294633793,0.6839600206572406
2025021240,20252026,2026-04-07,MIN,SEA,1,0.7468553747370154,0.7260126190862132
2025021241,20252026,2026-04-07,UTA,EDM,1,0.5474542465022377,0.5715414017316102
2025021242,20252026,2026-04-07,VAN,VGK,0,0.32120233851061725,0.3605343699818375
2025021243,20252026,2026-04-07,ANA,NSH,0,0.6850304466435344,0.6248193821687723
2025021244,20252026,2026-04-08,NYR,BUF,0,0.3545223628610782,0.38779698440249283
2025021245,20252026,2026-04-08,TOR,WSH,0,0.45701979809411125,0.48200900639602723
2025021246,20252026,2026-04-08,SJS,EDM,0,0.5867409868044532,0.5740721497294289
2025021247,20252026,2026-04-09,BUF,CBJ,1,0.49162331024158173,0.5188345635699515
2025021248,20252026,2026-04-09,MTL,TBL,1,0.482718973845818,0.5130162279366302
2025021249,20252026,2026-04-09,OTT,FLA,1,0.6690888232755168,0.6217867320507521
2025021250,20252026,2026-04-09,DET,PHI,1,0.5319166899603188,0.4982458150652131
2025021251,20252026,2026-04-09,NJD,PIT,0,0.5774431026739746,0.5268558600109186
2025021252,20252026,2026-04-09,NYI,TOR,1,0.7384000764468844,0.694072759891663
2025021253,20252026,2026-04-09,STL,WPG,0,0.4981201417020392,0.5738386495191081
2025021254,20252026,2026-04-09,DAL,MIN,1,0.5690604878677165,0.5774028251363654
2025021255,20252026,2026-04-09,CHI,CAR,0,0.18236845911400434,0.308692055063247
2025021256,20252026,2026-04-09,COL,CGY,1,0.7698554588163854,0.7084374419155978
2025021257,20252026,2026-04-09,UTA,NSH,1,0.6242065897694492,0.5534949349177869
2025021258,20252026,2026-04-09,ANA,SJS,1,0.6504093714701886,0.6365755432973367
2025021259,20252026,2026-04-09,SEA,VGK,1,0.400069035736303,0.4873312035061524
2025021260,20252026,2026-04-09,LAK,VAN,1,0.7086425823533318,0.6802217085998096
2025021261,20252026,2026-04-11,BOS,TBL,0,0.4615567962796619,0.4683265782439734
2025021262,20252026,2026-04-11,NYI,OTT,0,0.46740111345581026,0.4832833395492328
2025021263,20252026,2026-04-11,PIT,WSH,0,0.6174326381569606,0.5782027458500929
2025021264,20252026,2026-04-11,LAK,EDM,1,0.5043695372023087,0.4777411212868238
2025021265,20252026,2026-04-11,DET,NJD,0,0.5480627161573729,0.5672607545939998
2025021266,20252026,2026-04-11,CHI,STL,0,0.42068701446117934,0.4008016992784823
2025021267,20252026,2026-04-11,NSH,MIN,1,0.4173025594668421,0.47979311995545854
2025021268,20252026,2026-04-11,DAL,NYR,1,0.668633685361704,0.6460451297663181
2025021269,20252026,2026-04-11,UTA,CAR,0,0.35572438980206184,0.4434445785553975
2025021270,20252026,2026-04-11,TOR,FLA,0,0.4409582391862574,0.4905731627444903
2025021271,20252026,2026-04-11,MTL,CBJ,0,0.5511259809865436,0.5877237951201993
2025021272,20252026,2026-04-11,WPG,PHI,0,0.4952344261299509,0.4937100223497513
2025021273,20252026,2026-04-11,SEA,CGY,1,0.5442977551343027,0.5191221532301614
2025021274,20252026,2026-04-11,COL,VGK,0,0.6530873027820105,0.6820910669988515
2025021275,20252026,2026-04-11,SJS,VAN,0,0.6691145249747686,0.6638025901375282
2025021276,20252026,2026-04-12,WSH,PIT,1,0.48587527980736406,0.5056626290055097
2025021277,20252026,2026-04-12,NYI,MTL,0,0.5296981879213429,0.4550082834747311
2025021278,20252026,2026-04-12,CBJ,BOS,0,0.5426559491539121,0.5131132978811949
2025021279,20252026,2026-04-12,NJD,OTT,1,0.44075661969664903,0.42279902695820204
2025021280,20252026,2026-04-12,ANA,VAN,0,0.7818245311432639,0.7723947963427933
2025021281,20252026,2026-04-12,CGY,UTA,1,0.37833726198584655,0.4151765681206106
2025021282,20252026,2026-04-13,TBL,DET,1,0.5820802134354808,0.632332643979577
2025021283,20252026,2026-04-13,FLA,NYR,1,0.575972448898205,0.5499448814806587
2025021284,20252026,2026-04-13,PHI,CAR,1,0.350034720134615,0.43691526557169547
2025021285,20252026,2026-04-13,TOR,DAL,0,0.3318243962228451,0.35042477964937696
2025021286,20252026,2026-04-13,STL,MIN,1,0.4213698878700909,0.4995112917939724
2025021287,20252026,2026-04-13,NSH,SJS,0,0.5321525501464945,0.6287564954285757
2025021288,20252026,2026-04-13,CHI,BUF,0,0.2690068726389241,0.27103385101838723
2025021289,20252026,2026-04-13,EDM,COL,0,0.41547679481726624,0.42748834581958395
2025021290,20252026,2026-04-13,VGK,WPG,1,0.5875032730163634,0.5444872504775806
2025021291,20252026,2026-04-13,SEA,LAK,0,0.4495468617585165,0.5052268627766235
2025021292,20252026,2026-04-14,BOS,NJD,1,0.4951410369217162,0.5646740323971324
2025021293,20252026,2026-04-14,NYI,CAR,0,0.4458829469666336,0.4960085167343201
2025021294,20252026,2026-04-14,PHI,MTL,1,0.44473931117172977,0.3933147822120985
2025021295,20252026,2026-04-14,CBJ,WSH,0,0.5985570205566643,0.5575593013521871
2025021296,20252026,2026-04-14,MIN,ANA,1,0.4473953809739201,0.48216901696010145
2025021297,20252026,2026-04-14,UTA,WPG,1,0.6556404494552837,0.6645090308412775
2025021298,20252026,2026-04-14,CGY,COL,0,0.3640445423032545,0.43986696607278974
2025021299,20252026,2026-04-14,STL,PIT,1,0.3662640170631889,0.4371937215169695
2025021300,20252026,2026-04-14,VAN,LAK,1,0.46295418382714093,0.4634317955368827
2025021301,20252026,2026-04-15,BUF,DAL,0,0.5878910481299267,0.5959199191614688
2025021302,20252026,2026-04-15,TBL,NYR,0,0.66730397853785,0.6655968725523771
2025021303,20252026,2026-04-15,FLA,DET,1,0.45482016577040807,0.5154443897176094
2025021304,20252026,2026-04-15,OTT,TOR,1,0.7709660754344126,0.7204499718517531
2025021305,20252026,2026-04-15,CHI,SJS,1,0.40507457174000777,0.4707981145570553
2025021306,20252026,2026-04-15,VGK,SEA,1,0.6688487667547834,0.6114701993711197
2025021307,20252026,2026-04-16,NSH,ANA,0,0.42924917908361904,0.5460494612675847
2025021308,20252026,2026-04-16,WPG,SJS,0,0.6362635555582427,0.6476158277938207
2025021309,20252026,2026-04-16,UTA,STL,0,0.6044454738178929,0.529585824186037
2025021310,20252026,2026-04-16,CGY,LAK,1,0.45762170450274786,0.5515444443365378
2025021311,20252026,2026-04-16,EDM,VAN,1,0.7058731866645603,0.7142463583350042
2025021312,20252026,2026-04-16,COL,SEA,1,0.8050394575307627,0.7910066295444241
